"","Estimate"
"1",32117.3815489533
"2",51153.5105915524
"3",33250.8408014595
"4",96576.027574538
"5",49673.5830832695
"6",56748.5981180489
"7",80592.6765428025
"8",87316.848673066
"9",50346.3873843286
"10",70843.150939457
"11",32453.414120309
"12",55324.9191063406
"13",59687.7685833057
"14",81279.5735790614
"15",51997.3365972508
"16",65352.1287318434
"17",43720.9903609089
"18",40061.2139768737
"19",62120.9498452258
"20",51649.2760909191
"21",154806.64296326
"22",60343.9422591823
"23",53364.1235193536
"24",42911.3148003071
"25",60364.671683421
"26",56903.5061648832
"27",33171.8145871895
"28",85443.2925546699
"29",51734.742553836
"30",62203.3681089519
"31",89572.8498433076
"32",42902.3309193254
"33",78599.9051133707
"34",54588.3191908091
"35",24908.5763646089
"36",46119.7923929293
"37",62233.921054648
"38",65106.0250968276
"39",60924.201775255
"40",38790.2254793018
"41",38400.1618185254
"42",64342.6878467973
"43",70525.4244906248
"44",41563.728729337
"45",21684.669315345
"46",67726.0589688246
"47",76164.4640353962
"48",38967.3881464839
"49",57333.8291730007
"50",39495.1051151954
"51",39654.8776184233
"52",31596.518076587
"53",77353.541307822
"54",41833.169467473
"55",75524.7969299087
"56",59979.5834589098
"57",132965.721062228
"58",113652.233092765
"59",44554.3122796263
"60",110946.437521016
"61",115335.660124129
"62",69604.74029567
"63",59319.1970337472
"64",64845.8355065142
"65",49239.7463272641
"66",146223.31784188
"67",40257.8629440477
"68",63467.0766337737
"69",97247.9290551129
"70",54429.5592932021
"71",59808.8862497014
"72",33940.7374348415
"73",54233.1790882575
"74",84079.7145088137
"75",95600.1023240689
"76",101730.80724019
"77",58725.1136443392
"78",53698.1458608973
"79",73497.8143359909
"80",143880.775675283
"81",26630.9573185492
"82",142608.081504371
"83",54278.8951301901
"84",28851.9945008869
"85",38315.4169191422
"86",51389.2482346394
"87",55254.4003937172
"88",70243.3794825372
"89",67237.995279225
"90",45278.2551251051
"91",53901.5209589492
"92",65527.0694523348
"93",27542.2783769891
"94",103168.685011494
"95",34108.6644685486
"96",205554.709734239
"97",59318.2556187025
"98",44401.7039156828
"99",49223.0085792696
"100",84048.4293558741
"101",33922.398042482
"102",27978.9040652799
"103",77720.5191077027
"104",79165.177514628
"105",50944.8442151134
"106",36950.6282769653
"107",60218.9340823148
"108",141851.964887253
"109",54340.6296720526
"110",77622.4992866363
"111",125589.708715574
"112",68061.1344173066
"113",33278.4120543894
"114",114421.540090433
"115",54113.3877317977
"116",62721.6246857829
"117",43050.7647649418
"118",60013.2862721908
"119",71374.2485859437
"120",44518.0165427033
"121",50986.7638475767
"122",42880.8869186556
"123",39278.1535955595
"124",94578.9532968828
"125",63767.9099318399
"126",70908.2137996356
"127",86990.353223876
"128",50711.9058294352
"129",248084.203450675
"130",114385.655078497
"131",45283.1038850419
"132",46357.437615675
"133",57299.6308032039
"134",77899.6807348655
"135",67504.6743438742
"136",105770.232882295
"137",62187.0412432544
"138",69657.2529325851
"139",46130.6343630027
"140",58199.9600234309
"141",58477.7317376012
"142",47261.8568378067
"143",87357.3674846456
"144",43078.401042898
"145",24588.6046968022
"146",36741.5309236386
"147",53258.0623634201
"148",56172.1173012822
"149",141148.480595906
"150",94109.0657544141
"151",104740.243188844
"152",41696.7502501529
"153",38825.9168585075
"154",84403.3373318448
"155",40126.2972258401
"156",36265.3603104696
"157",38836.6826424154
"158",59039.6789710594
"159",76930.6571043491
"160",27331.0867162553
"161",67824.8816126693
"162",93564.6881463522
"163",56995.2465616794
"164",83739.7390811551
"165",43472.5262168515
"166",103192.350625076
"167",43417.7915691172
"168",62057.6153683648
"169",44315.3751489898
"170",38518.2354925726
"171",49791.3596459324
"172",19842.4511720636
"173",82436.5060890297
"174",101932.433691987
"175",71862.5851171132
"176",50796.9647600573
"177",86393.4488241749
"178",142156.443504939
"179",66119.0849496673
"180",22447.7604673888
"181",42615.5339846086
"182",51882.3205516808
"183",48345.1251566625
"184",75848.9122578925
"185",47051.2923324242
"186",70312.1344833942
"187",40099.0293459076
"188",43769.8301526517
"189",26065.2575495838
"190",56945.2815711342
"191",65024.7218582557
"192",37680.7474028542
"193",78053.922667809
"194",57327.0375267956
"195",19620.7637485288
"196",22571.7139159318
"197",101523.628070794
"198",96780.7712534733
"199",79994.6560641013
"200",28400.4251000694
"201",76519.939743358
"202",57616.4933996586
"203",29776.6955398738
"204",51622.8695343151
"205",52724.6526198382
"206",58760.0057550231
"207",93977.3829503765
"208",40585.9879204703
"209",112104.633031146
"210",27762.7243302972
"211",247527.190919467
"212",100538.008810821
"213",148212.737955414
"214",62115.534297639
"215",51679.6645424184
"216",88082.2625771723
"217",68139.9235763417
"218",68459.0523174373
"219",58775.6690302643
"220",52151.4769957398
"221",85867.9563965289
"222",51367.0130808607
"223",84419.2882075127
"224",94943.1389732563
"225",62221.9140284115
"226",49711.0926878257
"227",129753.640570714
"228",38579.7599234119
"229",127024.719463013
"230",104642.515911132
"231",25552.3505809499
"232",36301.6477394074
"233",59635.1695614498
"234",65617.3055726605
"235",95346.9736736973
"236",87304.602568225
"237",48723.2242501813
"238",47943.8661876154
"239",85306.2809528911
"240",75342.1090184121
"241",71345.0520930647
"242",50846.9644948378
"243",42386.0894091763
"244",47254.5290462876
"245",51543.5182865388
"246",14993.8734361273
"247",73582.8820676595
"248",69936.2315802322
"249",71865.5784723439
"250",60661.4706676021
"251",50366.8053678566
"252",80873.4844329648
"253",61458.5260066715
"254",66557.4691661331
"255",41060.1987023122
"256",78058.1889488399
"257",31134.9574667727
"258",67037.6351221061
"259",80589.0836859984
"260",44652.1661788277
"261",45624.0032975458
"262",80068.8869003976
"263",68327.1284890085
"264",101440.824976311
"265",53741.5774077311
"266",78016.2902290653
"267",55192.7223817436
"268",51507.3741129826
"269",44958.2110781791
"270",74441.0707521192
"271",66455.9400727302
"272",83464.4848397346
"273",107610.145875476
"274",51815.133240067
"275",35578.4704953685
"276",58081.155021836
"277",65640.7503621139
"278",38104.8737687432
"279",62173.9090237934
"280",33080.8447237787
"281",52778.0697222736
"282",39284.8775007978
"283",82874.5250367972
"284",30736.3441210217
"285",96227.905111031
"286",42290.7942587571
"287",51001.7721144509
"288",18409.4769688659
"289",28955.8101674297
"290",65315.9092689888
"291",54807.4082485259
"292",95620.270669185
"293",70243.0456054989
"294",65093.3966432858
"295",75801.4217380377
"296",56866.8362887478
"297",103084.632899988
"298",71344.902342423
"299",42111.9552549576
"300",54841.4971648938
"301",52691.5341784472
"302",63840.6940329
"303",58197.9752627334
"304",128798.488455384
"305",83190.98610838
"306",44718.4672914372
"307",97986.7281413854
"308",76274.1533718915
"309",55810.8933130175
"310",110870.831684329
"311",69766.6553479347
"312",122777.35000422
"313",58772.7330346371
"314",23156.3248845746
"315",43527.7271937376
"316",45449.4281508035
"317",70648.7324386136
"318",62998.6243485526
"319",106358.642420169
"320",41325.1969809341
"321",83538.6206067211
"322",52919.9435085215
"323",58227.4929931264
"324",71662.5902216678
"325",67348.6826500334
"326",76855.2997861899
"327",35950.5962371429
"328",50575.9619888768
"329",115919.362866343
"330",59714.0975270971
"331",57147.5421326827
"332",97948.7677869833
"333",65097.6149302634
"334",48061.0098316869
"335",21728.3474484867
"336",53694.6718902348
"337",110238.660964347
"338",45362.7899800863
"339",62706.1609692736
"340",39000.0228689853
"341",60557.2455043923
"342",47451.0273737875
"343",69534.4257754609
"344",156090.156857442
"345",107099.73310464
"346",85576.3389057589
"347",61575.4084788937
"348",50698.6344344487
"349",60879.738121548
"350",60291.6715766145
"351",106966.168408735
"352",60027.1949351373
"353",65572.9938457169
"354",100596.463941605
"355",77270.0221994763
"356",32400.0625990971
"357",125408.771801283
"358",61347.4327795175
"359",81564.4596556425
"360",59367.9574841137
"361",73071.7066501231
"362",66880.5255198199
"363",52923.6575163163
"364",27889.1947624308
"365",70470.1871082812
"366",50351.244662156
"367",53750.2278485074
"368",80742.7265955615
"369",42674.4427178347
"370",51147.1073865951
"371",46499.8612034233
"372",92338.0033066249
"373",75955.0442357719
"374",49663.6894430434
"375",37013.6839832536
"376",111584.909407465
"377",77812.5615124541
"378",93492.9864960741
"379",79799.9104577224
"380",37278.4556278038
"381",104133.773435971
"382",54550.7882582857
"383",55426.2284847566
"384",56071.9455312277
"385",115979.803828673
"386",111159.177389505
"387",32140.6731074123
"388",56424.8646879864
"389",57586.4545768005
"390",48303.7230078674
"391",69044.4459420181
"392",60794.6231075492
"393",88683.6449566847
"394",35151.6159926069
"395",73719.812026523
"396",54205.9317350701
"397",159836.309302135
"398",24825.3742773709
"399",84924.3944116729
"400",36890.9008112772
"401",34586.4156987356
"402",64262.8288256518
"403",79660.0964727763
"404",81510.8786290242
"405",100835.953677824
"406",40592.9899970324
"407",30994.9297789311
"408",79377.9965670986
"409",24886.7142612846
"410",58615.959431034
"411",65467.6959406396
"412",53263.4597286487
"413",52230.56117734
"414",54653.1161939994
"415",56405.612832332
"416",106636.16193048
"417",36466.2476655246
"418",102906.911746848
"419",17237.3217808316
"420",69183.9144119547
"421",75787.2960058717
"422",18077.2044037437
"423",48393.1452804728
"424",86197.9185875732
"425",43019.8734400035
"426",53235.4897067375
"427",150977.884690965
"428",61724.0512837189
"429",79190.2056571381
"430",79119.270103128
"431",65678.5609588039
"432",47880.0778212235
"433",48006.3768489426
"434",63661.8463582944
"435",24919.3958829617
"436",89160.7077259243
"437",90681.6928451501
"438",27740.2009099172
"439",36082.5886288642
"440",59208.4049953402
"441",43772.9902675485
"442",47549.0660208352
"443",106815.146188312
"444",41247.6285097355
"445",88793.9824886924
"446",21715.4402699272
"447",86679.6799338456
"448",19481.8744971309
"449",48903.052780641
"450",52236.4334132229
"451",104196.735669026
"452",61233.9651811973
"453",62075.197494214
"454",28708.0010489975
"455",30222.2029013597
"456",38040.1057420198
"457",58391.10296788
"458",61647.7040213691
"459",63182.3835292784
"460",89041.0557104093
"461",38629.3825073967
"462",99234.5801679936
"463",68865.8583580036
"464",41907.8309849819
"465",65771.7095492327
"466",20604.5466281342
"467",60564.4162344996
"468",84340.4815590503
"469",70245.4636605982
"470",50348.7820057089
"471",60187.1371460252
"472",69796.5327037569
"473",41501.9051571119
"474",31639.2386104395
"475",53746.4696218496
"476",53351.7289291107
"477",47176.7179755342
"478",97074.0911101343
"479",74984.2582765888
"480",57982.7063663478
"481",41212.1042689449
"482",126799.793922139
"483",49507.9153809824
"484",40959.7141769888
"485",86591.1416907422
"486",33198.8736472948
"487",44872.4033610148
"488",38252.5347265981
"489",38062.5672204213
"490",44936.0655438446
"491",38678.1808270789
"492",104303.955082132
"493",46108.6626956111
"494",108630.238357587
"495",104929.44149408
"496",31889.7873030397
"497",71089.2130750207
"498",38856.9553786776
"499",65853.2223782101
"500",55399.8213282308
"501",32326.13232674
"502",33975.7621590949
"503",115033.132928812
"504",48755.3406659141
"505",77428.2781486929
"506",28332.3356950416
"507",67263.8487911275
"508",40392.6179921473
"509",32918.394273776
"510",93165.6993265882
"511",76820.2292030616
"512",28487.7463601206
"513",47118.9236499622
"514",76306.5657872601
"515",86357.9763798994
"516",67091.2627526528
"517",63942.5693715153
"518",86916.5927906162
"519",35046.913600044
"520",39597.8435548201
"521",101872.863504799
"522",47873.1403404587
"523",78439.7649976567
"524",23786.6989006099
"525",57901.1147294586
"526",75065.0079860468
"527",67393.9613873071
"528",54305.6042277166
"529",62258.2433835462
"530",106949.479719802
"531",38982.244458266
"532",96395.0411795235
"533",66131.2571029066
"534",55122.3452707155
"535",96501.6227865074
"536",65708.2604638317
"537",79176.3456559648
"538",39524.9436891408
"539",55330.9103464924
"540",57086.8608008497
"541",58953.5853707847
"542",86357.3620530341
"543",60738.3277040279
"544",43981.045868051
"545",43873.6955081174
"546",47897.7934692468
"547",62214.0165530773
"548",37202.1446805054
"549",87973.5277544416
"550",34768.3047622305
"551",68967.0452412501
"552",67778.5966907344
"553",87951.5456987262
"554",56174.6325978673
"555",74865.4888902235
"556",47287.2847139325
"557",46197.4029731682
"558",133723.752590566
"559",73758.4766290243
"560",58824.4259742346
"561",55823.8950491912
"562",76098.6657823772
"563",38716.3519702835
"564",41984.2476076698
"565",75824.2667057356
"566",55591.328915458
"567",35711.1086654396
"568",52843.8349800435
"569",39961.974225004
"570",50269.5570807115
"571",96763.7444531608
"572",81512.7485341665
"573",36427.4233737979
"574",43743.4570359488
"575",56626.7685230835
"576",95110.3254428707
"577",105280.059292044
"578",44075.9666195886
"579",77823.4909556373
"580",83828.3642758116
"581",38937.2692889535
"582",40687.7036612959
"583",75728.2040031781
"584",38812.051446215
"585",79100.0346339095
"586",85778.446722922
"587",47859.2306792
"588",92284.1814288475
"589",99297.1170778683
"590",39604.6793280917
"591",28673.2520257208
"592",91136.2303762024
"593",87775.4411624138
"594",53846.7014655359
"595",43257.6765418659
"596",45058.0870612274
"597",46088.2308608231
"598",33927.0206401824
"599",49696.2111669869
"600",74531.3382581417
"601",68335.479591785
"602",35235.8673777669
"603",65481.2708965314
"604",67049.2052025965
"605",33029.4869902615
"606",131984.920569862
"607",50736.8533706886
"608",57100.9920446494
"609",105551.925588434
"610",51863.5401820995
"611",44337.1272042971
"612",70470.4640374082
"613",41582.0765183342
"614",51232.4304367324
"615",50200.4724331641
"616",50666.4554541398
"617",41062.8426215137
"618",39635.8878415493
"619",56638.1233970967
"620",90942.6772011647
"621",42480.3225560216
"622",58704.349563518
"623",74515.4149411163
"624",77676.2931768509
"625",47141.6200182878
"626",37776.1472816752
"627",63019.1818762051
"628",58007.069281205
"629",126181.160440289
"630",59224.1320247785
"631",129187.788184297
"632",43649.4745805318
"633",28132.3209895547
"634",52975.515835028
"635",100474.847784962
"636",39399.5013169926
"637",57783.4834495885
"638",125785.071784618
"639",68731.3892363311
"640",124451.520157566
"641",57366.5749716224
"642",65439.5771498697
"643",56531.8023764652
"644",48841.2002531596
"645",51584.0814052327
"646",43227.2226257969
"647",56965.932414994
"648",27596.6836248162
"649",52970.8418833345
"650",76941.7496650241
"651",42634.7011903457
"652",39878.251840437
"653",33014.2634722318
"654",74683.7258397763
"655",33295.1734011174
"656",73391.5064812769
"657",136854.013690215
"658",68299.2051025997
"659",51631.402243868
"660",60889.9436399195
"661",84052.5864740345
"662",41699.6433563569
"663",112853.381090126
"664",62050.9058220514
"665",37513.7333192671
"666",70371.7132028373
"667",44531.9100932746
"668",79201.4717823958
"669",59738.9093504963
"670",62930.4541659858
"671",108832.317910542
"672",121975.224793247
"673",101500.950933873
"674",43287.0642575319
"675",60157.8160386113
"676",31632.3647493074
"677",42798.2712056261
"678",38331.0451195505
"679",46591.5085663093
"680",69579.2322200698
"681",47894.1575899146
"682",99823.6222202255
"683",38377.6313290772
"684",38534.106514495
"685",50120.8103007303
"686",23792.6565882176
"687",61866.3455990655
"688",84306.9866443726
"689",66626.5239686822
"690",93733.3468557843
"691",64818.6205913772
"692",46792.7634887128
"693",92956.4167292214
"694",83445.6750256073
"695",141869.528298967
"696",37074.6490563227
"697",84217.366782313
"698",34649.9002017492
"699",44601.1330341162
"700",60819.6891095891
"701",54656.7773701274
"702",61785.1366955119
"703",72608.7057479605
"704",32960.7452114115
"705",98197.3676130152
"706",96066.7722029168
"707",43081.3790059323
"708",108422.916839492
"709",82828.3011202105
"710",32199.6399641703
"711",52831.1602692242
"712",66409.2553738282
"713",118775.186944049
"714",50778.1841619852
"715",40597.2714037303
"716",75181.4125232834
"717",86786.0191074823
"718",47470.2654615797
"719",47806.8035190064
"720",38220.6583621723
"721",102058.850160436
"722",39327.511266505
"723",87903.1971010395
"724",49711.9868649251
"725",51680.4383278708
"726",41484.0803619171
"727",85274.7949418207
"728",54086.1043632329
"729",93406.3590219479
"730",78954.8515068586
"731",60828.0459866838
"732",91275.2231290944
"733",65536.7330134059
"734",65651.7922181594
"735",50185.0058293271
"736",102534.162889687
"737",54843.9322860594
"738",42026.1581027912
"739",43144.700466341
"740",87247.0546381084
"741",50118.8391647721
"742",75002.4441025555
"743",58637.2811336765
"744",31604.5777077733
"745",71683.0204379321
"746",109727.373452124
"747",120459.0599924
"748",60871.832368987
"749",46652.1604599591
"750",72162.6561051978
"751",48542.2332088684
"752",38099.2158902392
"753",27838.3739658854
"754",59142.4053491231
"755",53430.4949175985
"756",50377.4525706376
"757",50948.4269107378
"758",62674.5219516265
"759",34855.0404466737
"760",67019.982822201
"761",18097.6462702201
"762",34403.0644676024
"763",32890.4786155266
"764",52017.4870861496
"765",66056.1096542518
"766",26471.5904818856
"767",48259.8041749095
"768",85284.9092086893
"769",57465.5772593536
"770",77151.6345975245
"771",91766.1956738061
"772",61066.2855209355
"773",30180.7530279525
"774",87284.3274715108
"775",129640.464172932
"776",61341.1551382176
"777",132504.74971761
"778",64037.1810244374
"779",81537.9662537976
"780",52410.7980317405
"781",65515.0131911447
"782",84752.8684049461
"783",79089.7962634394
"784",116763.942574913
"785",79215.3368104619
"786",46085.3975833189
"787",34605.1958385122
"788",47957.9163621603
"789",78423.066761585
"790",81109.2804267677
"791",167302.076450252
"792",23849.9033563155
"793",65975.4164332725
"794",83703.3214079976
"795",80742.6013847257
"796",88987.9520874774
"797",56227.4150706483
"798",35960.2347328556
"799",70480.1359941605
"800",47626.0143277753
"801",37155.4931137561
"802",134380.98876859
"803",84281.0945719543
"804",48773.4589193816
"805",79216.0193214232
"806",106211.573219754
"807",83801.1473904549
"808",63047.9424117376
"809",89364.8641730773
"810",60052.7220594529
"811",51559.8889288768
"812",99879.3211184271
"813",39089.3538849637
"814",124099.868361986
"815",90889.9348337805
"816",49310.3407517959
"817",48685.0495583534
"818",66811.4927164239
"819",42765.3963169665
"820",80427.4244752542
"821",36689.7574553255
"822",50281.9322833351
"823",34314.8952832404
"824",109018.11398252
"825",58812.1950219478
"826",52396.9405958573
"827",125090.812059137
"828",48528.2646835866
"829",51958.2290737077
"830",50349.6075326854
"831",89665.9978731995
"832",34746.8070298251
"833",74294.7693480389
"834",127879.701123649
"835",68341.4798074655
"836",69184.2723560809
"837",78256.8754028197
"838",71382.0343657749
"839",71928.7530770396
"840",78093.4672977381
"841",90858.4763903098
"842",121201.250881336
"843",64101.3555269219
"844",66634.6820280215
"845",163340.208291323
"846",37249.5147303702
"847",59085.3670640642
"848",97271.6051169443
"849",63340.1223228256
"850",37827.5907520207
"851",43591.213084289
"852",55016.2587964658
"853",52152.9895899274
"854",45077.8478699748
"855",36483.1011057803
"856",71634.309142223
"857",37923.1260365919
"858",84272.5121126802
"859",154126.937850328
"860",41208.6216419797
"861",42859.4796016682
"862",47435.1983660485
"863",55267.0679445942
"864",45824.5430063255
"865",118232.547514525
"866",35980.5741222605
"867",89871.8177313495
"868",79855.4328960565
"869",31380.4906541373
"870",93494.6122118666
"871",35717.2278904218
"872",65710.6298628534
"873",70374.7560576404
"874",34997.9882370504
"875",80066.5361853334
"876",69253.0167949747
"877",130608.864662987
"878",70957.3773786053
"879",53177.8350711031
"880",30731.6125050575
"881",71946.6330048423
"882",80365.9436264263
"883",50300.9849076035
"884",102248.861455663
"885",70156.622370451
"886",55397.5972587059
"887",89881.4380651511
"888",94489.5128749795
"889",71774.0246087324
"890",44199.4332427738
"891",75530.0920246859
"892",123120.97511728
"893",76136.0699792352
"894",104438.431278858
"895",55313.246306791
"896",58603.2346724108
"897",73708.3560495627
"898",54818.1011450079
"899",62779.5290059942
"900",31375.5769005606
"901",98553.7186796096
"902",41117.7530909464
"903",47222.5056616764
"904",44383.4753316052
"905",110126.569336669
"906",119887.467117003
"907",115185.868705366
"908",64063.694829633
"909",50617.6856927892
"910",66175.2588210617
"911",90765.0081609367
"912",39227.7581812616
"913",67612.8111960282
"914",63734.6650392275
"915",58716.8812677829
"916",72504.3421255588
"917",46173.1789759417
"918",32658.8453976739
"919",35130.1698205138
"920",84879.8562351555
"921",82089.6394280402
"922",24523.2687528327
"923",127410.968366184
"924",56551.1983349721
"925",81437.1167036454
"926",83159.3252923417
"927",76323.4486489623
"928",89221.6319706953
"929",57423.5951356971
"930",42541.2564067522
"931",60354.1046774938
"932",38238.9156240884
"933",83825.2827827252
"934",45147.1212570453
"935",54031.5324143473
"936",88812.8688123824
"937",36208.9450878936
"938",116943.09696191
"939",42675.6993169531
"940",79970.2953248586
"941",112383.174927321
"942",73930.6476980491
"943",37219.2955067042
"944",65275.7530703903
"945",72274.6810456016
"946",68331.3889217713
"947",60288.7028748889
"948",133152.508419721
"949",29266.0623561447
"950",79676.9015269569
"951",98630.1290389537
"952",47694.135682786
"953",97593.0673380945
"954",55792.2922051554
"955",50440.5054148695
"956",49250.121831589
"957",60445.1795273982
"958",59874.4322048136
"959",112327.45685481
"960",71515.1155645939
"961",38726.1525274548
"962",59376.2107913637
"963",21700.8102852921
"964",76836.2273179211
"965",30478.7448827241
"966",77030.7715451728
"967",77631.3940074802
"968",84032.5684616184
"969",113569.515162527
"970",146272.216475877
"971",85342.8515465757
"972",71880.7521408509
"973",47567.865874153
"974",69356.7195496852
"975",70986.2002704108
"976",57728.7705859102
"977",53865.0642071035
"978",58442.5739642522
"979",89351.442946051
"980",27386.7914710804
"981",63729.7202925877
"982",86902.0776628783
"983",32304.9797621829
"984",51402.264509567
"985",32166.0066288249
"986",47375.3363735091
"987",78166.6374090262
"988",48916.0994546214
"989",37172.5258580949
"990",91540.6178380213
"991",71554.6777622751
"992",53182.4004107887
"993",72721.9038781233
"994",42083.1886074736
"995",64644.3728468424
"996",67496.8720590571
"997",39503.1517206471
"998",61343.698008784
"999",160638.685847064
"1000",96346.3335056819
"1001",47007.1982820547
"1002",53426.4150212392
"1003",170141.517351865
"1004",83032.5319251713
"1005",81500.054813304
"1006",69924.100736089
"1007",45431.6074449568
"1008",36599.4643684394
"1009",70019.8670470005
"1010",33019.1218997618
"1011",69457.240496914
"1012",152706.431125564
"1013",65653.0200957648
"1014",63103.2258880115
"1015",104884.901425602
"1016",43585.328936324
"1017",32529.6749298297
"1018",62603.8981180181
"1019",44331.7769026991
"1020",36231.4381153817
"1021",74378.5167879388
"1022",69392.6477416347
"1023",103011.636947814
"1024",112320.915159237
"1025",95240.1286020711
"1026",127633.7378407
"1027",73095.8808460339
"1028",69278.6463063225
"1029",42165.1424962118
"1030",25829.8311942272
"1031",66519.1844556346
"1032",53983.8757216105
"1033",90608.0555337598
"1034",33593.2028081836
"1035",37143.9954003523
"1036",56049.7861620766
"1037",63342.0234608269
"1038",75642.1828968344
"1039",81161.7434986244
"1040",83408.0997949907
"1041",42049.7764477752
"1042",78548.4109823291
"1043",30970.3463456242
"1044",46152.9295450585
"1045",67283.6258272427
"1046",123634.120911742
"1047",39285.2802752881
"1048",92648.9233502408
"1049",41879.8621409996
"1050",156183.786846331
"1051",39622.3390341769
"1052",94159.6499792932
"1053",50868.9987446129
"1054",103211.935109821
"1055",63349.8592863486
"1056",47451.6786435406
"1057",126338.82211039
"1058",54647.3576653911
"1059",23953.3896587466
"1060",37339.025704035
"1061",98859.553544498
"1062",79199.4410777066
"1063",92873.7330285619
"1064",36264.5065829853
"1065",49899.684619259
"1066",67314.3643621209
"1067",58396.4220871689
"1068",39386.1042601653
"1069",36556.1145333923
"1070",51945.0704425452
"1071",50962.6078011268
"1072",52245.1260306987
"1073",84410.4581279231
"1074",71990.9104269425
"1075",72312.2451437698
"1076",33559.6268289359
"1077",62135.4745052165
"1078",114068.247921115
"1079",70799.7062607625
"1080",47613.4594529439
"1081",42848.3741359956
"1082",129762.042505032
"1083",120795.329942046
"1084",40307.0552057396
"1085",33578.628717714
"1086",26395.6344878131
"1087",114566.444936604
"1088",59123.1963963916
"1089",83269.1918244147
"1090",51812.5753188521
"1091",37453.8482663211
"1092",54365.9861562782
"1093",97790.2991156001
"1094",36556.2268450145
"1095",54262.2770507515
"1096",67418.49878471
"1097",113673.787031927
"1098",49892.4567617079
"1099",27082.913544707
"1100",53900.832605058
"1101",41027.0587246399
"1102",89527.4037845969
"1103",80321.1749561144
"1104",48336.2043927595
"1105",103584.421443215
"1106",63292.7196756851
"1107",50485.9915043936
"1108",68828.9253093432
"1109",75347.2420809519
"1110",75317.4755549372
"1111",56438.4120795686
"1112",107679.392580256
"1113",149525.158994423
"1114",121380.377325338
"1115",49133.484422972
"1116",39093.6346192268
"1117",30861.7556179706
"1118",49570.8097739644
"1119",42946.062857232
"1120",66920.7894645927
"1121",36652.427565606
"1122",65482.9620073433
"1123",43263.6158321726
"1124",35795.3626756004
"1125",104232.936084588
"1126",99080.9501631442
"1127",42915.7355787273
"1128",39166.9581620502
"1129",64052.9158608366
"1130",80907.4353113405
"1131",28492.2108776096
"1132",61905.745546015
"1133",60173.7097963287
"1134",62497.2948814456
"1135",135915.933400369
"1136",53750.3425773903
"1137",82195.8367095847
"1138",37215.8723535992
"1139",40014.2493292097
"1140",71133.3251843304
"1141",60602.5360718553
"1142",45202.7265768638
"1143",41962.184018615
"1144",41348.9789251952
"1145",75824.7532731493
"1146",73226.1887862908
"1147",31955.2620982786
"1148",59870.0171331304
"1149",35294.3477253437
"1150",91144.7805747614
"1151",59107.2675311646
"1152",90398.429539769
"1153",66849.2686254671
"1154",67458.2058623713
"1155",103443.920727779
"1156",81162.4396872857
"1157",73838.6240926842
"1158",29325.7360318227
"1159",58776.5369988405
"1160",74020.5542086585
"1161",53196.0614158945
"1162",45634.0031036398
"1163",78361.3579415925
"1164",71478.3896318332
"1165",79161.7363913767
"1166",73364.7220438276
"1167",95218.7716188482
"1168",53147.3639281586
"1169",70553.3603688996
"1170",26814.4020356244
"1171",24856.5401330014
"1172",36451.9464753271
"1173",85009.4308010552
"1174",37899.3535742868
"1175",50637.1904634438
"1176",29464.4387223767
"1177",158113.257129288
"1178",56058.0142244336
"1179",66659.8738227013
"1180",101749.740748691
"1181",59192.4735900616
"1182",64858.2412444605
"1183",158043.140794626
"1184",40097.4205887237
"1185",56580.6779497293
"1186",86898.1284695855
"1187",53801.0860990904
"1188",70191.542563749
"1189",99891.6379236822
"1190",30096.9061585798
"1191",69644.4340580961
"1192",76452.4500520376
"1193",76800.7905400639
"1194",112761.903446147
"1195",108895.574670839
"1196",87950.3705362754
"1197",69953.5653240195
"1198",36778.6294087897
"1199",51345.5586614787
"1200",98953.4772155914
"1201",46855.319157867
"1202",51133.3829504999
"1203",55056.4414140077
"1204",33300.6139227278
"1205",114922.875958344
"1206",60296.0541280019
"1207",36054.3754091707
"1208",92884.3060608086
"1209",140348.018005941
"1210",19119.1947615607
"1211",89897.2442818025
"1212",81219.3695069513
"1213",69927.3463835674
"1214",25845.9152659394
"1215",87519.2156308537
"1216",37647.093351768
"1217",55843.9495299463
"1218",38976.8494827317
"1219",34501.184090795
"1220",63515.7281925983
"1221",56785.6910602448
"1222",35241.8442715943
"1223",73154.0843705383
"1224",63822.1865870063
"1225",126150.865571829
"1226",96850.0030720566
"1227",110081.684454605
"1228",94038.98650488
"1229",86821.8200424163
"1230",37247.6796817609
"1231",45324.2401300137
"1232",42053.1212548104
"1233",25547.9900211798
"1234",90001.313963698
"1235",77759.8295563529
"1236",39329.9003209637
"1237",78006.7876174718
"1238",69718.0748224555
"1239",61839.5154708154
"1240",51049.9008104086
"1241",74242.2716514979
"1242",44101.9112369145
"1243",94150.4907179307
"1244",42445.6370271848
"1245",105608.041750762
"1246",68088.3939965411
"1247",116622.317192796
"1248",84638.0179126912
"1249",103770.703494692
"1250",64870.1791322014
"1251",106613.7682836
"1252",51147.1183500414
"1253",51077.6920011694
"1254",64036.2026770518
"1255",50816.7614586821
"1256",52850.7996673236
"1257",58610.4957853203
"1258",117795.416713049
"1259",66640.5500265512
"1260",99049.1610651412
"1261",68410.4796259024
"1262",49801.3540847738
"1263",50967.0828548184
"1264",58656.6508393252
"1265",80354.3463018412
"1266",62649.6479158223
"1267",129239.785224713
"1268",55471.3047733275
"1269",30695.3289098836
"1270",35109.3601051351
"1271",68671.0512968272
"1272",48353.0929357786
"1273",40962.1823313221
"1274",52125.6489167071
"1275",52134.705175678
"1276",44439.1412417642
"1277",74147.6222852442
"1278",118611.016826355
"1279",52508.8503136472
"1280",33010.8064659399
"1281",44554.5578617464
"1282",58618.6985336527
"1283",57265.105508579
"1284",82588.64424191
"1285",35231.4049977244
"1286",63223.0462362983
"1287",78480.8097993813
"1288",78255.8524829694
"1289",40977.4568649723
"1290",32048.7382619537
"1291",60608.6568467971
"1292",61677.4196321982
"1293",34978.3209364046
"1294",47362.7391137903
"1295",61886.6120878003
"1296",59828.7588718469
"1297",60239.4084481352
"1298",91020.0186978874
"1299",45419.7409724241
"1300",65536.0453659846
"1301",68411.3156948087
"1302",43911.7769123899
"1303",29057.0854938803
"1304",64230.5937406205
"1305",116856.745124523
"1306",74322.3298906234
"1307",88860.6599732386
"1308",101686.779651222
"1309",86703.6169385498
"1310",49537.8639599859
"1311",38748.056672065
"1312",43787.6180512554
"1313",49264.2594946802
"1314",73607.1982787444
"1315",75025.7642606852
"1316",31545.1766932733
"1317",90858.7355088107
"1318",55061.1255120149
"1319",71538.7453675871
"1320",34681.0201611642
"1321",72114.2711113156
"1322",65468.8645823181
"1323",53174.1570889751
"1324",123647.007531364
"1325",58263.9110810046
"1326",65927.4821151466
"1327",47281.8539727711
"1328",40062.3062836347
"1329",78098.0981052441
"1330",34381.505632327
"1331",53017.1661129619
"1332",78400.885357138
"1333",69394.7767448412
"1334",49905.4141436456
"1335",137120.212626118
"1336",78871.2666812059
"1337",83598.5459068137
"1338",73823.3147177426
"1339",96347.3100616548
"1340",49262.6535365507
"1341",87864.6126976294
"1342",85985.0211941549
"1343",57475.8598853038
"1344",112130.401619238
"1345",40066.4507978593
"1346",49318.0782948342
"1347",57525.7939573773
"1348",95495.4942946729
"1349",71368.7841191247
"1350",59982.7404866457
"1351",95080.3720763984
"1352",52640.0485682854
"1353",49789.7103639209
"1354",55180.0810785881
"1355",34020.963205189
"1356",111097.580102242
"1357",60419.0236897158
"1358",20647.1577181339
"1359",84518.9244177702
"1360",53782.7057505956
"1361",77367.4640750004
"1362",79982.6975718345
"1363",51655.4124974141
"1364",108602.152804179
"1365",112855.513762792
"1366",102995.118850178
"1367",61839.4239545677
"1368",83566.8345931838
"1369",77200.4274896534
"1370",47166.7727844017
"1371",58724.3577645736
"1372",74185.0554693601
"1373",50684.4904044782
"1374",45752.8782532931
"1375",89372.5233210442
"1376",83187.3462247899
"1377",51734.9354901445
"1378",39371.002948314
"1379",78562.7046865017
"1380",46258.5726549049
"1381",67675.1052955504
"1382",56463.8124123883
"1383",59169.2309964187
"1384",38368.5248639731
"1385",38196.0503680889
"1386",20015.0990500898
"1387",59425.5411508145
"1388",34292.8335828536
"1389",55099.3397759777
"1390",21006.9146676636
"1391",45779.6085266732
"1392",44033.1958434721
"1393",66163.1527745028
"1394",94772.311056031
"1395",104041.391050373
"1396",77632.806951293
"1397",72169.105670645
"1398",98238.0709080189
"1399",36668.4058457956
"1400",134313.694006064
"1401",30650.5178160621
"1402",62352.9425934363
"1403",74868.8136458557
"1404",53406.1895256053
"1405",102201.030555811
"1406",61052.7535480382
"1407",25740.7024665216
"1408",111944.36933527
"1409",55120.25620577
"1410",53998.8887976447
"1411",74519.7560380712
"1412",38838.7778218255
"1413",85523.7148299002
"1414",41714.524646335
"1415",59771.962954688
"1416",39827.6406349783
"1417",52153.1143722943
"1418",121714.716953037
"1419",30893.0912193959
"1420",57035.0423777159
"1421",36739.6807181912
"1422",27000.5864517759
"1423",43685.0314232012
"1424",69448.3308642533
"1425",73926.8581094803
"1426",53881.7518746397
"1427",251788.108594691
"1428",58489.6139806362
"1429",43658.9220613949
"1430",22384.1518771648
"1431",84906.8173870154
"1432",96672.7858160746
"1433",70515.734731336
"1434",117108.244099043
"1435",35019.7636697851
"1436",51911.0253275365
"1437",71658.6904158557
"1438",37387.9540350625
"1439",85895.7318005586
"1440",44200.0476529059
"1441",92087.425841342
"1442",41032.1122496198
"1443",43459.2235931776
"1444",87775.0750001107
"1445",130177.851309637
"1446",34935.2445245302
"1447",94334.5393958652
"1448",84173.6587514707
"1449",66431.4361432967
"1450",36821.3423070572
"1451",68521.5352208901
"1452",66847.4706875745
"1453",39465.5475084782
"1454",29832.5909646102
"1455",60457.5455896725
"1456",92847.0884277375
"1457",86298.1707992246
"1458",81504.9113098837
"1459",51211.1019699676
"1460",74516.4640959177
"1461",68174.9391246816
"1462",64500.9808568216
"1463",40001.9033987586
"1464",48823.7410130885
"1465",19088.9716503915
"1466",93432.4566574229
"1467",42855.8090372689
"1468",92637.130496143
"1469",109290.945116516
"1470",107205.564330418
"1471",63336.8402144515
"1472",112078.911908648
"1473",99412.5117204209
"1474",62170.5990389669
"1475",40620.2655824714
"1476",169157.077472265
"1477",56609.3709445775
"1478",59816.6445252856
"1479",43143.5005188233
"1480",64456.8498769415
"1481",53043.8927455816
"1482",113583.648854179
"1483",42367.6572711191
"1484",87900.7363978186
"1485",34846.6488840026
"1486",103860.047817773
"1487",58097.6735970656
"1488",60117.1045514735
"1489",66206.4103061686
"1490",39210.4368405662
"1491",82704.5768356932
"1492",35463.743507718
"1493",136144.115426263
"1494",51190.386556696
"1495",90206.8985810801
"1496",34705.1130132902
"1497",114703.11485643
"1498",36924.9377277951
"1499",84777.2723622846
"1500",94926.1355335272
"1501",58697.8987869177
"1502",64927.6715633362
"1503",34829.0184628657
"1504",37596.1553487274
"1505",28033.4866735523
"1506",42946.8321339396
"1507",51775.3356377815
"1508",56113.5843439697
"1509",72165.0399721024
"1510",103913.213730097
"1511",47605.8943741755
"1512",116911.757266947
"1513",46761.4221855566
"1514",29790.1373724535
"1515",31663.301943806
"1516",38610.6721387509
"1517",79227.5434669456
"1518",64950.2264631601
"1519",42251.8899492781
"1520",59614.5472364635
"1521",70126.5768847115
"1522",61581.8694720182
"1523",47367.4581005228
"1524",38622.9215091767
"1525",63303.2864467828
"1526",42280.8048455716
"1527",90949.7645593168
"1528",82233.1279585714
"1529",58859.0608590507
"1530",40014.0223371672
"1531",56840.3463112286
"1532",60583.8853134517
"1533",54406.6281341697
"1534",23488.6817442817
"1535",39363.7535639185
"1536",79902.1254321493
"1537",79160.9157587605
"1538",63548.9750598551
"1539",55908.027495311
"1540",61741.1565028911
"1541",38725.8678777403
"1542",92897.5959246436
"1543",44062.6707725209
"1544",44566.0649761232
"1545",126996.218355448
"1546",63484.3415424728
"1547",63810.4400695496
"1548",25940.2723219237
"1549",55833.8469074129
"1550",67292.4500646997
"1551",91445.2702559162
"1552",83000.8288278834
"1553",64167.8568896547
"1554",23324.2259622452
"1555",86377.6957330528
"1556",122880.474064076
"1557",29528.8925626328
"1558",68191.3878093759
"1559",28278.4124824378
"1560",30499.6103966173
"1561",79498.6825251697
"1562",41755.1910949726
"1563",96941.5046419229
"1564",58542.2243971792
"1565",34575.9316399633
"1566",65307.8884975493
"1567",26093.5494057721
"1568",65221.5547134567
"1569",49342.7087267212
"1570",52442.1996182737
"1571",102921.440036855
"1572",80519.529119619
"1573",80464.2457220807
"1574",46791.5933214839
"1575",87852.2215920911
"1576",51827.068942297
"1577",34752.9501367238
"1578",53289.613985938
"1579",47406.3105965438
"1580",144585.546493518
"1581",33572.8123767714
"1582",45962.5026973448
"1583",34840.3611374368
"1584",84542.2087761833
"1585",51195.2131735428
"1586",93256.4204147314
"1587",44964.8757729904
"1588",48681.59940121
"1589",43419.5288249648
"1590",43781.0491602204
"1591",47538.9113638765
"1592",155555.54861695
"1593",69627.1855749362
"1594",74823.5130577986
"1595",76031.8952834037
"1596",60965.5877468576
"1597",72640.4924670923
"1598",24589.3972296648
"1599",82219.2484122572
"1600",106032.011616133
"1601",50213.1563112271
"1602",63545.2759192103
"1603",50430.5652290577
"1604",122619.782489382
"1605",58167.7305196466
"1606",102089.542580428
"1607",191774.60939312
"1608",65774.7733026349
"1609",58241.2821524059
"1610",71814.3985398085
"1611",24464.4769566179
"1612",77632.9081623556
"1613",22506.6324458057
"1614",115284.704192973
"1615",71835.1046775434
"1616",74374.3411636102
"1617",101182.481013957
"1618",84942.6584547409
"1619",38242.6522873264
"1620",72527.6821385732
"1621",171503.967886429
"1622",72646.8495598174
"1623",60723.0280898097
"1624",35904.9179948702
"1625",33179.6579864621
"1626",91393.4907754082
"1627",72516.793207548
"1628",51773.6371168625
"1629",56573.8997496557
"1630",55957.9010655709
"1631",26896.0704737537
"1632",85312.754978601
"1633",64695.5775863571
"1634",68199.0994795193
"1635",31657.7906552006
"1636",41206.5947898992
"1637",85285.6295081877
"1638",75322.4327112643
"1639",46962.9290389667
"1640",45000.5639433312
"1641",43700.6370212431
"1642",32811.1677869439
"1643",22653.4600438265
"1644",66276.2046440083
"1645",49308.0968225068
"1646",75165.1731450359
"1647",81530.3088124674
"1648",46574.5548871144
"1649",92869.0370049451
"1650",77232.8881925324
"1651",78751.1714806696
"1652",78755.8702970989
"1653",39778.7048385691
"1654",17914.0760567857
"1655",77240.765821494
"1656",54136.1209903414
"1657",31622.9988799509
"1658",58890.435875048
"1659",57548.9582326381
"1660",25869.4866116996
"1661",49170.691316045
"1662",42071.9809946785
"1663",67557.9387934925
"1664",78314.1046714033
"1665",134765.581439382
"1666",89178.3949325195
"1667",87385.4188855357
"1668",97066.2787329318
"1669",58075.0448062226
"1670",60502.5232276634
"1671",130814.317471877
"1672",92032.2524272252
"1673",119154.803809321
"1674",48261.4209747907
"1675",41118.7652105013
"1676",122558.765956933
"1677",58052.13356818
"1678",80491.6655782218
"1679",94727.9542077956
"1680",100003.210382599
"1681",63302.9795506256
"1682",92454.7379043555
"1683",61262.7793451626
"1684",56456.0449580447
"1685",135407.315344581
"1686",44490.6048820412
"1687",59435.6942402576
"1688",67564.5737818045
"1689",57302.4552186972
"1690",98924.1961380186
"1691",58112.121933494
"1692",42778.9877805201
"1693",82761.8176556471
"1694",51701.7778235241
"1695",34577.0813381255
"1696",67313.6105054836
"1697",82909.2220243783
"1698",47744.164278848
"1699",86323.3591437103
"1700",64602.5724392222
"1701",61223.6035143368
"1702",60477.5366070457
"1703",24119.7239219453
"1704",75777.7577115007
"1705",122432.640713988
"1706",100562.939140588
"1707",137855.757971697
"1708",34036.9577632539
"1709",54305.044722318
"1710",66756.5048273752
"1711",92883.1549226853
"1712",49968.7502876376
"1713",22412.204368287
"1714",62916.1208049865
"1715",67968.6730046096
"1716",59978.453001853
"1717",63132.9829021554
"1718",62743.7180905651
"1719",62653.6134639751
"1720",83042.2518473807
"1721",52771.6098756278
"1722",46334.8365513203
"1723",77745.5216659221
"1724",115122.633553515
"1725",59478.3794252517
"1726",56431.9450644624
"1727",24798.9069969476
"1728",58464.0049212135
"1729",39850.3154376583
"1730",43366.6988022489
"1731",71716.9977791474
"1732",49223.6154951196
"1733",60818.471810791
"1734",65194.0607857879
"1735",71096.2366886269
"1736",65677.2339055321
"1737",73890.7922651
"1738",68055.4772078629
"1739",49363.4873414933
"1740",114566.314079843
"1741",34748.3414180746
"1742",59882.7470891854
"1743",76039.8398305097
"1744",31965.4902278154
"1745",102257.216877429
"1746",62641.1245180713
"1747",50364.005059648
"1748",31407.7257649852
"1749",64869.1471662721
"1750",67262.6849063254
"1751",59146.6038455649
"1752",61246.1986003425
"1753",54084.7641715765
"1754",30024.4664263385
"1755",35244.1527078125
"1756",57691.188824744
"1757",49570.1791399731
"1758",64632.8603373988
"1759",59835.9424665787
"1760",83915.1126954408
"1761",58383.2321038024
"1762",64668.0886311033
"1763",42654.2062210529
"1764",92366.3006960763
"1765",62464.3556272201
"1766",40943.6440777852
"1767",50673.9049119809
"1768",50617.3303745644
"1769",70246.7362805542
"1770",82239.1656979007
"1771",37866.7483217308
"1772",74548.8839258731
"1773",44359.6288094382
"1774",92125.5776359105
"1775",55268.600094645
"1776",92134.898983341
"1777",201618.644438953
"1778",49375.0527028686
"1779",45646.7476693848
"1780",44808.6730611974
"1781",66754.7611393615
"1782",33535.4141242356
"1783",92547.9295709257
"1784",44248.6647053069
"1785",83780.9122990214
"1786",58047.4218065733
"1787",44010.6835450898
"1788",61140.6072538784
"1789",65721.097434891
"1790",97981.3185640849
"1791",46797.0583775581
"1792",112142.099934041
"1793",66576.3389402933
"1794",69866.2480365898
"1795",48074.250116352
"1796",39390.551774849
"1797",70861.9275834673
"1798",70817.1192338669
"1799",109676.01786531
"1800",73711.3278667125
"1801",73948.4862914261
"1802",86667.2536729065
"1803",52724.4637041297
"1804",77613.4971485506
"1805",41316.140221965
"1806",106421.941557098
"1807",64063.3652758765
"1808",62327.0847844273
"1809",47639.4041781468
"1810",53889.9136262956
"1811",60874.820212908
"1812",71550.4873061324
"1813",52244.1672134638
"1814",28251.2074513321
"1815",36274.948865357
"1816",81606.5773135605
"1817",99543.9515246033
"1818",55351.3763984286
"1819",46513.7172991699
"1820",98880.1990424853
"1821",92613.3800377617
"1822",27396.5472570747
"1823",75213.1757917637
"1824",71772.7395029597
"1825",37554.0998759039
"1826",92147.6733024827
"1827",30078.1752719214
"1828",54340.8751942733
"1829",44779.8806528443
"1830",35541.0262783684
"1831",97685.2097654723
"1832",42997.8072530847
"1833",96467.7813876798
"1834",95056.7342547998
"1835",18714.3157623696
"1836",80294.9572360933
"1837",31222.4195030747
"1838",60540.053723104
"1839",57714.0724887955
"1840",56751.8436753748
"1841",46193.4733460549
"1842",64170.2404164079
"1843",100534.16061338
"1844",43336.9527288312
"1845",68815.2660729843
"1846",57092.4691414348
"1847",65798.9956710653
"1848",39785.0685354704
"1849",85124.3875898782
"1850",101681.831854218
"1851",124934.104998147
"1852",28926.2264501524
"1853",68681.0213516096
"1854",54696.8698594971
"1855",38098.8242291429
"1856",50756.6438153614
"1857",45104.275776941
"1858",32739.9298045591
"1859",42913.8436951059
"1860",54494.1905785409
"1861",33208.199758936
"1862",156158.2868362
"1863",96734.0925008137
"1864",38405.227666236
"1865",103690.406892558
"1866",68683.0034690901
"1867",118801.768891964
"1868",98465.7433784192
"1869",45543.3531343378
"1870",53428.9374986557
"1871",58987.3461051876
"1872",39895.5351053226
"1873",19247.9605902073
"1874",48582.0333083498
"1875",81709.8952829506
"1876",89280.5741120309
"1877",72784.0171601196
"1878",45317.8334597756
"1879",36494.1735738717
"1880",36845.1007602759
"1881",96343.6805354478
"1882",45160.1976767333
"1883",37067.1617083277
"1884",44363.8346985316
"1885",57856.6991481766
"1886",33193.9205484842
"1887",88061.8707947394
"1888",72497.5287088238
"1889",68369.0430880707
"1890",61289.0423448769
"1891",42834.6296995539
"1892",47498.1324998448
"1893",94913.7045499231
"1894",95801.3390346659
"1895",52868.6114345589
"1896",73562.7231458553
"1897",54809.337334464
"1898",61573.9543324316
"1899",34664.8494939026
"1900",71004.3683412591
"1901",59411.3448541977
"1902",81034.697372981
"1903",62666.4430895064
"1904",93950.7140550178
"1905",32915.0168380184
"1906",40766.7366180367
"1907",62322.8056217096
"1908",68795.884593829
"1909",104710.945551866
"1910",164221.795823131
"1911",43315.2925307583
"1912",63990.8154630792
"1913",45974.0232458075
"1914",84360.0886103037
"1915",49725.9114132825
"1916",38375.1713849143
"1917",59496.9329628828
"1918",40409.7514726446
"1919",74137.972862694
"1920",55639.7769314212
"1921",60224.0242330381
"1922",94328.5207904554
"1923",48797.563691213
"1924",67693.2283866369
"1925",117708.281871942
"1926",112907.157511934
"1927",79954.5754094891
"1928",25920.5499195131
"1929",53986.6314589991
"1930",66514.028769185
"1931",51663.2534927733
"1932",40724.1634125084
"1933",55021.4339937108
"1934",33099.538927736
"1935",43709.7277827227
"1936",105361.333664381
"1937",61497.7084064932
"1938",117378.014304883
"1939",78341.5086590301
"1940",35636.7849886076
"1941",67127.424634339
"1942",90579.5379714744
"1943",63696.2950030015
"1944",36064.9889957514
"1945",54170.7637433192
"1946",114728.397226894
"1947",104244.028931897
"1948",41635.4226949976
"1949",52358.4617443749
"1950",50090.0602134613
"1951",40144.7941861841
"1952",61348.0875218857
"1953",44962.8981006117
"1954",44011.0503464668
"1955",33201.2024940765
"1956",75191.9356728448
"1957",102302.370148965
"1958",79785.4067571982
"1959",67468.0104756858
"1960",46827.1716013872
"1961",49728.0819889579
"1962",58888.3628508904
"1963",27557.2543107563
"1964",54519.3296602137
"1965",29482.5939324193
"1966",99413.4067325899
"1967",63186.388441661
"1968",27276.2495774528
"1969",67952.4607396317
"1970",86507.3345311786
"1971",51619.3677691873
"1972",135830.890958895
"1973",56109.3129773368
"1974",29991.9539754116
"1975",81649.3151646234
"1976",78166.2721103313
"1977",53610.8639480317
"1978",43934.012565821
"1979",59503.3372048713
"1980",51126.3355032979
"1981",79259.5927823688
"1982",64338.4267077609
"1983",143895.991772913
"1984",27339.0047346325
"1985",63390.5593044148
"1986",23478.1027778834
"1987",94777.5238131949
"1988",41002.4471523939
"1989",80283.0499137464
"1990",52429.2344272347
"1991",53170.1109437517
"1992",62388.1908040446
"1993",45816.3251864648
"1994",58204.5372464084
"1995",42025.8307440326
"1996",67636.0149637514
"1997",58869.6220797029
"1998",87658.0404425425
"1999",70080.8344771019
"2000",95242.0824388399
"2001",67776.4424996179
"2002",57205.6635718122
"2003",44768.373270113
"2004",66498.2156619437
"2005",50102.866119047
"2006",47646.766338115
"2007",40164.6744957757
"2008",75390.8572806522
"2009",68247.300737095
"2010",35162.8477111135
"2011",85857.3686831163
"2012",43320.6088779491
"2013",106991.9160448
"2014",84696.0450883836
"2015",75467.99678893
"2016",61265.3090409175
"2017",50727.6506169351
"2018",75608.5667339621
"2019",23227.4614863227
"2020",26193.876618525
"2021",64914.2704574663
"2022",69398.8095066753
"2023",82513.0963479106
"2024",45777.2157589771
"2025",68800.6007828384
"2026",56073.354380044
"2027",57633.30399253
"2028",58040.114101761
"2029",32052.0873059487
"2030",63386.7233335191
"2031",86463.5382956761
"2032",111562.735644706
"2033",61752.3791914583
"2034",30101.1625992216
"2035",74555.4077963343
"2036",87352.1450325893
"2037",33771.8836659212
"2038",95536.0053961764
"2039",55775.2235523465
"2040",42830.5759598437
"2041",75039.1013930501
"2042",54344.8412317031
"2043",89620.3044561121
"2044",47023.2827437441
"2045",66097.4992290365
"2046",47039.6137505994
"2047",44219.983894277
"2048",71623.6595202149
"2049",86557.9871830442
"2050",49425.9354123818
"2051",67736.3726683138
"2052",67463.0906353737
"2053",92382.5037206906
"2054",34017.1507734369
"2055",38587.5933117196
"2056",86354.2530042721
"2057",90348.4930539262
"2058",60331.5737353431
"2059",87535.8176950673
"2060",73013.2505785356
"2061",42467.3625737018
"2062",104205.717942905
"2063",36323.9844103921
"2064",72131.1893465785
"2065",33733.6669584012
"2066",58671.7846550679
"2067",47933.8694308554
"2068",91776.0386080603
"2069",49465.9704446141
"2070",65912.1413474294
"2071",116836.598683767
"2072",39435.6358343293
"2073",49401.4578603301
"2074",25249.7843448983
"2075",69602.9840651634
"2076",74431.9903750349
"2077",71292.8527340725
"2078",56329.4994215858
"2079",47967.4694531436
"2080",50044.8595757604
"2081",66752.7716423122
"2082",88639.8913849079
"2083",132663.029525553
"2084",61701.5388732111
"2085",55259.4486515497
"2086",41717.734652108
"2087",35881.5295031842
"2088",141989.74045273
"2089",57804.6750563086
"2090",84497.525644076
"2091",51322.5459773874
"2092",31824.6743119029
"2093",80473.2622591262
"2094",59480.9999581262
"2095",59918.9969230704
"2096",73059.0136211739
"2097",39418.4483751804
"2098",72067.8195471262
"2099",71007.2181860041
"2100",73473.1674052513
"2101",98075.3551307537
"2102",111186.957967471
"2103",43950.5969894088
"2104",85907.7384210202
"2105",53916.6915933586
"2106",57101.5355051843
"2107",40075.7134430262
"2108",55035.1283083875
"2109",67745.7879038941
"2110",49991.9161811486
"2111",50856.3594352968
"2112",28361.1217428327
"2113",31596.6845198514
"2114",50422.3433371973
"2115",40072.5395113208
"2116",135373.153619515
"2117",33454.892155605
"2118",63856.1072127051
"2119",42720.8605604006
"2120",38993.8610911202
"2121",44993.5813901371
"2122",109161.192098362
"2123",77632.6654224363
"2124",37051.7646561776
"2125",51110.0195320321
"2126",80991.9317856431
"2127",71789.0327379536
"2128",36698.1698698608
"2129",27703.5200230635
"2130",89566.1030478218
"2131",40899.3459412573
"2132",52213.5406270233
"2133",82501.4706344489
"2134",45550.8306855259
"2135",29948.9515683596
"2136",89635.4163389825
"2137",81036.5009989495
"2138",62213.4073026635
"2139",42243.4721434652
"2140",44816.0584492112
"2141",44589.216250247
"2142",30203.8887674537
"2143",69446.336470838
"2144",60647.2952689052
"2145",45422.1839662323
"2146",84805.4270677414
"2147",21720.4715995535
"2148",33211.4165171885
"2149",117541.932463275
"2150",94325.5962312442
"2151",39260.9932939482
"2152",76221.8871276724
"2153",96425.78543151
"2154",28138.1872532912
"2155",73058.532660998
"2156",48328.8848233053
"2157",61976.1399183534
"2158",50943.3300699754
"2159",39699.5916306865
"2160",53871.7149854767
"2161",126217.047194558
"2162",70657.8847232481
"2163",53573.1425891528
"2164",81338.448736495
"2165",35379.0336904865
"2166",20513.9022729774
"2167",148635.420580113
"2168",59484.7904784131
"2169",92069.357347168
"2170",83197.2057508516
"2171",77995.7345839786
"2172",99169.077193359
"2173",59524.8148609178
"2174",99521.589666113
"2175",46221.1304293813
"2176",26961.5823232841
"2177",89232.812717819
"2178",54453.2199743814
"2179",67801.4641343301
"2180",49948.4021896533
"2181",65824.5755795412
"2182",63356.6499238579
"2183",92177.6085195682
"2184",61163.0786032877
"2185",73895.239757298
"2186",62373.9153846546
"2187",49552.0085051865
"2188",29141.7096249386
"2189",63250.4011696774
"2190",37522.461956262
"2191",34871.5572919584
"2192",61609.5755318226
"2193",89092.3787223578
"2194",24363.9909523834
"2195",73865.039502455
"2196",70578.0417139936
"2197",59546.619512463
"2198",67849.2804328043
"2199",72518.4131933013
"2200",35906.8717958185
"2201",57581.9940036575
"2202",87101.6911351872
"2203",33556.976053697
"2204",53080.4616082922
"2205",75243.6321174175
"2206",65709.2547638528
"2207",72949.9279267857
"2208",48325.3792997421
"2209",99385.4758130311
"2210",41642.186163416
"2211",64771.4839372213
"2212",75325.5726379379
"2213",59932.141897526
"2214",53926.1194723555
"2215",53164.3676278104
"2216",156912.118959688
"2217",36605.9490650348
"2218",96480.858167899
"2219",57633.8329072905
"2220",55679.7114832368
"2221",87678.3027069928
"2222",57544.8982375006
"2223",55930.4211266026
"2224",74016.6075330153
"2225",97693.895623595
"2226",52051.1766116793
"2227",68745.5829406544
"2228",83197.6637538326
"2229",43595.1046628378
"2230",32800.4037642581
"2231",172260.592156174
"2232",73426.7321789873
"2233",56420.0964509741
"2234",66211.6249486279
"2235",56445.6472545479
"2236",24236.4613882777
"2237",30053.9072314628
"2238",79897.1579102353
"2239",69715.5540812498
"2240",64843.7134630326
"2241",27008.3059776188
"2242",85748.5179942473
"2243",28275.8300649104
"2244",98535.088398161
"2245",63861.1336847436
"2246",90629.1961644433
"2247",41128.9468335558
"2248",43550.5869848431
"2249",44022.1210730839
"2250",89864.6431906566
"2251",48883.7426485397
"2252",22142.8858000187
"2253",44320.9913493046
"2254",50577.2299456514
"2255",62230.0925117552
"2256",106590.545066085
"2257",81862.8376454727
"2258",111463.683491261
"2259",41315.5617603501
"2260",61407.9723251762
"2261",66810.3140107438
"2262",31518.6112911525
"2263",156594.42248817
"2264",98223.2245243279
"2265",60768.2567801902
"2266",90434.3550621428
"2267",36380.5421362209
"2268",40495.4740047276
"2269",41607.4972268016
"2270",56013.9136487681
"2271",61202.9260503375
"2272",114994.089163681
"2273",47889.9902787138
"2274",42480.7686918848
"2275",34087.3537320297
"2276",139212.570592165
"2277",61030.801909481
"2278",76721.2361070792
"2279",52329.5602706136
"2280",67509.0230011588
"2281",53468.5022511149
"2282",63993.163209338
"2283",46412.8692775731
"2284",69049.3018151046
"2285",62122.446577405
"2286",124838.44794222
"2287",70457.4827061194
"2288",45134.8535827664
"2289",76662.6146540595
"2290",92224.8497641641
"2291",82554.5803372618
"2292",126348.69081144
"2293",70573.5763035278
"2294",130133.873160688
"2295",34979.1427629904
"2296",49541.4977183581
"2297",67759.2501914724
"2298",54726.319943304
"2299",96484.3943097857
"2300",70652.8220737703
"2301",73855.6481688903
"2302",77592.6862013407
"2303",82665.3135231479
"2304",52590.6262765003
"2305",81188.1528629934
"2306",51245.0452606178
"2307",30688.3262310354
"2308",65839.9026628228
"2309",66825.729961593
"2310",54262.673164815
"2311",56982.1256820042
"2312",28665.9293535276
"2313",49631.0554142316
"2314",47997.2355372464
"2315",51181.8487349344
"2316",58989.8603797159
"2317",74730.2581823451
"2318",80440.4710934844
"2319",55970.9299032033
"2320",100679.297480761
"2321",73311.337775238
"2322",75893.3588676472
"2323",61638.2122448405
"2324",44964.6898403245
"2325",95139.7282187533
"2326",95933.8564157895
"2327",116644.539849679
"2328",60014.4147209713
"2329",44137.9232467135
"2330",74838.0066654515
"2331",41706.0319373928
"2332",70854.071298143
"2333",72719.8592612963
"2334",48636.6802651151
"2335",64399.3864083764
"2336",30056.8579270031
"2337",66402.2020218561
"2338",84007.5260743637
"2339",60190.1158386638
"2340",98782.6584302856
"2341",53704.5688217759
"2342",35027.9169168911
"2343",48257.8123185074
"2344",69941.0272312311
"2345",56775.7551809977
"2346",80173.8302325598
"2347",38691.3153437216
"2348",84111.6971793767
"2349",62903.0626519189
"2350",68031.652572694
"2351",48753.6397485187
"2352",56028.7643068456
"2353",57954.3926675566
"2354",89414.1988912625
"2355",49730.1308399609
"2356",40327.7246237549
"2357",97672.7771537155
"2358",58603.2524093467
"2359",24264.4688192204
"2360",93732.2240092553
"2361",37881.2902687105
"2362",85874.0070126808
"2363",30584.0170414418
"2364",21099.4300302577
"2365",62947.5192387198
"2366",67727.7889060807
"2367",33018.5919808067
"2368",50404.50670368
"2369",39829.6948829151
"2370",74622.6740083308
"2371",47788.7767470566
"2372",51437.220438297
"2373",52562.294500527
"2374",102035.451484659
"2375",78075.3429317491
"2376",58612.1591971329
"2377",73141.9944921074
"2378",46435.6198946542
"2379",60789.2799989027
"2380",22708.8361528504
"2381",55702.4757285488
"2382",72243.7170595822
"2383",39705.2185200941
"2384",61123.5434115215
"2385",54766.8386864588
"2386",83724.9140302942
"2387",96135.2557039519
"2388",39739.751449388
"2389",81085.3654905488
"2390",77733.4787742189
"2391",58446.3264512984
"2392",111878.142621023
"2393",64295.6995129952
"2394",86846.0175934153
"2395",91881.9247602447
"2396",27016.3700868363
"2397",37833.3904660482
"2398",39107.0009367248
"2399",98980.2177141572
"2400",118841.900499681
"2401",35161.9637616921
"2402",62972.5374152018
"2403",40311.3242661855
"2404",32275.8558489161
"2405",120514.547295777
"2406",54040.8779865094
"2407",70270.3310869725
"2408",44640.6335360918
"2409",106858.790553621
"2410",83397.534501779
"2411",39211.7247877488
"2412",35815.491501879
"2413",194267.424414116
"2414",38687.4056273376
"2415",58865.2769064386
"2416",34022.0660086738
"2417",70738.5308993769
"2418",46896.9117277642
"2419",42213.0818413997
"2420",43450.2224069296
"2421",35906.5858602802
"2422",50776.0963331859
"2423",43320.2010977262
"2424",89086.0348966927
"2425",78685.3151442342
"2426",33063.2133657028
"2427",72070.9693642749
"2428",47891.1898591094
"2429",81217.7395086165
"2430",61880.8078726279
"2431",38110.4898357126
"2432",72014.4244433532
"2433",50963.250714214
"2434",97919.8957720309
"2435",25182.9170847753
"2436",76482.2539136876
"2437",94401.6102668049
"2438",101825.60185075
"2439",53275.5320187334
"2440",70963.1449229625
"2441",66145.1325124999
"2442",31465.4085167451
"2443",53398.9536446969
"2444",55608.0126794577
"2445",58429.0143319724
"2446",70036.3324685538
"2447",126472.6353448
"2448",48092.2372233509
"2449",78633.3735222946
"2450",64691.4418386662
"2451",77294.9847809873
"2452",66503.3953920002
"2453",191212.861036441
"2454",53634.7232672756
"2455",34136.9964279413
"2456",82033.6185548846
"2457",67879.3935215891
"2458",66641.8463908127
"2459",66335.0824327627
"2460",53926.9566868182
"2461",52059.7568939145
"2462",94295.5559194748
"2463",57758.1706862023
"2464",37198.6885997591
"2465",49414.0664830212
"2466",79147.6046909772
"2467",43616.0734983702
"2468",61066.7743980966
"2469",56880.5406933261
"2470",58631.1669622675
"2471",49841.5167974792
"2472",65282.3201079514
"2473",64593.1340775352
"2474",65248.2929662133
"2475",76289.7128482733
"2476",41735.7223902933
"2477",86074.0802859211
"2478",88630.4169063493
"2479",79983.3901402093
"2480",40565.1707077695
"2481",44174.7671220944
"2482",63314.1921203956
"2483",43841.3387315336
"2484",45424.587155438
"2485",63991.0643928119
"2486",75009.8383114062
"2487",59113.1518731146
"2488",40827.5022190291
"2489",43146.8707243988
"2490",62660.8079880063
"2491",78306.1033562837
"2492",128669.286125713
"2493",43201.824177105
"2494",95259.3531162193
"2495",57875.1118155874
"2496",58290.1713092815
"2497",26874.7900747455
"2498",78179.5864291998
"2499",100125.417801049
"2500",66393.8058152343
"2501",77711.4652982982
"2502",92556.0087172895
"2503",73224.811545347
"2504",74570.5361326499
"2505",84214.1249502699
"2506",79642.4297699987
"2507",89284.7407101307
"2508",25577.3722670767
"2509",54693.6356045008
"2510",96785.3383701217
"2511",74124.0285890789
"2512",70743.0538360976
"2513",46022.3048375745
"2514",144200.675068234
"2515",49552.024924992
"2516",124799.638276739
"2517",64352.5412144047
"2518",109496.957261644
"2519",75212.4121847071
"2520",49101.6190176333
"2521",34713.3829646813
"2522",60804.9594381587
"2523",111505.637469804
"2524",142112.684827106
"2525",113138.483702275
"2526",67962.3144582788
"2527",83660.4910251948
"2528",44332.1306617843
"2529",56448.2452758056
"2530",72328.2629342958
"2531",69744.6562789238
"2532",72353.7021036661
"2533",48848.5232365202
"2534",81708.4262793232
"2535",69394.8525968303
"2536",31575.7585928978
"2537",81974.9658741015
"2538",88681.7938326397
"2539",58619.4588147246
"2540",137603.982633969
"2541",88769.0258482734
"2542",101497.310375715
"2543",62586.0910951374
"2544",100705.184944365
"2545",48438.2667644358
"2546",49024.039239674
"2547",101966.36144243
"2548",39274.537236744
"2549",67775.5923661097
"2550",69250.6106759165
"2551",85968.115338283
"2552",41669.4000208259
"2553",99657.0833468721
"2554",63901.5583084083
"2555",26682.6059942812
"2556",94027.5403065469
"2557",87321.8253076706
"2558",61172.2817211944
"2559",79098.9285846849
"2560",73486.8902903806
"2561",86950.2816726402
"2562",52955.6146902552
"2563",81247.6135254329
"2564",34084.9099785965
"2565",33196.717847766
"2566",78480.9988878724
"2567",66667.5659230692
"2568",49353.707001791
"2569",42672.6561020265
"2570",60745.5324441709
"2571",74728.3546418734
"2572",43379.7587329406
"2573",59315.9857851068
"2574",49954.8465703636
"2575",59735.6829115771
"2576",99932.8349456709
"2577",48051.9613287275
"2578",39048.6403659986
"2579",47691.8319461746
"2580",102887.510565813
"2581",56028.7319933658
"2582",27573.6824572434
"2583",37772.9117033678
"2584",83430.0110640206
"2585",20282.5293350447
"2586",47474.9018172094
"2587",88988.9186563439
"2588",55044.4553189677
"2589",45203.8556932949
"2590",63084.3476189749
"2591",48489.4455348704
"2592",57971.6307973083
"2593",46913.9492297195
"2594",122544.529116324
"2595",83335.3976369391
"2596",25958.9764623273
"2597",85005.9569942707
"2598",26166.8831131933
"2599",68342.792482112
"2600",97117.9309205522
"2601",116072.804033171
"2602",173932.195656274
"2603",58377.4925980951
"2604",21026.5855431141
"2605",46831.5352937594
"2606",60660.6961632653
"2607",98654.6484355158
"2608",45043.1994298357
"2609",79415.7569011038
"2610",97142.9947774409
"2611",75815.8127553213
"2612",77498.8682232119
"2613",89274.9731885019
"2614",73250.8705467311
"2615",33603.5840560562
"2616",40706.7647932992
"2617",73138.0747631414
"2618",97658.1722291776
"2619",35480.3343713829
"2620",92163.0772641372
"2621",51215.2059549456
"2622",54757.0375391706
"2623",63760.4712935303
"2624",50018.3585285811
"2625",76776.1507172491
"2626",20621.9383913965
"2627",64784.9493171197
"2628",122077.683928939
"2629",42800.9063386475
"2630",40777.6172836964
"2631",46191.6250946415
"2632",83294.5548920632
"2633",53721.4462951027
"2634",44919.7930316163
"2635",85283.4562929574
"2636",60063.1670461935
"2637",55467.2327462424
"2638",35147.3442334168
"2639",82924.0798095872
"2640",85884.6449695522
"2641",48557.4975773483
"2642",34756.0486865457
"2643",82199.9474511637
"2644",42088.2570534539
"2645",74033.4516847007
"2646",60849.1197872109
"2647",69871.8357414052
"2648",39546.2722826908
"2649",69808.414745727
"2650",46160.7604122149
"2651",66501.7671180302
"2652",39509.0458975771
"2653",40295.1772838572
"2654",96991.1645272632
"2655",85602.4411384906
"2656",26485.6229873228
"2657",45237.7277704882
"2658",87609.5381286353
"2659",58888.9227935432
"2660",59460.2454761767
"2661",65619.2616221365
"2662",70595.3280163734
"2663",74371.927391243
"2664",60037.8035057453
"2665",76917.418447146
"2666",62241.6019485751
"2667",25452.0836219234
"2668",70386.6067497996
"2669",74419.6832325579
"2670",52369.6388095427
"2671",49982.224050464
"2672",96273.9163693794
"2673",100211.877093058
"2674",72468.0943395506
"2675",84986.37263195
"2676",49713.6973086461
"2677",39084.1298215527
"2678",90890.0783677485
"2679",135384.604960688
"2680",78330.8102033498
"2681",45321.7774768385
"2682",50162.9008844548
"2683",44005.6969909754
"2684",87741.527163537
"2685",61860.3835092858
"2686",49302.115920825
"2687",26799.7938384089
"2688",110634.874608187
"2689",54348.0840877187
"2690",54721.0506919729
"2691",60519.9795755582
"2692",54635.3748811846
"2693",63535.4381478218
"2694",40122.4292576571
"2695",36381.3701385839
"2696",50407.6165009433
"2697",115572.158009891
"2698",70820.827859101
"2699",77041.9792076588
"2700",44681.8882773611
"2701",44700.1216347039
"2702",58592.4290039699
"2703",122749.843388058
"2704",40261.6540275965
"2705",61136.6741913944
"2706",85534.2073455449
"2707",48909.957003051
"2708",37153.9016873999
"2709",37390.4662196697
"2710",83894.5096124244
"2711",41363.7282836636
"2712",39853.7681003452
"2713",98310.8500780343
"2714",64395.1376346293
"2715",54693.6535964634
"2716",67956.8537845467
"2717",73314.6442845608
"2718",33029.2379644353
"2719",74987.8724630494
"2720",47763.4649269124
"2721",91159.49042174
"2722",50111.2072612315
"2723",49395.0086508528
"2724",66192.700625433
"2725",35807.1530917083
"2726",51466.8481176948
"2727",59224.3814431593
"2728",53794.9065015458
"2729",40436.5621925182
"2730",41009.5850551197
"2731",74808.3060278774
"2732",67371.1376156609
"2733",85792.8413130859
"2734",40138.8478895582
"2735",62750.5125101854
"2736",58314.3357546661
"2737",36671.1099083162
"2738",62322.1977231911
"2739",121033.344799424
"2740",82610.6453234514
"2741",30961.5222243467
"2742",103278.599106531
"2743",116932.276066155
"2744",95955.9695598571
"2745",72336.892062462
"2746",31287.4565433844
"2747",63163.910410807
"2748",42965.0379199812
"2749",65046.5264401694
"2750",83079.0235766848
"2751",42667.3570287318
"2752",84179.3388881979
"2753",40293.7712686139
"2754",97410.7056284484
"2755",57023.6672253368
"2756",134674.641481582
"2757",74689.4661113273
"2758",50895.2058987389
"2759",56994.9482150043
"2760",210829.731217493
"2761",31009.1390095
"2762",99204.0635903306
"2763",74408.0901333603
"2764",127407.303208281
"2765",47880.6899272621
"2766",104997.182345635
"2767",55279.3014666193
"2768",48779.0648123452
"2769",78881.6594395381
"2770",124925.846740513
"2771",34876.2749891278
"2772",161062.218371185
"2773",26349.140276301
"2774",135235.905238839
"2775",32987.2966359315
"2776",53873.6561925459
"2777",110094.380276666
"2778",66953.59571802
"2779",43326.6519251166
"2780",59264.2803923352
"2781",48061.065580761
"2782",92031.4142508515
"2783",52429.0488535322
"2784",84806.6180045362
"2785",75783.3022746517
"2786",57362.1932719353
"2787",88081.8905625845
"2788",55587.2677492424
"2789",62635.2054597824
"2790",44724.0093773768
"2791",60265.2787091678
"2792",77966.2457523425
"2793",37062.901947675
"2794",35072.9581164496
"2795",50370.0086039455
"2796",30887.895001787
"2797",49180.0684803784
"2798",35981.3825350133
"2799",65678.3852534896
"2800",96875.4489857371
"2801",56038.7658659978
"2802",65882.4893229448
"2803",63610.2674083274
"2804",85306.3429101808
"2805",90926.9661202513
"2806",45498.6583069974
"2807",36133.4168082716
"2808",43868.4366185741
"2809",114092.139162528
"2810",47097.119284423
"2811",71329.9595125538
"2812",90776.2192115664
"2813",128878.052370251
"2814",37311.0884071028
"2815",46043.1870719106
"2816",89824.7765825831
"2817",51410.6651682961
"2818",50984.5055459177
"2819",54943.1057041142
"2820",42482.141846718
"2821",62668.2275062248
"2822",100728.600582087
"2823",116181.579985698
"2824",41257.5208189798
"2825",65174.2365409016
"2826",72522.3261086116
"2827",48150.2579328076
"2828",31699.8381314522
"2829",73711.6937106901
"2830",44500.6663965687
"2831",34135.9075209546
"2832",52330.9784094159
"2833",59043.0903503369
"2834",71215.492223622
"2835",79035.9942057554
"2836",41555.3086646717
"2837",62312.7810800249
"2838",53494.4171656807
"2839",42653.8716460854
"2840",39036.6167218781
"2841",89638.3338783787
"2842",42084.0623666724
"2843",70243.5981713213
"2844",84271.7082563212
"2845",60266.6474018476
"2846",99042.8286020972
"2847",50645.1887425711
"2848",52783.6402390266
"2849",143457.744346989
"2850",46018.3673939053
"2851",56888.4948390475
"2852",27524.9602142098
"2853",55516.6030925817
"2854",59992.8069347468
"2855",45170.7263009279
"2856",120615.105576061
"2857",33305.484407228
"2858",117215.969557738
"2859",89664.5875548052
"2860",82303.4309412785
"2861",40480.328756734
"2862",46891.1562958451
"2863",73801.2296936894
"2864",41969.1569594036
"2865",50201.6932133203
"2866",20411.2475549886
"2867",73073.4133511911
"2868",34558.3158553503
"2869",106657.637380993
"2870",120578.270105959
"2871",68640.8230715232
"2872",81088.7708141106
"2873",69949.0583740049
"2874",35647.1437206635
"2875",84613.1421925376
"2876",100668.716525031
"2877",74778.2594162196
"2878",57370.1990918556
"2879",87517.3954191632
"2880",142678.432166648
"2881",54886.8250294225
"2882",82285.0500384458
"2883",64894.322790337
"2884",34681.1589824015
"2885",39756.3156036327
"2886",74999.578867752
"2887",47277.2988257439
"2888",57934.7142292223
"2889",78802.9648631218
"2890",43103.6169748351
"2891",64349.9820646647
"2892",81893.6833001078
"2893",35886.5217207463
"2894",60593.2009251793
"2895",32058.1301317731
"2896",31002.1006383936
"2897",74797.9020606723
"2898",28730.9248975168
"2899",54035.8501983701
"2900",75682.8259393122
"2901",29412.9159048561
"2902",60614.9625954746
"2903",35533.661047501
"2904",176836.429846448
"2905",66774.6491895427
"2906",56286.1695064011
"2907",113565.39123367
"2908",49612.2023543873
"2909",41110.4987650943
"2910",102136.761719195
"2911",39389.0568358477
"2912",30176.6753693453
"2913",67771.7728007345
"2914",43486.4156289491
"2915",66053.245583816
"2916",88492.1555740485
"2917",126163.804573539
"2918",100220.552076982
"2919",36706.0550086626
"2920",91083.5062243693
"2921",103270.128835032
"2922",40365.5477292195
"2923",46321.2707918988
"2924",122893.912353282
"2925",32704.0838715192
"2926",44851.9771313738
"2927",145641.209226755
"2928",44526.0180814525
"2929",100618.378567822
"2930",51145.5129518733
"2931",79463.643146548
"2932",46581.7852017155
"2933",67688.6265254066
"2934",44644.9263958692
"2935",75190.5421059597
"2936",48178.2343325378
"2937",62892.0031273806
"2938",56443.8762032671
"2939",160488.660299131
"2940",41673.8973803102
"2941",83193.3362407119
"2942",33103.2238144395
"2943",80608.5161654198
"2944",41578.1584013224
"2945",45960.0927513264
"2946",33494.2612226044
"2947",56840.9654856156
"2948",77701.0286640263
"2949",77438.7173640605
"2950",49772.9446652666
"2951",40643.5205824738
"2952",52493.5379007423
"2953",84139.2573808476
"2954",49255.569922417
"2955",155384.245460122
"2956",90877.8592244263
"2957",37241.2455742323
"2958",56978.3090283757
"2959",34029.9401262144
"2960",51011.971146846
"2961",54623.0985915887
"2962",130127.888613375
"2963",48337.5920830157
"2964",100853.377951153
"2965",36682.8653631544
"2966",38072.0514211545
"2967",70255.0494213717
"2968",54258.6654399737
"2969",72266.4286995706
"2970",86228.2470769108
"2971",38599.8553873556
"2972",76955.2265944364
"2973",35497.2358768913
"2974",52363.0501575141
"2975",66334.094399202
"2976",84139.2897842407
"2977",78563.482694922
"2978",79865.7199440395
"2979",27939.2684690882
"2980",68229.8396648808
"2981",39687.2083262158
"2982",158672.492044507
"2983",103246.521074082
"2984",92275.1774187027
"2985",38254.7864803504
"2986",75865.3199085468
"2987",33210.8934543084
"2988",41984.5182307821
"2989",69957.8866272237
"2990",43668.0284124531
"2991",95425.7494460995
"2992",45954.300484298
"2993",68792.4048657029
"2994",66823.8765478317
"2995",24588.6055273421
"2996",58180.5926485843
"2997",89343.4665284927
"2998",36961.1565674843
"2999",105722.896085939
"3000",43663.1889293506
"3001",56632.1495750119
"3002",61203.5367605052
"3003",65543.109985367
"3004",51611.1424200102
"3005",32318.1454160084
"3006",58047.136292124
"3007",71510.5112944439
"3008",31346.3295125039
"3009",71986.9525364888
"3010",76422.7413908554
"3011",71477.4956066524
"3012",78743.1945945703
"3013",62215.2925313126
"3014",67593.8886360388
"3015",58734.7487298164
"3016",50324.7339595114
"3017",77700.0971560311
"3018",41563.9964408228
"3019",70928.6353380963
"3020",69052.3392668229
"3021",32575.9678648802
"3022",42019.9928863771
"3023",110515.627353247
"3024",38235.3502843773
"3025",30767.6087857266
"3026",61223.0135952576
"3027",45029.152838583
"3028",55364.4028339385
"3029",64863.6589751556
"3030",45095.9118711699
"3031",44273.7379334165
"3032",47591.148801765
"3033",76494.819875348
"3034",44808.0836220034
"3035",154082.935667961
"3036",59727.5370623535
"3037",92839.3687511427
"3038",77794.3051992598
"3039",32106.8274368514
"3040",69763.9858789125
"3041",41534.7313796546
"3042",51791.1095262613
"3043",63860.334568829
"3044",67584.4856039451
"3045",81939.1291383854
"3046",61347.1065650714
"3047",39372.7412652762
"3048",86001.7989576566
"3049",82674.3167009536
"3050",56659.3706022892
"3051",111019.34651235
"3052",78055.1263100009
"3053",37465.7269485899
"3054",76910.6173465451
"3055",65283.8041578545
"3056",60509.1900388393
"3057",60127.1651471069
"3058",120843.365626126
"3059",24992.6064576677
"3060",49857.5593687424
"3061",47911.1202133638
"3062",98603.167809965
"3063",58899.9237270234
"3064",50961.256623931
"3065",53855.4774602945
"3066",35849.1722270783
"3067",89519.2947031327
"3068",55692.7481939225
"3069",76205.4642085967
"3070",47797.6969366677
"3071",91010.8013936776
"3072",38527.3756688007
"3073",46096.6428692059
"3074",34080.9162564196
"3075",136869.942205675
"3076",52023.4082607914
"3077",132894.854615504
"3078",82641.1164667363
"3079",52832.209347412
"3080",32223.4330516972
"3081",70096.4697172265
"3082",51677.4427073675
"3083",84294.820883724
"3084",89057.1156470532
"3085",93912.5381300493
"3086",40876.268732113
"3087",82847.5907580848
"3088",78323.9263889963
"3089",50498.7255845179
"3090",38706.9512520988
"3091",75084.2117376477
"3092",85282.3283294328
"3093",43522.9875301091
"3094",86316.0125184256
"3095",42828.9908360762
"3096",59165.141650007
"3097",119393.414360919
"3098",65398.7631431834
"3099",106007.811598496
"3100",74871.0405555804
"3101",96396.72760204
"3102",46469.137588475
"3103",45389.4238707564
"3104",52822.3932036731
"3105",78839.5836261748
"3106",49066.5540556762
"3107",54887.0535423209
"3108",86861.1820707278
"3109",51471.1338392293
"3110",43965.2670877056
"3111",53909.4609002642
"3112",78227.8077633136
"3113",106919.286082051
"3114",26488.725037811
"3115",44797.7173742081
"3116",83205.189420585
"3117",44601.0059502095
"3118",46964.3279130186
"3119",63476.252524745
"3120",67496.8009153122
"3121",35004.4394548464
"3122",90413.3129849123
"3123",37217.1202406114
"3124",39311.4897703162
"3125",137548.229250804
"3126",55693.6556916456
"3127",44877.1116958896
"3128",31788.8091953121
"3129",74405.1217686204
"3130",69231.2662348727
"3131",44327.3542729136
"3132",50680.4141640789
"3133",37404.3290491909
"3134",18252.0806040331
"3135",59628.4311131571
"3136",66507.6041412986
"3137",46468.4104021126
"3138",59838.6080100686
"3139",125073.761305981
"3140",36531.6388632671
"3141",64112.2611668372
"3142",88617.6810511473
"3143",68467.0537546957
"3144",46924.6525850451
"3145",79397.5406839812
"3146",57437.7888556838
"3147",45597.2748705683
"3148",52065.2650542303
"3149",73365.542450251
"3150",29547.0022483063
"3151",105946.91033019
"3152",61077.0518662723
"3153",59719.2541158587
"3154",53889.3939640371
"3155",55391.9646797133
"3156",68549.2534273674
"3157",65331.5226451314
"3158",35252.2976733541
"3159",56098.5653512196
"3160",57067.4186514099
"3161",116367.20242835
"3162",35276.8727085814
"3163",55391.9487269435
"3164",55645.2716838935
"3165",95010.4486136796
"3166",40379.3305659106
"3167",71666.4066603573
"3168",87045.7777826806
"3169",38968.7792264146
"3170",23120.7056697641
"3171",96656.9823974412
"3172",48310.3644526205
"3173",50985.1069489006
"3174",63608.6679583864
"3175",29458.646383876
"3176",51430.3092787039
"3177",67743.6920462527
"3178",56876.5204335325
"3179",111934.467335821
"3180",59218.5706776852
"3181",51094.2119179061
"3182",81357.316270838
"3183",53581.6808803851
"3184",69952.1021826806
"3185",42400.5169627282
"3186",60416.7046009923
"3187",44836.0887747571
"3188",41778.9408999178
"3189",129221.37631211
"3190",92807.3585278261
"3191",40728.1471461722
"3192",80084.6212984661
"3193",45043.3173822134
"3194",34456.8262818066
"3195",55385.9684301205
"3196",40938.7772542041
"3197",63369.1152629178
"3198",26399.6954889707
"3199",61526.440230299
"3200",38220.0442401504
"3201",88524.2599769229
"3202",46207.8683707547
"3203",80247.749188926
"3204",102796.30534571
"3205",133158.859964309
"3206",81600.0595165936
"3207",30953.550210472
"3208",46356.5286574352
"3209",26585.6121513484
"3210",77390.5736159165
"3211",66983.6038216522
"3212",124889.036042168
"3213",105659.621721846
"3214",36048.6888115188
"3215",48235.127806834
"3216",95742.6582962647
"3217",53388.7203660008
"3218",35205.7295340772
"3219",36937.3571806316
"3220",91726.5458218117
"3221",55455.2405399479
"3222",46141.4300795043
"3223",69697.1385197836
"3224",32703.03452364
"3225",57049.838136648
"3226",93201.6141700988
"3227",70440.9556650207
"3228",39459.6990454554
"3229",99213.7336815241
"3230",35535.726566886
"3231",103260.134011782
"3232",67464.8945900527
"3233",112623.739891154
"3234",49588.4527515066
"3235",65795.7133925651
"3236",72145.0623292562
"3237",66738.1258035375
"3238",100743.246681258
"3239",64455.5004886845
"3240",47555.9016385024
"3241",26801.4873034461
"3242",46514.5477242152
"3243",69344.626779339
"3244",71673.1140187516
"3245",44680.3037422209
"3246",39143.5298877432
"3247",144216.17142775
"3248",51039.7068206598
"3249",66498.7570248275
"3250",63305.5995278907
"3251",78330.8699157097
"3252",57918.0712848719
"3253",72289.1784843277
"3254",80365.4491463894
"3255",48748.5913592383
"3256",114900.663086726
"3257",62667.9573332862
"3258",59482.4892505121
"3259",87262.1310480622
"3260",56295.6802333229
"3261",68814.9757818224
"3262",61759.7230700288
"3263",40358.5444516644
"3264",60879.2326020892
"3265",43042.4595065205
"3266",46346.6021138324
"3267",54629.6548054238
"3268",82247.8147320023
"3269",60510.882040838
"3270",69126.0763710416
"3271",43684.2868245008
"3272",37285.2627955328
"3273",88480.984138585
"3274",33115.1217558629
"3275",83601.1190245016
"3276",68238.6710619146
"3277",47490.2178033269
"3278",76930.9439556453
"3279",50965.5182722539
"3280",64649.3358220493
"3281",26517.0303422156
"3282",80940.8281451468
"3283",55832.5615295912
"3284",48476.3339634928
"3285",41360.8702888041
"3286",22546.5091113409
"3287",77810.4275487088
"3288",73818.2811211357
"3289",65241.0723706058
"3290",100553.995908994
"3291",26536.6829845285
"3292",64024.5168944078
"3293",46308.9023688891
"3294",96365.4165479271
"3295",91223.80582081
"3296",45461.4748515613
"3297",99713.4469297092
"3298",37373.094316246
"3299",75126.7561794954
"3300",90412.7368524839
"3301",56039.3000394326
"3302",42283.4246537169
"3303",57302.6780802586
"3304",59820.7013880762
"3305",57289.072473396
"3306",49952.9907932705
"3307",35959.577815386
"3308",46865.6507146515
"3309",55096.7597974212
"3310",70910.8225423735
"3311",29344.6376083353
"3312",50003.2987919069
"3313",98290.5624571559
"3314",76455.2252578477
"3315",81037.3276423855
"3316",60091.2068294526
"3317",94806.250387135
"3318",46189.0884773429
"3319",72508.9453353072
"3320",46049.3306473673
"3321",78632.7513716576
"3322",80267.2191786188
"3323",70231.5783770478
"3324",63954.4101943538
"3325",62559.9499418627
"3326",43807.197835074
"3327",37298.562936104
"3328",40024.6435447818
"3329",73560.5694168312
"3330",55479.6281594725
"3331",30999.7171019154
"3332",121933.546092204
"3333",90283.3010057933
"3334",78411.5213791131
"3335",60880.2024647334
"3336",58549.4854903261
"3337",110032.977414671
"3338",21902.9188212022
"3339",43229.0322380553
"3340",42560.9449051205
"3341",44120.0662719446
"3342",61087.6552895307
"3343",55072.2399825371
"3344",49736.8958927318
"3345",127197.833509794
"3346",71555.732217508
"3347",47149.3982056097
"3348",94833.349887187
"3349",95015.5273818321
"3350",61189.421215081
"3351",51360.193773187
"3352",51647.9659900719
"3353",89943.7462128714
"3354",56071.2668665697
"3355",80506.2987970378
"3356",113012.760813132
"3357",65244.1464793635
"3358",53157.1716812969
"3359",56530.6361293224
"3360",64886.2375346468
"3361",117683.664875547
"3362",76976.277346615
"3363",66829.9321547482
"3364",57020.4711433277
"3365",117489.569822852
"3366",41477.8942602261
"3367",60359.4461929254
"3368",87931.9145636896
"3369",34054.7779740267
"3370",63526.3450418572
"3371",39766.1468530869
"3372",92159.6993407143
"3373",68671.8199600988
"3374",97040.1856938167
"3375",45373.0409407807
"3376",85680.9685497902
"3377",37464.1935379757
"3378",41522.6903010966
"3379",57086.1317983064
"3380",43215.8196841633
"3381",48108.3570483111
"3382",49468.6029593685
"3383",92957.0070531679
"3384",40781.7268455968
"3385",131314.74081465
"3386",64496.7860235588
"3387",77087.5770425803
"3388",88357.0631763777
"3389",39598.5382320961
"3390",53818.6350104079
"3391",78053.2778432908
"3392",64262.1583100421
"3393",43579.4786464294
"3394",57706.185990982
"3395",66775.4008810227
"3396",76755.1759082919
"3397",83416.7433172747
"3398",73570.4806724174
"3399",60444.1991431515
"3400",101947.797491815
"3401",52856.3676781141
"3402",59837.859672891
"3403",39650.7967291803
"3404",110994.640353445
"3405",59258.2022856893
"3406",100515.26291539
"3407",83141.2097766254
"3408",62690.4958863222
"3409",49433.9340811407
"3410",37186.6738314953
"3411",58650.2969371907
"3412",61595.343423036
"3413",92947.5872880374
"3414",39087.074789951
"3415",31019.7897730691
"3416",57151.1463289508
"3417",52451.7630227842
"3418",40759.8205917689
"3419",53645.3281741025
"3420",36804.6166516685
"3421",59935.1636897545
"3422",37416.5943400263
"3423",90457.3695588614
"3424",124357.187528051
"3425",47567.4833420217
"3426",158348.816181009
"3427",47200.0795844494
"3428",31109.9231001019
"3429",44296.7527725747
"3430",88522.4089081242
"3431",47693.8057539959
"3432",49820.1882818849
"3433",35584.5486598311
"3434",62196.8763212666
"3435",109378.097883343
"3436",43166.4180514016
"3437",69485.6627527858
"3438",49938.9238324131
"3439",76519.4877659683
"3440",33671.5359271984
"3441",39785.3614865776
"3442",106550.465501695
"3443",37957.2356284367
"3444",63155.029033524
"3445",64296.0788591467
"3446",38640.14142036
"3447",44505.5645889129
"3448",120749.816735843
"3449",92694.5109238618
"3450",74371.3048083518
"3451",58946.7001814577
"3452",39190.8880711797
"3453",82999.4269617686
"3454",71765.2967199613
"3455",35514.5830823844
"3456",44769.2949842799
"3457",127695.164970656
"3458",37918.2124054597
"3459",53675.5500862816
"3460",73012.7619213364
"3461",112959.235840348
"3462",40894.7908487402
"3463",66705.2729313859
"3464",57427.8596089936
"3465",47754.3460444739
"3466",59008.2579875422
"3467",192717.886086587
"3468",60735.256797675
"3469",37881.2995821354
"3470",41166.977350447
"3471",80551.1990727538
"3472",121762.376514622
"3473",72239.9425378935
"3474",63960.24719669
"3475",98621.703929077
"3476",30145.0495388132
"3477",43591.8519133915
"3478",67331.3681181032
"3479",81510.3561222388
"3480",41086.5464297215
"3481",62592.8239079409
"3482",26046.9198355103
"3483",40443.0152052029
"3484",59332.5763683588
"3485",59723.5838963946
"3486",78741.4420239223
"3487",51467.8176818199
"3488",45219.7549052046
"3489",56517.2357850284
"3490",107911.771451391
"3491",79821.5736845324
"3492",42734.6989155342
"3493",56762.6501699782
"3494",66466.8296599597
"3495",40181.1134051062
"3496",48229.1477181631
"3497",58008.2855374386
"3498",78787.0682884645
"3499",74425.9840572503
"3500",42922.0331650685
"3501",69080.1424434071
"3502",42215.4512057969
"3503",157503.378208923
"3504",124129.51266839
"3505",61617.0472050942
"3506",60579.8219260088
"3507",47907.1818079112
"3508",70158.3403841519
"3509",51333.3222510523
"3510",61257.7006935235
"3511",100335.687482409
"3512",65600.3472551603
"3513",117865.537425322
"3514",74809.5817828444
"3515",79709.5516561576
"3516",68270.0856120029
"3517",67457.5086989374
"3518",81500.9013204939
"3519",30139.6819409347
"3520",53639.6950755182
"3521",32233.4160480407
"3522",62203.5551995197
"3523",109274.529867117
"3524",65129.7047062504
"3525",90241.3824130834
"3526",51728.6563745928
"3527",61367.3691731871
"3528",64602.3027674312
"3529",48012.1304980491
"3530",69513.1615061264
"3531",25831.5863569172
"3532",124520.432296152
"3533",94389.7803422958
"3534",75786.1466476241
"3535",55046.3512280551
"3536",63174.0708345115
"3537",104347.980816001
"3538",38876.8376497596
"3539",46391.359442603
"3540",52137.5245209248
"3541",68430.6433646428
"3542",95911.220537336
"3543",69160.6229581006
"3544",30772.6393541714
"3545",78677.6598312529
"3546",108531.862169898
"3547",37903.2191227507
"3548",81267.6982275055
"3549",60300.8112380901
"3550",99472.8162807152
"3551",25835.6194639195
"3552",46420.0842735508
"3553",60310.4831314838
"3554",38357.0355594721
"3555",49045.3480495104
"3556",59702.0247810404
"3557",37118.8179737288
"3558",73121.6557926386
"3559",74474.6399281729
"3560",63685.6302560337
"3561",58132.2726317892
"3562",41838.0278456736
"3563",61858.8336830156
"3564",66481.4631051293
"3565",31789.7503888512
"3566",74038.9120160645
"3567",110187.437476912
"3568",110285.258605152
"3569",140042.543798122
"3570",58563.0240692137
"3571",75872.4611143798
"3572",45934.456660576
"3573",68302.1490311586
"3574",51329.3134332402
"3575",34958.6352989772
"3576",63738.7181169211
"3577",91584.0520700031
"3578",71882.3647171796
"3579",64834.990189596
"3580",40438.7381621598
"3581",57221.444248488
"3582",79995.3338211574
"3583",55779.7432817902
"3584",55859.8491169147
"3585",77578.4506507756
"3586",107639.602616112
"3587",36665.911305891
"3588",34984.2993742424
"3589",106407.300960858
"3590",152573.24892831
"3591",34726.7484323106
"3592",124968.232763677
"3593",59370.3055112476
"3594",57420.5326212453
"3595",119813.588663932
"3596",77534.6683002053
"3597",66274.6891697504
"3598",107890.224124239
"3599",34140.4319108778
"3600",29803.6688619331
"3601",87104.5495654486
"3602",50501.6807232317
"3603",100497.233308144
"3604",61233.4184971676
"3605",57187.3145210214
"3606",101945.350632106
"3607",84503.1349976446
"3608",111160.21696741
"3609",132773.087725068
"3610",113071.167848691
"3611",51349.9467966432
"3612",35331.6156495411
"3613",26493.6356530843
"3614",32120.4025031028
"3615",38245.1697744833
"3616",46553.6980033452
"3617",179995.238682349
"3618",49316.5661641172
"3619",92225.4327846566
"3620",48146.0584257253
"3621",61823.9558757913
"3622",73905.3530685485
"3623",141019.222779136
"3624",32089.0977694512
"3625",85194.3659027294
"3626",135677.040835892
"3627",66074.5170582179
"3628",39907.6851013387
"3629",50466.5144082414
"3630",36500.0351932894
"3631",123399.884462674
"3632",43821.3916137681
"3633",48623.5327735174
"3634",52462.2545698376
"3635",62875.0251481647
"3636",51774.3978707229
"3637",74838.7233379785
"3638",34217.1842473151
"3639",202446.73270148
"3640",72496.9703201538
"3641",65762.5323838171
"3642",61889.8391141004
"3643",73509.1216682809
"3644",79606.0752035833
"3645",45025.7470196877
"3646",76937.4741168371
"3647",67719.726341814
"3648",35400.655170697
"3649",74152.934348069
"3650",59097.1074796058
"3651",78795.0547490368
"3652",50223.5759162563
"3653",78713.0490249615
"3654",45292.6555404651
"3655",105344.803681914
"3656",89159.3989956953
"3657",63233.6422928043
"3658",46328.4674278119
"3659",107498.436358187
"3660",53088.8428458806
"3661",56077.0567230023
"3662",70046.7664682014
"3663",123043.386898484
"3664",40809.2365619053
"3665",60334.9822462288
"3666",69714.9788930708
"3667",75519.4137495817
"3668",33359.9665640099
"3669",60574.8463589289
"3670",51491.6491695752
"3671",74506.0784474833
"3672",70492.5083667569
"3673",48282.5025444515
"3674",59024.9750181719
"3675",81418.6920407784
"3676",73421.4047737695
"3677",80672.9696936332
"3678",59629.2616073274
"3679",74926.3306772838
"3680",65434.3404562306
"3681",45102.9205562417
"3682",81610.6373595444
"3683",103854.556252383
"3684",52896.3090078921
"3685",80459.8181767255
"3686",87026.6214937048
"3687",108852.001468523
"3688",43190.5872535081
"3689",45186.6524124493
"3690",60582.9641059121
"3691",51969.9020987413
"3692",45276.6108906019
"3693",67289.5951471487
"3694",65703.7982180995
"3695",54424.5014019754
"3696",81849.4863113067
"3697",87493.889614651
"3698",80061.9728497434
"3699",59892.1754600732
"3700",38613.0287551243
"3701",49140.8278489714
"3702",90820.7366707941
"3703",122316.172746433
"3704",55210.0152358389
"3705",49333.4458697608
"3706",89942.0376941642
"3707",42559.6944232348
"3708",63575.3324198846
"3709",37923.475440313
"3710",128925.132773764
"3711",56460.5531840167
"3712",50158.3843201967
"3713",43875.302276289
"3714",49061.7429905905
"3715",85560.3727371856
"3716",56033.9410859336
"3717",39984.3129204824
"3718",23217.8714225417
"3719",39859.0378671543
"3720",103490.643982114
"3721",52229.6275114667
"3722",126377.029462815
"3723",74421.8226335229
"3724",54370.3190846839
"3725",58727.9004600163
"3726",34486.7217394114
"3727",50890.6670229118
"3728",65492.3788402989
"3729",70313.7320975468
"3730",37769.0616529554
"3731",39763.7689467494
"3732",117087.59178113
"3733",81714.8042295881
"3734",57342.3540185303
"3735",43344.9780556676
"3736",36830.5367576745
"3737",107048.878140634
"3738",134150.418192375
"3739",77684.7765909647
"3740",66393.9320044658
"3741",116353.255245961
"3742",56346.9123637086
"3743",69252.2899483788
"3744",54363.1365809589
"3745",49478.311919281
"3746",38641.1706021153
"3747",97376.2832883383
"3748",120338.876977689
"3749",51560.7086873475
"3750",80362.8185189357
"3751",61597.2651681137
"3752",39555.6772692059
"3753",55759.5793945189
"3754",57018.6584055475
"3755",94386.0386272922
"3756",37693.0751034888
"3757",68709.2921749045
"3758",46910.0411523931
"3759",90435.0342353603
"3760",51727.9828055471
"3761",65219.3934460444
"3762",44573.5921663865
"3763",59522.4715505006
"3764",77257.83931539
"3765",78510.9861797103
"3766",81483.881334946
"3767",59853.9467854023
"3768",61680.2612468351
"3769",69887.4314661615
"3770",84450.2277679911
"3771",28719.2324015349
"3772",62141.1196994169
"3773",77602.1819491119
"3774",70016.4363116261
"3775",104970.288488913
"3776",68831.6298183404
"3777",118779.803856107
"3778",41267.9663998387
"3779",47268.7540557994
"3780",21013.2797016279
"3781",80142.4468304292
"3782",36180.4295576165
"3783",72105.2367861356
"3784",39911.9896788824
"3785",48032.527762963
"3786",128727.163132767
"3787",57288.1650311993
"3788",53066.1486923723
"3789",55023.670691006
"3790",52786.516586673
"3791",83306.4851677333
"3792",62379.0570810673
"3793",70300.7426403364
"3794",30993.8192958527
"3795",61925.8465379976
"3796",83422.4450310039
"3797",64189.8059693284
"3798",83956.7936856499
"3799",43811.7904037335
"3800",108769.421574261
"3801",55044.9104854859
"3802",71663.5980535008
"3803",26750.1229328848
"3804",135363.363077412
"3805",155688.38630191
"3806",64235.0079973113
"3807",69988.7724595682
"3808",63607.9264317622
"3809",48967.6476882082
"3810",57387.6052637818
"3811",48859.8183627894
"3812",48097.1882981518
"3813",65063.0667193369
"3814",38779.5455020868
"3815",45922.6566027155
"3816",36284.2391262958
"3817",34533.6976749093
"3818",90430.9498866182
"3819",45853.287370157
"3820",74190.1826134928
"3821",60523.2391547978
"3822",52656.3821132831
"3823",93743.6355682555
"3824",134829.52888424
"3825",22804.5365784137
"3826",45688.2580563322
"3827",78335.8888125889
"3828",64829.1370066353
"3829",63424.8945960284
"3830",37759.8403155362
"3831",59801.9814398426
"3832",39218.1494275515
"3833",63672.7997624205
"3834",63804.3094064857
"3835",43317.8988440012
"3836",92322.1488334348
"3837",44145.7283825362
"3838",35069.6225361934
"3839",73138.7609441428
"3840",66642.3040143966
"3841",51760.8319448543
"3842",83913.4590529501
"3843",59548.7561526701
"3844",75230.0132438144
"3845",37667.1870456406
"3846",37144.5669099663
"3847",38055.8506650926
"3848",41735.7656796091
"3849",35216.9530292974
"3850",90727.0489138799
"3851",38847.5499975953
"3852",65938.0327168666
"3853",54567.0237270733
"3854",66866.0211177099
"3855",45132.7326224975
"3856",90387.1516929973
"3857",44282.8284088466
"3858",139611.69499085
"3859",65467.8255038185
"3860",37907.9788144573
"3861",60174.1127507124
"3862",73538.8405501051
"3863",60238.8036597698
"3864",55142.1422763927
"3865",90806.1283209467
"3866",65077.5381237651
"3867",104756.043195811
"3868",38989.772994465
"3869",49150.9950580103
"3870",44225.4486400145
"3871",81482.8775153496
"3872",57834.0807846586
"3873",32404.0878842524
"3874",107719.813485475
"3875",76554.3484309852
"3876",95684.1345875906
"3877",53653.7546176933
"3878",55386.8454759264
"3879",89670.0954227066
"3880",78626.170574598
"3881",67625.2256823589
"3882",67237.830384258
"3883",62202.7588590136
"3884",39359.2133739623
"3885",98271.292409216
"3886",152307.980324854
"3887",37297.8681073504
"3888",31526.3150648326
"3889",52009.276742522
"3890",65310.840636389
"3891",54381.0195827157
"3892",61800.4687578541
"3893",70684.2069610643
"3894",58936.4492770395
"3895",61841.6608227009
"3896",63983.0221599525
"3897",71632.3099375035
"3898",48692.2068321487
"3899",101426.787149331
"3900",68953.4176571407
"3901",59280.3024509889
"3902",65440.337644424
"3903",36318.065170868
"3904",51558.262659944
"3905",52430.2929121691
"3906",90284.0677204013
"3907",89894.2343708009
"3908",59690.6713437803
"3909",77992.5463018348
"3910",74333.9065573667
"3911",120172.8257038
"3912",92282.5097868859
"3913",37928.8068353198
"3914",60612.6488387392
"3915",62607.8637344912
"3916",104553.300596836
"3917",66541.9007675122
"3918",108501.765247427
"3919",33152.528149343
"3920",91254.5186408843
"3921",105828.463065857
"3922",72078.8231355418
"3923",85826.5276843713
"3924",52917.8013712907
"3925",46396.7324731519
"3926",31931.2698715604
"3927",200791.581613607
"3928",39372.5371230322
"3929",59091.0378213666
"3930",91392.7783398472
"3931",47593.519439363
"3932",41521.9287032919
"3933",56764.8077661473
"3934",46964.8575633109
"3935",49507.1614553029
"3936",40821.9860253941
"3937",58519.6396338012
"3938",37850.1358332617
"3939",44105.7207984012
"3940",85606.5211546054
"3941",80375.0762205445
"3942",45926.8574955857
"3943",116631.899646859
"3944",65604.5272199324
"3945",68559.9750724087
"3946",127780.949477568
"3947",39910.3671230515
"3948",78196.8296046487
"3949",19784.3152395712
"3950",36729.9491382001
"3951",49471.8013431491
"3952",80144.2144528903
"3953",73032.812583291
"3954",74591.02142953
"3955",63638.4149999441
"3956",59823.190340895
"3957",31222.0967818357
"3958",38648.5309425827
"3959",100503.697028089
"3960",124282.343890106
"3961",91448.3172611696
"3962",52725.5882324697
"3963",72062.7795584594
"3964",60482.3692652219
"3965",63445.2737460566
"3966",57665.1558748551
"3967",34226.9568460223
"3968",70161.2761227047
"3969",51091.5462961334
"3970",53195.4729420805
"3971",31764.1786990797
"3972",21914.2914616063
"3973",116345.699037073
"3974",106647.387393756
"3975",66032.7101881285
"3976",25272.8827834767
"3977",102110.883576254
"3978",50934.3133990488
"3979",111048.505423118
"3980",68666.4325529771
"3981",89356.4676657592
"3982",82318.1722080617
"3983",80325.3141484757
"3984",30978.6165288029
"3985",91585.5254343739
"3986",85536.9026980988
"3987",78566.1163614445
"3988",59571.8279140042
"3989",71225.3094635704
"3990",36360.7915605851
"3991",90789.6556097054
"3992",43641.253755403
"3993",91738.036792125
"3994",42812.932143993
"3995",62820.4511005399
"3996",102786.39080766
"3997",82238.5767456755
"3998",99202.1385355177
"3999",29396.6068501556
"4000",115794.313050359
"4001",84218.1720785063
"4002",54340.9217571571
"4003",59208.334808099
"4004",45213.7213436836
"4005",106818.068265931
"4006",22075.3546519448
"4007",40635.3161844514
"4008",31637.9190027628
"4009",102096.506533137
"4010",138527.067290015
"4011",68895.3395947309
"4012",54891.6668579434
"4013",52885.3810114897
"4014",123043.765268096
"4015",61610.1717651743
"4016",142380.441599081
"4017",61367.8678000655
"4018",28420.6973797866
"4019",55648.4279568176
"4020",68327.8382590821
"4021",74872.5144422581
"4022",65597.4369834534
"4023",59070.9120429595
"4024",51941.6700577874
"4025",70457.411400106
"4026",39192.4850759722
"4027",117291.590502544
"4028",49678.510457903
"4029",78585.9921319613
"4030",138345.448667427
"4031",27256.6861352642
"4032",55097.0428239561
"4033",112136.857017461
"4034",79485.0562478551
"4035",54599.7118422886
"4036",50127.1358950005
"4037",117511.559053423
"4038",69587.7679844579
"4039",90758.9063572701
"4040",92545.4044791169
"4041",30919.1795951194
"4042",86407.9182741499
"4043",59098.2373238892
"4044",110582.931229418
"4045",93099.5598464087
"4046",56585.3851298435
"4047",49047.4761191217
"4048",54301.6126036482
"4049",104565.080896928
"4050",46575.7319998025
"4051",44388.0844761204
"4052",48481.9483950328
"4053",46444.6972246173
"4054",106552.417000851
"4055",79913.8698543379
"4056",67648.9255530051
"4057",116931.577775447
"4058",40497.2521297528
"4059",80148.7678375335
"4060",39410.960825795
"4061",56468.9743419361
"4062",46138.8127093476
"4063",57022.0629478546
"4064",56497.7575991055
"4065",50135.6254829032
"4066",39169.0554636131
"4067",40696.3141368383
"4068",45793.458422033
"4069",75455.456383327
"4070",29943.4820696584
"4071",57679.4745010777
"4072",71100.2911951385
"4073",81198.6341266418
"4074",72053.0486572148
"4075",95672.4309518377
"4076",105186.086570477
"4077",65510.3608385853
"4078",42715.0532876655
"4079",64783.2719258486
"4080",70424.9190204849
"4081",78446.7369081001
"4082",88767.8745417283
"4083",52990.4949203619
"4084",59640.5024825819
"4085",39330.1468411357
"4086",65130.5159097971
"4087",45555.3863051613
"4088",73378.402550126
"4089",72888.6460395269
"4090",94537.6668041299
"4091",100391.310379296
"4092",78857.1485736284
"4093",53272.3089159279
"4094",113175.369791686
"4095",89046.0613303975
"4096",102614.683388896
"4097",32113.8899481625
"4098",61768.6043785445
"4099",62815.4340523288
"4100",71781.7874360898
"4101",99234.8557549019
"4102",64619.5105093413
"4103",73599.698689056
"4104",37314.990405772
"4105",98852.9004105366
"4106",59815.4386609539
"4107",47493.5739888365
"4108",81408.1305176085
"4109",66430.4114039446
"4110",90203.2995944305
"4111",68423.9693301451
"4112",61421.3504752456
"4113",62567.548030598
"4114",25792.6331135076
"4115",130376.905880993
"4116",104025.844453384
"4117",50756.6176291497
"4118",75028.1719670329
"4119",65640.7797177269
"4120",43236.1743516248
"4121",58213.2927291147
"4122",100541.353158831
"4123",46303.3296443205
"4124",38486.0726804162
"4125",59047.6808617741
"4126",106221.093874831
"4127",35377.2635490248
"4128",100376.98116988
"4129",72087.5088640115
"4130",78948.0014237696
"4131",70214.9266517469
"4132",51137.5477680206
"4133",43519.9601749099
"4134",62970.8733338953
"4135",67608.1467641723
"4136",72354.3160239409
"4137",78257.8421973035
"4138",37096.660033224
"4139",127703.935502297
"4140",26438.568380155
"4141",115353.729243776
"4142",35475.2233316079
"4143",49033.6708715576
"4144",79825.5208475419
"4145",40820.6855758057
"4146",60355.9405577335
"4147",33079.2450036715
"4148",59751.8573534872
"4149",52591.4216587397
"4150",32616.2372087477
"4151",50895.8280802457
"4152",46856.9437106618
"4153",40375.7102827318
"4154",42028.9318822276
"4155",80809.75569757
"4156",28067.1043660873
"4157",106956.824591964
"4158",80981.0322190259
"4159",87644.4293448524
"4160",51274.6332770369
"4161",58663.2417475721
"4162",94150.3164843587
"4163",69486.1229690557
"4164",73596.4838563561
"4165",59128.8637951015
"4166",95428.8926239459
"4167",53698.07497591
"4168",65889.3137013778
"4169",49656.0466732102
"4170",83595.567557002
"4171",54305.6825707977
"4172",25744.6128715757
"4173",96230.1622322995
"4174",43793.1550214524
"4175",52219.9538771049
"4176",85942.2717333062
"4177",79284.5000131616
"4178",39742.2125645771
"4179",67254.4451954711
"4180",32238.5592370561
"4181",54465.0902336469
"4182",37049.5601140966
"4183",37655.5199305667
"4184",71645.8355983558
"4185",159606.381398871
"4186",107128.659774345
"4187",52311.0615986714
"4188",76535.8969436146
"4189",75678.9051172932
"4190",64735.2319903753
"4191",95714.5588693492
"4192",48265.2771154088
"4193",74314.2890542866
"4194",41107.7947947583
"4195",40690.2023657778
"4196",114661.742079583
"4197",111906.829287065
"4198",41126.3976127611
"4199",59686.8787837418
"4200",75537.1662794559
"4201",43199.5972120185
"4202",32478.7988281193
"4203",141117.878682409
"4204",53241.5973702943
"4205",40130.3654020366
"4206",104865.435131213
"4207",94035.8517596801
"4208",128525.301823363
"4209",115565.721471577
"4210",113419.701844321
"4211",41659.8576880006
"4212",63993.6678865925
"4213",63285.3195922546
"4214",41804.789680623
"4215",52625.6669274495
"4216",101428.256278153
"4217",58735.0779386655
"4218",62391.6274740938
"4219",54963.0291284097
"4220",112354.752393386
"4221",147084.697695741
"4222",20342.3113906998
"4223",29544.7330399906
"4224",35189.8511156034
"4225",38825.8611398037
"4226",49373.4768673657
"4227",57652.6689043304
"4228",81271.7323400983
"4229",57224.6811516699
"4230",100624.277093987
"4231",91204.1264214611
"4232",44095.1781289822
"4233",56720.3555181839
"4234",56688.568445259
"4235",96861.3174544378
"4236",70182.1460775113
"4237",32123.910473141
"4238",65905.3877060709
"4239",85689.4887847244
"4240",45808.2688799194
"4241",44236.8300575273
"4242",50758.675187732
"4243",52978.0164884359
"4244",40502.8964056122
"4245",58453.928871221
"4246",68529.284359096
"4247",65848.6709219462
"4248",37393.0804716329
"4249",33977.7143155442
"4250",57689.4634614892
"4251",105250.10574025
"4252",87922.8931874081
"4253",52626.7848609572
"4254",68091.6806326874
"4255",77921.2476599841
"4256",48377.2993238516
"4257",56190.6373932853
"4258",40624.7248955398
"4259",41170.8518259796
"4260",71609.0322247271
"4261",62971.2188450952
"4262",43549.9427647356
"4263",55780.4745278071
"4264",53886.8161562814
"4265",78948.6630056264
"4266",88218.901525736
"4267",75530.331858186
"4268",54321.1959661881
"4269",61387.8017328927
"4270",55559.5735516962
"4271",28479.6130432037
"4272",77609.3693111563
"4273",81540.7159835134
"4274",46507.9405137403
"4275",83220.6018342672
"4276",42933.8025791839
"4277",24913.4796493397
"4278",37581.524451905
"4279",36316.947372302
"4280",33169.9183338657
"4281",27649.1922041572
"4282",85543.8024503987
"4283",108139.816806739
"4284",70354.4051374057
"4285",114844.509515588
"4286",70511.1740256193
"4287",27956.3897950896
"4288",55022.2398478618
"4289",48468.3589055975
"4290",108451.661804828
"4291",80351.9565197787
"4292",78293.9453581936
"4293",59636.2596050773
"4294",29722.2485079673
"4295",68553.9086657817
"4296",80558.0737729539
"4297",110299.947581469
"4298",72844.898450549
"4299",89001.7416075108
"4300",62633.5128576846
"4301",38657.0862200319
"4302",58844.6014701139
"4303",124374.013198506
"4304",61565.4952492115
"4305",41592.1564549628
"4306",34350.6161576479
"4307",54461.3260909407
"4308",71446.9964184591
"4309",48087.4137907275
"4310",20854.946360398
"4311",115647.260788446
"4312",29455.7665312648
"4313",110492.71531162
"4314",92201.5040970643
"4315",81929.8975556642
"4316",37457.6932246171
"4317",73297.322198464
"4318",121196.128233631
"4319",97819.2075830781
"4320",107620.095641928
"4321",57476.2701698177
"4322",168895.039553973
"4323",44362.3567832651
"4324",76781.3802491483
"4325",52161.8590572159
"4326",59089.1936176806
"4327",82632.5428792993
"4328",31117.2646343873
"4329",81500.7707341151
"4330",53650.1800275276
"4331",52204.3989886677
"4332",35151.3410253944
"4333",64303.2717574926
"4334",37146.0253392509
"4335",57778.3650695084
"4336",73615.7333936093
"4337",46474.8675074688
"4338",45843.3503520928
"4339",58238.6787665441
"4340",146141.094222317
"4341",147643.280903674
"4342",80777.6828437747
"4343",45845.3336044352
"4344",59058.6635363288
"4345",48291.1312745056
"4346",53278.2415191128
"4347",68408.0232951952
"4348",105192.344205026
"4349",55848.105492996
"4350",60462.1227862011
"4351",137436.638157366
"4352",139995.455256914
"4353",65890.6567936183
"4354",30298.5827809778
"4355",46291.1768276029
"4356",46592.226007683
"4357",52513.9117911309
"4358",91123.53472969
"4359",48996.9114002714
"4360",111903.122828603
"4361",77208.2740798274
"4362",55764.5817387213
"4363",37660.5514197245
"4364",72992.3722817703
"4365",67036.693076136
"4366",83544.5935486224
"4367",58298.5737076274
"4368",49973.908333384
"4369",76863.2798811333
"4370",99123.1412629068
"4371",55101.1636754615
"4372",106293.24638592
"4373",36657.9014203201
"4374",87854.466000178
"4375",144520.451746805
"4376",85814.0112333629
"4377",81287.3987451377
"4378",103114.843192642
"4379",68213.5674429883
"4380",116233.448264226
"4381",87148.0427165685
"4382",52944.2292014643
"4383",119753.686548795
"4384",49067.0170599885
"4385",86883.8842147517
"4386",43605.4924127177
"4387",51369.4811270306
"4388",51541.5972252543
"4389",75106.4172593
"4390",69061.0123865309
"4391",58519.2678723946
"4392",114421.927661422
"4393",52232.8629454173
"4394",82086.3594584391
"4395",95956.2578889005
"4396",40901.7492930468
"4397",44301.8966379115
"4398",29844.4679111413
"4399",94945.8629297962
"4400",98039.5604067729
"4401",52058.3085981899
"4402",38689.3119614298
"4403",90474.0986906118
"4404",19767.2496445011
"4405",78159.7072186231
"4406",58651.7282671281
"4407",24491.8647927848
"4408",80794.1414950816
"4409",29746.6680515815
"4410",43414.3660703845
"4411",86666.6488236716
"4412",89011.092593262
"4413",56886.6215952565
"4414",69270.6338410887
"4415",85025.4891301541
"4416",54785.7288414411
"4417",44468.1834053515
"4418",89921.9350294435
"4419",97751.9020372132
"4420",50585.4370713616
"4421",99134.8827683212
"4422",83297.8649772442
"4423",53358.2803823769
"4424",47235.6685524533
"4425",24941.1990279869
"4426",35948.1674191537
"4427",68769.7647035437
"4428",64894.0488030258
"4429",70773.3356656473
"4430",87329.3941762714
"4431",34393.1003040165
"4432",85771.6713024479
"4433",62709.6036539568
"4434",40295.3162808817
"4435",50074.5424214267
"4436",41641.1536459675
"4437",82319.7272816403
"4438",80673.7152292912
"4439",67173.83573331
"4440",68642.1542385468
"4441",132373.090633274
"4442",54178.1171821621
"4443",65274.143905377
"4444",62212.8136809844
"4445",87857.802233373
"4446",67319.5182144995
"4447",45942.2230146616
"4448",57448.0991129724
"4449",76771.3020245838
"4450",87852.758735067
"4451",82918.1108581951
"4452",44415.7385608468
"4453",82010.5076314477
"4454",50955.0755332656
"4455",65956.2687335156
"4456",54784.9737285511
"4457",51164.8569684618
"4458",50060.1498137966
"4459",86087.7781672462
"4460",109642.289989375
"4461",39701.9269133976
"4462",125979.573874657
"4463",44047.9744900381
"4464",49043.0344064657
"4465",53434.6765337544
"4466",53887.2450568168
"4467",27155.2856598884
"4468",53080.2412615044
"4469",95200.5360352283
"4470",59396.3514996973
"4471",36670.515405806
"4472",45608.1704056518
"4473",52471.2704509466
"4474",31925.4339348495
"4475",74473.4447234981
"4476",47948.1365805876
"4477",81251.8204580836
"4478",49403.4290484018
"4479",49545.1444657586
"4480",63101.5980313513
"4481",53717.4268046409
"4482",92078.9763726601
"4483",90250.7784266588
"4484",34455.6767961908
"4485",80181.8628100027
"4486",85229.0277343527
"4487",74288.3745833959
"4488",23199.5726959658
"4489",73377.5191803027
"4490",43074.1142018502
"4491",44051.437869886
"4492",51056.897143513
"4493",46122.0453741009
"4494",46162.2167865809
"4495",45876.7920137418
"4496",91311.9478368938
"4497",79210.1155241271
"4498",98846.981214038
"4499",55684.3168662553
"4500",61406.3440430951
"4501",53364.8792613141
"4502",64011.2533078137
"4503",56003.5617164288
"4504",54217.3397048587
"4505",69286.7698639232
"4506",76018.4167050986
"4507",30933.9166979977
"4508",60063.6915913173
"4509",69270.4675027007
"4510",56108.9147692894
"4511",87867.5373748601
"4512",67555.7566887038
"4513",52472.6852548542
"4514",64532.4454993784
"4515",53066.3556213312
"4516",67014.2167510835
"4517",65699.8086732247
"4518",57578.6942913837
"4519",29593.1824411285
"4520",87191.7870571918
"4521",76523.1575000723
"4522",43577.7488917909
"4523",115370.901527827
"4524",118815.780175827
"4525",84014.643498363
"4526",55681.7004239236
"4527",45724.2626872633
"4528",68727.6744438502
"4529",78069.8446928783
"4530",84520.7521101074
"4531",73096.6471423744
"4532",81258.0423836005
"4533",67726.1465255157
"4534",135295.813505562
"4535",53960.5578012166
"4536",39569.9314562158
"4537",24012.2424609653
"4538",62495.5036640002
"4539",31408.698297726
"4540",43508.9938934757
"4541",67159.9320569937
"4542",64427.6869851436
"4543",27445.3964543599
"4544",61943.7584968895
"4545",62333.6621279356
"4546",58729.2318966401
"4547",87523.4860164918
"4548",87360.4823438968
"4549",57147.4879288835
"4550",71004.918256926
"4551",47240.4243312492
"4552",55436.2264915976
"4553",74343.1063321172
"4554",47039.9517169845
"4555",45725.7712987074
"4556",35564.7338472651
"4557",90099.5889754298
"4558",52147.127176229
"4559",40255.7598165728
"4560",66915.755434772
"4561",99589.631174831
"4562",76247.033250051
"4563",66474.5305554915
"4564",50914.711105239
"4565",43950.5571847865
"4566",125002.5641438
"4567",37148.9563132232
"4568",52487.5175789468
"4569",51720.3277500387
"4570",45386.5989643052
"4571",89479.3150982153
"4572",74277.0386183335
"4573",44897.3085603173
"4574",89526.1835569635
"4575",176735.495376259
"4576",47762.2574299461
"4577",48024.6123403735
"4578",47818.9064947367
"4579",42887.7368029684
"4580",105201.982214097
"4581",85378.8657026607
"4582",133179.459461428
"4583",66148.7264412236
"4584",232004.102302142
"4585",71955.5743123043
"4586",70621.0526669583
"4587",46267.3720911295
"4588",32619.5494286131
"4589",89179.3598843923
"4590",48170.6797497009
"4591",94294.034916917
"4592",40737.9731845653
"4593",52710.6657256076
"4594",96256.7459069252
"4595",53906.241074593
"4596",70541.526158977
"4597",79865.6864764814
"4598",45870.2277793899
"4599",43015.4419180583
"4600",85091.1887264694
"4601",55618.4715095017
"4602",77119.0599116057
"4603",58695.9976066695
"4604",43224.9687742757
"4605",56494.2484447446
"4606",24661.0102400521
"4607",80312.8254533936
"4608",54186.8635715649
"4609",31164.5977450632
"4610",44880.6062755961
"4611",40852.3482912043
"4612",96835.6511306118
"4613",56013.8871306722
"4614",46639.1403656586
"4615",97474.2489783245
"4616",49869.9547058521
"4617",29217.1420659502
"4618",78401.8393989759
"4619",72309.9050291837
"4620",58006.446654764
"4621",69647.33795069
"4622",46682.365146737
"4623",51938.1460803658
"4624",68797.9510453686
"4625",60115.2838960657
"4626",45966.8659368969
"4627",28494.4952220565
"4628",100180.029418163
"4629",52882.7811295863
"4630",37381.570121609
"4631",34186.6705276139
"4632",81062.8782612123
"4633",60247.352004544
"4634",57640.2096334056
"4635",60101.6339337856
"4636",77930.1910600455
"4637",39775.5785794995
"4638",40669.5683686489
"4639",63017.1395771135
"4640",49649.7949455382
"4641",89039.7163040007
"4642",21985.9226051981
"4643",70319.8618128833
"4644",36684.6933283865
"4645",110974.959936219
"4646",34015.2073253089
"4647",30865.7718059412
"4648",64212.982290544
"4649",31819.7461534917
"4650",42136.5912870853
"4651",140756.297809084
"4652",65033.7084156246
"4653",45169.6613849891
"4654",111177.909334795
"4655",71283.7252186475
"4656",65745.2666838068
"4657",86342.0008730398
"4658",45037.6288047115
"4659",41449.4604972168
"4660",79758.3536871123
"4661",46539.2503258491
"4662",66972.9203833576
"4663",80877.5747586018
"4664",128408.516083164
"4665",56624.4221531364
"4666",84426.4830078035
"4667",53523.3720560882
"4668",58770.3974091888
"4669",75126.6095207058
"4670",22074.7078224036
"4671",86616.6476727418
"4672",71371.0929931639
"4673",60313.3437653483
"4674",34220.4216574744
"4675",54854.5001757
"4676",66349.2836955668
"4677",50827.0258550011
"4678",53544.5375761167
"4679",63979.2304727041
"4680",152203.027058139
"4681",99293.1333048176
"4682",47605.0572576576
"4683",53028.3990985767
"4684",38412.3501911297
"4685",26340.0456613309
"4686",54779.8404011464
"4687",50837.0552394769
"4688",49112.7107337542
"4689",63652.640863253
"4690",28965.229695281
"4691",58569.4405746638
"4692",54095.0100476804
"4693",66423.1045045449
"4694",62715.2881236841
"4695",42761.0093694582
"4696",33653.356670658
"4697",47878.1075244608
"4698",71303.2970980721
"4699",36585.5791294737
"4700",113180.129796897
"4701",58500.2988499187
"4702",136254.676256836
"4703",74838.5166640964
"4704",45744.4529283556
"4705",75364.7020012647
"4706",62886.7413494043
"4707",129953.639273518
"4708",55656.7372261497
"4709",81376.6801819293
"4710",66391.0778457193
"4711",111982.28296619
"4712",74151.3241890221
"4713",23045.2139023271
"4714",24215.2173462928
"4715",114324.475923182
"4716",62643.693789317
"4717",45460.6666792516
"4718",51158.0592818182
"4719",56999.2419432346
"4720",84774.1329720017
"4721",79143.9262321013
"4722",120841.383585054
"4723",36708.0574797855
"4724",45601.2487279656
"4725",76534.8372348448
"4726",54241.3848867307
"4727",40619.7923026608
"4728",37422.4005000315
"4729",66826.24522244
"4730",65236.0795216217
"4731",53185.2485062838
"4732",87720.522366319
"4733",66235.0413496556
"4734",83812.3556084266
"4735",39783.537496993
"4736",64254.4158346421
"4737",100744.079482337
"4738",70269.0165858085
"4739",68275.4084542236
"4740",67115.0667050714
"4741",77147.8674931315
"4742",80102.3603531183
"4743",75621.6903276126
"4744",28404.580134803
"4745",76350.2321087246
"4746",44115.5801407071
"4747",46214.8109295835
"4748",42714.7452199695
"4749",81068.4009864337
"4750",38724.8356628152
"4751",25414.9162232266
"4752",47425.7710459241
"4753",30735.8781964991
"4754",74504.315290077
"4755",32574.2061179643
"4756",87574.6799325353
"4757",92185.0050249271
"4758",47989.0893425819
"4759",94967.3028535529
"4760",32824.337347053
"4761",39578.6547980201
"4762",43040.65408037
"4763",42964.0147589281
"4764",49176.3490985353
"4765",54693.1593534543
"4766",46601.1069731328
"4767",57197.0275080391
"4768",88063.345821286
"4769",83353.4737972713
"4770",110476.559125682
"4771",32142.3792618963
"4772",72489.3341302445
"4773",30476.307625885
"4774",100945.460740657
"4775",78503.7767198575
"4776",59452.4281435636
"4777",37246.6084624979
"4778",95811.5782304629
"4779",102775.057991917
"4780",61409.1605744802
"4781",64286.6906888166
"4782",29188.8144000723
"4783",66693.8525463718
"4784",83681.1759299022
"4785",57136.4099556683
"4786",53531.773736326
"4787",43231.5623463066
"4788",42780.9221424977
"4789",39668.6917777675
"4790",40352.5518870239
"4791",64164.6665959271
"4792",110949.922318305
"4793",48392.6019903374
"4794",47063.8207938094
"4795",50128.2320215413
"4796",78376.5341761243
"4797",85517.3143799788
"4798",53441.5088030791
"4799",45227.4684888036
"4800",45196.2546082855
"4801",75434.9972337137
"4802",34943.8917371044
"4803",66764.1796256188
"4804",67437.3012033375
"4805",81787.9433971571
"4806",93243.9024055885
"4807",130185.590212027
"4808",62984.0425236465
"4809",64884.8977054853
"4810",27089.8578053285
"4811",39240.1499409527
"4812",54540.9460586025
"4813",85572.3965742073
"4814",37267.384922815
"4815",40454.4850797937
"4816",90374.9588686429
"4817",39598.8054839429
"4818",50072.365060047
"4819",76748.3072318329
"4820",64070.213722583
"4821",57330.4216343588
"4822",55562.3628582571
"4823",32055.8310860587
"4824",66291.6115685331
"4825",61986.9352390101
"4826",39649.0153284721
"4827",95842.2153691474
"4828",101250.482258656
"4829",58246.9045031953
"4830",54046.0740337157
"4831",39582.370975125
"4832",28511.8067277459
"4833",42568.7476016181
"4834",76541.1103016813
"4835",77439.6581188034
"4836",41173.3053989737
"4837",67169.0867820151
"4838",46199.2675026464
"4839",28196.1114745349
"4840",82789.327354814
"4841",47439.4624173308
"4842",86174.5883738598
"4843",51080.4822820503
"4844",58931.3520984513
"4845",74902.4932338568
"4846",48542.9520626078
"4847",73632.8664477936
"4848",45497.0105225751
"4849",47680.3220115564
"4850",77270.064506386
"4851",112808.224461575
"4852",66998.6455440001
"4853",59509.8234918338
"4854",23380.5795173207
"4855",80065.3060999795
"4856",33698.3511319741
"4857",48609.8240979031
"4858",85995.1451970889
"4859",72004.943757015
"4860",68589.0893648963
"4861",81240.1608896484
"4862",31998.090256322
"4863",66419.9968949698
"4864",41814.0278342568
"4865",63022.3464282426
"4866",129218.095073942
"4867",33636.0324682185
"4868",57532.9305378896
"4869",37674.5162624404
"4870",61186.8926156703
"4871",90958.3336392934
"4872",23951.4227497245
"4873",95998.5770104777
"4874",58104.3724384601
"4875",96316.4596054367
"4876",50972.1530210448
"4877",43905.0102027214
"4878",107887.607588389
"4879",28304.237538078
"4880",59687.0002273312
"4881",119806.168582096
"4882",52927.8027197075
"4883",51973.9294935087
"4884",144203.498816936
"4885",67257.1473721983
"4886",44225.4960144865
"4887",60873.3944151163
"4888",50277.2156426265
"4889",154788.375699196
"4890",92988.7638968002
"4891",51619.5812558596
"4892",59880.4236341595
"4893",71825.2847920857
"4894",101850.24335233
"4895",52556.7840784523
"4896",56901.0147261004
"4897",69901.5325538718
"4898",26964.0141924089
"4899",83421.4178698566
"4900",46214.2103676782
"4901",76197.8248755693
"4902",117697.875478619
"4903",78324.8640732248
"4904",60092.8229649398
"4905",51804.3830990741
"4906",48717.5348516541
"4907",76527.5016473331
"4908",79489.6037490202
"4909",52030.2505420664
"4910",86975.4609062067
"4911",48169.6210654168
"4912",55452.1385052789
"4913",58268.1368920819
"4914",53009.4788047146
"4915",38201.4625512414
"4916",128041.378325477
"4917",72523.3454459464
"4918",58230.7491135148
"4919",81174.7109813332
"4920",31894.6178191417
"4921",58119.8663296734
"4922",51638.9438885128
"4923",25922.7082924412
"4924",75748.9447504538
"4925",43796.1116504958
"4926",63547.0995260076
"4927",83149.2222586736
"4928",82773.6017106479
"4929",55611.4904131916
"4930",49886.1785292301
"4931",40056.2327772671
"4932",65485.9850650526
"4933",76183.5681448685
"4934",110273.406151693
"4935",65054.2102708145
"4936",54349.3305111993
"4937",30501.9044907043
"4938",26108.8791340939
"4939",61904.7789849148
"4940",46768.5951930492
"4941",42899.9297112736
"4942",47911.1276350814
"4943",70817.8329584162
"4944",196385.217329535
"4945",59422.2569590711
"4946",84595.6882764378
"4947",80330.862024574
"4948",53184.7669995997
"4949",41372.8454320758
"4950",80207.8963896802
"4951",44384.9961448766
"4952",90481.6763900792
"4953",41112.2129197201
"4954",33149.6556626305
"4955",45660.9471771109
"4956",85059.2173475113
"4957",101350.114014664
"4958",66326.9823722296
"4959",81755.0314338018
"4960",71612.1628323827
"4961",34432.8949553695
"4962",55620.7974327824
"4963",45710.6102662037
"4964",53404.3595792499
"4965",54507.5907134505
"4966",81918.612642088
"4967",59773.5014671348
"4968",88060.6800730633
"4969",24425.6034012022
"4970",61354.4639838527
"4971",70920.09786988
"4972",81018.8568924193
"4973",88006.4392666324
"4974",136203.754822472
"4975",35198.0905985891
"4976",29213.6658560484
"4977",58809.6390282853
"4978",127427.255425799
"4979",47542.1477781991
"4980",54474.9406535909
"4981",41950.2642539212
"4982",70804.0071450466
"4983",31430.232633373
"4984",77778.3647514324
"4985",59670.8170792123
"4986",49856.7703926519
"4987",164872.70562684
"4988",117245.155095531
"4989",85728.4675140686
"4990",63241.9867811516
"4991",57681.0270174092
"4992",34664.454802322
"4993",42644.5418070196
"4994",82793.4900255409
"4995",78258.8020385214
"4996",93566.2469891645
"4997",36909.5689120812
"4998",44166.8821785753
"4999",97198.8301718071
"5000",69889.5397498798
"5001",55584.9727639184
"5002",36703.8604700658
"5003",48279.7596505854
"5004",54329.3484276849
"5005",50820.0514046165
"5006",59865.9748568916
"5007",58202.4431276621
"5008",89278.525769515
"5009",48081.5370120554
"5010",80331.4831877037
"5011",46213.6612827311
"5012",69249.3355236843
"5013",60970.8773673935
"5014",29676.4688336337
"5015",68693.6233177543
"5016",51549.7020165587
"5017",50354.1076821947
"5018",155617.901740776
"5019",82581.7798538557
"5020",53126.8821867903
"5021",47207.2874313315
"5022",64532.1767700149
"5023",70584.2280552511
"5024",38624.925689196
"5025",96570.2919358405
"5026",80317.0064488114
"5027",162590.069008992
"5028",63510.360694353
"5029",50495.3079589673
"5030",41571.2939121952
"5031",44904.3227995145
"5032",99279.8350605218
"5033",24218.0443882041
"5034",68689.2706825679
"5035",60212.6850008459
"5036",57888.7891159328
"5037",60123.3957970467
"5038",61832.5207752279
"5039",30628.6477515404
"5040",52827.7112436773
"5041",72906.9081350226
"5042",35580.1777929115
"5043",92499.0348451619
"5044",117722.191145411
"5045",69294.6461596635
"5046",56163.1262242087
"5047",63230.682233985
"5048",44462.305978846
"5049",36778.609635999
"5050",60973.2675731004
"5051",105196.77230334
"5052",42137.8071412859
"5053",114784.60336549
"5054",123185.517079689
"5055",46223.9911943513
"5056",40114.2210655795
"5057",78378.7710660247
"5058",98253.450593195
"5059",73956.4610167411
"5060",46181.9921554052
"5061",49340.9439486192
"5062",67042.2273640996
"5063",88994.9009316337
"5064",100917.192054059
"5065",41097.4673247303
"5066",80271.8331983287
"5067",32541.0593037997
"5068",41007.8902580612
"5069",80299.8152835656
"5070",80308.317015516
"5071",60483.2211607651
"5072",80148.5933773137
"5073",46921.2063976645
"5074",59196.4025264126
"5075",53686.4715094461
"5076",75360.7043250809
"5077",45146.9196729399
"5078",59159.8163798013
"5079",95888.593810809
"5080",73871.659917205
"5081",47711.3590215436
"5082",170488.596528912
"5083",38974.8397879186
"5084",17947.2194879572
"5085",61196.8304393273
"5086",25086.0620015424
"5087",58802.5240030839
"5088",65371.3962670409
"5089",62155.7979707724
"5090",57804.0571939069
"5091",64676.8231275284
"5092",75541.8981548356
"5093",72238.2381545251
"5094",167448.32582674
"5095",61311.2311515657
"5096",55312.6405039164
"5097",92311.500097601
"5098",50610.8710455799
"5099",52223.9151623945
"5100",52003.8339698353
"5101",61889.1745018025
"5102",80272.6856136152
"5103",54760.2945088296
"5104",58802.0471713664
"5105",75818.5463847338
"5106",33634.3457924521
"5107",70712.3814837185
"5108",31716.8151204503
"5109",89674.6680428051
"5110",34730.5572882962
"5111",73550.8409282165
"5112",79789.8549218232
"5113",34924.0070035954
"5114",65905.1382198011
"5115",86205.3406264217
"5116",85832.8194894007
"5117",49141.1549571186
"5118",94542.9858182388
"5119",41513.8768071387
"5120",58147.1668744771
"5121",110040.060813635
"5122",70762.9584896826
"5123",50304.8042081451
"5124",51068.1998476147
"5125",66627.9500037195
"5126",87361.6351937715
"5127",100527.563634231
"5128",67200.9415015622
"5129",72771.6182607231
"5130",70143.1363042635
"5131",50291.6778953932
"5132",60537.7422387265
"5133",33219.3395135058
"5134",44828.1068918956
"5135",43791.4620035662
"5136",17310.0567751269
"5137",87857.1399494707
"5138",54014.6758164767
"5139",54424.6013540459
"5140",56995.3366930227
"5141",28108.521419427
"5142",55723.2354986349
"5143",157581.706589102
"5144",63927.8738176109
"5145",35071.8736652147
"5146",53295.3713322357
"5147",61743.2052898277
"5148",117923.790203688
"5149",72861.9629956983
"5150",71998.6075893354
"5151",70302.0231852838
"5152",44114.3001892976
"5153",102544.989199788
"5154",91476.0900739582
"5155",38832.0070351456
"5156",139768.536852734
"5157",27904.0800724153
"5158",50654.13213329
"5159",55041.8298817776
"5160",45484.8864327222
"5161",91771.9483993307
"5162",54806.7599378425
"5163",30436.176451999
"5164",69020.0377821915
"5165",37028.4606978231
"5166",64239.8492125698
"5167",37187.0742417924
"5168",67455.5339631206
"5169",53242.3401319446
"5170",109204.27084516
"5171",77138.8348701231
"5172",115033.283574949
"5173",99681.9184783536
"5174",109789.974833209
"5175",42508.2848506951
"5176",58659.0017430926
"5177",115175.874164936
"5178",62219.7799374984
"5179",32208.8027885949
"5180",51795.3964042463
"5181",16102.3857789312
"5182",56014.5126987569
"5183",38712.1613418116
"5184",89729.5088838491
"5185",53265.515852548
"5186",54908.9307039838
"5187",58035.511056777
"5188",36478.1680940767
"5189",33540.3383584266
"5190",60773.3784481367
"5191",87745.0822510126
"5192",46919.4799652391
"5193",33333.7890724736
"5194",60234.7629378353
"5195",60678.5160834227
"5196",52341.5256024242
"5197",41281.3287758622
"5198",104514.378774176
"5199",56163.0917163265
"5200",73800.7115414513
"5201",54839.3307217152
"5202",47279.2777929496
"5203",74309.9845911925
"5204",65067.243832709
"5205",83918.8129145029
"5206",78002.6513876907
"5207",30153.9323675933
"5208",50188.6637833787
"5209",81274.4564303821
"5210",53857.2727663606
"5211",43965.5344233588
"5212",61444.7368955632
"5213",86635.0975541031
"5214",55261.6120475627
"5215",41777.4328114848
"5216",32397.6824690875
"5217",99713.9806279949
"5218",36688.9559107008
"5219",82483.6813393744
"5220",46165.6504244814
"5221",29490.4412222833
"5222",79253.7806442981
"5223",66406.8520997398
"5224",46974.3081734802
"5225",50220.4318865723
"5226",43126.4020327957
"5227",56958.8382797165
"5228",87929.2875129037
"5229",38999.1339040746
"5230",26104.6820941757
"5231",103534.014436497
"5232",66826.3900250089
"5233",107805.475203162
"5234",66722.7548981114
"5235",48163.3042747032
"5236",58802.5827847077
"5237",80935.0031569414
"5238",85853.25362239
"5239",33745.5926901316
"5240",47101.0896531461
"5241",38580.0471647701
"5242",60331.9600133427
"5243",65734.2817877903
"5244",75463.4389894123
"5245",100052.499097858
"5246",120714.034967055
"5247",59800.7504375553
"5248",53313.5453644846
"5249",69003.7504613824
"5250",39847.7165085479
"5251",41657.301034402
"5252",83627.0890357132
"5253",88490.9401488041
"5254",81099.7884189424
"5255",71713.5872001023
"5256",53988.4148203346
"5257",89091.1268126702
"5258",118583.557144435
"5259",119816.5215362
"5260",100424.992265898
"5261",51551.5097512536
"5262",71493.2940038612
"5263",70424.9327429004
"5264",75124.5871970529
"5265",69169.6292923756
"5266",74622.8512097111
"5267",87043.3542141765
"5268",53433.9093855038
"5269",22563.0461241289
"5270",65779.255411866
"5271",64930.669314284
"5272",44510.8099256331
"5273",193235.854030672
"5274",144659.689273909
"5275",61601.4312185727
"5276",66168.7125136247
"5277",92763.4647606748
"5278",88784.5524140791
"5279",44170.4533895517
"5280",74390.5979002918
"5281",72391.7405074725
"5282",81438.6485251392
"5283",49600.9301670352
"5284",70862.9220473915
"5285",162908.955785849
"5286",71629.1103307972
"5287",30688.0251221417
"5288",91069.7369159388
"5289",140715.577963376
"5290",80855.673110167
"5291",160567.302179329
"5292",24818.734447348
"5293",28906.1363608419
"5294",71737.6207565376
"5295",47832.5827105564
"5296",55932.7330206448
"5297",109030.705548016
"5298",108574.914822722
"5299",81866.6011863627
"5300",47093.1292929497
"5301",74801.9206379597
"5302",36903.8117491139
"5303",63649.1961974544
"5304",36179.8738951858
"5305",97268.4932838094
"5306",36659.4006725775
"5307",48433.8062856701
"5308",88879.2136066477
"5309",35661.8096433298
"5310",52842.8326268876
"5311",140936.864353554
"5312",89331.0775525513
"5313",66481.817660033
"5314",35548.0392264886
"5315",56833.4639464448
"5316",48880.2141008196
"5317",75663.1637979772
"5318",85543.3966513407
"5319",63468.5637934312
"5320",89054.4701134906
"5321",109429.230230962
"5322",61868.2149675072
"5323",55774.1166204375
"5324",40088.51225676
"5325",34978.7442564828
"5326",64087.2358998521
"5327",55270.3852345615
"5328",134801.181711882
"5329",44760.5069378078
"5330",64224.9415785016
"5331",29360.6293716523
"5332",45451.0571415235
"5333",95892.1752433644
"5334",49810.1553503676
"5335",183572.53493295
"5336",138963.648433713
"5337",173408.012128891
"5338",74669.6673108755
"5339",66381.5464546159
"5340",64713.8113764186
"5341",54075.2531644773
"5342",78188.9398310442
"5343",115411.861212543
"5344",60982.4742867779
"5345",83930.1202619482
"5346",37209.3904044633
"5347",38677.239711548
"5348",200886.379533319
"5349",118395.699448541
"5350",122107.804437829
"5351",59954.8910013048
"5352",45406.5335892721
"5353",59190.5128240714
"5354",48535.29902538
"5355",87240.2261186963
"5356",78958.5321916133
"5357",129264.828829917
"5358",76241.0021296221
"5359",48103.3854774415
"5360",86003.8259035057
"5361",47075.2344586923
"5362",30222.9582893453
"5363",60832.9347913069
"5364",37275.7878404841
"5365",40451.8974558582
"5366",44681.6568174657
"5367",74533.5981896251
"5368",35759.78183711
"5369",31277.7868721509
"5370",65991.116518262
"5371",70668.3546340223
"5372",122395.858762858
"5373",59355.9544137553
"5374",43086.8486022098
"5375",32127.4922314439
"5376",50432.5035332835
"5377",57966.6985705255
"5378",51209.6290856136
"5379",79241.3432994048
"5380",154836.616052035
"5381",92048.3660292423
"5382",68381.7887581721
"5383",39906.6233546173
"5384",50280.592154641
"5385",90886.7862200968
"5386",53340.6165085418
"5387",59220.8922796721
"5388",66191.5325200466
"5389",100603.972135009
"5390",62010.9929687671
"5391",67576.5213764515
"5392",60132.6376213867
"5393",46717.9186654273
"5394",106736.084362667
"5395",53989.8493640836
"5396",79805.4071508374
"5397",41946.9652113694
"5398",96324.2439936901
"5399",45724.7295176308
"5400",38722.9202320358
"5401",84486.9673095807
"5402",80579.4716673055
"5403",30308.3930815739
"5404",51395.3701646085
"5405",71293.2376631341
"5406",62881.3985564557
"5407",93174.9990377823
"5408",33131.5674846894
"5409",43250.7824109252
"5410",53239.7406239399
"5411",42824.2965463809
"5412",38334.6058456837
"5413",26618.4006392464
"5414",70012.1497439079
"5415",84475.7199225302
"5416",80533.0542768322
"5417",52458.1787340861
"5418",88917.7825502292
"5419",26277.6047585552
"5420",70824.4720627798
"5421",72086.4900654545
"5422",41272.9080114336
"5423",31627.2600043827
"5424",77720.9123408529
"5425",27564.7558188248
"5426",62437.1389076593
"5427",72637.1880164695
"5428",92515.0514924046
"5429",75203.7166830185
"5430",45886.8537695022
"5431",42423.1963710731
"5432",44988.4515547782
"5433",59199.9481359674
"5434",91443.5824946503
"5435",29817.6870205361
"5436",40337.5150443421
"5437",43484.1786557976
"5438",53361.3128466452
"5439",36317.1586725998
"5440",38392.365500239
"5441",35676.9287543536
"5442",53293.4905310671
"5443",45472.2132072274
"5444",81766.248150621
"5445",43570.1796690044
"5446",24420.3377712209
"5447",81568.8442257701
"5448",88594.012484867
"5449",53602.5905771877
"5450",122693.097569646
"5451",47953.8085236038
"5452",83587.8662411388
"5453",48752.6319219354
"5454",87856.9071703111
"5455",45973.8892541942
"5456",35030.2582372196
"5457",95643.951076853
"5458",18761.3274378718
"5459",73454.7315834934
"5460",71561.5934609958
"5461",57470.6700302551
"5462",72059.2822846412
"5463",39416.451478897
"5464",64319.7683649616
"5465",32830.9294490975
"5466",40214.0796974821
"5467",65586.9258903092
"5468",29651.680122652
"5469",31903.0823104447
"5470",63630.9464548328
"5471",74346.9215000886
"5472",49385.1135425652
"5473",67823.7203496118
"5474",56123.1912746077
"5475",42159.8862072358
"5476",42511.175645578
"5477",31863.0719687302
"5478",25230.3477341135
"5479",94200.4801135323
"5480",50905.0389376511
"5481",45485.3359463988
"5482",29582.134435223
"5483",63443.1841740664
"5484",34161.3673883262
"5485",47764.8615818178
"5486",73794.071161847
"5487",67054.0240648492
"5488",45011.953955208
"5489",115258.575157151
"5490",65429.9463714249
"5491",41738.5686884071
"5492",59206.9216571766
"5493",75635.2434799065
"5494",30385.6057137297
"5495",154797.443324
"5496",88793.2038971491
"5497",59164.2409118973
"5498",48518.9646642859
"5499",68825.6364431417
"5500",21724.3665697827
"5501",55094.9387743066
"5502",37215.7060991665
"5503",24028.0182494677
"5504",109364.228740199
"5505",122403.937310342
"5506",103147.849176185
"5507",121578.191072597
"5508",80628.8359439881
"5509",53627.1022235543
"5510",55827.1833284451
"5511",83653.1967208497
"5512",49509.0448722827
"5513",59680.3872628264
"5514",80790.3434489486
"5515",112317.095794036
"5516",60190.7740793626
"5517",59644.3507697636
"5518",33030.6604606549
"5519",57513.51905379
"5520",73656.4812951444
"5521",40513.0776408051
"5522",163118.709128041
"5523",35998.9280034787
"5524",49789.4570238961
"5525",63124.5365876125
"5526",104875.076687985
"5527",31442.8801726413
"5528",81401.4511903264
"5529",36669.7159021245
"5530",74332.1773268329
"5531",179336.387022074
"5532",80312.6462033929
"5533",52349.4865163189
"5534",108590.873476083
"5535",51643.9412698993
"5536",35647.7127120487
"5537",76545.9881017452
"5538",48501.5109240922
"5539",76881.2934035294
"5540",93552.0027146584
"5541",76389.2299980363
"5542",32946.712959982
"5543",156962.447949169
"5544",46944.6645958781
"5545",38955.263479489
"5546",46939.8579873915
"5547",62775.4942703176
"5548",66063.9612693374
"5549",37284.1002994345
"5550",23227.3107271354
"5551",33461.7984641768
"5552",44699.7874277635
"5553",33561.850766047
"5554",114233.200891508
"5555",40418.7859639406
"5556",30210.6071713371
"5557",53881.7315197984
"5558",46152.3497362692
"5559",38521.3328419983
"5560",32025.8253428877
"5561",76844.1239622424
"5562",104991.746441882
"5563",82347.2822390171
"5564",22111.1321619568
"5565",43645.9899368259
"5566",162367.842014074
"5567",43186.8397599316
"5568",38670.8552861826
"5569",74204.601349307
"5570",122276.485546606
"5571",36645.0494004272
"5572",54357.860154546
"5573",61251.6919062624
"5574",35723.3344588728
"5575",51891.5811681084
"5576",56515.0218092392
"5577",75508.3054612793
"5578",78154.4266430371
"5579",44828.0260178836
"5580",42661.0986998618
"5581",37087.1814442553
"5582",55086.6006509926
"5583",46161.5558822106
"5584",31296.6612577762
"5585",62972.4114003938
"5586",90662.2188800167
"5587",41857.2381400044
"5588",25502.5223275992
"5589",45700.3689038064
"5590",77325.2633586917
"5591",107834.413708326
"5592",86948.4448158282
"5593",51176.5512783961
"5594",22440.495143513
"5595",14757.205228634
"5596",54288.5780059403
"5597",56172.0524830018
"5598",37202.2723426355
"5599",59776.9441345691
"5600",62946.5770597918
"5601",68366.3458562661
"5602",41728.0529544547
"5603",73249.0498294617
"5604",18693.5875798802
"5605",71537.2402913385
"5606",20124.604245351
"5607",42163.2615074384
"5608",96677.8992139176
"5609",86036.5214114832
"5610",89961.4143123103
"5611",58358.8783641287
"5612",61225.661847085
"5613",50486.3216210993
"5614",53337.477352174
"5615",59380.1630000481
"5616",57652.0633274383
"5617",101303.172532123
"5618",71431.052580994
"5619",68476.6690173933
"5620",45589.7755281202
"5621",47090.9526209533
"5622",57762.3165083396
"5623",74168.5251734903
"5624",92132.541957652
"5625",49587.8503535467
"5626",54269.9857273252
"5627",105049.982063824
"5628",39274.003061926
"5629",75156.9239552593
"5630",38847.3644027773
"5631",39243.3002973474
"5632",37461.8227187814
"5633",26060.3259932306
"5634",35334.0253611713
"5635",49018.2724497791
"5636",71485.8851321251
"5637",86095.1082250552
"5638",84164.7738706338
"5639",68260.9981094751
"5640",76606.6772308956
"5641",41053.2250885967
"5642",17840.3287359323
"5643",66249.7397866774
"5644",79534.2847432026
"5645",60275.7509923976
"5646",78222.3625337091
"5647",69906.1132738884
"5648",72386.5686924143
"5649",60361.1170202793
"5650",53070.2944303392
"5651",51871.06586174
"5652",79578.190004976
"5653",50077.1332710429
"5654",62032.5121145227
"5655",67151.3104404232
"5656",57732.5288062682
"5657",83966.9329105509
"5658",58913.7063076349
"5659",96294.2516306626
"5660",66463.9566362548
"5661",43360.5646430348
"5662",30202.5168930873
"5663",38613.32571875
"5664",31226.0062256658
"5665",70527.0461653805
"5666",71022.774800235
"5667",46163.486860861
"5668",47374.1079847368
"5669",105841.310516139
"5670",72609.5005527705
"5671",47649.5424077995
"5672",61377.1728991159
"5673",59437.800254051
"5674",67347.3787185414
"5675",46212.2383433398
"5676",65822.611174786
"5677",69270.9688701754
"5678",40464.6405705958
"5679",58891.3427346846
"5680",51259.3359590175
"5681",61876.6626823455
"5682",83153.994368693
"5683",65141.8972088685
"5684",37249.1545294291
"5685",114147.181386369
"5686",75520.8808592587
"5687",89876.7429671694
"5688",66800.1757959024
"5689",44401.3083128507
"5690",60088.0783612938
"5691",76632.8996855494
"5692",68632.3806323055
"5693",83231.5924039001
"5694",50175.0174194873
"5695",97636.7536513547
"5696",69516.7060845247
"5697",61277.950479467
"5698",94791.8805729866
"5699",83175.9446649358
"5700",86297.7718133178
"5701",52685.7717591245
"5702",62781.1203974065
"5703",76421.6433737094
"5704",56676.3469691863
"5705",37387.6041003768
"5706",92507.0083873069
"5707",35695.8593771496
"5708",74651.1093604866
"5709",55183.0175524988
"5710",96607.5959004353
"5711",62105.6565382988
"5712",99631.5506388028
"5713",50467.6364994651
"5714",52988.6971316583
"5715",64809.8138275471
"5716",64566.8818828847
"5717",50017.852142668
"5718",73102.1959885203
"5719",79287.4089325295
"5720",38251.0829784192
"5721",61697.5744605353
"5722",51422.3818526126
"5723",53733.0639239471
"5724",52695.1944864308
"5725",42679.8777128689
"5726",28447.6396548499
"5727",63492.0724048728
"5728",35210.975925929
"5729",38472.4098546566
"5730",109472.441812582
"5731",125085.067881822
"5732",58469.8923281264
"5733",63792.2008069553
"5734",26985.4534691445
"5735",125828.009411024
"5736",40486.9791889525
"5737",72984.9609258459
"5738",75240.4141850059
"5739",66888.3447711268
"5740",28920.9513095303
"5741",46215.5406230864
"5742",33673.0184428136
"5743",127757.948300714
"5744",128351.001506081
"5745",101912.419147072
"5746",64569.8847197696
"5747",48190.0004165639
"5748",90155.9429474227
"5749",46198.0195804236
"5750",90197.7827041843
"5751",55002.3024464633
"5752",101826.05247464
"5753",41564.6239186568
"5754",84166.365886675
"5755",38189.8227951229
"5756",41447.8766317517
"5757",72360.7082537033
"5758",39969.918560197
"5759",20067.2950620638
"5760",25088.1006882622
"5761",55375.0227668495
"5762",37483.5554226423
"5763",64661.352508677
"5764",74157.2648720678
"5765",42753.394133892
"5766",100220.708839704
"5767",62790.989617006
"5768",28451.5725845701
"5769",74821.5269671692
"5770",125396.2391722
"5771",90587.9285192467
"5772",68177.4121647736
"5773",98141.5609865822
"5774",54194.6213615654
"5775",46541.7959225347
"5776",66612.0291754814
"5777",79283.2088579491
"5778",101822.443523051
"5779",91403.7498616474
"5780",79741.3822327802
"5781",52947.7514716037
"5782",107567.440855594
"5783",76294.3174295544
"5784",56263.3554324106
"5785",47402.7225933331
"5786",97350.7970336721
"5787",72654.1816470106
"5788",45603.6818233456
"5789",60112.9188400475
"5790",54984.6826761391
"5791",117764.416874385
"5792",51478.1370274994
"5793",58329.6368153874
"5794",54034.2420160873
"5795",57337.4235648395
"5796",87551.1798011553
"5797",51739.3729570069
"5798",50850.3877926337
"5799",143663.899004817
"5800",74715.4526572873
"5801",87155.0982248925
"5802",44440.7109594306
"5803",69400.1746590246
"5804",48920.1810222511
"5805",48890.2796180688
"5806",58564.5838718177
"5807",38848.0027037232
"5808",56016.56495097
"5809",62325.4402851555
"5810",38990.0978386369
"5811",62988.9574329227
"5812",68782.4208787293
"5813",109982.998432559
"5814",124188.961414556
"5815",48850.3047531936
"5816",50975.249133942
"5817",57730.697976792
"5818",31248.876327963
"5819",85695.3723976157
"5820",38406.2398893093
"5821",75698.8170301064
"5822",64287.7584117236
"5823",41988.4688710862
"5824",232006.800504156
"5825",75166.2836583627
"5826",57257.4320023222
"5827",75428.489289394
"5828",37364.3051984043
"5829",98410.2545868529
"5830",62449.3587722026
"5831",38373.523478778
"5832",71297.3916937607
"5833",48859.7956555524
"5834",153656.990936061
"5835",72755.8318840563
"5836",96523.5363636663
"5837",77459.5848228982
"5838",83915.419984676
"5839",52962.4259395679
"5840",63579.1568850184
"5841",46087.5966091265
"5842",64423.2190580507
"5843",64535.1051096115
"5844",61542.9819834328
"5845",43428.9260230848
"5846",55715.005553661
"5847",109573.870993555
"5848",97948.0635282075
"5849",53405.6326325362
"5850",31864.8059275515
"5851",72554.8053308021
"5852",43440.3364994557
"5853",89828.1854998897
"5854",62861.6420037072
"5855",68137.5971917959
"5856",45405.9228336602
"5857",53113.244472753
"5858",44035.7139938159
"5859",88957.6629671986
"5860",47901.0029887705
"5861",71824.7746406697
"5862",85965.9281434876
"5863",78151.8236955323
"5864",34022.2502588339
"5865",33194.9432187802
"5866",53610.7415993581
"5867",84242.2151631855
"5868",73446.4637474354
"5869",84906.9523641736
"5870",78205.6711086417
"5871",62353.3272273789
"5872",66988.5738123986
"5873",83673.1465577386
"5874",104249.323925723
"5875",67627.5929425004
"5876",28236.0553155079
"5877",98952.7739570889
"5878",60660.5504253746
"5879",39008.3972596119
"5880",61625.5313196497
"5881",39617.4321338334
"5882",32096.1317503738
"5883",40999.8016667539
"5884",130211.659781389
"5885",89465.4356567047
"5886",27537.1851243126
"5887",89071.5395308628
"5888",62960.8695136144
"5889",56116.7834828757
"5890",21417.8371025507
"5891",105418.821328803
"5892",87855.4841293468
"5893",131427.738368081
"5894",49581.2541277471
"5895",62531.2619916684
"5896",43666.3341608762
"5897",88227.9144805578
"5898",102161.997630951
"5899",112864.894032467
"5900",51937.7281548362
"5901",62076.4552693054
"5902",93494.2316849601
"5903",36679.3839166795
"5904",70254.1842903923
"5905",62150.945782874
"5906",40101.5337144292
"5907",40960.2033431326
"5908",44070.8827657892
"5909",46117.107019488
"5910",80233.4377101158
"5911",90267.3588317196
"5912",48529.4823436191
"5913",56264.3143629262
"5914",72646.5530594793
"5915",21387.3558299384
"5916",82109.036464194
"5917",47162.6804929042
"5918",51404.6396504144
"5919",54049.0616622811
"5920",63049.1507430449
"5921",57139.8033392132
"5922",40616.107608616
"5923",45832.0214353467
"5924",50621.3850382774
"5925",67764.8748960867
"5926",55545.6391971679
"5927",54883.7296330655
"5928",55236.4379218003
"5929",65608.6815746959
"5930",90962.4394915845
"5931",43719.3288199128
"5932",44038.0754493609
"5933",43831.9322452752
"5934",52684.6357617829
"5935",118710.586225881
"5936",81591.2155034441
"5937",44149.8417959952
"5938",70359.5925305666
"5939",100744.068147847
"5940",92749.0792052128
"5941",64699.2899093547
"5942",82059.2280040434
"5943",119349.49490272
"5944",60403.7426890276
"5945",80338.9692047542
"5946",75452.3092262676
"5947",77494.5398945426
"5948",67837.7706168787
"5949",74481.7143891907
"5950",61679.180637418
"5951",71189.2574879928
"5952",38482.3340362231
"5953",36673.652733998
"5954",39280.8655183426
"5955",44531.2919294764
"5956",40336.0323037795
"5957",34049.8169350267
"5958",98704.7512044693
"5959",113994.977515931
"5960",36294.3998042173
"5961",35028.0108043167
"5962",63803.7998560266
"5963",70697.0292848274
"5964",69346.68333308
"5965",85289.8103891999
"5966",37351.114310994
"5967",90687.7385851558
"5968",55895.9321815146
"5969",56938.5672539254
"5970",58447.5066628284
"5971",66590.9029953965
"5972",77204.2405460455
"5973",50291.9926839175
"5974",52641.6320264455
"5975",72849.3175583128
"5976",90039.6506752207
"5977",133042.927004588
"5978",68680.7137847624
"5979",62403.0352866202
"5980",46923.3037279883
"5981",39936.4524836223
"5982",89164.8875673928
"5983",104052.237565447
"5984",54298.9817226118
"5985",45253.6278829555
"5986",47928.1724614135
"5987",59501.3641479338
"5988",52166.3213119508
"5989",45909.1078570672
"5990",54415.052132925
"5991",57521.1667360348
"5992",28359.558957413
"5993",69681.6738360845
"5994",84567.9287257927
"5995",59327.6188573288
"5996",40007.9196542919
"5997",49340.8767319736
"5998",86284.4648131955
"5999",89678.6679395395
"6000",45644.2965473585
"6001",63877.2301157658
"6002",36206.0184382888
"6003",45759.2238456077
"6004",41201.6491224004
"6005",62661.4240441634
"6006",63322.0676970672
"6007",59416.2769565277
"6008",142978.632330866
"6009",95443.3780585737
"6010",51550.3541660603
"6011",47791.9145914647
"6012",92833.8609403186
"6013",36080.3297499298
"6014",48214.6172557335
"6015",48302.9583540734
"6016",78588.814425557
"6017",45159.5489445456
"6018",44773.2303047123
"6019",88836.5965063295
"6020",69194.0952966591
"6021",71496.4390295231
"6022",59797.0385979418
"6023",50234.102085659
"6024",57208.7157786215
"6025",54380.8878011691
"6026",56131.8258577792
"6027",72254.7696689449
"6028",69584.629807401
"6029",32182.1108198419
"6030",34632.4560305737
"6031",59680.1146289836
"6032",29529.215840402
"6033",59607.0153852631
"6034",98072.1402304772
"6035",59844.8275540055
"6036",132573.057361727
"6037",22507.8408818478
"6038",98180.9934252961
"6039",81779.4610478661
"6040",59695.7965448246
"6041",57361.3880555735
"6042",43972.4475491371
"6043",77628.0543900028
"6044",95621.2364434475
"6045",113298.768300854
"6046",52966.6789984276
"6047",77598.568819248
"6048",44469.6145814927
"6049",67254.1030938115
"6050",57761.3760869941
"6051",37286.9560121686
"6052",36143.3406648741
"6053",36869.9935588114
"6054",62106.3516508538
"6055",127782.252186992
"6056",105424.524020731
"6057",36747.8392388523
"6058",58637.6770557795
"6059",66081.9348708501
"6060",85725.2635787515
"6061",44919.2606879808
"6062",59816.2529429345
"6063",55940.895823927
"6064",61689.1930592413
"6065",64026.2485537319
"6066",51127.6341156885
"6067",57218.0585962806
"6068",48956.6753376846
"6069",42744.9932748304
"6070",50520.4355274432
"6071",127621.953388694
"6072",53749.0064186259
"6073",41222.0282840394
"6074",70266.0281532474
"6075",49576.3743121583
"6076",55046.1094069522
"6077",36080.8848306128
"6078",52197.6000597039
"6079",64016.0496147882
"6080",133538.185807708
"6081",53318.9557584165
"6082",83629.4916786836
"6083",33477.4707724665
"6084",59311.1053682814
"6085",90233.3753736182
"6086",49492.7094879549
"6087",105009.34201872
"6088",48024.6468738052
"6089",80971.8155736901
"6090",68771.3770594747
"6091",55872.8990707017
"6092",31045.8521348426
"6093",51462.8478160368
"6094",40112.800513198
"6095",40514.9439077596
"6096",31150.1453042774
"6097",71669.6903111058
"6098",39329.0879023265
"6099",82557.1747095941
"6100",42642.757157679
"6101",57347.5521881895
"6102",89237.8864697693
"6103",97524.3987010136
"6104",79001.0656068568
"6105",104934.783358393
"6106",84027.989101855
"6107",77411.6833950819
"6108",38274.5582628224
"6109",70808.4103259195
"6110",48058.3020433981
"6111",61510.6681532214
"6112",41614.1249506293
"6113",115093.280860663
"6114",103925.221953472
"6115",86563.0192462179
"6116",96448.7575194
"6117",61447.5587374055
"6118",29480.1865220421
"6119",81619.4893279738
"6120",37263.266059786
"6121",48906.0078580112
"6122",34621.8015719511
"6123",57681.3566534179
"6124",61478.6309292041
"6125",35975.7627688207
"6126",69837.3702383777
"6127",118179.486443258
"6128",93859.1412447227
"6129",72281.4596490673
"6130",77807.2072969637
"6131",78139.9964372277
"6132",62041.609384292
"6133",27478.0224156509
"6134",67773.1167374284
"6135",46454.921138168
"6136",53049.1050636802
"6137",57230.0900177271
"6138",33225.6202284297
"6139",30558.3815516714
"6140",39767.8742608182
"6141",22290.0208352349
"6142",60538.5348871181
"6143",83956.02435155
"6144",78544.0509493549
"6145",52471.7613868258
"6146",72923.2977698462
"6147",85511.0106140786
"6148",65468.1537779479
"6149",86968.8458882471
"6150",93662.6184355128
"6151",67454.9794999047
"6152",34198.6938073139
"6153",76883.163385174
"6154",108075.447774937
"6155",49666.7538951795
"6156",110237.775377388
"6157",53830.1654457486
"6158",75088.1842904071
"6159",85093.3892132466
"6160",57919.9909885553
"6161",101549.275885436
"6162",125693.036693798
"6163",49387.2748963811
"6164",34639.3723917136
"6165",44820.117478769
"6166",50582.3686823878
"6167",39232.3483375364
"6168",41463.5341782739
"6169",109006.865260831
"6170",34217.1538415257
"6171",71255.1815811658
"6172",67244.5311597186
"6173",50006.1165201339
"6174",58056.5351351957
"6175",55102.9014399598
"6176",89624.1810215495
"6177",57006.798609852
"6178",62451.7967394226
"6179",38165.9754055518
"6180",50377.638344962
"6181",63138.7853136944
"6182",43982.0418871314
"6183",36957.0326615747
"6184",81979.7005059956
"6185",61780.6603969984
"6186",101806.714752122
"6187",109966.919296499
"6188",86260.9190955118
"6189",34867.7553608764
"6190",94344.3134104913
"6191",63769.0460053801
"6192",76280.4787696556
"6193",176326.903951959
"6194",22361.9785335198
"6195",41335.4011419269
"6196",132560.529796585
"6197",80547.8071361358
"6198",83314.4993213026
"6199",81909.3400893477
"6200",52748.7764191471
"6201",45437.974356384
"6202",44610.5534005624
"6203",74985.6721617934
"6204",92547.9492778456
"6205",45937.9011405626
"6206",117849.508965311
"6207",87343.332009895
"6208",49291.6711543055
"6209",56272.2119545141
"6210",45696.6998530903
"6211",91761.3958943207
"6212",61601.9918694691
"6213",146666.392963949
"6214",55041.898573781
"6215",28834.7531010986
"6216",33255.7944587713
"6217",78105.5047444464
"6218",62242.9634943824
"6219",63916.6674810732
"6220",34822.5072515499
"6221",31402.2487905467
"6222",58451.2069980867
"6223",57757.0007946892
"6224",88201.2720199527
"6225",31900.0271137516
"6226",118125.056238196
"6227",46208.7729137722
"6228",46685.789886448
"6229",53265.6215548203
"6230",49050.0094513259
"6231",43225.9839838274
"6232",43784.6238308126
"6233",108867.700340535
"6234",57679.1145317921
"6235",37725.6174499237
"6236",40782.8012420207
"6237",32317.8340431567
"6238",47995.6524392152
"6239",81624.0136460726
"6240",70333.8207136706
"6241",74104.5951086474
"6242",132353.265528355
"6243",38538.9730935122
"6244",33607.9388226442
"6245",36053.3163256418
"6246",45363.4652096479
"6247",52864.2998337938
"6248",50913.3641723967
"6249",64379.3726402091
"6250",68167.1698813198
"6251",58628.5267740702
"6252",53421.742591506
"6253",39891.7550119934
"6254",36782.5528655201
"6255",105743.401298684
"6256",52879.1219300785
"6257",61416.1840799588
"6258",38295.176680765
"6259",92849.6535592742
"6260",90886.750215234
"6261",68381.4855658962
"6262",89700.5079230145
"6263",28987.562629937
"6264",38334.5914419401
"6265",117823.008333628
"6266",64144.8282368657
"6267",119594.333649315
"6268",56613.4810504191
"6269",45680.6444172964
"6270",66220.7085237615
"6271",69738.410656142
"6272",57408.8878511363
"6273",57269.3251203978
"6274",56324.9256956924
"6275",65830.5938768654
"6276",104979.546975913
"6277",61109.0869724921
"6278",81659.0871602419
"6279",44388.7847944733
"6280",40290.0819126583
"6281",56842.2344698233
"6282",65708.7828641651
"6283",74055.8383728608
"6284",29621.5782471637
"6285",108878.824264163
"6286",44351.9777542178
"6287",97742.5437776981
"6288",28903.0564994483
"6289",43074.5109044256
"6290",47312.2121429185
"6291",112569.903984966
"6292",53941.3959003033
"6293",50213.5173425249
"6294",39386.9222886773
"6295",39215.7875868303
"6296",77261.6358731324
"6297",81863.4107103987
"6298",74751.5540365035
"6299",67234.0969594004
"6300",53451.9114921952
"6301",73766.9997477891
"6302",103096.29872143
"6303",43967.2061761557
"6304",62982.9724746521
"6305",49468.1395329212
"6306",137218.955231229
"6307",110461.691176405
"6308",73348.2176054804
"6309",46160.0458682894
"6310",33975.4839236715
"6311",64315.453805307
"6312",69234.6939101824
"6313",33097.7702947799
"6314",82588.7037474273
"6315",46958.1197548402
"6316",70307.0737215578
"6317",55103.4829334818
"6318",45511.5634528294
"6319",41855.844935491
"6320",64848.9476861578
"6321",64147.6836986275
"6322",45488.1568061955
"6323",89916.1883543941
"6324",47448.0242905751
"6325",119498.465687755
"6326",49955.8634166637
"6327",66930.6942909047
"6328",82657.9657244762
"6329",94163.3741499299
"6330",68847.8453905474
"6331",72645.69324901
"6332",65766.7551700388
"6333",52917.9218132725
"6334",23638.1978738063
"6335",37440.9427825499
"6336",27916.6356665944
"6337",50625.5205495903
"6338",141131.502676997
"6339",71002.4473569047
"6340",54969.9447659534
"6341",30988.1212669499
"6342",41084.6749061375
"6343",73290.2103086725
"6344",38917.5510442343
"6345",50211.177663525
"6346",60112.8231448884
"6347",115079.953537863
"6348",44187.0684085649
"6349",62916.0171912025
"6350",93617.1924267077
"6351",34022.0431384266
"6352",109433.407597457
"6353",44947.1933431846
"6354",31287.1921553891
"6355",94161.3989036263
"6356",55180.105689037
"6357",54310.2533667072
"6358",67882.9459101584
"6359",42817.7301039124
"6360",65833.5970563629
"6361",87276.3569505964
"6362",75537.6329547637
"6363",51445.621227664
"6364",51378.3121555818
"6365",48608.5189990384
"6366",60097.678465927
"6367",58607.0846415114
"6368",64115.2757913877
"6369",101545.78425652
"6370",77686.9533687053
"6371",63618.1372948034
"6372",42216.367897027
"6373",83212.5082211594
"6374",71978.272577191
"6375",69743.2296348172
"6376",88686.5403872745
"6377",78421.6265958367
"6378",45398.674504005
"6379",56672.4927279288
"6380",59987.5052042269
"6381",76258.1789073099
"6382",28023.5678196071
"6383",85244.9113171273
"6384",30011.9384465994
"6385",34882.5490587123
"6386",34455.6970663129
"6387",57957.1693091694
"6388",29677.6607895501
"6389",29658.3432554653
"6390",96502.3845313388
"6391",57752.6075475793
"6392",112958.010890811
"6393",58711.1222837099
"6394",67625.7276697151
"6395",77571.9048464055
"6396",36662.6842714149
"6397",42007.9311606828
"6398",152496.687060489
"6399",105999.587175323
"6400",52696.4552563107
"6401",22650.8576105095
"6402",51979.4947047663
"6403",70695.085768312
"6404",48067.8810024202
"6405",111745.4652673
"6406",42004.2626896818
"6407",68311.9118467816
"6408",114185.094168745
"6409",47318.6386968443
"6410",49824.8134906177
"6411",33008.2029704625
"6412",68194.377773135
"6413",92588.5995604302
"6414",67474.8600413758
"6415",75570.0899253322
"6416",99382.8830651674
"6417",83497.5196363794
"6418",107510.925935853
"6419",54487.523138381
"6420",91705.0314056792
"6421",56546.4426344631
"6422",39808.8835996805
"6423",88393.8278650508
"6424",51189.804684886
"6425",66384.9589374086
"6426",82900.4944954534
"6427",89895.7759355567
"6428",82424.4774910254
"6429",28213.1439783086
"6430",56321.8356327587
"6431",39129.6247470663
"6432",93441.6293019987
"6433",35516.1703314357
"6434",96977.6831565997
"6435",25996.463035256
"6436",116833.042596094
"6437",39446.0565624611
"6438",96873.1270312234
"6439",98077.3836807417
"6440",37915.2652605105
"6441",52533.972027143
"6442",78197.1852660759
"6443",42921.2845047287
"6444",48388.2443312466
"6445",117427.926641091
"6446",84198.5710676968
"6447",27673.7303742752
"6448",74655.8357084315
"6449",65249.9318218717
"6450",48735.2567425319
"6451",46371.0154883203
"6452",51314.5100670488
"6453",99539.1432094852
"6454",117260.550679979
"6455",63683.2505143424
"6456",45654.6008204756
"6457",44150.8891752484
"6458",89406.6571719236
"6459",54172.2213795707
"6460",154438.010803152
"6461",54706.2283913736
"6462",61432.1961353068
"6463",73642.9531782029
"6464",51887.3084051404
"6465",75815.5609600508
"6466",41319.836701001
"6467",107153.389234824
"6468",93309.1054092562
"6469",101028.425726647
"6470",64546.6641522936
"6471",55662.9956786727
"6472",40370.9017766294
"6473",34110.1111660679
"6474",37294.2950859261
"6475",52319.326996281
"6476",53916.1329620629
"6477",28276.5282789472
"6478",37771.087926675
"6479",37493.7092218607
"6480",85064.3525916641
"6481",36181.6230828609
"6482",76682.8554101207
"6483",70775.2352752617
"6484",55377.9029020215
"6485",41428.9390611153
"6486",87686.7704389296
"6487",54988.7651643639
"6488",73513.4370158269
"6489",50402.6255242113
"6490",30894.1725457734
"6491",51121.589008142
"6492",115853.235774127
"6493",64908.0307538767
"6494",44673.9468985492
"6495",102297.16697192
"6496",26648.4519430133
"6497",68693.4167425165
"6498",30197.9911376643
"6499",52625.6511239626
"6500",76101.6258822742
"6501",83734.8485027658
"6502",91245.2522760645
"6503",67986.6049720613
"6504",33149.3553382259
"6505",99235.3898667185
"6506",26233.2239015426
"6507",112276.688001913
"6508",46185.1581865213
"6509",86802.0951922348
"6510",95442.4409210393
"6511",54564.9983941538
"6512",64528.6863803448
"6513",49834.8816752303
"6514",66251.7092498315
"6515",44932.9595927918
"6516",86071.485194275
"6517",49761.4196628058
"6518",109503.790525426
"6519",57470.1891267642
"6520",53543.1669969253
"6521",43473.8476220649
"6522",47217.2249052648
"6523",95284.9054866644
"6524",39716.634969253
"6525",63123.0764151931
"6526",52299.7095362663
"6527",60863.7708695854
"6528",31470.3819832575
"6529",64927.4432805484
"6530",35514.3971054102
"6531",78809.1624533941
"6532",72961.1363715863
"6533",41501.8717237704
"6534",71766.496877431
"6535",42006.2136260139
"6536",72704.1522191998
"6537",65100.7864770181
"6538",59674.2366806931
"6539",67085.6069044193
"6540",80705.3661730387
"6541",61091.2175926845
"6542",37292.5976929993
"6543",84769.9697807067
"6544",112485.226114005
"6545",62185.4025790403
"6546",46724.7363215412
"6547",52922.7495136638
"6548",35296.9245954311
"6549",42288.4165964346
"6550",42383.9482499074
"6551",25940.871856061
"6552",34819.4338062584
"6553",53081.5605634774
"6554",79187.9507904562
"6555",71524.9136979663
"6556",72473.7382472259
"6557",39029.5564569202
"6558",186752.575152069
"6559",51341.2445566933
"6560",44124.5577192778
"6561",79487.4275159646
"6562",55691.8622643853
"6563",69162.1196369465
"6564",32736.4198425255
"6565",50599.075787583
"6566",65339.3046282624
"6567",64617.8138120331
"6568",61952.854725397
"6569",78790.1770422471
"6570",106143.049846181
"6571",88859.4411538129
"6572",31919.3994661631
"6573",36720.9032214947
"6574",90794.3583332794
"6575",32613.0881914915
"6576",72916.3955132755
"6577",86103.7902252409
"6578",36326.4612923482
"6579",86884.9165774532
"6580",145227.04765813
"6581",101798.483011681
"6582",59720.836685287
"6583",42517.6385785108
"6584",141661.964476376
"6585",54877.1867809483
"6586",66718.3085054885
"6587",111793.372996434
"6588",36600.2223231097
"6589",38634.8040432393
"6590",88854.4160417053
"6591",63689.3725283986
"6592",86939.510234603
"6593",52247.7101664745
"6594",133858.742349747
"6595",110989.114610484
"6596",74849.4632629901
"6597",93957.3860423702
"6598",59570.065276938
"6599",69165.6038758596
"6600",47859.6474886306
"6601",60149.8869944479
"6602",87309.2041428956
"6603",40005.8463561626
"6604",72390.8682891221
"6605",55468.6662188982
"6606",62485.5338190906
"6607",89481.1604746268
"6608",58295.6299873182
"6609",56342.3804224219
"6610",64996.035789304
"6611",25999.1490721241
"6612",95258.8208504538
"6613",55394.4835727709
"6614",62784.1294828962
"6615",66710.3594048749
"6616",51610.0655675013
"6617",87731.306419753
"6618",100549.753843418
"6619",32220.6471764644
"6620",151892.80137345
"6621",90080.5921947683
"6622",50371.9873861739
"6623",102649.595821359
"6624",67173.4944497062
"6625",80115.6311388879
"6626",127292.971978662
"6627",67064.6186074198
"6628",43818.9335831151
"6629",39520.8641481674
"6630",37719.7149465657
"6631",111066.259140277
"6632",75063.9633934195
"6633",39914.4949195656
"6634",72236.2915392842
"6635",73158.6473617865
"6636",57852.1855030829
"6637",49157.5257327598
"6638",65601.2498611551
"6639",105397.177824462
"6640",53022.345755315
"6641",75663.0353984747
"6642",56730.1515284382
"6643",63218.3726176277
"6644",57011.3548999117
"6645",58389.0981004669
"6646",67377.4866861738
"6647",39109.2457321768
"6648",86613.3645063134
"6649",61818.0451371711
"6650",84194.3604911947
"6651",53910.7688513435
"6652",45859.8890899865
"6653",54117.4720402814
"6654",66119.923858523
"6655",82592.8229104141
"6656",95924.197340323
"6657",64489.2274745895
"6658",42606.0978242421
"6659",53062.1007281724
"6660",52839.6999857996
"6661",25098.1062415605
"6662",57213.9740632364
"6663",87519.2136063937
"6664",52069.3158497576
"6665",37931.2345731212
"6666",67986.436351601
"6667",143369.590394753
"6668",53085.9042071581
"6669",53983.0380404973
"6670",72357.1482154034
"6671",38482.3771154702
"6672",72579.4894762176
"6673",81821.6242927615
"6674",51976.4194104655
"6675",52704.7082478073
"6676",25369.3358711717
"6677",87292.3143903061
"6678",70889.858773099
"6679",61305.2529570875
"6680",97697.6706196
"6681",69066.8230009043
"6682",94990.4243122711
"6683",62542.8328016589
"6684",91087.2979657214
"6685",93062.183183732
"6686",28113.3028503499
"6687",108767.424497167
"6688",43092.7896288264
"6689",116632.09067326
"6690",105193.7283852
"6691",83450.9909575144
"6692",38762.8488960275
"6693",69417.3816367397
"6694",27315.1623076365
"6695",50632.2375295541
"6696",56395.0823376672
"6697",96814.4170963084
"6698",67426.5846669252
"6699",39555.780665392
"6700",93062.6626300126
"6701",51662.341201652
"6702",87774.4799700894
"6703",28654.6231849132
"6704",102818.200865904
"6705",79463.3071379839
"6706",116403.714112571
"6707",137357.42976498
"6708",43647.914718102
"6709",53117.5119846253
"6710",50310.6884751796
"6711",66032.5114907985
"6712",80301.8481760354
"6713",43501.90253478
"6714",50090.5876603718
"6715",57572.7552626354
"6716",127587.694060859
"6717",28662.5634209865
"6718",59862.5752053766
"6719",33932.3999636975
"6720",48964.1437430707
"6721",65476.2508996364
"6722",63974.1774268616
"6723",153472.916933644
"6724",53359.6681684815
"6725",46258.8413966967
"6726",62153.0138107637
"6727",85005.5305608954
"6728",74282.6002641088
"6729",53534.0072037042
"6730",33516.0285536631
"6731",63031.9484432603
"6732",49494.6281900893
"6733",24424.4960656512
"6734",91192.1717554218
"6735",25587.3475501299
"6736",63880.8196241165
"6737",52734.4002964088
"6738",64682.0143113952
"6739",105016.355853887
"6740",52120.6490431272
"6741",88543.6074307256
"6742",67999.8834694661
"6743",41221.5172639542
"6744",36919.8728001437
"6745",87740.5289311894
"6746",34134.698457161
"6747",52110.1739215405
"6748",79940.6353571169
"6749",40905.7489336673
"6750",107906.144338915
"6751",48704.4730717416
"6752",37770.4729977314
"6753",95281.4379839154
"6754",41045.6796906315
"6755",67016.3169689771
"6756",129430.198082282
"6757",48357.5022907023
"6758",59446.3040661151
"6759",45751.8194277943
"6760",49580.2985630216
"6761",81949.0892373118
"6762",128801.223616502
"6763",52875.7283517004
"6764",107326.378564886
"6765",55353.2577510103
"6766",100921.119972585
"6767",45254.0531669125
"6768",57005.7194825515
"6769",92549.8775182628
"6770",36306.8256190848
"6771",81819.0265185772
"6772",42163.521375907
"6773",91221.4035765378
"6774",48358.8255033557
"6775",89359.5168982722
"6776",100039.836153721
"6777",98337.8892476646
"6778",68428.7039220329
"6779",75381.4102714886
"6780",51982.3370636415
"6781",30092.2762356844
"6782",99819.1551032724
"6783",52017.9074056695
"6784",38768.9672723794
"6785",45873.5215644104
"6786",70173.4716842045
"6787",42696.7223036268
"6788",51226.2602538156
"6789",73035.3874384877
"6790",66822.2855966806
"6791",69537.8788101699
"6792",24503.0245196641
"6793",102990.09787211
"6794",43814.006167772
"6795",37899.0982020157
"6796",52929.6950209121
"6797",28280.9555999385
"6798",107660.489774218
"6799",49233.8605472343
"6800",29835.0495720715
"6801",76627.0409019299
"6802",27026.8569319155
"6803",62626.4912303978
"6804",71783.2356051344
"6805",21987.6394765821
"6806",93608.6329455048
"6807",61828.5293426174
"6808",64697.1448031907
"6809",63571.5848673094
"6810",47881.8430288475
"6811",62965.5257755775
"6812",53128.8237073635
"6813",102378.884056742
"6814",67058.5322274979
"6815",38644.5950228342
"6816",52663.9958048175
"6817",58508.3658738453
"6818",61667.6084994318
"6819",59237.3156746973
"6820",39688.239843161
"6821",116008.685878114
"6822",95089.9479147522
"6823",101209.17119146
"6824",61848.3072938071
"6825",42603.3823523099
"6826",20865.2920948103
"6827",50232.8569872659
"6828",75040.5292821994
"6829",81641.837682303
"6830",59254.5954817222
"6831",50463.6685066206
"6832",62078.1891785393
"6833",105681.288999463
"6834",79898.9807814217
"6835",51233.4615940507
"6836",88870.922702918
"6837",64584.0706391483
"6838",75239.1350074561
"6839",53233.2369340517
"6840",90642.5739987434
"6841",74316.0134823329
"6842",52165.5383123776
"6843",32952.7676549897
"6844",55979.984946078
"6845",94529.7708804307
"6846",74755.6124733924
"6847",45556.6637876062
"6848",44775.8785660101
"6849",59459.2035031123
"6850",42735.0697012053
"6851",113307.189975533
"6852",51134.7710158311
"6853",48162.3137146704
"6854",54635.8117789583
"6855",68910.192818674
"6856",120566.067819066
"6857",42050.1421832706
"6858",74519.2155893634
"6859",56377.4438778234
"6860",99346.6732743133
"6861",59846.2437563953
"6862",49472.2989288215
"6863",56395.7288669071
"6864",28161.1917296992
"6865",50203.1258700985
"6866",51098.662983465
"6867",95979.3062097269
"6868",93548.927552675
"6869",73318.2114539312
"6870",34079.453857749
"6871",58733.4126215163
"6872",59351.2060649357
"6873",55939.7115869186
"6874",116945.150131184
"6875",116061.880275623
"6876",64837.843255989
"6877",54874.9654912831
"6878",119252.263806571
"6879",121366.953757923
"6880",57094.5441646442
"6881",47371.1088058274
"6882",35669.5948856294
"6883",96142.9960059368
"6884",44364.6880998266
"6885",65504.2055175455
"6886",33561.6960263072
"6887",132941.152617706
"6888",19209.7131558437
"6889",92521.2044599479
"6890",82565.7324414855
"6891",94285.2819037233
"6892",83774.397268561
"6893",61194.7927212826
"6894",68229.3100840312
"6895",33819.1962279585
"6896",64603.9241418748
"6897",97400.993668729
"6898",44319.4096938509
"6899",60492.0845790334
"6900",64458.4481601734
"6901",20155.2021177025
"6902",55992.334016567
"6903",81474.3884736226
"6904",60417.7677907655
"6905",33022.9641717982
"6906",62115.8592945347
"6907",65811.0027590019
"6908",63721.7593356169
"6909",57467.2119968581
"6910",70307.4271909923
"6911",53925.371355155
"6912",61225.5396087142
"6913",79498.6368372407
"6914",64571.6171149212
"6915",42660.1517123034
"6916",59138.1157005355
"6917",50131.499072662
"6918",34062.3871165968
"6919",58469.9619457763
"6920",51174.3809630582
"6921",52077.8476168856
"6922",45193.3580255406
"6923",83323.6026339397
"6924",106060.263747896
"6925",58581.4341960819
"6926",63312.9478651695
"6927",87372.1650097022
"6928",35830.8898043725
"6929",58214.6787811303
"6930",63144.165605475
"6931",90044.096535057
"6932",61252.9978277714
"6933",82993.0966440875
"6934",59967.8627542768
"6935",45687.3678062034
"6936",82685.5813939907
"6937",105842.555422604
"6938",47034.079225787
"6939",63938.9425228868
"6940",29987.1623233013
"6941",49072.4422670145
"6942",59688.4610739454
"6943",96456.02875566
"6944",79611.813812602
"6945",73418.4350776905
"6946",94956.9304510154
"6947",37681.9251485206
"6948",97748.2246977173
"6949",41988.8850730063
"6950",44909.1786224716
"6951",64746.9714583302
"6952",56628.8809834701
"6953",87447.5129534294
"6954",80525.8615680567
"6955",48082.9664100097
"6956",40236.3966858736
"6957",38222.9623640198
"6958",33083.3720332081
"6959",46182.9511960198
"6960",50509.388796585
"6961",42944.3457181983
"6962",51972.5800173462
"6963",118044.938202144
"6964",90767.9254299908
"6965",50281.4112872119
"6966",87385.4860175595
"6967",134255.53466723
"6968",85051.5653070197
"6969",96338.4694842495
"6970",65656.4757098878
"6971",113791.274328426
"6972",47752.9166564643
"6973",43458.7056092634
"6974",46388.2266342768
"6975",73173.8915780329
"6976",62279.9554817954
"6977",127950.584290404
"6978",51894.4086348505
"6979",25781.4946101292
"6980",36467.7887753042
"6981",56518.3888449952
"6982",72056.7055939801
"6983",114607.111319991
"6984",35118.2227999764
"6985",75487.1209941532
"6986",146818.745015542
"6987",68622.41501865
"6988",57307.9582241059
"6989",31584.0316534137
"6990",107259.969473317
"6991",36780.3848262648
"6992",45680.685363018
"6993",53889.0028868975
"6994",87554.3964118735
"6995",67045.1111317871
"6996",29321.2453645601
"6997",35488.7331262341
"6998",55609.5942958039
"6999",135117.193225686
"7000",53141.3183416687
"7001",61959.1337396336
"7002",63074.7099037976
"7003",57967.9324620024
"7004",35710.1566153021
"7005",56405.2967204889
"7006",62294.7630633122
"7007",104354.013543177
"7008",48501.6742889986
"7009",44447.3875243483
"7010",23396.7641499352
"7011",58449.4003897332
"7012",53941.8734065952
"7013",52921.4598855323
"7014",44429.8158871652
"7015",142527.847818181
"7016",102212.998600753
"7017",22782.3593693492
"7018",61697.107866442
"7019",96680.522058419
"7020",37860.6641317945
"7021",55878.5057314736
"7022",28831.7989173222
"7023",80050.3064169307
"7024",91758.3831745762
"7025",49323.8608172234
"7026",76818.8851612291
"7027",73587.5342926687
"7028",72491.7218580496
"7029",46331.3426374145
"7030",113774.576564841
"7031",64731.1831541844
"7032",132054.749670333
"7033",135951.422212535
"7034",43614.4459464861
"7035",70694.9403771479
"7036",83476.001904035
"7037",66888.483256294
"7038",209356.807946937
"7039",48219.9592685547
"7040",63544.6247469447
"7041",73410.3114016012
"7042",108119.905927424
"7043",31915.2491444022
"7044",95670.9321389529
"7045",56992.6737679341
"7046",50035.6884776372
"7047",101023.463968003
"7048",90130.924722587
"7049",39855.8686621298
"7050",34681.2997904746
"7051",57988.234315821
"7052",85352.0666156833
"7053",75471.6034151296
"7054",84070.2993678556
"7055",59549.0242379659
"7056",53355.2996955341
"7057",47908.4307588405
"7058",86353.0313680932
"7059",38651.718698233
"7060",69660.0328303568
"7061",33275.1507043516
"7062",25118.9901931276
"7063",51447.354252643
"7064",216655.795602211
"7065",73334.8039027881
"7066",52746.4715738633
"7067",100041.688511114
"7068",104250.182575586
"7069",45938.2542485758
"7070",32731.7454563382
"7071",64823.5253937067
"7072",44308.6041595675
"7073",89525.6375328447
"7074",205681.58726356
"7075",66223.5762681189
"7076",83746.7493591084
"7077",62109.7772252465
"7078",50350.0559989106
"7079",31032.4388729821
"7080",68585.3234927813
"7081",48261.4664172191
"7082",57642.7207556499
"7083",58955.8964830581
"7084",122149.442964189
"7085",180596.884168084
"7086",94515.9130032177
"7087",85244.0851397564
"7088",40565.5972002162
"7089",48111.9453670068
"7090",40909.5201511333
"7091",39423.1991036776
"7092",64032.9968887978
"7093",53257.0296220136
"7094",102374.531242982
"7095",54838.0787474286
"7096",50061.9043925754
"7097",28065.9939873619
"7098",73570.5308644823
"7099",55359.2217245121
"7100",52734.1328592748
"7101",57286.4962063534
"7102",115103.708176924
"7103",55269.9538511101
"7104",45350.7310772208
"7105",38932.8544347696
"7106",51464.2726446861
"7107",47697.5877264409
"7108",43869.0521862186
"7109",50515.4780004511
"7110",85454.9424035286
"7111",55013.6505035564
"7112",59167.670819246
"7113",74123.1370444033
"7114",54115.422242315
"7115",81563.7332014336
"7116",33840.4768524531
"7117",40275.1749334124
"7118",51061.9789339864
"7119",43916.744256192
"7120",34593.0148303233
"7121",88104.5596810322
"7122",19978.8200369537
"7123",69967.4136562068
"7124",102611.284593977
"7125",64471.7204253429
"7126",54642.2970783221
"7127",56109.4173751838
"7128",53777.6207958204
"7129",84040.2636437048
"7130",41552.9007199741
"7131",70906.9572673725
"7132",54331.5085510735
"7133",67920.6506187074
"7134",50527.6063814798
"7135",60824.0800821783
"7136",46424.2713464509
"7137",48183.9467289435
"7138",77489.9786448149
"7139",53938.0778655733
"7140",50655.3545149802
"7141",95026.687922474
"7142",73604.240431665
"7143",34895.1047354265
"7144",48888.7054227429
"7145",93005.0651578272
"7146",57351.5534528519
"7147",81346.1813540259
"7148",44519.0684078134
"7149",51750.2348597103
"7150",76309.0494405126
"7151",59513.4284951252
"7152",39391.5433483052
"7153",56079.5835951628
"7154",72327.4149405211
"7155",100228.938864999
"7156",78850.8113734097
"7157",117002.33428884
"7158",86178.2266365117
"7159",89569.5887329862
"7160",56621.4344068828
"7161",54173.5911224711
"7162",70539.9680651085
"7163",41834.6320521396
"7164",64728.5498694032
"7165",58893.8246371372
"7166",35940.3224210261
"7167",31789.6088395047
"7168",47464.6427299037
"7169",75993.4592336305
"7170",51418.6845285786
"7171",55980.8264320286
"7172",50653.2238542013
"7173",51676.4120890994
"7174",88113.0681390641
"7175",50522.610305569
"7176",62877.5367653235
"7177",44808.5379907239
"7178",32612.2843406003
"7179",86498.8778231181
"7180",48820.9201013694
"7181",98100.3259771177
"7182",64681.7200415855
"7183",124348.407589392
"7184",34469.1782108495
"7185",51998.4168530776
"7186",75445.2919483239
"7187",37622.9488055769
"7188",25289.9155602665
"7189",43578.7851102033
"7190",47715.6455190271
"7191",85755.5732170714
"7192",75715.7155323149
"7193",36123.9379491633
"7194",45183.2341205058
"7195",105322.662897706
"7196",53248.8492125469
"7197",90831.5881577806
"7198",97852.2781542734
"7199",43552.205209041
"7200",52393.5986887546
"7201",62512.1900453523
"7202",76429.6291147874
"7203",61245.8363234361
"7204",53880.1391293068
"7205",68672.6387719775
"7206",99395.322952763
"7207",98569.3696178633
"7208",87289.9806170972
"7209",96242.7293567127
"7210",44804.7645814852
"7211",41977.7635516288
"7212",68153.7524779922
"7213",40011.9595597244
"7214",103690.01946848
"7215",23764.5817180541
"7216",70892.3173729696
"7217",77817.697038591
"7218",100288.405587287
"7219",69166.6302209185
"7220",79826.4161415837
"7221",100397.21529281
"7222",26315.7051154444
"7223",83090.0050949367
"7224",16728.8445820659
"7225",41283.092427321
"7226",81750.2308200046
"7227",42996.6312297581
"7228",120524.106509937
"7229",66103.1030005767
"7230",46863.0070011716
"7231",83773.1304748374
"7232",40885.5801435081
"7233",74353.1498636835
"7234",46131.4247815021
"7235",41834.449741958
"7236",64059.8804043849
"7237",55415.1535765453
"7238",33482.3294987792
"7239",26366.0772832373
"7240",27636.293171473
"7241",73769.0576182755
"7242",57584.8441473941
"7243",29787.5467563233
"7244",68298.0892976514
"7245",112292.539129408
"7246",32063.6915549473
"7247",34592.5272747084
"7248",82247.1761353699
"7249",58164.8822649161
"7250",41040.5911344637
"7251",58619.8129717974
"7252",63534.1877768771
"7253",32612.2853926761
"7254",36982.3335363645
"7255",69934.2296043904
"7256",81877.9693590954
"7257",81394.9488338603
"7258",53258.3702563503
"7259",117107.597854287
"7260",69343.7909012737
"7261",53477.8837185632
"7262",125705.981975736
"7263",63008.579504753
"7264",57287.5461326224
"7265",55646.4810647352
"7266",59532.4842637393
"7267",40422.958686216
"7268",63921.4003163269
"7269",37644.6359783299
"7270",47800.6918895614
"7271",56025.3473083261
"7272",108417.048974865
"7273",23487.2957616453
"7274",91081.9869233192
"7275",43974.9199778622
"7276",38817.8558724413
"7277",59302.119653377
"7278",43680.556100058
"7279",88235.1216853734
"7280",63644.0536411685
"7281",105849.049733108
"7282",45888.196761938
"7283",52278.1534671637
"7284",46377.0196816419
"7285",49395.1189174558
"7286",47610.7829966101
"7287",44890.3389038911
"7288",34923.7662205521
"7289",91548.9210824005
"7290",72385.5147488309
"7291",88069.6961138929
"7292",38821.7605088229
"7293",55209.490729923
"7294",82858.2415883081
"7295",32089.2738069997
"7296",56033.5294483432
"7297",58022.4527547471
"7298",50017.4126278013
"7299",41714.3054618815
"7300",53478.3766243298
"7301",47012.0389157446
"7302",40926.5989865347
"7303",29315.4808331854
"7304",102777.42122717
"7305",58649.8318343371
"7306",57276.7105325288
"7307",76150.3873316952
"7308",45054.6705206594
"7309",67235.1669035537
"7310",68519.0770890723
"7311",51202.539143766
"7312",27001.2404092521
"7313",39135.8544772312
"7314",34286.3515717304
"7315",26571.3553902912
"7316",32259.5893417301
"7317",126190.36732911
"7318",94619.4097582093
"7319",84706.1835660085
"7320",56034.8021101998
"7321",57846.4860110509
"7322",44085.338107049
"7323",95300.8950297383
"7324",66991.8089384824
"7325",49395.0594019451
"7326",65003.7912553517
"7327",46617.6062050086
"7328",42241.4152674624
"7329",59394.6641757249
"7330",84296.2244164237
"7331",36988.0469272036
"7332",29748.3646208993
"7333",71617.3458282135
"7334",56377.0840559314
"7335",127552.900662956
"7336",121211.235773533
"7337",59700.5821643249
"7338",66962.4338945392
"7339",63374.2450307156
"7340",39462.4281541046
"7341",26696.3540767443
"7342",35620.6949652249
"7343",48082.4569784031
"7344",67421.1702588395
"7345",64256.1218824441
"7346",86370.8311671519
"7347",89481.5191740394
"7348",124151.722407938
"7349",67439.493563325
"7350",41682.6951067723
"7351",60398.4070457711
"7352",76247.342875799
"7353",32721.9242992102
"7354",108597.335506629
"7355",107004.077545227
"7356",85199.2803402567
"7357",190080.762421559
"7358",52348.8723723733
"7359",69717.4108611796
"7360",62662.1386800131
"7361",56701.13277365
"7362",63409.8706686034
"7363",79055.3428801682
"7364",44890.8263103218
"7365",27998.4975393554
"7366",64420.587526949
"7367",110353.139499165
"7368",66929.2620714652
"7369",50998.571319111
"7370",70822.7029622895
"7371",147635.212397623
"7372",41960.3396003569
"7373",63810.7671077732
"7374",71159.7003734485
"7375",103848.434637428
"7376",58810.7793765256
"7377",55007.2522428539
"7378",109347.085188502
"7379",58990.4649152466
"7380",58466.715285425
"7381",53616.2147411535
"7382",62977.4657239898
"7383",57013.7712706705
"7384",85740.4289253458
"7385",61967.978333684
"7386",35731.3277655956
"7387",35757.2508287216
"7388",52248.4293157935
"7389",67281.8250044555
"7390",83499.8236035308
"7391",60940.7725222296
"7392",75471.0719139763
"7393",29117.0381477644
"7394",57930.1322668901
"7395",114101.194209284
"7396",63500.9533582129
"7397",39141.0503778762
"7398",86816.6227136858
"7399",64067.7878057327
"7400",27795.6530049468
"7401",43583.6584312481
"7402",236509.167046677
"7403",93246.1274023576
"7404",66721.245835416
"7405",45883.6190155826
"7406",96617.7246413391
"7407",41336.8330603219
"7408",37370.1666578878
"7409",29983.4266987447
"7410",51399.7809393489
"7411",102226.286498011
"7412",112712.386968229
"7413",60664.6311238656
"7414",21592.7044167393
"7415",90664.3731423609
"7416",43710.8882975968
"7417",74478.8283663877
"7418",54682.5148720707
"7419",64415.9578609577
"7420",62630.9028090151
"7421",49289.368784181
"7422",103629.065378437
"7423",47300.7445388216
"7424",65740.7439447126
"7425",51675.3058167798
"7426",59740.0187908543
"7427",179817.381438188
"7428",119118.952161364
"7429",48096.6044058061
"7430",90807.9611333253
"7431",37044.7765110724
"7432",60993.7114675434
"7433",45454.5968238594
"7434",90366.9360755976
"7435",50148.7437565593
"7436",61372.5481071808
"7437",82594.2551306818
"7438",22281.3127842418
"7439",72577.8103039922
"7440",39925.9352238981
"7441",58775.909935048
"7442",71463.330946041
"7443",50847.5208912874
"7444",97027.393119233
"7445",64224.2150036743
"7446",48942.1582653922
"7447",77652.8659722099
"7448",44291.9090486191
"7449",29436.4813643113
"7450",95637.4214807891
"7451",81962.7077932587
"7452",62048.2774652812
"7453",62708.6895688839
"7454",56317.1309443323
"7455",64466.4368190669
"7456",99739.9798646612
"7457",106162.669148355
"7458",61471.147673177
"7459",64434.4255685648
"7460",48840.8136834269
"7461",61450.0843193486
"7462",99376.2455370798
"7463",44775.4519773335
"7464",98915.0833651807
"7465",64471.6929922913
"7466",46107.5687858589
"7467",59136.8876233985
"7468",88228.2555715673
"7469",46299.1172174058
"7470",46539.3844917606
"7471",54791.5003178373
"7472",52815.4174451556
"7473",84737.7713827363
"7474",65230.1621724536
"7475",156581.692884524
"7476",75629.8586366534
"7477",67561.7136297401
"7478",57247.3095637369
"7479",32572.8030596911
"7480",51966.9182069609
"7481",75776.0805338646
"7482",52771.5767472989
"7483",34231.9870606291
"7484",58667.5047783293
"7485",60392.8541303042
"7486",61240.3382797298
"7487",41418.0093242291
"7488",54810.1097943535
"7489",56442.5924180942
"7490",31249.4704878574
"7491",72446.9828138335
"7492",122759.394820969
"7493",102827.055633719
"7494",105902.52204121
"7495",71769.4688898837
"7496",41624.8920117219
"7497",52614.8917401318
"7498",61959.4851462512
"7499",67422.7683532325
"7500",92066.169312091
"7501",92369.4175437017
"7502",48771.0938579369
"7503",73757.3791062789
"7504",45237.1730124255
"7505",54433.0074709559
"7506",72551.5573936795
"7507",45123.6535662623
"7508",47827.0971530266
"7509",74765.8262945774
"7510",82526.7362631823
"7511",38217.6638249473
"7512",89738.6032063821
"7513",44177.4012038293
"7514",33469.2498248276
"7515",68419.5895220853
"7516",105203.334596431
"7517",55515.0144046415
"7518",69949.4168809203
"7519",33967.9653691528
"7520",47710.5674954864
"7521",56764.8853464198
"7522",56236.6809448663
"7523",40156.5059119886
"7524",69729.0200071751
"7525",48922.9907596139
"7526",60988.4768561705
"7527",99996.0272395453
"7528",59254.6635468796
"7529",66291.2901401133
"7530",135362.561874409
"7531",70586.599774668
"7532",46281.5810964758
"7533",54367.8789661975
"7534",69224.2946014107
"7535",112369.788478654
"7536",44918.1433659629
"7537",56714.5211275478
"7538",41495.407242853
"7539",115949.769641053
"7540",36000.3871865233
"7541",38604.7850255973
"7542",115909.544654704
"7543",117978.415760796
"7544",42523.052553194
"7545",29585.0848850674
"7546",40792.614706603
"7547",48718.8819353167
"7548",39482.6858383512
"7549",68038.4206681852
"7550",39294.4195311138
"7551",44309.1025259827
"7552",40299.4008655454
"7553",61747.0906947327
"7554",46699.8483281738
"7555",45368.5001141977
"7556",88289.9018423353
"7557",65805.6049866374
"7558",134067.282048202
"7559",44638.7409688113
"7560",59496.0717292115
"7561",55896.1876687816
"7562",80903.6782356074
"7563",59463.0674611361
"7564",143555.171864633
"7565",86388.5394108689
"7566",26975.4954740098
"7567",111936.357561769
"7568",25341.6243277078
"7569",58963.914375633
"7570",65130.5479771299
"7571",66423.265378942
"7572",44710.0827484343
"7573",90419.5129022073
"7574",38351.83159134
"7575",86696.7097707015
"7576",72311.5696844275
"7577",40115.7680703459
"7578",62356.449880742
"7579",54898.1663512942
"7580",54345.9323739965
"7581",45360.1983319482
"7582",46061.7987040173
"7583",64454.6113441686
"7584",90637.1149293728
"7585",57262.1379472028
"7586",49711.9544051562
"7587",81642.2639229814
"7588",81568.9430404734
"7589",74716.1376646639
"7590",61595.8842211718
"7591",75327.4139593343
"7592",43640.138484534
"7593",80923.0987271343
"7594",93237.5304013973
"7595",63948.3589437235
"7596",87194.5242887114
"7597",60100.8243002227
"7598",96860.0236083699
"7599",60489.8155422893
"7600",27312.600587551
"7601",23130.1869438383
"7602",65303.4375385152
"7603",89991.8161173456
"7604",74530.322393886
"7605",71904.2688468279
"7606",40506.9652470276
"7607",83653.4842494487
"7608",91379.0547914264
"7609",83359.4033584135
"7610",35047.5044411029
"7611",101114.627663732
"7612",33448.48324984
"7613",70256.0439540893
"7614",45383.8176083361
"7615",15185.863094454
"7616",63298.4254447317
"7617",113225.430756992
"7618",144001.887949838
"7619",67039.3004883898
"7620",68496.4942231439
"7621",38280.2264706791
"7622",55239.1037044182
"7623",51149.0280931892
"7624",85643.8524288109
"7625",44215.2075571997
"7626",61517.4214110428
"7627",113643.740609891
"7628",105376.967426062
"7629",56018.8904025381
"7630",49332.0317069218
"7631",49483.6347206982
"7632",26303.5431077825
"7633",51197.2368925315
"7634",45001.9958661938
"7635",90509.1614792592
"7636",84351.3691980738
"7637",81717.5189813463
"7638",35685.7818879853
"7639",28233.8093885567
"7640",35376.8780212233
"7641",55122.789498825
"7642",105580.769502021
"7643",57507.3459846022
"7644",54398.8158829554
"7645",75565.2203402924
"7646",80722.2319896763
"7647",76888.0983200275
"7648",58961.3305634511
"7649",73410.8621641421
"7650",72964.9646973826
"7651",55824.0341787468
"7652",33259.6567899217
"7653",62829.492270121
"7654",48686.6013033666
"7655",58583.9252566525
"7656",105722.073431197
"7657",70903.2021428847
"7658",80356.2821135341
"7659",58142.5946375579
"7660",86101.7170099802
"7661",53286.997710387
"7662",107306.751306941
"7663",84855.2028249335
"7664",60789.313527223
"7665",65944.9345207625
"7666",45923.3334918436
"7667",94291.5985337913
"7668",51901.1250829525
"7669",80646.2080163708
"7670",75468.5885051886
"7671",86376.7734089883
"7672",64371.8967562969
"7673",76421.535213267
"7674",56038.1997860582
"7675",76857.0297708415
"7676",40452.7611749686
"7677",84077.8100419827
"7678",89719.3447863843
"7679",62276.1808021335
"7680",54666.319542096
"7681",49127.7876265017
"7682",48453.2409043393
"7683",63813.0726546803
"7684",83513.3930940929
"7685",78604.765848279
"7686",81925.2928967635
"7687",57813.6497868411
"7688",111488.003074362
"7689",82406.6678646764
"7690",63945.274401769
"7691",31962.7038484349
"7692",69020.818301633
"7693",56399.2316895675
"7694",57910.0557710696
"7695",49432.2188756796
"7696",93877.3594508772
"7697",54602.6301155587
"7698",88437.111265761
"7699",54220.1374380569
"7700",37694.833045185
"7701",50778.0298492071
"7702",41142.6556532453
"7703",64132.9708346934
"7704",91873.3964463287
"7705",29954.1372951706
"7706",63225.1666985471
"7707",68317.6174471188
"7708",61283.3911369583
"7709",81653.7384633862
"7710",69874.891430422
"7711",73022.4319441565
"7712",47712.2115198127
"7713",49807.4203944176
"7714",38040.1192662821
"7715",80552.5063763072
"7716",47119.8822934489
"7717",64230.6986660114
"7718",41080.1994267895
"7719",73806.8179729829
"7720",41076.8086951168
"7721",46842.5721884157
"7722",74155.4249752531
"7723",54057.8761601928
"7724",34381.6277349136
"7725",60484.3145902151
"7726",94158.944183051
"7727",64174.7734524409
"7728",39631.7259784504
"7729",54338.1174604876
"7730",78683.1524519171
"7731",107214.211739696
"7732",95853.3043466669
"7733",71486.8253747607
"7734",80901.7631238136
"7735",154569.734368195
"7736",75426.5330657961
"7737",38279.017260529
"7738",54812.0893548449
"7739",113339.064287835
"7740",46401.2155530859
"7741",40511.8565849109
"7742",94239.6175443027
"7743",42475.5288783695
"7744",56275.9447284111
"7745",44119.1546680776
"7746",54551.3630296746
"7747",36355.2956716884
"7748",41320.8702830046
"7749",126237.277483075
"7750",55826.9011354328
"7751",91587.8919187879
"7752",79716.9504509903
"7753",47319.4115893955
"7754",117348.520277614
"7755",70684.4975997111
"7756",72868.296651418
"7757",65607.0647992475
"7758",58240.0754544306
"7759",74604.2400480494
"7760",39831.0960281668
"7761",99725.9720144615
"7762",102366.81395148
"7763",49535.4668764075
"7764",46689.6627208639
"7765",67955.4950414018
"7766",68769.1211416369
"7767",81586.2840503756
"7768",38639.6845258559
"7769",49724.2877557896
"7770",15712.0199205345
"7771",59057.5219532849
"7772",61044.7085023661
"7773",56842.1571290078
"7774",41000.5492087732
"7775",120777.015852296
"7776",42798.917641318
"7777",63419.4794143599
"7778",80317.7711323918
"7779",66120.1507407856
"7780",41211.648332592
"7781",121963.346085388
"7782",39277.3115565978
"7783",51933.3359609017
"7784",66452.1192510462
"7785",36962.3085736784
"7786",74866.8842893883
"7787",62856.8929158937
"7788",64489.3880505699
"7789",79103.3634000392
"7790",113803.908145023
"7791",79545.8400423349
"7792",38946.7061997745
"7793",39338.3333906282
"7794",85947.0045285089
"7795",47019.4988501879
"7796",37104.1864821398
"7797",53490.4599488694
"7798",129383.553037683
"7799",77021.0747422953
"7800",69260.218554107
"7801",57109.6406854599
"7802",72001.8655592977
"7803",33063.2357793941
"7804",65325.968089061
"7805",65270.6880370454
"7806",47662.4007115078
"7807",41590.1566186645
"7808",40077.563769044
"7809",46188.5065128203
"7810",55649.3628632676
"7811",76761.2295119677
"7812",76539.1539055058
"7813",94096.6463548504
"7814",52722.9141446281
"7815",55589.1077520253
"7816",52716.1159654653
"7817",70220.5524947048
"7818",39146.9294826311
"7819",57682.7434710802
"7820",34810.4696374106
"7821",42759.9347669151
"7822",66234.4753720627
"7823",79876.8653986157
"7824",71980.4017921679
"7825",157650.738846087
"7826",38795.2482705229
"7827",55377.2689404438
"7828",59666.5256593116
"7829",36268.7631554169
"7830",60070.7649586342
"7831",99372.1876662566
"7832",40047.7251178213
"7833",39657.4604226871
"7834",52282.590010938
"7835",99382.5809703162
"7836",59727.792346694
"7837",87447.421011724
"7838",70991.1280352506
"7839",135199.400739591
"7840",43239.4642637433
"7841",50436.556083766
"7842",70244.2254200525
"7843",50081.4626563716
"7844",89003.967213243
"7845",102273.819339298
"7846",174818.358351005
"7847",65500.9079567365
"7848",64148.3770666787
"7849",41576.6596995768
"7850",41678.1777420072
"7851",101859.370427927
"7852",45991.6217013914
"7853",52024.9297157744
"7854",28640.3778297004
"7855",87247.1174583476
"7856",67860.0924288244
"7857",49262.696167782
"7858",60527.2500889291
"7859",91661.4671370733
"7860",118971.252978321
"7861",73851.4271993365
"7862",62797.449099989
"7863",72824.3257183164
"7864",84145.3052122246
"7865",95025.5169394926
"7866",64385.4737700977
"7867",66150.2960455803
"7868",34376.9319006711
"7869",42164.7988522029
"7870",51500.1039860344
"7871",100312.025096428
"7872",57118.1118733551
"7873",49161.9910807138
"7874",57531.2221528729
"7875",114979.644491076
"7876",79857.8290542239
"7877",49127.7986363766
"7878",61778.8966982063
"7879",67966.9220728284
"7880",84717.8111288125
"7881",83266.2195878244
"7882",118851.729102088
"7883",38411.4575162712
"7884",45662.0541364577
"7885",69983.3854981573
"7886",56803.7514362807
"7887",58077.8264692322
"7888",49726.6647346399
"7889",53096.6425172972
"7890",81871.9891198766
"7891",57402.7039561305
"7892",70523.718033742
"7893",40046.9786749783
"7894",32997.9844566196
"7895",53242.5088278354
"7896",120061.735145228
"7897",36208.8419197208
"7898",47404.945058229
"7899",59480.2920209964
"7900",77351.615573614
"7901",73071.4302222311
"7902",66392.2538605667
"7903",38384.1448373081
"7904",35164.0739053911
"7905",124751.227515033
"7906",84646.0596883771
"7907",91720.8405538498
"7908",58300.0571463429
"7909",80743.0333030777
"7910",42899.0320609525
"7911",40984.2509465781
"7912",68032.0001288265
"7913",38584.2150973839
"7914",57230.2682557067
"7915",90472.3931868873
"7916",51459.3828511925
"7917",67021.082963727
"7918",32575.4966312599
"7919",64320.8124389695
"7920",71157.3396846965
"7921",37319.4992027152
"7922",42456.6278315649
"7923",61482.6395911796
"7924",40254.0606052614
"7925",59675.6197003279
"7926",62030.018552221
"7927",52352.4774754795
"7928",37142.4725212727
"7929",65096.1254791756
"7930",69740.7528557021
"7931",45725.6813226915
"7932",61889.0016066528
"7933",69364.7968282226
"7934",27440.6300334682
"7935",58773.8693837287
"7936",172141.561619486
"7937",48454.4469905748
"7938",59123.7953396545
"7939",42591.1261190082
"7940",61051.9977754965
"7941",53756.9828126017
"7942",84397.308545888
"7943",42220.789227806
"7944",39509.3357692723
"7945",63045.7003621824
"7946",80116.2422438256
"7947",39865.4331603127
"7948",47564.2649002375
"7949",69668.4309437588
"7950",33896.5974676095
"7951",56712.332616387
"7952",105801.491034119
"7953",63407.829295646
"7954",60424.1271191428
"7955",44397.2208005499
"7956",58039.3879941975
"7957",44865.2970866052
"7958",30337.5744275526
"7959",82299.1297934948
"7960",57148.5674636522
"7961",81051.4797025759
"7962",65206.441383368
"7963",83457.0517575878
"7964",34888.6186299679
"7965",43049.3672090805
"7966",59116.5591203625
"7967",86792.2184680175
"7968",72265.2383644668
"7969",51739.6392080299
"7970",68640.0389334017
"7971",67367.1255581914
"7972",73610.0223139937
"7973",129550.680400352
"7974",112627.309208942
"7975",58944.7496274663
"7976",53955.5488260686
"7977",55700.2119072455
"7978",116570.770346607
"7979",71692.2184992977
"7980",45974.4891319538
"7981",67120.2861258364
"7982",46505.3908517
"7983",54856.0423099607
"7984",54839.1546306415
"7985",80671.3001709803
"7986",52207.2413533282
"7987",31197.7963478102
"7988",70770.7962930406
"7989",72870.0981406456
"7990",50022.2588842539
"7991",74554.1957914146
"7992",44931.9399125448
"7993",26022.9049563895
"7994",51217.2579878442
"7995",44563.5402349104
"7996",31200.1753330308
"7997",58446.763984651
"7998",28222.5309006394
"7999",34604.1993414317
"8000",45385.4523047961
"8001",93015.2949762844
"8002",36169.2528735244
"8003",45379.9109259476
"8004",31278.3281344526
"8005",79366.4796036023
"8006",94895.6019031563
"8007",161562.615479464
"8008",89416.4292568052
"8009",147281.840602756
"8010",44780.4105354975
"8011",58284.3447800555
"8012",48490.9305814821
"8013",63333.9888466712
"8014",114162.568557349
"8015",64699.9462363143
"8016",26017.1669193554
"8017",96460.1930966886
"8018",63406.1934021862
"8019",25571.9208965778
"8020",53926.3161353366
"8021",144236.366788119
"8022",32107.1866284986
"8023",43613.3214798712
"8024",61519.0065914512
"8025",79940.5211189834
"8026",64373.7379031531
"8027",56915.0461605717
"8028",40359.3680312313
"8029",38948.6470862304
"8030",82313.6492858027
"8031",89252.7437477851
"8032",37703.4060609639
"8033",186420.190063682
"8034",65974.2657875862
"8035",47561.6095995724
"8036",35617.7814939415
"8037",55423.8558957594
"8038",94830.6970696303
"8039",136506.498814625
"8040",67229.1756407674
"8041",79891.5154105023
"8042",68668.4494253454
"8043",98894.9186806172
"8044",154255.450745017
"8045",37508.907951835
"8046",30862.7603029351
"8047",38331.8532558284
"8048",68620.7787201613
"8049",121599.209953366
"8050",45638.3565070041
"8051",37671.0127368882
"8052",43862.6356654365
"8053",48122.1589865085
"8054",86616.3796109469
"8055",82771.8332294881
"8056",57394.7823537041
"8057",78610.4125067821
"8058",116818.299714295
"8059",32792.8495054487
"8060",118657.273512609
"8061",92369.5568197744
"8062",149451.842343638
"8063",35473.1476965725
"8064",127088.079280512
"8065",105599.601871129
"8066",93496.6820313694
"8067",37487.8828037576
"8068",36669.9841125075
"8069",63168.8221078725
"8070",55961.1937024682
"8071",126365.171016988
"8072",66573.1733812147
"8073",50277.7845872911
"8074",54297.5040409276
"8075",81227.6984980045
"8076",57776.9650929904
"8077",136300.36104507
"8078",55651.489719623
"8079",54535.2918171406
"8080",54957.2403772371
"8081",68676.5684633867
"8082",53474.7993373133
"8083",53577.0058563899
"8084",91600.7941536959
"8085",58315.9263070464
"8086",69895.8519259848
"8087",62200.0224237781
"8088",80519.0302126919
"8089",68251.9112736021
"8090",103208.915718587
"8091",81787.8867113947
"8092",65048.3728859407
"8093",82611.6748751333
"8094",68240.3472247393
"8095",54694.6902264527
"8096",122114.520543097
"8097",84358.9793928519
"8098",67669.3676969504
"8099",56938.7438560796
"8100",66058.8394076356
"8101",76050.3970538864
"8102",44450.1952395793
"8103",91363.2650665192
"8104",79168.8484906217
"8105",72513.5809208446
"8106",30971.2818038416
"8107",98296.6884913309
"8108",87947.0957882478
"8109",43660.4190349262
"8110",93161.9837790611
"8111",69228.1799672709
"8112",92111.2084167009
"8113",48865.7878321783
"8114",40804.0028598337
"8115",26138.9323706424
"8116",44015.1674158266
"8117",67920.9241192417
"8118",33694.249800843
"8119",75427.8615963246
"8120",52262.5417037519
"8121",47551.006290364
"8122",60459.2099102782
"8123",52154.2513197427
"8124",52779.3621170725
"8125",73175.5968671127
"8126",55359.4309513138
"8127",80040.6529705245
"8128",112857.691395139
"8129",34213.5181484763
"8130",73710.6064049288
"8131",44946.3306469479
"8132",31710.4700474752
"8133",54857.0434327421
"8134",48758.4578691353
"8135",39513.4749429975
"8136",64356.8580678633
"8137",68543.6650101275
"8138",54950.0446568336
"8139",68748.193808447
"8140",70222.3186554823
"8141",64344.0552056584
"8142",60350.2414370732
"8143",24808.6170048919
"8144",73402.5020576464
"8145",151119.618758036
"8146",32817.2503840733
"8147",65701.164942959
"8148",51170.3951194418
"8149",33577.0399971016
"8150",35692.6602746063
"8151",51011.4325796744
"8152",42133.5477272926
"8153",38040.8556015747
"8154",57749.370660291
"8155",36030.0329541266
"8156",72908.4277953868
"8157",25062.675605445
"8158",35306.9709942007
"8159",66913.7527973836
"8160",85696.1304978959
"8161",27365.6670014178
"8162",27626.3986640776
"8163",74149.5978544763
"8164",46484.7498652239
"8165",49017.0257614239
"8166",89403.6018059924
"8167",181342.455266185
"8168",87184.605820787
"8169",78212.08099539
"8170",64844.53028443
"8171",121499.810961122
"8172",95274.8728678707
"8173",74369.3596124734
"8174",45379.1803162501
"8175",44840.9223430983
"8176",55034.5604953683
"8177",35305.5288899775
"8178",88404.8455322517
"8179",52875.6173090326
"8180",37592.2618325025
"8181",23783.6770201943
"8182",98744.5630859672
"8183",51822.0849383648
"8184",144748.560926688
"8185",57094.9186789419
"8186",46748.8486592495
"8187",101582.361585269
"8188",84267.7989363514
"8189",61403.0171553394
"8190",152603.82591969
"8191",68252.5521585321
"8192",69747.5565028815
"8193",61754.3210724535
"8194",50282.96067973
"8195",74431.6089563515
"8196",35954.4387514924
"8197",24505.5261112281
"8198",66422.8254329241
"8199",91100.2956678859
"8200",62786.1349946387
"8201",71530.3694293018
"8202",41735.7016564309
"8203",85520.75634542
"8204",62554.6831324069
"8205",141759.33169038
"8206",52901.0142832609
"8207",43381.5412037212
"8208",53230.3947839999
"8209",32621.1030735455
"8210",48353.1308259366
"8211",94612.7363517469
"8212",198035.212321577
"8213",82484.6071136255
"8214",81072.9235715735
"8215",52290.2269996626
"8216",58223.4726419842
"8217",61650.512478444
"8218",35542.6758435669
"8219",144280.747732298
"8220",44800.5680892192
"8221",82188.5562264747
"8222",152480.098513119
"8223",94225.2992589163
"8224",55798.1779178389
"8225",30187.0108555494
"8226",70484.9205185511
"8227",55698.9488028162
"8228",59137.8739737087
"8229",67835.5796703201
"8230",142891.441928523
"8231",38191.3538041279
"8232",48428.2254613203
"8233",33403.7488241082
"8234",137935.337579032
"8235",68490.3090305481
"8236",42044.3039011882
"8237",93698.6154074977
"8238",61634.6499725867
"8239",37193.2079873027
"8240",77062.8670784675
"8241",58647.0676936199
"8242",88430.4362387719
"8243",74283.8319452364
"8244",43331.2015643002
"8245",50274.7522680167
"8246",86106.5188382039
"8247",81996.1488157457
"8248",23387.9263151556
"8249",94092.1883181356
"8250",48458.940184391
"8251",65496.0595636597
"8252",74564.3963541866
"8253",168325.459332762
"8254",51875.9428153348
"8255",48873.3717545057
"8256",29623.8235932739
"8257",53382.9056935161
"8258",58509.0447522637
"8259",40398.326669741
"8260",145159.665569041
"8261",22495.0527871787
"8262",55379.0238771261
"8263",59552.8959092321
"8264",110973.275821315
"8265",46599.9318655164
"8266",65797.3233380369
"8267",43221.7612483329
"8268",86640.9276771244
"8269",93012.0423260925
"8270",24058.2518729092
"8271",30957.9797454858
"8272",51975.1495143191
"8273",71820.13012215
"8274",113185.66593277
"8275",59703.3141736709
"8276",80717.6762174344
"8277",90784.9562272584
"8278",82164.0706240238
"8279",51423.7675645818
"8280",60743.3151690778
"8281",92244.8345089677
"8282",19514.1309462352
"8283",78887.6273924731
"8284",102906.244735839
"8285",73484.6966742862
"8286",65522.0935184461
"8287",60698.0313595922
"8288",47951.1725533482
"8289",105352.698795593
"8290",40796.9041646471
"8291",35360.8726946745
"8292",85879.2922613818
"8293",94386.7486616341
"8294",33467.3724584258
"8295",30238.003690955
"8296",59563.0928145332
"8297",89762.5668141992
"8298",78557.8857086753
"8299",64367.4702555034
"8300",92053.5396408973
"8301",74475.4015777186
"8302",30646.0993907005
"8303",24466.3091369116
"8304",60972.1845936546
"8305",56221.9568702091
"8306",137169.955818777
"8307",119098.672977982
"8308",67505.9244193186
"8309",62960.0906807292
"8310",44399.6905193612
"8311",37112.216876899
"8312",33888.558226909
"8313",50838.8469118151
"8314",48040.1875651542
"8315",105219.719909385
"8316",90603.9851110451
"8317",86714.8764144396
"8318",83163.7537978998
"8319",69258.694853269
"8320",93580.7839868186
"8321",65230.6688240185
"8322",130109.3302354
"8323",50879.6553711796
"8324",102428.408509109
"8325",74855.5577574027
"8326",50214.0756874761
"8327",67975.4992014421
"8328",26872.0479374974
"8329",42761.9687544095
"8330",93269.0677808659
"8331",58624.6570947863
"8332",101683.516141951
"8333",58376.3533454345
"8334",48239.1951859733
"8335",23114.2879311333
"8336",50270.9312882263
"8337",51811.1556123553
"8338",61981.9371624289
"8339",47312.3484885255
"8340",99853.9526736833
"8341",25890.8304479214
"8342",40746.7655611399
"8343",37426.9709949316
"8344",62973.2552140728
"8345",72839.0762416579
"8346",136742.307317416
"8347",20620.0684662499
"8348",83815.596082914
"8349",121103.188925801
"8350",42589.1852462686
"8351",77057.2042887319
"8352",84528.3749229675
"8353",77323.4796728786
"8354",109003.894647881
"8355",69239.6109328172
"8356",66805.7836930818
"8357",38608.5542294895
"8358",85403.2068267069
"8359",57845.3057108412
"8360",40528.48197425
"8361",99661.1762405849
"8362",38331.3801241639
"8363",65622.4595436022
"8364",101001.564221443
"8365",104530.106541497
"8366",33962.1510669997
"8367",39779.4447105814
"8368",35463.718033686
"8369",97269.0842414229
"8370",58976.1605229675
"8371",65567.3606373645
"8372",58634.2352965412
"8373",76159.0254763542
"8374",31427.8644169106
"8375",47620.5522306556
"8376",57748.7582552172
"8377",51657.9512585476
"8378",82561.6187005423
"8379",65704.0926011753
"8380",78808.8008156619
"8381",55478.299648079
"8382",71607.4499412065
"8383",37200.2421999178
"8384",49592.1090454649
"8385",51724.690639331
"8386",41962.2148214902
"8387",53796.919253042
"8388",45448.6046060673
"8389",76946.2428068084
"8390",34753.2081706859
"8391",61432.6694533403
"8392",47834.4286365611
"8393",60051.5067269156
"8394",69436.2075085223
"8395",47607.4918573355
"8396",83398.0548754205
"8397",63037.2513277507
"8398",44414.6079309509
"8399",89377.3546311777
"8400",28950.9849964732
"8401",69828.5671227566
"8402",43893.3907759695
"8403",44350.4985157886
"8404",42764.6930009292
"8405",114401.62313809
"8406",21608.0237711319
"8407",79018.1151468491
"8408",85654.3838299742
"8409",64943.411511136
"8410",32400.7997678269
"8411",105943.272279667
"8412",42855.4838146808
"8413",49937.7037235229
"8414",67460.6150042453
"8415",64497.9136346729
"8416",43347.6993425053
"8417",70986.3708687267
"8418",340307.61849705
"8419",141483.212854646
"8420",43997.8625806032
"8421",72308.5725985095
"8422",22428.8153833319
"8423",47728.242750522
"8424",65682.988188573
"8425",94077.2522759028
"8426",73919.2669215153
"8427",57774.3641996087
"8428",56463.4496964748
"8429",64000.9797364675
"8430",57675.3549403725
"8431",82512.2144613416
"8432",53027.8092611614
"8433",93174.0966237996
"8434",46243.7642667187
"8435",35002.6710485438
"8436",64899.4136062771
"8437",49699.811667499
"8438",64283.5911326024
"8439",59684.4479172604
"8440",69942.8460054171
"8441",60465.5409836813
"8442",58173.608813182
"8443",117873.726647784
"8444",79211.1746102926
"8445",58355.6120991639
"8446",26862.0068140053
"8447",156455.914938539
"8448",171117.880662836
"8449",119024.435080774
"8450",62531.1123021403
"8451",56034.1617992159
"8452",35530.6452030162
"8453",29987.1655787285
"8454",57647.1098951365
"8455",31447.9479126828
"8456",76804.4378364492
"8457",56029.6236521185
"8458",47816.2151332865
"8459",46146.1891052785
"8460",46188.6888039094
"8461",63214.7384397404
"8462",93931.8962863711
"8463",46694.3422514069
"8464",55474.212811616
"8465",29199.6713361495
"8466",117896.031044207
"8467",42416.6901200839
"8468",42030.8857251254
"8469",46436.611546428
"8470",89741.1949340544
"8471",78838.6070885042
"8472",25232.7916344988
"8473",26166.9964604194
"8474",47819.0594965756
"8475",42653.0629303672
"8476",43763.0556041252
"8477",63870.763624675
"8478",77163.4523073924
"8479",54080.2381333278
"8480",53345.5261418567
"8481",175853.08303915
"8482",85041.1856030783
"8483",27227.4497030306
"8484",64747.744898823
"8485",91460.3987690822
"8486",47770.2938292031
"8487",44187.2249437804
"8488",23262.7016954454
"8489",62573.1463433623
"8490",109344.968518367
"8491",119819.615367881
"8492",71887.9361551539
"8493",59334.7084207239
"8494",66638.6098829307
"8495",113866.137819294
"8496",61274.4631496764
"8497",63343.1973405458
"8498",58189.5846053736
"8499",40096.7555740896
"8500",43870.5711545266
"8501",54407.8756871538
"8502",92391.1142329227
"8503",51773.5870835114
"8504",99391.1921652582
"8505",31074.8575203055
"8506",59677.6190152202
"8507",97271.720619358
"8508",42629.5758008946
"8509",48510.7676505642
"8510",49790.0560053545
"8511",48736.8178674109
"8512",57025.3533458756
"8513",62965.7959541284
"8514",42588.8501482181
"8515",66382.2633207517
"8516",69084.4006961262
"8517",72657.9611226992
"8518",28044.0879395508
"8519",72115.7144677633
"8520",42179.4801187222
"8521",67197.1367157509
"8522",30467.9357348905
"8523",61802.2847115915
"8524",79386.6891837686
"8525",75889.555776939
"8526",67014.2738047593
"8527",36288.0393771999
"8528",85010.9301516318
"8529",50509.9766130843
"8530",36229.0052964193
"8531",42405.5496312094
"8532",95687.4787200801
"8533",49289.3628596294
"8534",40013.927989873
"8535",63422.8273168907
"8536",46508.6327118178
"8537",28360.7339401695
"8538",57907.1019712419
"8539",97497.6005306758
"8540",55568.44374581
"8541",95253.5730513318
"8542",45208.1176519812
"8543",51427.7329426817
"8544",36885.7616373014
"8545",57232.6270573612
"8546",74631.0692462229
"8547",112861.868480196
"8548",118763.82054526
"8549",89197.8867958662
"8550",105649.976380105
"8551",26672.5768813359
"8552",56216.6703618666
"8553",56612.7017434294
"8554",84886.2021082422
"8555",108112.192929513
"8556",39976.4430669853
"8557",24490.4120365956
"8558",58451.4111580791
"8559",41556.7475760429
"8560",38228.9851949646
"8561",87720.4764735162
"8562",27888.7713841007
"8563",83051.5216212677
"8564",55849.3237758352
"8565",72618.7517780596
"8566",113035.362005032
"8567",30601.4790000387
"8568",59620.0146525078
"8569",49099.8700453816
"8570",61970.6233752827
"8571",71100.2489274798
"8572",98395.3841412605
"8573",67135.4228627258
"8574",59906.0800867938
"8575",65035.705655874
"8576",65861.6504042528
"8577",75273.5387883304
"8578",44125.5477437946
"8579",47560.9746033027
"8580",119331.542069893
"8581",62408.0512257599
"8582",46565.6418850977
"8583",42132.3183906644
"8584",30711.1552149339
"8585",68809.5590038186
"8586",51302.7793607873
"8587",88776.3247531175
"8588",27775.5764766597
"8589",76839.1702649159
"8590",56333.1375446428
"8591",61477.1406550704
"8592",71632.1321967795
"8593",78764.122626222
"8594",82691.9491554393
"8595",72510.94571575
"8596",66089.6615034282
"8597",42846.1682476674
"8598",18261.0865074189
"8599",73958.9720219446
"8600",74275.9323311142
"8601",93741.2228318612
"8602",27739.3875688018
"8603",40424.6969635749
"8604",53730.2611562434
"8605",74517.8598765779
"8606",46909.5111699778
"8607",63646.3776975214
"8608",62741.9857324323
"8609",78206.2280601887
"8610",69614.9066341482
"8611",76384.6937508033
"8612",80662.5965120941
"8613",26197.8494186624
"8614",73477.1287142081
"8615",93034.5237993876
"8616",69838.7778051964
"8617",52413.9263718035
"8618",38426.0324891966
"8619",71416.9297955746
"8620",30690.0200368844
"8621",32949.8425062014
"8622",35996.1081841869
"8623",90886.3615865092
"8624",34714.8956775184
"8625",44096.5511964519
"8626",60245.6978607669
"8627",52350.6308647576
"8628",75209.9546193419
"8629",83641.0078285497
"8630",96013.7366106421
"8631",44349.9389552337
"8632",106973.270997817
"8633",68778.2683833067
"8634",74093.0983398689
"8635",51144.7493283386
"8636",32102.9622701855
"8637",46641.6245918968
"8638",41444.3471429012
"8639",140304.601530654
"8640",116259.711245451
"8641",95554.5620338605
"8642",72298.3677773308
"8643",63171.0222753864
"8644",30537.9564493556
"8645",45263.5313718657
"8646",132442.426052223
"8647",81048.0488915759
"8648",76903.8897057495
"8649",104030.234442874
"8650",50368.6053546138
"8651",56908.0180314686
"8652",55041.6549877878
"8653",66692.6951574208
"8654",43445.6200114136
"8655",71437.2542379329
"8656",51930.7724096036
"8657",62009.8658613083
"8658",107089.273593612
"8659",84095.2327359992
"8660",40719.42134645
"8661",60343.3625506593
"8662",165328.868153616
"8663",76244.9881788877
"8664",66188.276714354
"8665",56713.7056910976
"8666",87341.0309634344
"8667",70181.4078794949
"8668",172272.776326061
"8669",79717.8422724886
"8670",88712.5720380779
"8671",49862.077951234
"8672",82764.5177443118
"8673",25070.9340938915
"8674",42019.1325263842
"8675",38384.8451397467
"8676",107129.982421756
"8677",97131.3475817768
"8678",83145.0569720897
"8679",48772.1524314249
"8680",28648.9461356978
"8681",57391.4539278105
"8682",32297.9513621357
"8683",67172.8207490712
"8684",58605.792832901
"8685",73139.5370620089
"8686",87574.8996418234
"8687",96918.189512024
"8688",95546.4530840093
"8689",125376.411672333
"8690",63173.9266243781
"8691",64503.1458004566
"8692",53327.4691309381
"8693",71564.2840991512
"8694",32807.9145666913
"8695",47901.1704928468
"8696",131240.491307115
"8697",72885.0727930198
"8698",82297.2406120208
"8699",50391.1028407896
"8700",81877.4493443307
"8701",54693.7236120603
"8702",88899.9775019818
"8703",56172.1312437978
"8704",88670.1340864888
"8705",65541.8987559227
"8706",27634.7070925343
"8707",77394.303676464
"8708",76625.7774166623
"8709",54010.6960523592
"8710",75391.4859724306
"8711",71629.1635257016
"8712",88851.6027145306
"8713",89964.8660622486
"8714",47832.9162711332
"8715",105818.431430133
"8716",66907.283664312
"8717",120667.625264102
"8718",36917.9060886601
"8719",64423.2773466505
"8720",46298.3778307921
"8721",46845.0351583882
"8722",62986.2401905594
"8723",47250.1776206762
"8724",36970.2739277443
"8725",97261.6461397701
"8726",57371.7123769202
"8727",54796.5326926101
"8728",30643.299592391
"8729",115759.991845237
"8730",69869.8743534113
"8731",93617.5851781987
"8732",140605.475171597
"8733",52241.6860686641
"8734",77147.9496950589
"8735",72528.4658214977
"8736",122291.851321848
"8737",162354.449939792
"8738",56236.5083758897
"8739",92822.6689345953
"8740",35596.2955093346
"8741",52512.0711836086
"8742",95510.9075212316
"8743",65571.2666517307
"8744",44494.5475360052
"8745",87857.7698507486
"8746",49321.4435806755
"8747",59431.4280566515
"8748",81969.9777083075
"8749",48459.0932768056
"8750",31810.3502372299
"8751",24484.8581803239
"8752",58274.7590262559
"8753",38685.5016990504
"8754",41874.3525730552
"8755",72870.2764348379
"8756",38527.1343672214
"8757",30510.2357168022
"8758",95602.1609774119
"8759",81191.6327706269
"8760",45766.143408671
"8761",63932.8162066055
"8762",108670.761894602
"8763",106832.637014894
"8764",37910.85108469
"8765",118100.14264481
"8766",41340.6687690899
"8767",46736.0244022808
"8768",96834.5293482396
"8769",54287.2039821419
"8770",65933.6769081487
"8771",63734.3533336742
"8772",125981.225258526
"8773",43524.746586015
"8774",60554.5953959812
"8775",53489.6457755543
"8776",75950.3360874302
"8777",80304.8702147422
"8778",23218.1489445925
"8779",61372.84219197
"8780",122934.997171602
"8781",45805.0880260944
"8782",73249.8864685555
"8783",63286.1585933012
"8784",57973.5199252718
"8785",49771.6163703983
"8786",25173.0031174903
"8787",50005.7012695754
"8788",68478.1727908728
"8789",63797.2434624137
"8790",59808.1413227796
"8791",70872.8403051045
"8792",128150.931037689
"8793",58632.9326518426
"8794",79931.4066490037
"8795",68749.9206078638
"8796",160543.074648448
"8797",76149.7209717812
"8798",72265.2980240541
"8799",33964.6209298208
"8800",100200.433988158
"8801",67677.1931722784
"8802",51065.598713442
"8803",61688.0858027156
"8804",56516.006694619
"8805",53702.5060919213
"8806",60244.5844007172
"8807",108602.486512077
"8808",56861.206630897
"8809",57365.2372880222
"8810",85913.2200426592
"8811",60512.9149403294
"8812",42888.5196363724
"8813",75529.643739818
"8814",82080.2277278963
"8815",70406.9317876653
"8816",62411.4653334568
"8817",39595.1291701468
"8818",93533.0332238306
"8819",85004.1103938292
"8820",66589.1930002014
"8821",39307.649369688
"8822",54073.9791348194
"8823",86180.1681490838
"8824",61822.608205387
"8825",52362.7656534783
"8826",69224.9959944529
"8827",101934.114077138
"8828",36098.949212488
"8829",45431.5651132643
"8830",134778.18825027
"8831",77639.2979753786
"8832",81375.1123589959
"8833",111911.536105769
"8834",69566.8868508856
"8835",66137.1044441477
"8836",64373.1690446281
"8837",46242.8314825702
"8838",87807.6690140645
"8839",61811.7073929289
"8840",92223.3064407254
"8841",70066.1915633818
"8842",46778.2240369498
"8843",80085.0912212373
"8844",60083.4438312552
"8845",43176.3388133667
"8846",85327.2505022294
"8847",80515.3776407506
"8848",43902.5971697997
"8849",50862.6593108721
"8850",90027.1670529044
"8851",67944.3670734945
"8852",79042.0981306301
"8853",65342.5518794176
"8854",97065.8246672549
"8855",56531.411515265
"8856",35621.5639969336
"8857",39043.8160786934
"8858",42058.5989180371
"8859",61185.8189775513
"8860",72211.884998447
"8861",31584.3237801178
"8862",38374.0904653633
"8863",40160.2837915273
"8864",100987.556493346
"8865",40619.4066100328
"8866",59924.9650494991
"8867",69676.0380015717
"8868",51017.9516262513
"8869",50072.6875852991
"8870",65800.5158093604
"8871",38394.2084653126
"8872",48757.0973934102
"8873",34196.4551510514
"8874",36003.8759855692
"8875",41218.1658716346
"8876",64372.3372607706
"8877",90233.9907040823
"8878",39173.7679395025
"8879",77880.2077344998
"8880",71264.7516291149
"8881",33237.6274790402
"8882",66983.0916177184
"8883",32457.7107763407
"8884",69144.4551668912
"8885",55422.3058233781
"8886",102288.385016703
"8887",103378.113971897
"8888",93447.1551710983
"8889",81186.1529143159
"8890",166775.792872322
"8891",117811.270199186
"8892",67735.5885382199
"8893",57943.7259739574
"8894",22359.6865855751
"8895",41848.1923105364
"8896",77426.6016514962
"8897",39661.4606943717
"8898",37190.87012767
"8899",49465.2524790921
"8900",157552.33730223
"8901",54794.5581060815
"8902",44742.0140217962
"8903",44405.0418603835
"8904",36064.5231253769
"8905",40912.6753646251
"8906",82411.4594528649
"8907",61957.8071268213
"8908",47991.0384904974
"8909",30573.0224699813
"8910",40501.950716122
"8911",76793.899698257
"8912",33669.6906778391
"8913",43005.9761158068
"8914",45667.6973977777
"8915",37535.2661545338
"8916",51246.0814650786
"8917",68238.9264354913
"8918",60112.8272216471
"8919",83919.2421828106
"8920",70811.1326112933
"8921",20328.6511835262
"8922",45627.1782119132
"8923",92095.7582043419
"8924",55997.9652209818
"8925",45764.622840295
"8926",70364.3876138183
"8927",39773.440169337
"8928",41860.0609639353
"8929",162042.782179849
"8930",72695.3452748751
"8931",63087.7292349039
"8932",70404.6988392127
"8933",82408.0527352875
"8934",52032.1905242199
"8935",59346.3195919211
"8936",81434.7031311624
"8937",42209.7950040748
"8938",46386.8144199588
"8939",51393.9806745643
"8940",73900.4030021143
"8941",39694.1110945339
"8942",64981.5514871388
"8943",62817.5698470743
"8944",67492.46438559
"8945",39245.0563469165
"8946",28544.2320370209
"8947",51958.9715923793
"8948",74165.371522106
"8949",82284.396189341
"8950",72187.4758086509
"8951",56037.2393050401
"8952",41815.2313544938
"8953",44297.2846951239
"8954",49848.8254807228
"8955",57161.2973685816
"8956",128276.048903451
"8957",38056.669077644
"8958",57649.7454410836
"8959",44280.469314972
"8960",46775.0037628386
"8961",60999.3730299726
"8962",32482.1936870745
"8963",118837.231211946
"8964",57164.3530828528
"8965",28395.6882762488
"8966",62403.889386538
"8967",68822.6049058808
"8968",69065.2310058402
"8969",25675.440583074
"8970",42392.7609102297
"8971",65587.7395814362
"8972",25957.295713537
"8973",50005.3685264934
"8974",77321.7727324155
"8975",67787.5336959528
"8976",95556.8183981952
"8977",31399.5032627369
"8978",90297.4818893184
"8979",67302.9669711372
"8980",124831.057534245
"8981",144640.142451569
"8982",39717.9678990492
"8983",41368.0000595085
"8984",57197.160083924
"8985",67975.2653448177
"8986",69767.5229770393
"8987",54343.7095956668
"8988",133685.601573052
"8989",74986.079455763
"8990",49119.7437496083
"8991",34044.6242022912
"8992",71335.4045023827
"8993",61810.8281963946
"8994",80527.078833814
"8995",37733.6694311886
"8996",81365.5592610369
"8997",91294.9984023216
"8998",69919.2883173334
"8999",63074.9467280037
"9000",35906.4803814594
"9001",110961.140735647
"9002",108841.242625828
"9003",63390.4821232285
"9004",46135.7327327988
"9005",61921.4006825216
"9006",74905.6084281375
"9007",110213.239107322
"9008",42904.3431096978
"9009",113169.112772793
"9010",90868.7744124695
"9011",52625.3075876621
"9012",86432.9217265355
"9013",85537.463640291
"9014",76111.8167792557
"9015",80407.9966285798
"9016",60833.9075964567
"9017",73049.457522014
"9018",67799.8556189285
"9019",68060.2869463775
"9020",64436.2910072873
"9021",50639.0420810605
"9022",80235.1695670393
"9023",42078.7376693077
"9024",50918.7382581828
"9025",87341.3058745896
"9026",41556.626648454
"9027",38803.0264001218
"9028",69954.8007104786
"9029",55344.9913953048
"9030",78432.6640215721
"9031",39883.360261234
"9032",146729.089280018
"9033",68991.9002594015
"9034",49913.4146018781
"9035",64708.1875783581
"9036",60222.7769961298
"9037",38701.4204529043
"9038",72296.262554577
"9039",77766.3030996334
"9040",126563.351256745
"9041",129223.38550293
"9042",21115.5137539546
"9043",92656.3374732145
"9044",63774.3388810249
"9045",56410.6373389436
"9046",50394.0755108723
"9047",85725.8551912103
"9048",34931.1185449082
"9049",84577.3173993316
"9050",84541.8769034371
"9051",40998.0973154089
"9052",48377.5940935853
"9053",46559.2293617333
"9054",35440.8869469931
"9055",50060.3837002553
"9056",104729.747443149
"9057",58279.5015365154
"9058",24061.5051447751
"9059",77788.7990077152
"9060",49003.0507700348
"9061",96313.8252709322
"9062",50486.9033172828
"9063",81083.8218927575
"9064",82710.0002419177
"9065",52132.1181819087
"9066",35059.441149997
"9067",48167.4142373443
"9068",24340.3624081331
"9069",85568.5809791982
"9070",29926.5798351651
"9071",53026.385594058
"9072",154078.028338647
"9073",52303.0055793485
"9074",41299.8986803747
"9075",61016.8933269972
"9076",40001.0265390389
"9077",59400.5399719899
"9078",107884.111634761
"9079",76463.2333987843
"9080",38346.8821614513
"9081",44202.45743635
"9082",93551.5506221055
"9083",112436.821947239
"9084",39546.4101474054
"9085",67895.1748366396
"9086",71683.6390691029
"9087",80419.6861978228
"9088",35940.1911269293
"9089",61201.84136829
"9090",45675.363013701
"9091",47512.6220667762
"9092",23085.3824261092
"9093",36616.8147568405
"9094",32888.6770391027
"9095",71264.8998920096
"9096",50089.6534447211
"9097",40622.9433247883
"9098",62631.6654308315
"9099",82213.7508548059
"9100",53807.3221183764
"9101",31100.8016325588
"9102",97453.4810764023
"9103",43592.2666615194
"9104",99728.2514869159
"9105",31039.215264115
"9106",62451.003372014
"9107",81802.4556000513
"9108",63791.3995854925
"9109",44532.598989905
"9110",71863.6471403647
"9111",61945.5638586322
"9112",33890.5396652513
"9113",105744.414265495
"9114",67715.975752362
"9115",37266.4713760081
"9116",61654.5132802437
"9117",46377.4511274729
"9118",76754.9933518241
"9119",57388.0128325542
"9120",42542.8185326134
"9121",68316.9618793225
"9122",35349.3077158933
"9123",36972.9496934226
"9124",10049.9969511474
"9125",101321.2412898
"9126",27590.7292003922
"9127",56383.7688616078
"9128",74821.0559074152
"9129",41207.4862947082
"9130",19192.1930547557
"9131",56535.041918672
"9132",111830.524427844
"9133",44319.906041687
"9134",47293.7761481568
"9135",78361.4697605764
"9136",72668.2242323141
"9137",72360.0419025341
"9138",73595.4222676075
"9139",89171.6816991132
"9140",58162.7387160773
"9141",95401.060482309
"9142",63502.624362146
"9143",87892.3268557742
"9144",53516.1651941377
"9145",36715.1717322762
"9146",62704.8798308646
"9147",106614.361064708
"9148",92138.9957487299
"9149",97648.2841339903
"9150",70944.9872561953
"9151",46595.5096671728
"9152",47868.6678383223
"9153",96794.049722255
"9154",31713.8878785795
"9155",23914.927256972
"9156",59538.4820525213
"9157",64347.8585445463
"9158",82604.4623441994
"9159",213588.573846958
"9160",52962.0502848781
"9161",68154.9430243626
"9162",65013.6573925047
"9163",63973.5135581661
"9164",88830.079473262
"9165",110731.612294943
"9166",87749.9833208193
"9167",118910.33838929
"9168",53545.729362214
"9169",47298.2615543028
"9170",26347.5537172428
"9171",47685.1693240364
"9172",68695.7094603454
"9173",60668.5917714369
"9174",81509.304734244
"9175",26484.9124058978
"9176",27023.0249046269
"9177",21255.3697470778
"9178",57959.374099475
"9179",69350.9963436636
"9180",55983.5438802694
"9181",69135.3411461022
"9182",56073.5145359352
"9183",57164.7187364533
"9184",103215.237242847
"9185",46610.568494882
"9186",84758.0861570657
"9187",72236.4465051906
"9188",86078.1374697864
"9189",56370.9733977151
"9190",33697.9483320555
"9191",86868.0851055391
"9192",98379.1095837454
"9193",48836.1107783546
"9194",153414.492507843
"9195",62435.9488905692
"9196",57241.8759562997
"9197",39402.8429850474
"9198",71283.8641364072
"9199",67775.1591246952
"9200",69345.7683039309
"9201",47922.0995585391
"9202",54016.5100754115
"9203",38171.6176177607
"9204",47831.4828964464
"9205",52189.491019998
"9206",52868.8912856986
"9207",73884.3662434125
"9208",53184.2537736965
"9209",52002.6557872601
"9210",52186.2500938897
"9211",106053.372716412
"9212",51259.3491947699
"9213",94139.139762016
"9214",45216.5729566571
"9215",13740.8560611698
"9216",53132.9765667795
"9217",44791.5949528001
"9218",72903.6462611221
"9219",46583.6620516049
"9220",46436.638180394
"9221",63515.4737043652
"9222",79890.7308395631
"9223",66654.4452695058
"9224",56477.7238528657
"9225",68542.0543117577
"9226",44481.0646553414
"9227",42332.8746831132
"9228",46709.5903363536
"9229",39710.9464797768
"9230",107655.232304673
"9231",77085.6188224546
"9232",77507.2943054682
"9233",52012.2758800385
"9234",59340.8773116975
"9235",37931.8248502283
"9236",114292.744386863
"9237",65274.7160786357
"9238",45420.6302007064
"9239",55406.3026196792
"9240",67472.1654668431
"9241",72468.2052200539
"9242",57650.0556801135
"9243",62148.5430405458
"9244",60288.2229947389
"9245",110943.092155606
"9246",58958.3286797918
"9247",33109.2003030614
"9248",156489.209447027
"9249",81278.6295183652
"9250",60076.6206723584
"9251",23097.483949534
"9252",90787.7218676263
"9253",43490.768507111
"9254",33079.1410964927
"9255",57459.5456680208
"9256",36201.7790421969
"9257",72921.6761867804
"9258",141231.185563859
"9259",76964.4550284354
"9260",39413.5846026209
"9261",52490.9218035942
"9262",71894.9710047474
"9263",38681.8999811022
"9264",17047.7254551161
"9265",80901.2634565149
"9266",80965.9280088769
"9267",49144.5159273899
"9268",170117.20421702
"9269",43952.9939857586
"9270",91252.8341411012
"9271",72666.9580612955
"9272",32929.7317674929
"9273",132830.569465479
"9274",73769.8835790742
"9275",38995.594230335
"9276",58389.67382212
"9277",43016.2656131013
"9278",38823.2694396072
"9279",49752.7434238422
"9280",52878.4651472605
"9281",63949.2614712905
"9282",87050.4914646881
"9283",37938.1835897808
"9284",58620.4637781423
"9285",67801.2814108909
"9286",64455.95651072
"9287",41522.3369581759
"9288",53667.2758196318
"9289",59392.4761754429
"9290",40426.3599365362
"9291",44162.3472441292
"9292",104429.555637811
"9293",50670.92127742
"9294",50541.8154896433
"9295",41414.3904840304
"9296",70601.8207395286
"9297",26723.0136099375
"9298",44090.923293445
"9299",39750.5891047361
"9300",54340.6479996558
"9301",70713.7274183908
"9302",65187.9057526765
"9303",53580.8393877701
"9304",41866.4295870779
"9305",95579.137094012
"9306",65816.4686933053
"9307",63475.4014059089
"9308",123510.232662026
"9309",64539.993849156
"9310",80567.7061941978
"9311",46020.4554128291
"9312",52689.6166873783
"9313",23731.2449496455
"9314",32075.6114938648
"9315",84119.1680900613
"9316",78944.1212147368
"9317",87053.9967295998
"9318",40871.9779298083
"9319",49022.1716850151
"9320",63458.4124519356
"9321",97628.4064534492
"9322",61381.7505336256
"9323",39022.1222847607
"9324",69363.8773919454
"9325",76093.4022533644
"9326",102042.817416422
"9327",43379.6193165572
"9328",52428.219379043
"9329",53803.9101191471
"9330",56286.5046758354
"9331",90315.9137288669
"9332",81278.1775172848
"9333",71237.0507342528
"9334",96937.9436047625
"9335",61180.0047671065
"9336",64739.8700609504
"9337",94167.8404864747
"9338",29239.9209713727
"9339",53118.5032912388
"9340",54306.538860764
"9341",105391.792938815
"9342",45883.9827230791
"9343",43266.1304510592
"9344",28329.3070753125
"9345",48203.1214212519
"9346",85175.5993393687
"9347",79819.3487383092
"9348",52773.5917650483
"9349",70629.5025280908
"9350",42896.5778349393
"9351",76391.12776207
"9352",104721.811456247
"9353",67620.7609112353
"9354",127767.164697753
"9355",44810.9155339312
"9356",67650.725315823
"9357",49279.5271654485
"9358",43739.0601673595
"9359",79890.2600451165
"9360",67768.7512384692
"9361",27732.9083374713
"9362",84378.8350140533
"9363",47168.1845529389
"9364",47233.0363215416
"9365",59820.4555363841
"9366",91553.7489506282
"9367",14272.6360403293
"9368",122600.918218974
"9369",68227.6279282228
"9370",80394.6088703209
"9371",29855.1797101119
"9372",96799.8406458555
"9373",40953.4832179699
"9374",133069.579284389
"9375",108312.530775827
"9376",88104.7083111901
"9377",75382.6451776587
"9378",106333.818914278
"9379",75363.6495399957
"9380",55690.9756463224
"9381",72553.7983547489
"9382",89548.8808246979
"9383",72184.9940069473
"9384",53492.0488961908
"9385",69093.5845852669
"9386",44090.5368997935
"9387",77520.861784656
"9388",67182.1804822374
"9389",39969.8082669638
"9390",66010.9226295865
"9391",76320.3319133031
"9392",80272.6329642647
"9393",58991.2807369581
"9394",78790.4831591974
"9395",51873.9786591322
"9396",59362.3017176545
"9397",119959.077456459
"9398",73298.3897662385
"9399",28481.805061192
"9400",26281.2161766351
"9401",58141.9428440593
"9402",51890.4862119042
"9403",51622.8215412245
"9404",88720.5216475642
"9405",69762.2814636236
"9406",48600.8072585446
"9407",84988.7082622576
"9408",81469.9040875783
"9409",73361.4027632254
"9410",45340.5084154617
"9411",73207.1224309265
"9412",67473.2716515288
"9413",48957.4622451239
"9414",114224.013294406
"9415",51989.728471507
"9416",64956.9246960585
"9417",32995.7137972526
"9418",63491.0293819866
"9419",74729.3365719065
"9420",85230.2095708078
"9421",58506.8367469139
"9422",53389.0494198754
"9423",53324.9492211108
"9424",41152.3807406515
"9425",28331.7475131862
"9426",67391.6965631928
"9427",54264.4706963288
"9428",62523.944831624
"9429",39843.9813979303
"9430",22221.4467979678
"9431",82276.8213976573
"9432",46584.8464206127
"9433",48366.0439519263
"9434",72833.3468938593
"9435",46030.9855735526
"9436",39703.2935478134
"9437",78918.3491456742
"9438",98177.8013552851
"9439",75708.7042170191
"9440",66222.3961835534
"9441",68885.95379242
"9442",62815.7218063415
"9443",73890.4238002128
"9444",81452.2967640663
"9445",21822.2699286412
"9446",46362.8591022447
"9447",63470.6794080001
"9448",59347.4866991666
"9449",79303.5663352897
"9450",97759.0282927752
"9451",52779.8594623586
"9452",39820.6855785853
"9453",62410.2416818478
"9454",101191.377118268
"9455",29831.0027720605
"9456",53927.147750528
"9457",41561.3246334462
"9458",88214.4737192763
"9459",104968.569793954
"9460",29206.2727466235
"9461",88277.900482545
"9462",69704.9858873313
"9463",70996.8844854013
"9464",71286.370254177
"9465",45613.515992433
"9466",46838.1586881933
"9467",49298.5086294965
"9468",54836.6637980355
"9469",62250.2867898043
"9470",76896.7956078981
"9471",37934.9276882455
"9472",40074.6509815184
"9473",40947.2975367388
"9474",64705.09632319
"9475",115402.691394702
"9476",94956.1645940805
"9477",67705.9729901316
"9478",53001.6668906645
"9479",114177.139109231
"9480",84849.5853412096
"9481",106760.82230051
"9482",58636.8701524162
"9483",43076.9424850671
"9484",41126.9028764218
"9485",79652.4072651938
"9486",50692.9662682426
"9487",44753.2785467341
"9488",56147.1308868991
"9489",74364.1523471381
"9490",30746.2576247209
"9491",53969.5330088845
"9492",80270.5239821952
"9493",49161.7025922573
"9494",33644.129974726
"9495",128970.087292345
"9496",62426.6902432207
"9497",131190.260673228
"9498",48651.2362215981
"9499",59319.4470987208
"9500",49932.7476800379
"9501",41976.1622029065
"9502",102801.289784253
"9503",84259.5088684553
"9504",29437.5962979448
"9505",69265.5266207226
"9506",69678.4748616709
"9507",55570.6264008123
"9508",106803.888432084
"9509",31602.2284042552
"9510",55895.4427149245
"9511",44406.4324203039
"9512",51103.7007599277
"9513",88085.9562987638
"9514",41252.043734008
"9515",34975.1402118512
"9516",54055.376784555
"9517",58812.9594947485
"9518",58121.137026913
"9519",57883.4100515022
"9520",57393.8721227304
"9521",75683.2097214644
"9522",45458.8939231384
"9523",29543.482377576
"9524",54879.0839832929
"9525",65925.1424884439
"9526",38424.4871334334
"9527",28801.0391523131
"9528",98149.0219687501
"9529",42651.7950374794
"9530",65673.3889413379
"9531",87774.6143529662
"9532",51086.1056877301
"9533",36525.3865806499
"9534",55520.8960001653
"9535",30835.1561727793
"9536",44010.437974383
"9537",33976.375983027
"9538",66387.9082296071
"9539",79146.8770771511
"9540",86417.36594506
"9541",82251.1647636157
"9542",113861.280998049
"9543",58043.8063646718
"9544",100856.960693475
"9545",35861.2596097591
"9546",25801.8166343553
"9547",40047.5125838804
"9548",86321.3194165404
"9549",48306.2746047478
"9550",51785.0031660473
"9551",48155.6565787166
"9552",49400.7975392057
"9553",62643.936719246
"9554",86435.2331258244
"9555",71833.673492145
"9556",39385.8138246506
"9557",50608.1397944893
"9558",30477.7561611375
"9559",28152.6657118061
"9560",146973.626897839
"9561",36460.581393327
"9562",38460.8508955626
"9563",48667.0952634714
"9564",22654.8628391839
"9565",118456.306827478
"9566",65823.7589380238
"9567",80735.9336502067
"9568",47444.7322897253
"9569",69177.341468585
"9570",71057.140296404
"9571",34784.0240936794
"9572",82874.9022244475
"9573",68143.5232742542
"9574",32166.4213662585
"9575",38653.4044042298
"9576",62900.8671119476
"9577",76514.1216935828
"9578",99345.2714865754
"9579",114445.357787747
"9580",117468.128506425
"9581",157987.555903822
"9582",51426.878955564
"9583",72170.7626771717
"9584",101903.841499906
"9585",62465.6613378288
"9586",56824.446295364
"9587",73417.4331602584
"9588",58276.533358585
"9589",76669.6180579162
"9590",96151.5473642482
"9591",57009.9972371725
"9592",54958.6426855141
"9593",65203.0933281599
"9594",42724.1821327066
"9595",28544.0336912326
"9596",111445.371049148
"9597",114743.671562089
"9598",47952.4940807699
"9599",101226.75686255
"9600",92097.7095570625
"9601",97729.3022347823
"9602",54336.3945912085
"9603",70394.7496983718
"9604",31386.5510572524
"9605",82310.6275168025
"9606",47151.6247270206
"9607",74717.5380946128
"9608",112218.860590326
"9609",43790.771050412
"9610",43006.5301453218
"9611",71661.4708955019
"9612",74205.6188356967
"9613",54464.6884913311
"9614",53220.2018330237
"9615",65221.953907386
"9616",57512.9780206893
"9617",31476.8069550986
"9618",57373.4277101392
"9619",73731.0148403449
"9620",140683.347329162
"9621",24128.1645204827
"9622",64112.487212969
"9623",59922.5217832488
"9624",59482.9184687098
"9625",25226.1881949464
"9626",146150.886140362
"9627",108714.464221453
"9628",50015.5744098641
"9629",38648.3565343393
"9630",37508.610437519
"9631",75074.4399351167
"9632",86119.2479473242
"9633",95712.2421724705
"9634",92832.1036499264
"9635",99381.6830513331
"9636",39402.5825932008
"9637",45273.6991269415
"9638",55390.507430518
"9639",56429.6652844863
"9640",68678.4062347038
"9641",70759.578727672
"9642",61601.6951713589
"9643",66824.841836783
"9644",55426.8041774521
"9645",53245.1611702559
"9646",81336.1276851904
"9647",48534.3406928431
"9648",39269.745281603
"9649",107766.040701492
"9650",99253.1758489142
"9651",80161.3734034071
"9652",90982.2435289714
"9653",39638.3888863972
"9654",168075.912192138
"9655",99091.6020617667
"9656",80332.530566994
"9657",87310.309098171
"9658",45365.7740441693
"9659",99903.409694872
"9660",34433.7372536724
"9661",55847.378120535
"9662",69683.4223110777
"9663",61312.5417874869
"9664",69319.2429039711
"9665",67837.9727848016
"9666",152701.86131835
"9667",49435.0145087436
"9668",47786.313334103
"9669",92807.5192858993
"9670",26408.9411316636
"9671",69993.4211577177
"9672",32612.8320258012
"9673",37636.813565961
"9674",35359.2410129436
"9675",63105.9263308974
"9676",34319.7214535067
"9677",73298.3451849874
"9678",51260.6790620633
"9679",52925.9237795851
"9680",38993.8642622888
"9681",49058.6458953458
"9682",65132.1542249279
"9683",35741.3069021237
"9684",153866.366747027
"9685",85579.3166146967
"9686",58750.4684607385
"9687",56979.5786064978
"9688",41030.7048606836
"9689",50531.8743810766
"9690",32109.3035445926
"9691",56961.5807735762
"9692",49545.0066922511
"9693",19975.9098635772
"9694",47518.1316731011
"9695",49810.3741572075
"9696",124524.300682162
"9697",40208.9155106547
"9698",82153.7829576379
"9699",81162.3551896409
"9700",136238.209236026
"9701",81541.2503772576
"9702",80460.6113033187
"9703",65738.7764770058
"9704",101631.065682502
"9705",43643.3750749228
"9706",49872.6709072217
"9707",57547.9401961852
"9708",62910.558232906
"9709",62708.1835444139
"9710",38495.0470083717
"9711",67080.8565536762
"9712",54816.6480064143
"9713",75682.5209297474
"9714",38157.783108837
"9715",56793.0934035858
"9716",99092.0378052915
"9717",36629.7859561779
"9718",58499.2567502398
"9719",51927.8660881114
"9720",20439.6292575166
"9721",40390.6151247927
"9722",59342.0127257742
"9723",72647.1900367317
"9724",60070.2296828153
"9725",52716.4608341053
"9726",48651.7526154671
"9727",91055.6795790328
"9728",120725.854889643
"9729",52646.3102346181
"9730",33874.884573361
"9731",67864.251357396
"9732",54932.15667719
"9733",64014.3551867492
"9734",66587.7162706669
"9735",130503.537314566
"9736",57817.1634764377
"9737",40715.6269302266
"9738",83925.6284944024
"9739",41778.7907488531
"9740",73606.6783023247
"9741",27557.2176935628
"9742",95794.2310299256
"9743",45092.564750779
"9744",57226.6738394615
"9745",73552.1317503808
"9746",71646.6456984049
"9747",83615.0374605788
"9748",52666.8627173558
"9749",75570.0270646783
"9750",48974.121319336
"9751",117007.564769887
"9752",55892.7135606755
"9753",61521.8047613437
"9754",108853.879112406
"9755",83880.0139206261
"9756",47406.432495114
"9757",49996.4810179088
"9758",52145.7649538031
"9759",128205.841061087
"9760",38438.434084221
"9761",90233.3679920792
"9762",88326.1351026721
"9763",68094.4465685848
"9764",60934.998121545
"9765",58510.5300106203
"9766",44101.265108176
"9767",37404.5725526335
"9768",84534.6378351739
"9769",152232.691936322
"9770",107792.710660127
"9771",35502.1647751392
"9772",77079.4922114853
"9773",62789.124827987
"9774",64143.3664906171
"9775",30098.8375915578
"9776",46586.6223647458
"9777",18722.4110652414
"9778",51258.8824081676
"9779",50000.3815930648
"9780",60816.7361988206
"9781",48580.061872086
"9782",34937.3084591513
"9783",64188.2601244695
"9784",82803.6450130521
"9785",87872.6056184488
"9786",84283.6854529124
"9787",17086.3808310495
"9788",34449.4024832482
"9789",53639.5199299237
"9790",98532.1379632931
"9791",52824.1878878091
"9792",81966.3722757657
"9793",32538.5843783476
"9794",47262.6985297558
"9795",53686.1044641569
"9796",34853.6720054561
"9797",51338.5885422498
"9798",46299.017133102
"9799",71614.5643455602
"9800",34756.7790944743
"9801",41846.6463168869
"9802",84229.8074453205
"9803",49853.5646728537
"9804",68346.3503283129
"9805",42267.8701463552
"9806",63201.9504752343
"9807",48418.1707830376
"9808",80970.73070753
"9809",107388.058644265
"9810",81592.9749022737
"9811",44959.7500524383
"9812",33099.7029543637
"9813",46044.7669818568
"9814",63328.8899091385
"9815",58006.0061758097
"9816",101577.647861654
"9817",48299.6792824403
"9818",120551.944005699
"9819",46379.2961830175
"9820",94784.663579747
"9821",56019.4951905133
"9822",32884.0455797895
"9823",53215.2099136295
"9824",52692.9733296907
"9825",34934.7290569221
"9826",38817.9488718258
"9827",55453.581829565
"9828",38093.8988708047
"9829",89077.3599668497
"9830",67904.6499025163
"9831",104327.587924873
"9832",62581.858758774
"9833",41993.6991509245
"9834",65458.1770643749
"9835",44358.1203928282
"9836",75889.7235908154
"9837",54287.6231699526
"9838",66052.5706430411
"9839",51024.8889917141
"9840",44285.8219681774
"9841",55719.273246983
"9842",125254.27166178
"9843",60523.3644605562
"9844",67991.4243239642
"9845",55981.9612476569
"9846",69786.4417779244
"9847",99995.6801301658
"9848",48081.3297383164
"9849",22665.5010114579
"9850",96318.007156164
"9851",112811.340585145
"9852",31760.6567229337
"9853",42519.2704874351
"9854",38251.367237366
"9855",79368.6069735364
"9856",103404.618143741
"9857",83784.0092346683
"9858",78178.9380477521
"9859",78829.6757398475
"9860",83435.2258260036
"9861",90356.84192508
"9862",58129.384232653
"9863",59623.5528955477
"9864",160802.991184718
"9865",78628.9193057735
"9866",70437.1538039141
"9867",50179.0653574349
"9868",64869.4361145468
"9869",70059.6129205444
"9870",28115.5336154627
"9871",27603.6250440392
"9872",61402.4515083459
"9873",43512.5891699304
"9874",76352.1774974099
"9875",40571.9142359969
"9876",70902.4954158535
"9877",54506.9987384249
"9878",71361.6575741885
"9879",45019.0179386098
"9880",90073.0306489624
"9881",47420.1284731443
"9882",30765.5446381968
"9883",83441.3827270145
"9884",74551.0722474971
"9885",56774.3669068608
"9886",76118.7772224118
"9887",56840.1887425556
"9888",81491.8242231871
"9889",85459.4348015668
"9890",68570.3980129593
"9891",55683.6793009196
"9892",64471.4173477265
"9893",17949.6611288261
"9894",61289.7376389026
"9895",84795.7194437641
"9896",47933.5489678936
"9897",64751.8891107417
"9898",59541.1454791373
"9899",119220.436818175
"9900",69148.6665242821
"9901",47116.8838005819
"9902",68143.6320173133
"9903",50680.1367223624
"9904",105966.56565142
"9905",94367.0701124193
"9906",56256.9606520418
"9907",140867.930124766
"9908",32435.9675798331
"9909",40548.2424045573
"9910",92071.6593673016
"9911",69006.1599327043
"9912",75537.8391507263
"9913",63445.5166201755
"9914",35767.893546145
"9915",47088.1741277586
"9916",67693.0542498863
"9917",78804.7398686809
"9918",93011.0726432422
"9919",51500.8389496584
"9920",83831.4040523695
"9921",99749.1429523827
"9922",62036.6148187554
"9923",70154.9599468285
"9924",66167.9199582837
"9925",62959.9169931058
"9926",50618.8432758161
"9927",83431.9114714304
"9928",56723.6530302292
"9929",22589.2483446538
"9930",97268.8375706897
"9931",78256.4263873793
"9932",97889.6210872661
"9933",55197.8121828153
"9934",34983.8787862378
"9935",50240.3752182949
"9936",33043.3014455228
"9937",67211.1050767395
"9938",68759.391982488
"9939",40951.6893317863
"9940",35712.1760874101
"9941",51870.5631066191
"9942",55780.0464935177
"9943",55383.4383318213
"9944",64058.8099271691
"9945",105469.529202532
"9946",44952.9057559561
"9947",117883.907447147
"9948",41683.9758721514
"9949",66334.812410467
"9950",84295.5570777716
"9951",66954.8704081641
"9952",66311.5228338037
"9953",56051.5956617073
"9954",68059.4357783012
"9955",63339.6929273758
"9956",94529.2526736265
"9957",40640.7954426601
"9958",41706.7397405571
"9959",76565.4079054918
"9960",93408.6892977518
"9961",84456.1559461225
"9962",97822.2411517697
"9963",58208.1910723391
"9964",54484.0118695782
"9965",39322.261968152
"9966",87202.7166254256
"9967",64273.1320887049
"9968",61692.9383712218
"9969",53716.6988651091
"9970",57411.3780334217
"9971",54414.8086984728
"9972",54532.2627032411
"9973",74543.3242190131
"9974",96219.8544543644
"9975",112259.532844925
"9976",116463.573890531
"9977",18588.3150004934
"9978",41607.8498312849
"9979",83559.0274430846
"9980",76126.791328166
"9981",58077.2825780608
"9982",49644.7530776143
"9983",80930.2343140826
"9984",62564.105887379
"9985",35289.0007942889
"9986",47585.7511204742
"9987",37067.748942976
"9988",85336.1329414332
"9989",42220.8658029368
"9990",28676.3037517266
"9991",43511.3447379214
"9992",60800.6638780859
"9993",77145.2125087518
"9994",40727.316457756
"9995",64042.3186639583
"9996",85461.6980292
"9997",65451.5481355478
"9998",87814.4512467217
"9999",34349.7264076792
"10000",63924.1911640419
"10001",41637.7841541952
"10002",69273.692221987
"10003",19490.5080111878
"10004",89140.7898613063
"10005",56928.7845976373
"10006",30777.2338436131
"10007",47097.5501037957
"10008",56852.7798885974
"10009",135887.96301553
"10010",36050.3914793848
"10011",73850.5434287088
"10012",105595.421161823
"10013",118543.511378376
"10014",47608.6999253814
"10015",63491.5144163654
"10016",34085.4815165236
"10017",63181.9430236871
"10018",102122.217668711
"10019",47533.4041016695
"10020",77771.7339009189
"10021",29550.042691003
"10022",102757.314667301
"10023",31518.0512768207
"10024",34429.6310935039
"10025",70474.9332314438
"10026",90416.6027335813
"10027",24064.2586327369
"10028",50064.855539417
"10029",70670.4340957045
"10030",101566.651719569
"10031",35773.1983856642
"10032",66405.9962222762
"10033",66510.8708886915
"10034",30123.2466221291
"10035",88871.1485172954
"10036",62388.3989295515
"10037",108945.167550886
"10038",94521.6835608031
"10039",72474.7817181241
"10040",52249.1404653477
"10041",59286.8870653162
"10042",61024.9066176555
"10043",107093.012751934
"10044",113435.365935339
"10045",88013.897135231
"10046",69940.7881936085
"10047",48955.3524538935
"10048",69176.0800622659
"10049",92111.7681530256
"10050",75945.9308358927
"10051",56088.5230452184
"10052",31090.1700183982
"10053",20657.4613560131
"10054",115853.54271957
"10055",121386.28198502
"10056",57385.9557734103
"10057",46788.5686904115
"10058",47291.3683313348
"10059",80275.7937808317
"10060",68674.1856976426
"10061",107909.770173535
"10062",63282.1076346228
"10063",41896.7112030738
"10064",84077.3686990017
"10065",35593.5965022057
"10066",33385.720436168
"10067",32987.0944801133
"10068",24791.014898447
"10069",83423.1766526026
"10070",77693.1957311763
"10071",44860.5679792603
"10072",94388.0443055633
"10073",55620.2991321169
"10074",48612.6600662134
"10075",36089.7965239936
"10076",50747.9532489029
"10077",51035.8680105574
"10078",50025.6115306225
"10079",42248.7469293498
"10080",76682.006492828
"10081",27291.5147468446
"10082",72027.246288225
"10083",29415.7499283557
"10084",63362.7007364073
"10085",59228.4541725412
"10086",64387.9511823995
"10087",69667.1808644499
"10088",40210.6635421475
"10089",69300.0279590095
"10090",71781.5028131922
"10091",46400.7443527576
"10092",52579.5642300857
"10093",150172.926099155
"10094",49714.7255137631
"10095",84952.9540276993
"10096",52517.4223846152
"10097",42312.4004651386
"10098",49933.316591568
"10099",103178.497242957
"10100",74194.8912442893
"10101",35995.9896369857
"10102",38654.7431505088
"10103",46715.6358365295
"10104",34625.7783686236
"10105",89536.5160338637
"10106",91502.4034587952
"10107",116507.849348582
"10108",76831.0976945042
"10109",26814.100328134
"10110",126953.17554667
"10111",51694.121769798
"10112",76940.4124562003
"10113",69035.07257309
"10114",52138.5892310698
"10115",55628.3759779728
"10116",43907.2010265015
"10117",83047.0643478049
"10118",105669.159679578
"10119",46876.0232421403
"10120",57494.5110740475
"10121",111354.208986924
"10122",134735.195312055
"10123",50920.1642576044
"10124",60084.9112453378
"10125",33850.9309799662
"10126",50731.355602615
"10127",72618.8509240458
"10128",29679.5817365378
"10129",31931.7947363691
"10130",62314.1159497913
"10131",67451.2704988171
"10132",39788.1701338126
"10133",76373.2552473735
"10134",67559.9738641915
"10135",139220.3630212
"10136",45927.809768926
"10137",124414.199599019
"10138",40438.1569666087
"10139",35351.7161494319
"10140",90564.6815718091
"10141",110768.081728423
"10142",84662.0202011904
"10143",60347.0458151732
"10144",93099.9474131064
"10145",77119.0313402241
"10146",68237.8104769526
"10147",54596.8164533649
"10148",44805.0729150297
"10149",60109.7426783359
"10150",52067.455711203
"10151",54618.5195933094
"10152",51861.2101627187
"10153",155412.994672489
"10154",111508.581453761
"10155",63194.2079650209
"10156",69769.7204346386
"10157",39535.577479341
"10158",49971.2337201909
"10159",73644.2470712781
"10160",34254.6293593418
"10161",43320.3157239881
"10162",27993.6977991891
"10163",73057.2881252273
"10164",38494.629192899
"10165",103073.59548675
"10166",48517.4360997308
"10167",101049.362043975
"10168",128164.56547062
"10169",56148.1167001676
"10170",77276.1898989265
"10171",55109.351715125
"10172",38010.1939747111
"10173",58947.8767289339
"10174",68738.759793192
"10175",59409.3086097443
"10176",64456.4456446101
"10177",66094.3427536105
"10178",83975.0732041525
"10179",46344.7361636387
"10180",47535.2822913131
"10181",60978.6634571721
"10182",77002.0624378985
"10183",48643.9855561673
"10184",196404.144191411
"10185",152647.047277023
"10186",24478.6104899054
"10187",89384.6848992526
"10188",62859.5314022373
"10189",66894.9691056702
"10190",77399.4673177141
"10191",85670.6632039218
"10192",23292.2922243983
"10193",105031.648855208
"10194",93957.5366261285
"10195",161519.956846814
"10196",117565.479453676
"10197",61885.2757345171
"10198",66062.2057932059
"10199",35865.5844608994
"10200",27585.6779422648
"10201",74737.335294401
"10202",60913.3496935112
"10203",64852.4110520612
"10204",62395.2950865765
"10205",71018.0829731601
"10206",39876.5077060741
"10207",67085.8466363691
"10208",93075.5105931592
"10209",92554.7986107364
"10210",48078.8122385242
"10211",35661.3805273934
"10212",33034.4844798119
"10213",110324.721778325
"10214",152810.478139108
"10215",77625.0697198772
"10216",72612.9305839407
"10217",74334.58976173
"10218",188067.591564453
"10219",34378.8780364726
"10220",26192.8191400104
"10221",91947.0459583015
"10222",33564.7486215206
"10223",94292.5867620001
"10224",41127.5177397757
"10225",39501.1263294171
"10226",118069.421089501
"10227",69707.8421551515
"10228",107777.182995881
"10229",80576.2510293618
"10230",63745.7453087444
"10231",27668.8471794025
"10232",52690.295121909
"10233",87667.4074830319
"10234",49570.8753962882
"10235",35293.5625870886
"10236",60746.5426970345
"10237",69766.5926948135
"10238",84681.5068310156
"10239",134070.202345377
"10240",84176.0262651981
"10241",39372.2257676401
"10242",66227.079340285
"10243",48337.0576407837
"10244",33574.1507849387
"10245",86734.5695837875
"10246",80931.4610398059
"10247",43520.2027715533
"10248",99654.8592474735
"10249",47314.2660635809
"10250",73489.4382219786
"10251",19421.5339042406
"10252",41977.7982237943
"10253",41930.9155811573
"10254",48855.0301157497
"10255",60069.4978965669
"10256",59261.4809631319
"10257",58569.1546933508
"10258",42836.3096682171
"10259",55472.545345323
"10260",47467.6466209266
"10261",32157.8427180204
"10262",101586.030298144
"10263",60071.3651346859
"10264",63428.6209809246
"10265",39889.9798651412
"10266",102893.925378488
"10267",58355.3113910823
"10268",47002.8186923099
"10269",35912.3662156303
"10270",44937.4697677425
"10271",60841.117207726
"10272",83988.8336595137
"10273",68641.6075205798
"10274",96425.6209548287
"10275",60155.3344652122
"10276",69683.6643031707
"10277",56815.5740934481
"10278",66049.2912829857
"10279",44294.8255503786
"10280",55122.1723435296
"10281",83043.2613246984
"10282",24988.2864488288
"10283",59626.0668570503
"10284",50067.0827222677
"10285",47166.8426114223
"10286",62545.9647635374
"10287",66941.4445865966
"10288",42440.3931711376
"10289",61407.9937196036
"10290",70218.6723593817
"10291",42785.6642798411
"10292",49408.1506097323
"10293",52853.4230931873
"10294",66662.2575567463
"10295",55892.6516655996
"10296",31059.3107763141
"10297",33961.6388185609
"10298",53310.8044052603
"10299",76945.7514492841
"10300",86208.077444164
"10301",83862.0388660155
"10302",69077.7503590201
"10303",67694.5943798378
"10304",36263.6908598487
"10305",85965.013058122
"10306",26030.7664693664
"10307",60059.7808361769
"10308",59862.991912805
"10309",71443.4460982572
"10310",85026.7181839364
"10311",85872.1219869404
"10312",68425.2945020613
"10313",29224.0321843587
"10314",57649.5850160306
"10315",63577.1822696715
"10316",103381.125493792
"10317",48381.7640771627
"10318",36315.1474356317
"10319",48648.3403014216
"10320",87544.9438954413
"10321",76534.2641941323
"10322",65812.0201760498
"10323",102400.313110724
"10324",74587.303506363
"10325",78770.711622821
"10326",98641.5039030674
"10327",35832.2198318926
"10328",102270.958425703
"10329",92552.2400865097
"10330",54014.7129671365
"10331",37944.6368615201
"10332",85406.0541170815
"10333",72836.0684485465
"10334",78281.1302163051
"10335",78595.2346558167
"10336",100559.288922933
"10337",24494.621475115
"10338",77513.0090735334
"10339",34894.0716826045
"10340",42165.6995743334
"10341",37112.0636877625
"10342",66967.0850523252
"10343",81701.4729595896
"10344",79891.25080727
"10345",58077.1644776474
"10346",69878.7366905039
"10347",54876.3239675072
"10348",44877.8802167701
"10349",41468.7766208458
"10350",71193.8496961313
"10351",122096.72016236
"10352",52851.4445583758
"10353",105998.143129848
"10354",50736.2318600047
"10355",44427.7166262744
"10356",42865.6061419861
"10357",34960.3432096474
"10358",42665.7803603588
"10359",122670.342539591
"10360",50378.7502428116
"10361",42375.3561230801
"10362",76110.0889520851
"10363",26834.9984896931
"10364",144632.602890129
"10365",51876.7270172881
"10366",33837.2627848578
"10367",44218.048354154
"10368",58001.3717887747
"10369",53845.2089116898
"10370",77358.0794014897
"10371",47679.3055157967
"10372",24937.8611133429
"10373",35401.3569206738
"10374",39646.4179094374
"10375",72681.7796321322
"10376",48486.6943782596
"10377",64314.1644564272
"10378",33843.8991730307
"10379",62202.2301024652
"10380",40884.2487799033
"10381",81310.6429258547
"10382",68501.3630130342
"10383",28086.225790467
"10384",52574.0482487374
"10385",72007.1318656209
"10386",70552.0982472682
"10387",71043.9481111637
"10388",88625.5764125776
"10389",33064.7425756033
"10390",86182.6540193371
"10391",50064.8469932093
"10392",136403.462835161
"10393",45524.676346751
"10394",81196.2287404545
"10395",85923.9224478313
"10396",55669.6873133453
"10397",115631.289552177
"10398",32534.3160817634
"10399",52566.6373738548
"10400",88248.1410829813
"10401",98093.5829561355
"10402",54453.564551973
"10403",60184.8533094943
"10404",44080.0607094561
"10405",142684.287223976
"10406",65609.9117998698
"10407",62901.0245144659
"10408",73333.6838749545
"10409",100961.928436448
"10410",62510.5277894156
"10411",41281.2512399089
"10412",62046.2942233848
"10413",78967.4257665706
"10414",31519.7364826283
"10415",117061.440661822
"10416",28620.2247785006
"10417",136483.688915692
"10418",41668.3190917011
"10419",34718.0095898976
"10420",48188.6613787744
"10421",66269.6520440398
"10422",76887.4889367311
"10423",67358.2455536848
"10424",57282.4261375859
"10425",38745.8546445392
"10426",71549.8983113629
"10427",46164.9394215467
"10428",66856.1084600834
"10429",60491.8939685043
"10430",49425.6501685248
"10431",65656.5642534047
"10432",70419.2208561415
"10433",39524.6059237635
"10434",33181.8138878577
"10435",46546.2287156015
"10436",87014.2323647766
"10437",65345.4944832402
"10438",94482.4136955033
"10439",127421.400672252
"10440",72722.4045806348
"10441",52711.9856687297
"10442",96449.4105202512
"10443",36354.0261583499
"10444",55891.0593217198
"10445",75034.6726351848
"10446",38099.646399414
"10447",105540.17030528
"10448",40928.1348829156
"10449",73602.3047159598
"10450",52235.4359421319
"10451",52493.0315737523
"10452",101192.915189024
"10453",102475.813497499
"10454",35412.8859617224
"10455",39939.7824266141
"10456",38718.1566132692
"10457",44699.7815654454
"10458",97123.957465022
"10459",117055.536028827
"10460",74595.6889271433
"10461",37042.9431530583
"10462",38329.4119745666
"10463",67607.6991614984
"10464",88437.8084546461
"10465",51275.3917594704
"10466",47875.1809511363
"10467",71462.088393001
"10468",75892.879439105
"10469",84538.6036650599
"10470",38443.4912569778
"10471",55769.6527382814
"10472",35539.5291596155
"10473",95028.5923675357
"10474",115189.931588964
"10475",69924.8825189223
"10476",47371.7653639403
"10477",72142.3733465685
"10478",58770.7448519208
"10479",59128.5970221911
"10480",66398.5920641626
"10481",96262.235532974
"10482",36981.1776788396
"10483",97716.1894345549
"10484",101614.020407443
"10485",54166.4734547976
"10486",70611.5846983387
"10487",43640.9118874119
"10488",29255.3505994723
"10489",80553.7661168917
"10490",85302.0912208061
"10491",61381.5519434208
"10492",39285.5134373259
"10493",41704.3156387207
"10494",49924.3309944837
"10495",48526.5018615279
"10496",107085.342879443
"10497",147645.482589923
"10498",65270.0157421919
"10499",35196.0554563951
"10500",51927.4782113868
"10501",104161.448783174
"10502",81678.2526601479
"10503",94127.6036925687
"10504",64372.937842767
"10505",42320.3426610908
"10506",32217.9918203087
"10507",41967.6426700169
"10508",69618.0735404286
"10509",59517.6139754176
"10510",106081.33456896
"10511",186450.381143103
"10512",79621.2327661595
"10513",42368.6289224872
"10514",49242.041722956
"10515",26438.6658323237
"10516",68315.1459040829
"10517",66408.7419546589
"10518",55943.1447220146
"10519",37511.0010568281
"10520",55562.5047517355
"10521",63756.5076939795
"10522",40826.3558594314
"10523",40652.6100675233
"10524",50940.0890264209
"10525",45468.1270493534
"10526",55753.8542122979
"10527",90323.6272035911
"10528",65515.7641761109
"10529",54904.511904181
"10530",61739.8735073434
"10531",41090.3805827662
"10532",73231.1084321767
"10533",31167.660168634
"10534",30753.3082711549
"10535",44479.4298814276
"10536",59317.1872387436
"10537",83972.4684907426
"10538",76584.8995898357
"10539",54077.5570803719
"10540",76570.822059568
"10541",35607.0849912252
"10542",73907.9927846184
"10543",31344.7188754895
"10544",46503.0429161376
"10545",97417.6491354628
"10546",52765.0662351672
"10547",126489.311525076
"10548",60142.3078081843
"10549",128628.162997863
"10550",77916.1880353597
"10551",148002.335907614
"10552",52977.2777636898
"10553",58045.0322235226
"10554",49437.332181522
"10555",28500.2387894458
"10556",42750.7812149491
"10557",50555.5905582155
"10558",67398.9045338905
"10559",57111.7204888045
"10560",44211.7439689613
"10561",93802.9300747113
"10562",26644.1088644343
"10563",54990.7224330127
"10564",90869.996590263
"10565",59881.075840237
"10566",109487.304965984
"10567",98909.9476472174
"10568",43326.6201105844
"10569",111538.083994871
"10570",43681.085842066
"10571",85887.4578288382
"10572",44840.6354450931
"10573",38675.3810842611
"10574",101123.559940428
"10575",63912.1806964778
"10576",34787.8569524868
"10577",60128.1269004182
"10578",103129.08088197
"10579",56336.9548899287
"10580",50639.477585885
"10581",58453.6651727235
"10582",68838.4658926046
"10583",131252.855665816
"10584",53581.254761407
"10585",54321.8450306624
"10586",45655.9177156456
"10587",47024.7668248905
"10588",37308.1978996384
"10589",33945.1238613512
"10590",102593.926130708
"10591",93473.7483949316
"10592",56817.0729673324
"10593",52141.2563695927
"10594",57129.5789941711
"10595",30952.6838064218
"10596",43842.6179886748
"10597",55441.3223967399
"10598",61276.3080379379
"10599",62631.5857547457
"10600",38419.8078730681
"10601",80299.4417520182
"10602",99176.5305517763
"10603",41206.7539972744
"10604",35588.8072679066
"10605",76250.3793886246
"10606",119356.542434718
"10607",99538.1850848877
"10608",32527.2461429743
"10609",116175.375845004
"10610",63105.1289870174
"10611",35388.3433931678
"10612",46226.6079586159
"10613",58345.6453298698
"10614",56147.8830638805
"10615",25304.5587352721
"10616",41154.187720576
"10617",77876.242642439
"10618",27791.294922945
"10619",68252.5057958424
"10620",70825.8191361419
"10621",54496.2568374969
"10622",69553.404836644
"10623",86288.6660219254
"10624",65040.5514577418
"10625",75525.7275598629
"10626",45472.9298229107
"10627",51188.7783838692
"10628",58637.9645492857
"10629",88720.6936273321
"10630",31397.5851154782
"10631",29583.8646652957
"10632",131123.104064469
"10633",32400.6045770102
"10634",47981.1690077216
"10635",123218.460881223
"10636",106938.828796761
"10637",48349.4466700759
"10638",53145.6343037632
"10639",22611.5080161168
"10640",43520.6229656707
"10641",44703.1241333332
"10642",58183.379835741
"10643",119113.397082324
"10644",49240.1458324164
"10645",69038.9811729217
"10646",38246.6733294866
"10647",85064.0776042023
"10648",85668.0796220567
"10649",43182.4264495879
"10650",86817.446659908
"10651",63369.637955471
"10652",56289.2251199718
"10653",56700.3003042314
"10654",58660.8419151561
"10655",39771.5472712134
"10656",79445.1374877092
"10657",44801.7470688401
"10658",23134.6134205873
"10659",45275.8005473296
"10660",63144.6664500728
"10661",29370.470275253
"10662",52312.9980843301
"10663",22068.2093007129
"10664",49469.9051229545
"10665",78061.1438829901
"10666",56945.5015934622
"10667",37148.2557714626
"10668",81399.4891994113
"10669",36059.6270289235
"10670",100880.644760066
"10671",75535.8320256865
"10672",89904.53380153
"10673",61115.4038546474
"10674",43260.631848387
"10675",99243.6683790812
"10676",34169.8358023153
"10677",104438.927433161
"10678",52989.675386299
"10679",72679.1997398647
"10680",46576.793360111
"10681",46041.7759847925
"10682",86223.3297355412
"10683",51611.0905866659
"10684",60715.7605963522
"10685",57494.918723287
"10686",80332.0342467226
"10687",48834.0245886908
"10688",63788.8913388406
"10689",92663.2232898042
"10690",50359.5394851116
"10691",44595.8073244461
"10692",51854.3250936294
"10693",39064.2962092802
"10694",74791.6299428306
"10695",67732.4808239565
"10696",44609.6525072232
"10697",86454.3148216954
"10698",48108.0577578627
"10699",39980.3705514576
"10700",53476.3550731528
"10701",28581.9005299154
"10702",68285.4055972572
"10703",78773.8348791656
"10704",57375.7787834858
"10705",75527.5154616488
"10706",21855.1554395725
"10707",31661.6174910348
"10708",56800.0552654045
"10709",89257.2709945538
"10710",71968.3523263291
"10711",47393.7923546241
"10712",44107.9284164944
"10713",25968.749844868
"10714",51128.8151675574
"10715",153862.985829543
"10716",157179.837156122
"10717",136096.543998377
"10718",56854.1728819263
"10719",55611.1023568478
"10720",95506.4260583268
"10721",68775.2711227534
"10722",101044.211471411
"10723",96938.9696876585
"10724",51379.2536053662
"10725",80657.6417264363
"10726",63772.582337609
"10727",114411.289734101
"10728",30394.127622047
"10729",50225.0123318821
"10730",46369.8229906578
"10731",71946.9767068829
"10732",46345.0306542799
"10733",73945.6721202408
"10734",63615.2416256895
"10735",24352.8312656628
"10736",64361.9439422119
"10737",80019.4295840209
"10738",39414.93967116
"10739",113043.933779026
"10740",80518.0675649444
"10741",101043.331801728
"10742",74722.7760167272
"10743",84054.743157897
"10744",104963.410303928
"10745",55589.713224153
"10746",53761.1392694845
"10747",51474.0169981978
"10748",63469.6075135222
"10749",54482.0375163091
"10750",80487.4708869923
"10751",146524.207506293
"10752",59355.6602623002
"10753",110975.442563679
"10754",63499.5621254924
"10755",69196.0270523961
"10756",73476.6905135806
"10757",34405.2320381621
"10758",81481.7943333459
"10759",51990.505147951
"10760",35807.0015867402
"10761",56036.1853458418
"10762",65232.6508406135
"10763",56507.554350803
"10764",129549.272358575
"10765",56073.2353658259
"10766",60254.6873183574
"10767",41853.1646582221
"10768",51846.3650864914
"10769",36693.6126994965
"10770",38632.6326738444
"10771",58254.4150688578
"10772",21561.9318712624
"10773",25558.7048595703
"10774",43872.3423453029
"10775",97246.8558372688
"10776",48118.5890197491
"10777",27194.2253918668
"10778",29679.3824269495
"10779",63299.3578736151
"10780",59278.5281372187
"10781",53820.0445285253
"10782",47750.9552808222
"10783",39705.5454409183
"10784",53500.0892337129
"10785",57567.5827966818
"10786",89958.5501935398
"10787",55316.9013845606
"10788",43494.1438928987
"10789",53332.4291847481
"10790",88791.5613635179
"10791",83424.8526223316
"10792",88519.910000593
"10793",118125.493790573
"10794",61039.1611005574
"10795",58853.339677485
"10796",45268.6960982112
"10797",97671.1714039942
"10798",48802.720118364
"10799",64858.9391070042
"10800",46996.621171976
"10801",40424.7041088418
"10802",62979.127764838
"10803",109308.808005339
"10804",34736.8423161369
"10805",83485.6994514299
"10806",64859.4007373183
"10807",46150.0876246645
"10808",65582.3717183522
"10809",80882.9676487745
"10810",32585.0471681447
"10811",124272.614059673
"10812",54179.1485621269
"10813",77697.7545442376
"10814",84569.7288666766
"10815",82345.0830500148
"10816",74157.6409847483
"10817",50400.0309858354
"10818",32323.8342399203
"10819",73032.1665260864
"10820",58538.7010126173
"10821",41255.2084539938
"10822",70756.3416008861
"10823",45227.8140370809
"10824",38225.4610464337
"10825",61207.7400885291
"10826",63240.4043041819
"10827",35561.1999055082
"10828",64839.9753594743
"10829",25713.8839451668
"10830",119238.560661842
"10831",17489.4187251567
"10832",44723.9129573551
"10833",30371.7923381942
"10834",52486.2653698552
"10835",52480.2819412196
"10836",101979.032058166
"10837",26524.8492047021
"10838",90346.052273071
"10839",99295.3986438284
"10840",44743.69855142
"10841",64626.15286526
"10842",33360.67556838
"10843",37103.5123937247
"10844",48287.3376745179
"10845",94598.6025374925
"10846",90129.9495948378
"10847",39140.6268164318
"10848",58133.7071431538
"10849",52139.794268113
"10850",46715.2454731184
"10851",112331.763580993
"10852",45637.3587232963
"10853",56485.9786894551
"10854",35071.048821989
"10855",40360.6723897449
"10856",59944.2285746267
"10857",41583.0395373575
"10858",81472.1058007715
"10859",32633.5352783287
"10860",69244.889888817
"10861",60465.2150150456
"10862",60793.8632001649
"10863",115622.358617375
"10864",90543.2707657879
"10865",57531.2766823892
"10866",24262.7547570145
"10867",66960.4664440272
"10868",77363.0231180371
"10869",32577.4142057266
"10870",70684.3358731051
"10871",81825.7600834343
"10872",58023.2112107365
"10873",93833.142255513
"10874",33332.3413724133
"10875",64275.6370560709
"10876",75545.0665592763
"10877",57431.7555216004
"10878",126554.913231674
"10879",84290.0600282314
"10880",64721.6433374746
"10881",43707.4547245358
"10882",36097.088406
"10883",60883.9073266806
"10884",64683.2357084967
"10885",95368.2416439702
"10886",94204.4104803489
"10887",103717.811022411
"10888",89541.204457547
"10889",65446.8725310488
"10890",30281.7390552605
"10891",58173.5211907438
"10892",52444.2118907221
"10893",31970.511013721
"10894",37755.6545460301
"10895",137161.701031344
"10896",69921.6969701306
"10897",37877.5018641234
"10898",54298.299713078
"10899",96746.231686147
"10900",74194.1892892252
"10901",42193.8876315737
"10902",37740.2739275534
"10903",45333.0763524228
"10904",53544.2829454005
"10905",101796.412403469
"10906",51156.1663346709
"10907",73391.1294456264
"10908",40551.5416331896
"10909",79646.3876575191
"10910",64777.8579868263
"10911",45636.9606707845
"10912",39325.925883265
"10913",137864.386030356
"10914",49609.3320024582
"10915",64855.6397166774
"10916",59029.2690608018
"10917",38825.8410867071
"10918",63889.8611928739
"10919",87853.162373868
"10920",111098.783437046
"10921",47424.9990628799
"10922",89757.1398946456
"10923",88450.3395786184
"10924",53741.6579411119
"10925",34308.2819403046
"10926",58558.9631869943
"10927",51849.6251639429
"10928",43573.3508707635
"10929",85277.1116686114
"10930",49467.4940328497
"10931",45436.4206254169
"10932",61511.4539346547
"10933",70046.4589425125
"10934",41988.2809799213
"10935",41846.1177058634
"10936",87337.2358355696
"10937",81541.245352732
"10938",56749.1591308287
"10939",63427.0626768538
"10940",98448.3931445779
"10941",70293.0310612401
"10942",41028.9294658129
"10943",95975.8091492121
"10944",82294.3570247829
"10945",66367.8366321705
"10946",49080.2855517548
"10947",46534.4296785716
"10948",62117.3912969266
"10949",63960.3993758312
"10950",30534.9372769081
"10951",67464.9290911375
"10952",85540.6941233222
"10953",36585.2845293196
"10954",66576.9475095945
"10955",51352.4613090946
"10956",66786.808982461
"10957",57450.334493469
"10958",88086.7124433774
"10959",39513.4368854992
"10960",58790.4492184795
"10961",34466.0260967943
"10962",60701.183979597
"10963",110678.401849716
"10964",67017.2948246913
"10965",39279.7349776393
"10966",49185.6124625143
"10967",48736.5177589932
"10968",39599.2843415621
"10969",52306.1144858174
"10970",54303.8012816434
"10971",83129.6573644258
"10972",43508.0789477306
"10973",84683.6657330433
"10974",81660.9300701871
"10975",31337.631824509
"10976",131394.664301056
"10977",71353.630763094
"10978",52607.60463229
"10979",52835.1003699551
"10980",50745.2128886471
"10981",114981.257195115
"10982",27820.9723604516
"10983",24316.5494697796
"10984",50393.2668495104
"10985",142253.455655807
"10986",85424.6700612097
"10987",80252.2924264566
"10988",44498.896418414
"10989",105678.036488079
"10990",53398.6538968679
"10991",63463.1414237922
"10992",61310.9081217976
"10993",53306.1285403385
"10994",149565.692215056
"10995",38720.3336040412
"10996",52733.2710330529
"10997",55503.8077610051
"10998",37816.0051539346
"10999",73763.4864457284
"11000",45010.5480729714
"11001",96927.8658517852
"11002",28208.7141906654
"11003",66852.3787262216
"11004",67520.3948085348
"11005",62088.5287031912
"11006",68179.2800713966
"11007",46752.6189437652
"11008",150305.537908156
"11009",62680.1120615117
"11010",33668.4902806615
"11011",56250.1796457422
"11012",99187.3103345131
"11013",81085.6024418285
"11014",59272.4068307804
"11015",49616.1782013036
"11016",80995.2244372075
"11017",83648.64771152
"11018",42042.465236254
"11019",66271.9677416906
"11020",109318.226555367
"11021",49614.566654683
"11022",64181.1488890537
"11023",43740.4156064855
"11024",62813.2627526508
"11025",71566.3282051722
"11026",48035.0031949358
"11027",56880.4190092389
"11028",90094.7044359294
"11029",61956.196461254
"11030",60497.7996918188
"11031",112593.078088048
"11032",58948.0413999185
"11033",41523.3208755321
"11034",53295.7169652754
"11035",33801.3751329027
"11036",65754.7634864992
"11037",66300.2246913659
"11038",84874.5772187025
"11039",59058.738901188
"11040",51256.151985508
"11041",66944.6984415611
"11042",68347.1377419728
"11043",37032.7457229481
"11044",36352.7727207038
"11045",73100.8526108679
"11046",51825.9549993842
"11047",61538.5492940268
"11048",56138.7262097836
"11049",92797.9179058824
"11050",34269.5968943039
"11051",68089.0595361007
"11052",65422.0372205566
"11053",133598.278883151
"11054",70502.4679277418
"11055",57909.3890240731
"11056",70245.5765737055
"11057",78225.1830554104
"11058",50587.5809239584
"11059",78671.6236018109
"11060",53882.8842105306
"11061",51909.4219168207
"11062",47914.0843399492
"11063",45713.0135072792
"11064",16514.273505098
"11065",54012.7428116072
"11066",41124.0789522867
"11067",47525.0533814253
"11068",65162.6618676888
"11069",42133.3377775439
"11070",103803.525764971
"11071",49848.8412298822
"11072",61283.8798475786
"11073",103556.24014086
"11074",107681.035734297
"11075",44465.8522722435
"11076",53371.7184701109
"11077",56946.2264901134
"11078",38687.8149184959
"11079",71674.0227691834
"11080",61464.8993235404
"11081",55238.9675335539
"11082",73104.8568297882
"11083",18566.8677426166
"11084",37071.9799115077
"11085",49226.2814777523
"11086",102696.137401917
"11087",45378.3599990802
"11088",149916.159611458
"11089",35852.5842185977
"11090",57763.5284945793
"11091",43548.5226268209
"11092",84822.7799242799
"11093",48845.3269400822
"11094",66136.4731096033
"11095",47725.2239207182
"11096",64439.1436107033
"11097",44411.9670698828
"11098",83790.9912674981
"11099",72460.7123586606
"11100",72555.942791075
"11101",56822.3328960459
"11102",128026.584828127
"11103",32334.2795022411
"11104",41348.4320507677
"11105",43896.3917671872
"11106",85328.2103850719
"11107",79243.6526794733
"11108",147798.201554151
"11109",29229.6239532171
"11110",85009.026183528
"11111",61910.3969481642
"11112",34040.8528724884
"11113",69876.5307319134
"11114",41635.67449582
"11115",59737.5134350408
"11116",57315.2392826726
"11117",39129.0533515331
"11118",44296.5787481879
"11119",61823.5131325177
"11120",149421.569978514
"11121",54593.5854258901
"11122",62102.71644586
"11123",39912.8980645928
"11124",47746.471190474
"11125",38723.0415764967
"11126",90474.1195802454
"11127",36404.7045375508
"11128",83542.7036787884
"11129",63431.6037981616
"11130",48097.7987648758
"11131",66154.4003722967
"11132",44837.6681335706
"11133",33401.1168900841
"11134",31021.634513235
"11135",47235.5788314527
"11136",84650.6192765689
"11137",57859.6585204637
"11138",28596.1647080868
"11139",95562.2248414342
"11140",59008.0458250087
"11141",39499.4230173134
"11142",63923.6184073575
"11143",100331.453826691
"11144",73176.2526612007
"11145",34085.4848588523
"11146",58509.5242674325
"11147",102928.763457917
"11148",144933.52320788
"11149",102705.245527066
"11150",87314.5926994378
"11151",87945.4262560524
"11152",43928.3213695974
"11153",114684.672655259
"11154",39141.0272674504
"11155",51652.3198348139
"11156",54709.2683640582
"11157",61895.0857034559
"11158",32278.9694582396
"11159",43025.6826403135
"11160",65530.5167497755
"11161",107003.033897544
"11162",88301.9133978502
"11163",59896.0065972064
"11164",45836.0435717931
"11165",39963.7530201036
"11166",73410.9455348704
"11167",38833.9372313955
"11168",94110.257071931
"11169",49723.4190002777
"11170",102612.548361598
"11171",50231.959650097
"11172",63027.5131498637
"11173",41163.379701466
"11174",41044.3152479792
"11175",66048.2181488235
"11176",32218.2958723268
"11177",52543.8905124993
"11178",62447.2799173056
"11179",87088.8351995703
"11180",59360.9711506372
"11181",60997.2632913186
"11182",81413.905211454
"11183",75354.0736660549
"11184",57598.4038096431
"11185",34661.9931033417
"11186",34723.3146852479
"11187",52826.45727589
"11188",81623.9917372095
"11189",69406.0589846858
"11190",78035.6800231856
"11191",49784.6534559379
"11192",45913.8684199954
"11193",37334.415444217
"11194",33903.2569905272
"11195",26080.6526993258
"11196",59299.2353665457
"11197",99986.8470034493
"11198",73956.2302747342
"11199",89609.859714856
"11200",62715.5109536831
"11201",44361.8905557356
"11202",83832.498007018
"11203",54634.7783992629
"11204",68033.5832450056
"11205",102050.69130139
"11206",127566.141708025
"11207",63371.7153863829
"11208",47962.5482729951
"11209",70806.4303037226
"11210",115643.396873161
"11211",64122.4396389961
"11212",43959.3549804774
"11213",28015.4359023787
"11214",28142.7046417155
"11215",70446.0179813435
"11216",46221.5149029815
"11217",59880.4206303263
"11218",61624.8953655189
"11219",52265.0792782627
"11220",66245.2982246746
"11221",50881.9307621734
"11222",73996.4350094956
"11223",43300.7154575474
"11224",39886.274224817
"11225",94694.491091378
"11226",88265.786016522
"11227",41368.6750327069
"11228",25949.846963089
"11229",80186.1760995134
"11230",70326.6405945742
"11231",39667.8719681988
"11232",53897.7116590151
"11233",57427.8094576734
"11234",99364.0654488366
"11235",40435.8896197101
"11236",61011.4610299175
"11237",102000.790897812
"11238",85561.2453699051
"11239",62749.7936726069
"11240",64349.9327583808
"11241",53503.4359416784
"11242",85956.6560878748
"11243",80698.9067649207
"11244",46015.7403707359
"11245",92293.3783302413
"11246",63545.6662638628
"11247",28617.5930615357
"11248",99250.2269301844
"11249",47977.9652899959
"11250",68006.9142875938
"11251",51702.8173115827
"11252",44033.5412669009
"11253",52194.5710224992
"11254",36282.1082091546
"11255",64134.2732960846
"11256",68837.2782107842
"11257",28031.173929657
"11258",62179.7984896327
"11259",92069.5393365841
"11260",79687.2387090617
"11261",70269.5104124251
"11262",52767.1393902011
"11263",132168.52998659
"11264",107066.628246109
"11265",66951.9082435256
"11266",79802.9954234812
"11267",92545.6671034792
"11268",70481.9130921829
"11269",51272.3361133214
"11270",61481.825494915
"11271",97132.7623107678
"11272",112165.497190322
"11273",52738.4390388359
"11274",92824.9355474752
"11275",37571.7461423329
"11276",45212.2965548893
"11277",36146.5490297718
"11278",52813.7686573971
"11279",71625.9301192223
"11280",135599.431733419
"11281",133587.471667757
"11282",78795.4063675337
"11283",65293.8596886268
"11284",80394.2407048325
"11285",68611.3073689248
"11286",52373.2957059873
"11287",107074.07987387
"11288",78982.9932837624
"11289",49393.5139952171
"11290",36090.9262863605
"11291",57609.1777502377
"11292",91246.9307063809
"11293",59593.7561579369
"11294",55145.0577078191
"11295",52287.5651559809
"11296",62064.4280411944
"11297",40668.9426523785
"11298",45842.5522295237
"11299",59665.4766353112
"11300",47745.2086982432
"11301",85790.0617557752
"11302",65509.4703431362
"11303",79256.8792649522
"11304",61270.3510239097
"11305",51397.0981106144
"11306",33036.6702436306
"11307",84737.0865158211
"11308",35705.8269414092
"11309",59918.6598462151
"11310",49746.1493858981
"11311",97409.6042075746
"11312",25359.9926874699
"11313",139924.567847505
"11314",56755.6943405976
"11315",35599.6320476174
"11316",31162.6012382219
"11317",95999.6517701037
"11318",67775.7044403639
"11319",42856.1643924544
"11320",48822.5417671189
"11321",36288.9652709881
"11322",46968.838893001
"11323",92122.0832602095
"11324",83427.3583845444
"11325",62413.8195900257
"11326",55555.1863238202
"11327",51320.7030009808
"11328",101164.139101661
"11329",44980.7823861101
"11330",70154.5941930062
"11331",46547.280505597
"11332",51403.5969093678
"11333",72221.4483946202
"11334",70693.9274199349
"11335",65877.8330789609
"11336",54456.5476415407
"11337",85172.4097053293
"11338",48097.1686181907
"11339",45782.3367517127
"11340",27722.63149399
"11341",85421.8547430555
"11342",70895.6133704259
"11343",54741.2586196673
"11344",36944.2416285717
"11345",66263.5254067788
"11346",37043.9368695317
"11347",49219.7489961638
"11348",41329.8279208174
"11349",62037.2287461741
"11350",37604.9013159495
"11351",88797.8794623284
"11352",98577.914657297
"11353",67310.9135671748
"11354",35500.1869642406
"11355",92300.5731861681
"11356",52762.1689633864
"11357",27672.6571362357
"11358",46687.568746731
"11359",57207.5450151924
"11360",80533.2663780322
"11361",50092.05276204
"11362",82840.0242303059
"11363",64521.0638990439
"11364",60848.2226358352
"11365",68781.0001166954
"11366",72257.2624324621
"11367",50378.1497342187
"11368",67537.0820744448
"11369",43881.5574262463
"11370",52420.7897845175
"11371",65941.1227267421
"11372",67726.163057008
"11373",102420.384743931
"11374",63582.5514055801
"11375",96843.37118206
"11376",94816.0211650452
"11377",24149.5482765789
"11378",130418.976102976
"11379",37640.7860889412
"11380",72940.500809822
"11381",57824.6499114945
"11382",42376.6151962708
"11383",37199.7967005178
"11384",62718.5190531851
"11385",39423.2015549198
"11386",56490.8842052027
"11387",101208.150093237
"11388",40488.135999332
"11389",110834.176423781
"11390",71033.2920386354
"11391",41813.1050053755
"11392",42427.8672671527
"11393",61922.2209018685
"11394",58680.5801443125
"11395",57195.5744942538
"11396",40685.0348666864
"11397",46068.7703990618
"11398",60436.2898260313
"11399",94606.2588414075
"11400",58979.3058112386
"11401",40502.2448780911
"11402",39056.7638666282
"11403",52817.0008563537
"11404",26878.072041365
"11405",41063.4377683083
"11406",71204.199520086
"11407",38419.8871231464
"11408",43519.0730162779
"11409",32719.2175689956
"11410",69034.0480111671
"11411",24549.9537320953
"11412",91037.1381964411
"11413",51719.0663037577
"11414",79266.4415974951
"11415",40456.0120812515
"11416",39582.5744280547
"11417",94781.0539313493
"11418",115609.645984581
"11419",65166.2435954864
"11420",36870.8011724974
"11421",46480.0031352659
"11422",99714.1270655339
"11423",59416.0938552035
"11424",88984.6082851532
"11425",66953.7911229659
"11426",68190.5415833932
"11427",78043.0906153822
"11428",66070.1430904607
"11429",38477.8638621504
"11430",39455.3837729132
"11431",110449.014649886
"11432",45108.0688286666
"11433",74038.4660810995
"11434",72201.1353299712
"11435",46302.257030361
"11436",71595.9070100685
"11437",83862.3938419175
"11438",97821.1961930794
"11439",65834.1190523109
"11440",40267.8786884883
"11441",84154.3372084929
"11442",112374.733837493
"11443",51637.0653525713
"11444",32391.4178526718
"11445",68158.9593037974
"11446",25731.7207495971
"11447",42197.3462630334
"11448",58572.3509327597
"11449",37520.5431492538
"11450",60735.4910282403
"11451",24259.1494152676
"11452",56983.7377294094
"11453",64607.363759558
"11454",86903.4656213943
"11455",41833.8688351894
"11456",93724.1190476887
"11457",39819.8663883085
"11458",54030.1745727586
"11459",33252.9751126147
"11460",42021.1064183003
"11461",61125.2048664911
"11462",41509.2427643966
"11463",35417.4593642576
"11464",58646.1327453064
"11465",48880.8296150172
"11466",67597.3588082524
"11467",53432.533905229
"11468",36196.6098853749
"11469",20381.3280686761
"11470",112993.187604102
"11471",43954.736142204
"11472",93352.4122082974
"11473",21055.3693494594
"11474",57551.1715648284
"11475",73489.1806465373
"11476",28997.2113705918
"11477",54479.5302353194
"11478",65522.8286328112
"11479",60393.9873642341
"11480",48216.5006615075
"11481",95875.797102788
"11482",51282.2512637794
"11483",32981.1864960737
"11484",84623.5288786063
"11485",52159.2290141947
"11486",48327.7952274446
"11487",88463.7471615521
"11488",47975.1453788607
"11489",46094.5990402417
"11490",51729.9080889546
"11491",73543.456857691
"11492",151742.889765715
"11493",157723.862797102
"11494",31369.5587409411
"11495",54307.8754649784
"11496",56334.6962180549
"11497",59622.5893003036
"11498",68304.4757498143
"11499",93897.7452365269
"11500",40515.5432946745
"11501",40390.7979987089
"11502",46069.4891409741
"11503",37267.3437416358
"11504",86086.4826386519
"11505",118455.325327798
"11506",73197.1544883755
"11507",34300.5696501951
"11508",92137.6957024
"11509",40169.1631667322
"11510",57288.8076693816
"11511",68928.7631112539
"11512",68265.1925091997
"11513",53307.3585535926
"11514",82796.3586468917
"11515",52066.0144406614
"11516",47512.2888541887
"11517",64393.5388745851
"11518",45315.7646924367
"11519",129501.850819588
"11520",46192.8358566531
"11521",90215.8157089957
"11522",59029.6642212712
"11523",51613.2445476692
"11524",59725.058849586
"11525",83923.7844270225
"11526",32339.1353778157
"11527",81100.2181913621
"11528",89344.4309891398
"11529",75025.8426889579
"11530",78210.2041670401
"11531",76475.5526799338
"11532",77874.8231433509
"11533",57126.962463467
"11534",64845.9216593481
"11535",92230.6288159059
"11536",112386.4342775
"11537",56381.8002469564
"11538",48858.1142880636
"11539",39813.6953311828
"11540",47863.1931442109
"11541",122903.797936047
"11542",111884.875842619
"11543",43666.1165303684
"11544",81961.8830675609
"11545",71969.142797746
"11546",35489.8349523294
"11547",79792.2353352653
"11548",48986.5925251655
"11549",46876.491932485
"11550",72692.9581502276
"11551",87972.1220976806
"11552",83445.1399387151
"11553",130570.127892416
"11554",46616.9280499879
"11555",150022.291530189
"11556",80053.7683745997
"11557",60528.4349762425
"11558",30491.4091543944
"11559",71052.4756329994
"11560",37939.877382925
"11561",103367.143250502
"11562",40239.6392062471
"11563",21874.8603586154
"11564",76836.2136472507
"11565",54263.4121471896
"11566",46599.9683057473
"11567",75150.5835323598
"11568",48131.1358304094
"11569",111352.607684731
"11570",67149.0226997163
"11571",70426.4042798886
"11572",80448.8458863
"11573",59690.8839012962
"11574",80972.2379013521
"11575",81872.7286084225
"11576",68303.8533080729
"11577",64605.323760746
"11578",34856.1594315594
"11579",54103.0511077721
"11580",78637.6688614684
"11581",63444.7770702592
"11582",19022.3807814022
"11583",62354.3360677857
"11584",49658.50973783
"11585",57962.7599478772
"11586",37573.6234100006
"11587",46873.3306792499
"11588",53041.6261660413
"11589",65117.097916956
"11590",46858.8071173236
"11591",86832.5509702097
"11592",111921.489597657
"11593",59813.8003844624
"11594",46196.7398758234
"11595",61699.9356219933
"11596",58921.7481122222
"11597",41225.294165471
"11598",52559.5973618261
"11599",52304.5832958625
"11600",29696.9863658991
"11601",44586.6322714112
"11602",47796.6469812274
"11603",33357.4960315598
"11604",46897.5776112537
"11605",63245.2673654858
"11606",107039.822025847
"11607",38468.6063450909
"11608",43494.8862241478
"11609",49427.157796612
"11610",47871.8752381432
"11611",45397.4175749092
"11612",102202.174629418
"11613",52146.2260277828
"11614",81812.4235868537
"11615",87692.1373690757
"11616",28943.4972934186
"11617",137223.597295996
"11618",83143.5712989741
"11619",49439.3881667677
"11620",55136.143050579
"11621",34169.5292018668
"11622",120018.253927107
"11623",113119.0156259
"11624",41080.7208300122
"11625",64208.9732207953
"11626",61211.4727707589
"11627",34882.8881487094
"11628",106279.900214293
"11629",56163.9149200932
"11630",75186.2007361551
"11631",65252.7212278032
"11632",53490.0222418354
"11633",79150.7789311123
"11634",76208.3716296951
"11635",53255.5150636694
"11636",30167.939048267
"11637",36162.7999019038
"11638",144648.551109632
"11639",117401.13796286
"11640",81811.6336824675
"11641",67016.4526513992
"11642",46411.3931992204
"11643",76074.9943460993
"11644",81398.6736697483
"11645",51083.2388751918
"11646",66506.3203186992
"11647",40914.1525744414
"11648",72099.855452756
"11649",39971.3278025089
"11650",87264.7443175884
"11651",76712.2950817503
"11652",31000.128413979
"11653",87373.5489803376
"11654",81305.0992318173
"11655",29835.294546677
"11656",50267.7497424182
"11657",133640.833613361
"11658",48227.7287479214
"11659",48704.4460374368
"11660",50396.8910873352
"11661",82229.8347078265
"11662",33523.0889842952
"11663",72814.185546374
"11664",50866.4147031563
"11665",60817.5243353738
"11666",57852.8549387129
"11667",47559.911643813
"11668",54239.7488725598
"11669",37727.9692322005
"11670",43435.7573194518
"11671",39935.3291017679
"11672",68609.2522129739
"11673",123360.996943224
"11674",26745.7628660708
"11675",54872.2292255955
"11676",52957.1084829879
"11677",52632.0389080157
"11678",37461.018509962
"11679",99592.5350929838
"11680",68119.710568596
"11681",103620.698261173
"11682",45200.9911860515
"11683",81004.367227171
"11684",25400.7803493429
"11685",20263.3415397815
"11686",57548.1601041541
"11687",68881.9221166045
"11688",86373.1153725369
"11689",48239.7007311018
"11690",75676.6987485007
"11691",51516.9789617299
"11692",42789.6205707682
"11693",37739.6295970787
"11694",27433.0105501841
"11695",67730.8542693336
"11696",149124.77161108
"11697",40508.6209376602
"11698",57599.0614548834
"11699",73228.5912680718
"11700",47478.2730142825
"11701",75119.2807912916
"11702",74465.3283067861
"11703",92525.1946459397
"11704",76838.0196634822
"11705",47069.1825403111
"11706",68932.805592215
"11707",121525.618386072
"11708",55983.2534283377
"11709",55172.3270038451
"11710",61535.6435487743
"11711",17556.3504493219
"11712",52161.679326056
"11713",75654.2981541609
"11714",72556.6374435813
"11715",36083.4770706328
"11716",42254.1365854356
"11717",74024.0103192458
"11718",35716.9792980105
"11719",83386.5217629353
"11720",42272.433643739
"11721",55587.6632868649
"11722",61920.9707160139
"11723",24064.0732361762
"11724",73938.4849210408
"11725",32956.1579830849
"11726",104301.996500583
"11727",88871.6555036772
"11728",67870.9355956824
"11729",55607.7497020426
"11730",101713.398960679
"11731",44512.5595263272
"11732",27431.8400980447
"11733",42347.382026005
"11734",21896.6707840603
"11735",104351.866982616
"11736",62334.0889278752
"11737",60857.0486295943
"11738",83783.3618919398
"11739",87009.5467366913
"11740",26396.3131620243
"11741",26073.7958996458
"11742",31427.277900164
"11743",51576.2187305108
"11744",101566.988571238
"11745",59542.2243502387
"11746",39558.6549443214
"11747",33548.59476339
"11748",77760.7678332378
"11749",40985.4839290997
"11750",46184.0467867366
"11751",48403.4250896713
"11752",70788.9365786168
"11753",70297.9443954768
"11754",52693.3020308901
"11755",64232.9602860646
"11756",48938.1691786816
"11757",31030.2153411581
"11758",36741.5000198208
"11759",75345.8947562972
"11760",41504.1489672783
"11761",55372.2559397112
"11762",69683.5012454154
"11763",40542.0754867979
"11764",69029.3270473671
"11765",87237.7696615898
"11766",94703.0750811261
"11767",71674.1267124269
"11768",61392.2196178239
"11769",37962.420557715
"11770",43892.898434849
"11771",60470.7969359183
"11772",29138.8546248227
"11773",43803.6171821441
"11774",38638.9909383934
"11775",57236.2563955721
"11776",60075.0223862007
"11777",105656.468468593
"11778",41865.2801505706
"11779",61663.6824179504
"11780",35653.3434293795
"11781",43636.5526174449
"11782",49860.6351031481
"11783",56678.1040198197
"11784",59114.8688990559
"11785",66880.4456742234
"11786",40101.3106742459
"11787",78806.5366857846
"11788",40131.8128437095
"11789",52088.804828986
"11790",39983.5539785289
"11791",89623.8626161915
"11792",27374.8744904937
"11793",52532.6937745789
"11794",29577.5496737199
"11795",80968.2952208049
"11796",47028.0726608207
"11797",60038.5971292691
"11798",82283.1574006289
"11799",69376.2006540107
"11800",36679.6804196898
"11801",58320.7684770896
"11802",43021.8565172593
"11803",65808.2479676618
"11804",40385.2925630367
"11805",112257.49501298
"11806",50588.9689401054
"11807",43554.7326775285
"11808",103075.057849511
"11809",113909.336712583
"11810",55721.2389651481
"11811",76718.4507185918
"11812",78898.7025911291
"11813",53612.3334534239
"11814",54962.7648103098
"11815",51970.7100272541
"11816",50865.0935626844
"11817",72732.5100222115
"11818",95700.6069193165
"11819",155853.092169332
"11820",46886.6936765026
"11821",79397.2108162934
"11822",21750.2648787821
"11823",37057.1198667552
"11824",102482.960510008
"11825",50693.4712574339
"11826",86912.3478505126
"11827",94850.1835613459
"11828",40705.143888231
"11829",45825.2151101341
"11830",44787.1304358558
"11831",67683.7198645627
"11832",85046.8907270272
"11833",122580.471075381
"11834",105320.930199359
"11835",73774.026656702
"11836",74851.5071333563
"11837",86831.6675104844
"11838",59354.4784927278
"11839",39381.6431706146
"11840",79877.8736347219
"11841",91022.3881946824
"11842",90509.0624573163
"11843",61481.6423283654
"11844",66918.5720965163
"11845",82907.7720039647
"11846",94163.7778561149
"11847",74769.8615522324
"11848",48900.4573804117
"11849",72291.3115905221
"11850",67539.5057549966
"11851",130367.69455915
"11852",35557.8017939894
"11853",58634.5015417742
"11854",97331.0327126674
"11855",66676.3761417533
"11856",53682.2536130803
"11857",41325.6304928636
"11858",45654.6374991128
"11859",68359.4728699489
"11860",50191.733351337
"11861",79057.9763445197
"11862",82104.1791617304
"11863",45939.5557730297
"11864",65277.5431456178
"11865",81384.8368057237
"11866",64792.2999152996
"11867",69742.0101625868
"11868",34173.6721329926
"11869",120841.681620299
"11870",100197.702246439
"11871",35004.6433731755
"11872",77647.4053065305
"11873",108605.474229371
"11874",45365.7026925728
"11875",30843.0587772775
"11876",55803.2798254917
"11877",36202.5976676118
"11878",60547.8556550646
"11879",33959.300611753
"11880",85623.0530929151
"11881",77445.5843839066
"11882",63890.8052607497
"11883",76821.9116578565
"11884",73159.3353895635
"11885",78681.6922151973
"11886",61234.2185554286
"11887",63227.6478410751
"11888",30503.5028350378
"11889",99735.5340268055
"11890",56861.0734311521
"11891",47808.2286772733
"11892",82437.06714453
"11893",71215.6711829569
"11894",82042.856714275
"11895",73188.5081130403
"11896",104075.597758494
"11897",99542.9276531729
"11898",92956.9953211615
"11899",71846.997033407
"11900",150756.32813936
"11901",158901.90205522
"11902",81994.2745047948
"11903",52411.863808456
"11904",99619.2980368496
"11905",64855.8329141458
"11906",92058.842434786
"11907",95478.9928581405
"11908",64006.0740682363
"11909",48951.1127465719
"11910",56752.0533427525
"11911",55032.1148310315
"11912",92252.6908911109
"11913",53956.769726848
"11914",53337.6498374622
"11915",64154.0479823199
"11916",35643.784004864
"11917",57165.3488588055
"11918",81922.8546702505
"11919",63205.8658552115
"11920",37582.0734809183
"11921",51971.0604109412
"11922",59666.3920383772
"11923",65886.9094538544
"11924",63820.8162048745
"11925",53436.7642354389
"11926",47723.3765333436
"11927",77852.7391494846
"11928",69417.6110756892
"11929",98699.3847325615
"11930",43609.8914709753
"11931",53095.1343032639
"11932",47312.9463045279
"11933",31053.918426293
"11934",51394.9149563519
"11935",97933.0257116382
"11936",66111.161754286
"11937",64588.983372679
"11938",25563.5086713029
"11939",126259.329104379
"11940",127816.707727508
"11941",56706.2134677279
"11942",60411.9714578519
"11943",33189.4978872276
"11944",56292.9637900639
"11945",66016.5800980696
"11946",63258.572590328
"11947",39677.2610695332
"11948",74021.2297636338
"11949",40839.1247652286
"11950",97555.4898701206
"11951",59410.3738107774
"11952",42310.606871156
"11953",78206.4520682611
"11954",94415.7482752812
"11955",59741.925631444
"11956",38778.5319165762
"11957",68931.7200395961
"11958",113132.589493085
"11959",100515.310762448
"11960",46256.0864115546
"11961",125933.763673004
"11962",102753.81990162
"11963",73309.5701295382
"11964",63710.4948958177
"11965",85986.4276851919
"11966",46089.0774117127
"11967",43055.4533723247
"11968",126454.195876984
"11969",50584.6618027585
"11970",57472.3132900323
"11971",38144.7900965124
"11972",58298.71721544
"11973",95396.4388263672
"11974",59188.7569470267
"11975",75610.9948126327
"11976",55166.7577544457
"11977",56532.229175764
"11978",55948.3390524368
"11979",53510.1876311035
"11980",61022.8174833284
"11981",47868.9985658783
"11982",39353.1009824256
"11983",45215.0559303142
"11984",59702.6537217022
"11985",66394.7443396408
"11986",71331.5796534172
"11987",50143.0775552512
"11988",37270.8840369218
"11989",52952.0674152627
"11990",63735.0939999777
"11991",49307.9471923794
"11992",56174.8767901192
"11993",45331.0018197029
"11994",40151.4196467641
"11995",82778.8777868446
"11996",53790.7637474886
"11997",94356.8697808376
"11998",48535.7868012992
"11999",56863.7977806116
"12000",73035.0768556047
"12001",74661.0645066168
"12002",48022.9478583613
"12003",65872.8401666347
"12004",36390.9974561047
"12005",54825.7322171713
"12006",41121.6814569375
"12007",51393.0925945779
"12008",53391.9912171274
"12009",62271.2834180248
"12010",69629.2721327904
"12011",57458.0121442715
"12012",45772.1984629427
"12013",69147.181813203
"12014",112852.742100199
"12015",83066.4291522296
"12016",69799.3851155457
"12017",95184.9995985545
"12018",52623.361758241
"12019",92888.8127068282
"12020",52113.7633260901
"12021",56454.1648272078
"12022",55913.2135616655
"12023",93128.286486355
"12024",72113.1744586734
"12025",75641.8858973615
"12026",43077.5401665383
"12027",96695.1049619789
"12028",77497.1949989587
"12029",54164.8862098304
"12030",34203.4705404427
"12031",112152.106200674
"12032",51490.5493455282
"12033",46447.7843489055
"12034",100401.237158439
"12035",62269.8786069245
"12036",63955.9851059077
"12037",60127.1258315374
"12038",52242.7464759801
"12039",35994.1280755897
"12040",79732.7244961803
"12041",43762.4117182115
"12042",78844.15859179
"12043",70937.4146233895
"12044",38211.9877208145
"12045",50458.0999535947
"12046",155185.353808032
"12047",138328.499840107
"12048",68349.8643116264
"12049",43793.3522731037
"12050",63474.8710910326
"12051",127988.682622187
"12052",35072.6541137488
"12053",90494.1370923311
"12054",34320.8131135185
"12055",65870.1275451789
"12056",65645.6724679864
"12057",46806.330860617
"12058",16075.2774501174
"12059",51411.7181911748
"12060",116745.476579175
"12061",38515.2248917617
"12062",61876.1258107192
"12063",50823.0033712531
"12064",33209.7300406542
"12065",39724.3523894654
"12066",49522.5466065585
"12067",98632.7310197149
"12068",50508.4534860557
"12069",63655.2105119523
"12070",66570.1008596882
"12071",37693.6184276762
"12072",56777.298248174
"12073",53864.6816977286
"12074",72730.2782124179
"12075",79119.9787881359
"12076",47773.5529791006
"12077",49264.15376003
"12078",88351.4014041189
"12079",74609.0062339311
"12080",33427.8846151469
"12081",71804.7706162709
"12082",87403.3772965058
"12083",96827.0365782633
"12084",88711.1857935518
"12085",70077.0777742058
"12086",58785.5590787904
"12087",70794.9409936597
"12088",28866.7952599401
"12089",38947.3794918466
"12090",46654.7799685704
"12091",100955.295646447
"12092",50643.1437424889
"12093",63426.3955601899
"12094",77918.3174912461
"12095",43305.8996561614
"12096",61349.4649004511
"12097",69979.6649334829
"12098",30514.2377827841
"12099",31212.0551195478
"12100",130131.188148891
"12101",25288.1818308874
"12102",66426.2803530686
"12103",70652.6002693745
"12104",41723.0968253847
"12105",45871.6703451557
"12106",58271.1885371459
"12107",34506.0793102105
"12108",43425.9861159563
"12109",57789.6449927885
"12110",38911.9336233267
"12111",90288.0661697449
"12112",55631.4291605878
"12113",37904.5228367919
"12114",45415.4259443162
"12115",50072.7798853858
"12116",49066.50075429
"12117",81927.6611544766
"12118",49758.8671446191
"12119",130543.855753449
"12120",108963.199815623
"12121",98589.3751485215
"12122",70222.4189895459
"12123",47861.008832791
"12124",37052.0184864218
"12125",65606.9119003966
"12126",74567.2741867583
"12127",164643.014998515
"12128",47005.8862569749
"12129",47751.6401077028
"12130",55450.341091755
"12131",58202.8070556273
"12132",55746.5695057436
"12133",63539.4258281879
"12134",74007.7637641945
"12135",53934.1819567556
"12136",54198.2998819369
"12137",80041.238741074
"12138",60454.9544994597
"12139",35425.2885982305
"12140",91182.6663304832
"12141",74229.9802680621
"12142",103946.631479626
"12143",47812.8945670658
"12144",61195.9582789802
"12145",40580.280959269
"12146",64862.5147130799
"12147",47946.6702950277
"12148",46330.0721663868
"12149",73815.776811533
"12150",35497.6865710311
"12151",62494.9407960689
"12152",54069.5439391845
"12153",79592.2920109081
"12154",26611.2603693462
"12155",65578.8624073252
"12156",66638.9692237371
"12157",77941.9352652533
"12158",50576.7155603197
"12159",42145.6717167377
"12160",59432.4980929691
"12161",48591.4641892882
"12162",53918.8692233394
"12163",78634.3959594567
"12164",43272.3778875393
"12165",84373.6423518384
"12166",35083.2192415924
"12167",78394.8846867788
"12168",53334.4896703445
"12169",60125.1107995459
"12170",80973.8345933529
"12171",65693.1817275971
"12172",123521.445291944
"12173",70716.1365153872
"12174",55248.4326209406
"12175",62690.5659612104
"12176",104028.999442954
"12177",40450.5386851483
"12178",55974.4011911651
"12179",31013.680609896
"12180",47290.6917501884
"12181",108497.892204465
"12182",53857.2344806531
"12183",153722.73122502
"12184",86831.8509004521
"12185",38966.5033323761
"12186",70409.2703803562
"12187",60209.5179662254
"12188",38140.6816117831
"12189",45368.4419639006
"12190",51562.9652641422
"12191",69091.8308470389
"12192",49575.1382572849
"12193",91094.8050377406
"12194",46658.2536763074
"12195",54734.7531074516
"12196",19773.5709690866
"12197",24591.4584205227
"12198",35078.5588476695
"12199",17343.1517980832
"12200",204674.887294714
"12201",88712.6807887318
"12202",52954.3108652166
"12203",61162.6019196513
"12204",103562.125042172
"12205",56957.3908952024
"12206",45527.2063525622
"12207",61612.5498684696
"12208",61949.0869787177
"12209",26482.6403367776
"12210",111285.235501147
"12211",57845.3035527647
"12212",63299.1950447756
"12213",94898.8008308061
"12214",71991.0319371322
"12215",78960.2075159098
"12216",63264.6893031919
"12217",120746.959346737
"12218",75760.0646470061
"12219",29712.0915623288
"12220",71560.1789860143
"12221",51909.7851228981
"12222",42598.2529787224
"12223",96604.1977114953
"12224",43445.9463465483
"12225",88210.4733737968
"12226",83241.8279489912
"12227",64533.6230812919
"12228",72758.2573340308
"12229",50573.5838096513
"12230",58052.2099487593
"12231",39607.9974798641
"12232",53456.3511120625
"12233",51356.8047528575
"12234",59588.8022718625
"12235",45786.3301700815
"12236",97406.8364422166
"12237",109744.041863058
"12238",82340.8073222583
"12239",45641.8259140133
"12240",57860.4175254898
"12241",91138.5911380876
"12242",74798.7821106224
"12243",88886.6377611376
"12244",44031.5893371994
"12245",43427.708488985
"12246",44313.2155132647
"12247",67657.5929401058
"12248",62076.4756653117
"12249",42986.6309969666
"12250",61103.0247282129
"12251",31891.8809908416
"12252",74818.2561483024
"12253",92804.1303268807
"12254",61960.6137773793
"12255",140626.362617004
"12256",43866.5992458123
"12257",30055.5508535355
"12258",109176.690364162
"12259",130774.819233828
"12260",25512.3799721706
"12261",53934.7278158154
"12262",76852.433946704
"12263",53643.5432056936
"12264",107008.894877195
"12265",65251.6228300313
"12266",49887.8983100971
"12267",54561.0311472142
"12268",30467.5908751256
"12269",69348.909333481
"12270",113627.825510587
"12271",56171.5319024755
"12272",52536.462347473
"12273",39524.1272084247
"12274",69578.6286877259
"12275",37275.7040820849
"12276",68304.2053461691
"12277",54013.5185545868
"12278",52818.5759410695
"12279",75768.5609141044
"12280",71861.4615207517
"12281",51124.4623579503
"12282",41547.049386854
"12283",93081.2971378278
"12284",23504.6180437794
"12285",35859.4407001735
"12286",141548.516016986
"12287",109933.321279822
"12288",32671.9945518393
"12289",55061.6177894029
"12290",94550.6554718192
"12291",36837.1823209978
"12292",90104.2367211775
"12293",87829.6332896596
"12294",50825.6470202746
"12295",98362.4093907966
"12296",67662.0292040005
"12297",49314.9798267048
"12298",60657.0169967966
"12299",39142.4325580924
"12300",86978.2891846483
"12301",53888.8636516775
"12302",56116.7322078372
"12303",36954.7918812635
"12304",69668.55232674
"12305",57040.3317546947
"12306",107488.57513674
"12307",101319.594012737
"12308",61627.8675464931
"12309",85870.9491957955
"12310",92399.1958341704
"12311",110348.482802068
"12312",65244.8221656486
"12313",72107.7499623499
"12314",40275.4585212729
"12315",63555.4399091924
"12316",41187.8021766777
"12317",74547.8641427069
"12318",38677.1859290961
"12319",46587.9799670723
"12320",77144.003758249
"12321",42894.374831517
"12322",60628.8299535766
"12323",108543.179201688
"12324",47768.4556360503
"12325",71445.2791951673
"12326",63715.2201378896
"12327",58309.9785750101
"12328",51872.707053616
"12329",56312.7319409718
"12330",36429.5225393957
"12331",18833.6485937984
"12332",22645.2199013012
"12333",68381.7962182125
"12334",167425.422033663
"12335",45313.9442050646
"12336",38828.8754953805
"12337",77677.3223541162
"12338",30865.0185429117
"12339",50117.3704089072
"12340",53127.4946829699
"12341",109703.067623934
"12342",31285.8422687104
"12343",63897.4971224111
"12344",151691.661162917
"12345",52155.1803645533
"12346",45171.5725147668
"12347",73648.6786165593
"12348",30353.9475578893
"12349",62693.7343487404
"12350",64455.0407067883
"12351",74873.6373263075
"12352",67064.8792842863
"12353",100944.52539227
"12354",49172.2447662584
"12355",136291.895072885
"12356",87585.4082224341
"12357",45446.7013874039
"12358",85064.2949803216
"12359",103573.606481256
"12360",40931.4396609289
"12361",49808.4469932425
"12362",73598.1820514466
"12363",58700.9057539774
"12364",58193.6345121547
"12365",38995.2583053492
"12366",28242.5426828243
"12367",60576.4930272749
"12368",42411.2709048455
"12369",131995.678802919
"12370",52503.3096542263
"12371",60352.6159601341
"12372",52108.3104500872
"12373",87895.6588616164
"12374",55295.0803704481
"12375",104548.936902781
"12376",33506.6730401589
"12377",46312.0146361635
"12378",43471.4660050073
"12379",50569.23939559
"12380",96443.1307853873
"12381",90354.164561081
"12382",51341.5919900521
"12383",63985.1701068685
"12384",87937.5830078443
"12385",54517.0533712922
"12386",80081.3296249563
"12387",58733.9653124534
"12388",58342.9367940446
"12389",91487.3033002336
"12390",62012.0013689216
"12391",77313.5368989387
"12392",37144.6751528805
"12393",83521.4920803504
"12394",50831.773769661
"12395",45836.273329528
"12396",33061.747384072
"12397",77828.0053467598
"12398",54063.0065778435
"12399",112678.365724101
"12400",116245.263701918
"12401",51460.035220237
"12402",53930.7350183535
"12403",81655.721936336
"12404",87794.3065373118
"12405",46073.5774061104
"12406",38346.8231788371
"12407",74845.7960053365
"12408",132879.981967347
"12409",80763.0915252865
"12410",51433.151076967
"12411",45296.6978685688
"12412",78410.1321418127
"12413",56939.1296053456
"12414",47875.3201403539
"12415",34537.4318744137
"12416",63674.7500852587
"12417",41635.9616474576
"12418",59691.3480775391
"12419",69835.2405526609
"12420",90807.3198371679
"12421",65520.6634494203
"12422",91892.0939020143
"12423",42651.6004702487
"12424",62407.1360955695
"12425",53544.2346883144
"12426",81683.4469001469
"12427",26783.4234404265
"12428",49986.8817186933
"12429",39725.0134723731
"12430",34648.7772344464
"12431",55563.9769358726
"12432",70642.9031398722
"12433",58924.7538438932
"12434",48172.1501087505
"12435",58096.5237805736
"12436",62898.7542448579
"12437",42481.9340846507
"12438",110863.085913087
"12439",56326.6292125058
"12440",101528.252390959
"12441",39485.866094732
"12442",51971.6918458683
"12443",55640.9331655945
"12444",43520.2510960875
"12445",21765.7076928401
"12446",39256.2253211113
"12447",115028.695858931
"12448",85262.1969727431
"12449",25234.3588764963
"12450",55067.7706086308
"12451",78756.5657557228
"12452",28756.8953475439
"12453",78213.8302914979
"12454",45345.7126229275
"12455",75051.4038559644
"12456",91490.2177701985
"12457",37804.2630839042
"12458",115042.197968728
"12459",42777.2019179375
"12460",75859.4837543189
"12461",38825.3663914873
"12462",92424.3629505643
"12463",75543.9081188103
"12464",34607.2046576982
"12465",61739.5426611921
"12466",65277.9513573067
"12467",105417.640007892
"12468",58806.9809504113
"12469",28413.8056282836
"12470",98976.7226730714
"12471",46249.7592299778
"12472",103909.357937819
"12473",82253.8130751213
"12474",52778.9876762468
"12475",59391.3433850554
"12476",90880.4092474451
"12477",85554.9048488956
"12478",31681.715051811
"12479",44748.2835660779
"12480",69557.0348600848
"12481",35988.6696165348
"12482",47476.6928878829
"12483",56749.3121582491
"12484",42863.7228814718
"12485",22070.8612192069
"12486",42500.1851641738
"12487",52593.032180864
"12488",42367.8986824857
"12489",68246.1314276997
"12490",41962.0322551697
"12491",34164.3359437107
"12492",71302.0366437736
"12493",47250.1769744333
"12494",41627.8070845631
"12495",69056.8690534526
"12496",93659.9129632238
"12497",44862.1367511003
"12498",103691.121223996
"12499",92833.4034515642
"12500",38959.540355211
"12501",46565.1235577463
"12502",45088.5820636632
"12503",54005.2576410751
"12504",50169.8862951488
"12505",71240.5403276782
"12506",50359.8586100958
"12507",86475.9803296703
"12508",64114.0046737975
"12509",62153.361026925
"12510",64235.9792575542
"12511",55037.9593562275
"12512",79981.8490791412
"12513",79010.2917994536
"12514",101522.924285008
"12515",54820.1521286728
"12516",57199.0483948612
"12517",29589.8253315478
"12518",91587.4911311603
"12519",64638.6096322698
"12520",68307.629747104
"12521",81745.3544890476
"12522",27809.0366939739
"12523",73809.3216155725
"12524",39191.2216743205
"12525",122914.672998237
"12526",41960.4105193257
"12527",53269.9654304738
"12528",48468.9767531626
"12529",61628.7017974275
"12530",131154.310741397
"12531",37415.6782314753
"12532",67756.1005424325
"12533",115288.417713986
"12534",88981.3291557266
"12535",63400.0836727166
"12536",87546.9585461482
"12537",56581.4645713162
"12538",73452.4690530441
"12539",54656.7628910459
"12540",41696.2940126333
"12541",19473.1061558895
"12542",82863.3900312159
"12543",56399.4671639437
"12544",53400.152272277
"12545",84086.3403464768
"12546",45373.1576870888
"12547",64857.9909055305
"12548",47202.5254349859
"12549",37371.4380076401
"12550",49143.1913700467
"12551",74360.473205022
"12552",61519.7420079273
"12553",55940.4218992298
"12554",39515.39061592
"12555",35355.1064382608
"12556",51990.0299375036
"12557",47447.7353710802
"12558",30609.6936917345
"12559",56726.3167951497
"12560",41105.612638623
"12561",73713.087547363
"12562",61726.1675780048
"12563",24584.3890944394
"12564",43620.1252125505
"12565",90351.0413675908
"12566",30156.072932574
"12567",72057.1714014404
"12568",40407.498910155
"12569",56745.487278374
"12570",41700.6373220001
"12571",54341.2013740989
"12572",52414.7167796298
"12573",28407.1415586862
"12574",64790.8037976265
"12575",53373.8172876511
"12576",71713.0474416627
"12577",69486.0470172212
"12578",74881.3566643342
"12579",40462.4840117287
"12580",51980.1506371153
"12581",64131.2291296957
"12582",43859.5407564445
"12583",67617.8649220871
"12584",44242.4879154682
"12585",67248.3472743255
"12586",72288.4799490301
"12587",79975.0994349228
"12588",114962.869909473
"12589",14208.7466068526
"12590",50056.4585536292
"12591",103007.438628554
"12592",65553.4990327988
"12593",68348.3874394059
"12594",115496.407448651
"12595",42702.6143272325
"12596",84002.6176799782
"12597",51012.6830444477
"12598",36002.754065618
"12599",51639.5848004255
"12600",31285.689490866
"12601",80100.7998512727
"12602",123302.51594164
"12603",70722.9748225253
"12604",67270.3333477972
"12605",32209.8327840749
"12606",71133.4423247817
"12607",51588.6134415642
"12608",34097.5514458231
"12609",38221.7888195028
"12610",59083.7600455866
"12611",151407.972926694
"12612",42215.1484631585
"12613",33474.574644446
"12614",67770.5456923502
"12615",44022.6022350026
"12616",50022.7576532409
"12617",55295.5592789408
"12618",118212.190299735
"12619",55900.21626493
"12620",141223.411176873
"12621",22268.7248645107
"12622",77731.4901673502
"12623",67385.460061486
"12624",52300.7216508369
"12625",83814.1051617299
"12626",77932.5439433328
"12627",38794.531624616
"12628",31325.0264628281
"12629",76158.8357452881
"12630",86230.9047423878
"12631",38771.2353320442
"12632",33959.9433004288
"12633",37071.4214966385
"12634",48505.0566526423
"12635",35290.5662289435
"12636",65528.403641805
"12637",25493.5410353134
"12638",77342.3147139764
"12639",103264.635096383
"12640",80630.4563993821
"12641",107814.921920261
"12642",50638.2089228781
"12643",28672.6961485441
"12644",74924.3980411095
"12645",50461.2636812762
"12646",179895.653119405
"12647",51855.7319763467
"12648",62758.8881479465
"12649",48429.9244755776
"12650",50657.3749980722
"12651",126204.391336802
"12652",105060.572883099
"12653",67319.4413928666
"12654",88398.9134427228
"12655",160309.882237446
"12656",104172.962625448
"12657",67851.4112787335
"12658",32980.0896509948
"12659",115715.261043623
"12660",41115.1370815009
"12661",38758.5363638629
"12662",47897.9641127618
"12663",95507.9687754409
"12664",62494.6453875479
"12665",31358.6337368177
"12666",34243.0413286332
"12667",111191.059527792
"12668",49520.4464084682
"12669",45038.4526733027
"12670",70371.3397951696
"12671",69659.6040503328
"12672",84720.7084093413
"12673",25326.2582095844
"12674",52580.8025096331
"12675",55564.5483164028
"12676",39365.8218480277
"12677",36982.3241786074
"12678",61367.6718877513
"12679",68061.1303821972
"12680",76532.9586078955
"12681",89616.367621273
"12682",29526.9795503668
"12683",65139.7562650585
"12684",44517.2579125755
"12685",121808.300531082
"12686",68999.8262291487
"12687",68469.8916859092
"12688",50953.5541798635
"12689",32743.5536427011
"12690",67296.5578738404
"12691",46748.8988857611
"12692",54606.8787904904
"12693",85798.1961847267
"12694",60195.8142362767
"12695",42955.4567430633
"12696",45545.8190776131
"12697",52484.5076881345
"12698",64889.799489703
"12699",52981.3159111499
"12700",91335.920401128
"12701",76426.836049606
"12702",58214.3238319504
"12703",21055.2111019121
"12704",56119.0040199931
"12705",48857.6066724116
"12706",49745.0836080615
"12707",62105.0466352553
"12708",71207.8997446722
"12709",70544.4923731046
"12710",46754.500816455
"12711",60134.8613300549
"12712",33926.1272664873
"12713",78910.9378943166
"12714",77571.1615074175
"12715",62029.1614398434
"12716",38870.7512476055
"12717",47721.7221609768
"12718",59667.5402132944
"12719",85210.9792780753
"12720",44212.2358799104
"12721",74599.9646850001
"12722",38547.0431485352
"12723",99158.3590475907
"12724",81566.5757336561
"12725",70811.4709332574
"12726",61287.1492216884
"12727",73202.78777215
"12728",142594.071869965
"12729",38261.8463223989
"12730",74597.3473596996
"12731",154387.096800611
"12732",70540.4526036326
"12733",48244.8053341237
"12734",69826.1668666994
"12735",65437.9203607777
"12736",80719.5041493135
"12737",77831.2619309723
"12738",60624.892836145
"12739",68931.852136389
"12740",105036.900142896
"12741",133254.455015065
"12742",28473.2704747206
"12743",38709.8061201909
"12744",77324.0043818309
"12745",38823.589939972
"12746",52900.027675629
"12747",52531.3713485391
"12748",55975.028695052
"12749",87670.7892457652
"12750",96558.4885187041
"12751",94253.3823209404
"12752",77283.8300119239
"12753",122314.782205347
"12754",81240.8286022781
"12755",47292.7575912374
"12756",102297.775682528
"12757",82556.3471987361
"12758",36559.1310809356
"12759",34480.2797140331
"12760",42600.2445127439
"12761",55615.1558612473
"12762",26391.4874659982
"12763",33313.4711242766
"12764",39148.9471036531
"12765",56194.2619843666
"12766",75948.8815848465
"12767",36406.3245104557
"12768",44817.0701981346
"12769",84554.8430003748
"12770",89705.3533639587
"12771",50590.9034876643
"12772",76247.5570056937
"12773",59195.1193605256
"12774",36428.0048166853
"12775",34252.7865392883
"12776",69435.0225066973
"12777",120999.421569003
"12778",63100.268983881
"12779",52124.0890318582
"12780",74223.4019722072
"12781",54071.4534148027
"12782",65644.0088911357
"12783",49292.0282913814
"12784",41055.317364819
"12785",122120.098153997
"12786",54936.8127932224
"12787",24030.3320815363
"12788",57214.060169999
"12789",127592.102461406
"12790",95822.0046914476
"12791",159459.85296061
"12792",57320.2820016851
"12793",64679.9107877224
"12794",56746.3199173093
"12795",38828.2583968479
"12796",70168.5146109222
"12797",16689.3944265054
"12798",91785.859426307
"12799",48389.9771164305
"12800",80684.747282334
"12801",39111.0456785754
"12802",44651.3700003988
"12803",59471.2003343294
"12804",30043.6035737618
"12805",47040.5495082922
"12806",73066.4357507036
"12807",78973.0086929748
"12808",69896.0685233864
"12809",92696.3317970741
"12810",65839.5264755703
"12811",97807.6829638792
"12812",59985.3049252449
"12813",53723.0006892372
"12814",56099.0003552555
"12815",93944.649413015
"12816",60433.9507583527
"12817",82830.4304266385
"12818",50170.8978762372
"12819",42189.9337304107
"12820",30442.0582340911
"12821",56659.9880752322
"12822",26474.819472621
"12823",49157.4671471039
"12824",44948.92703256
"12825",73577.3394963337
"12826",64993.0674823141
"12827",103940.084437437
"12828",95090.7417184122
"12829",69102.9308199698
"12830",54770.8879676449
"12831",82678.0645352408
"12832",74661.1222110738
"12833",44923.701201502
"12834",56251.8924826982
"12835",47486.8999975828
"12836",101882.253576974
"12837",27052.1146849537
"12838",76361.4331299152
"12839",85021.565268969
"12840",54188.8721210559
"12841",55379.2907804617
"12842",67687.2476866367
"12843",84867.743747169
"12844",105365.086184293
"12845",118339.336461324
"12846",41369.4301267204
"12847",68757.5951788917
"12848",78547.5231453741
"12849",70814.2113017759
"12850",84941.4398886938
"12851",56938.2756262289
"12852",39860.0837505611
"12853",132902.528988358
"12854",36140.0447934906
"12855",72024.8020479398
"12856",116048.609691953
"12857",44154.2514959198
"12858",83055.1084796756
"12859",52767.3349345952
"12860",44095.2059801126
"12861",72964.5958682109
"12862",99296.8930511347
"12863",43580.4589817694
"12864",28457.9335070753
"12865",69488.8717593141
"12866",74982.209231687
"12867",79375.2306139959
"12868",42891.5562649057
"12869",98383.40642761
"12870",24529.7069762666
"12871",43493.1025626785
"12872",47808.1345580917
"12873",89617.2737667176
"12874",64620.297489747
"12875",76638.5565576769
"12876",60547.5146867816
"12877",39545.8467841157
"12878",53354.4273928212
"12879",93185.3061176224
"12880",103327.938681213
"12881",68144.1441109403
"12882",62952.9850833142
"12883",43531.8684284719
"12884",36303.6101684674
"12885",31958.8607958749
"12886",93780.5071450702
"12887",55697.8939923665
"12888",38591.436150958
"12889",150506.411146729
"12890",76145.3997543981
"12891",96029.3279869212
"12892",57870.1779233626
"12893",52995.4502269969
"12894",39497.7999281151
"12895",66735.0741162971
"12896",79356.9901474539
"12897",111129.563042679
"12898",82476.4874368306
"12899",65937.479124309
"12900",35978.5888087692
"12901",51697.1836582252
"12902",56285.1915481847
"12903",79454.3330249854
"12904",82554.5196093892
"12905",59905.5699653693
"12906",53321.890274664
"12907",38163.3221777097
"12908",65230.4888676175
"12909",70183.3618511151
"12910",58916.0765509346
"12911",53417.1882003796
"12912",39038.7561993123
"12913",36314.4682934113
"12914",69104.0932199186
"12915",30515.2409404537
"12916",67592.1701213786
"12917",63868.2380393417
"12918",35519.6306038127
"12919",44502.9850635535
"12920",91394.0159088952
"12921",31297.3660307185
"12922",46977.3011244488
"12923",61586.6852203686
"12924",43945.0086984081
"12925",77022.1652483394
"12926",74887.0278705202
"12927",53325.6573221377
"12928",56185.3456982468
"12929",44866.3988648466
"12930",52052.7442448613
"12931",23302.1046465878
"12932",46115.3669608647
"12933",48928.7922521641
"12934",59851.0098883269
"12935",73379.7091933476
"12936",118756.761308903
"12937",72546.6041304336
"12938",74970.2943579665
"12939",39011.263244465
"12940",29306.9194911594
"12941",97241.8141314093
"12942",46788.5084339868
"12943",67098.0296270179
"12944",40971.0064860533
"12945",33817.7931162668
"12946",80487.0035094192
"12947",68354.5462669186
"12948",36360.9593096907
"12949",22483.0467903463
"12950",27479.8354815204
"12951",43825.0037388468
"12952",73226.6454013593
"12953",61348.75624544
"12954",39007.0303175826
"12955",46306.1419957377
"12956",90829.0087282269
"12957",28374.3470555138
"12958",76522.1974720437
"12959",93003.7176181388
"12960",151755.327834116
"12961",91519.1333817433
"12962",62450.4912048304
"12963",19099.9766772921
"12964",122965.910068893
"12965",28919.8154472117
"12966",54120.3780429609
"12967",96511.1260314363
"12968",74587.7014126907
"12969",122776.104978134
"12970",55331.823229722
"12971",137708.220884276
"12972",54142.2019933319
"12973",67811.0322188828
"12974",55092.0819953133
"12975",72751.6305576451
"12976",42653.8251472746
"12977",75685.0200621873
"12978",129456.486876487
"12979",37682.195146319
"12980",79239.621739692
"12981",50452.1906941348
"12982",80509.7673485505
"12983",46200.4832091803
"12984",47185.4287952614
"12985",20559.603365319
"12986",29220.0356025886
"12987",40753.0658827116
"12988",80034.8177275387
"12989",79668.6574715294
"12990",42460.7811670701
"12991",30888.5531921494
"12992",61771.359651959
"12993",84177.2172253739
"12994",61003.1221183925
"12995",184717.921983359
"12996",89978.7758075783
"12997",80966.3649540771
"12998",23075.4252810587
"12999",51093.7091600075
"13000",98464.3297154719
"13001",65767.7149921545
"13002",79343.3689322393
"13003",101238.584776991
"13004",82043.4101793652
"13005",62474.4603963981
"13006",65052.7887109605
"13007",107490.109882068
"13008",24167.8422361201
"13009",46403.6137094385
"13010",34014.0577159238
"13011",62689.7187438038
"13012",82849.3723171965
"13013",47639.5415884755
"13014",41221.1279787311
"13015",69958.2894904874
"13016",68894.9125783611
"13017",39044.3612694664
"13018",62291.7027928032
"13019",115254.481476277
"13020",43093.3358559768
"13021",38161.5290581009
"13022",68598.722118492
"13023",57294.7796331339
"13024",72892.4529449268
"13025",46987.5414690362
"13026",63476.710039908
"13027",52446.2151866019
"13028",39352.0467714328
"13029",32391.5447079975
"13030",43066.1607170697
"13031",99027.8413793797
"13032",33900.7303805721
"13033",123761.634798097
"13034",42408.6564210065
"13035",53994.7352705431
"13036",71899.7355194176
"13037",38756.4206436785
"13038",48081.8192821471
"13039",68332.0316955716
"13040",40658.1975279634
"13041",72489.1666095548
"13042",34066.6156527492
"13043",71642.6436878358
"13044",51811.8148332232
"13045",74890.4099254041
"13046",146944.970560759
"13047",148863.585685342
"13048",61958.5669269709
"13049",56538.4134005715
"13050",36096.4011347903
"13051",46311.2596916771
"13052",48740.5915554884
"13053",119092.479637009
"13054",128018.640523433
"13055",73869.001878059
"13056",47292.0691156647
"13057",31335.5448406097
"13058",70095.4951725394
"13059",69395.3829130014
"13060",93620.2125681934
"13061",29404.5285563856
"13062",62304.3600304027
"13063",51639.4266977043
"13064",99099.7821989318
"13065",42198.7680452087
"13066",124134.810943317
"13067",62139.8765807893
"13068",110139.237136961
"13069",43755.1495855358
"13070",39971.4949804393
"13071",86467.8566382324
"13072",90741.4722241153
"13073",48424.2653005475
"13074",50760.9361662945
"13075",84253.4621654708
"13076",41302.9045130645
"13077",31961.2760460926
"13078",61886.2816578891
"13079",77012.2142692343
"13080",74914.6400498599
"13081",48983.4382108053
"13082",124779.502587474
"13083",54675.2028913238
"13084",77799.9466795502
"13085",70777.7993054951
"13086",45542.6903287241
"13087",79306.7130917347
"13088",72915.4819019125
"13089",107336.793153772
"13090",94042.7092041539
"13091",22447.5740010604
"13092",88426.3577878267
"13093",85097.0259732723
"13094",53199.6791475147
"13095",62888.3339376693
"13096",49506.8910349307
"13097",77837.176421991
"13098",82243.6976503742
"13099",54634.7235096911
"13100",51231.0053155079
"13101",62676.6865609437
"13102",37636.9413723013
"13103",73918.3145864538
"13104",38378.7737555507
"13105",68359.8037041205
"13106",136204.122998326
"13107",55733.0067974765
"13108",75311.1528692456
"13109",94511.6901328107
"13110",79257.3405154759
"13111",62089.2039492338
"13112",43545.9763110092
"13113",43953.8711004569
"13114",69564.2060303778
"13115",87506.6915531956
"13116",26591.7449204529
"13117",31612.1952164543
"13118",55376.6049045194
"13119",72897.721964278
"13120",64053.379306407
"13121",101718.167378407
"13122",36675.9497201111
"13123",60135.3651067018
"13124",74314.2753452699
"13125",73117.2468031762
"13126",119315.888082575
"13127",89272.3569461124
"13128",53583.3019330777
"13129",50548.1475478744
"13130",39207.1113496691
"13131",35081.2775448876
"13132",58296.6259577876
"13133",71144.2087588425
"13134",30218.3582330091
"13135",26863.248400784
"13136",71061.362274731
"13137",31373.262970674
"13138",29782.1511562931
"13139",65420.5608853093
"13140",103895.290721668
"13141",54039.2733715018
"13142",66712.1336029645
"13143",51745.6925120133
"13144",60401.4399475221
"13145",70890.0283951853
"13146",83591.57371589
"13147",45795.4922991538
"13148",70310.648704006
"13149",58014.5209629653
"13150",57326.5526431511
"13151",68176.4266108786
"13152",75870.745132526
"13153",63647.3319683006
"13154",67149.6611230135
"13155",37478.9248174483
"13156",43782.8886844758
"13157",71594.3823603482
"13158",79139.9335911977
"13159",98100.688778915
"13160",107442.988042475
"13161",92741.1959318732
"13162",72811.6616722486
"13163",80744.923283702
"13164",73946.1540261654
"13165",29813.259691005
"13166",49462.4383851301
"13167",57207.7831447863
"13168",68830.3615359042
"13169",102444.569096855
"13170",61641.6116161793
"13171",81961.4548772628
"13172",40722.964757294
"13173",29746.3612123961
"13174",33515.9361438844
"13175",42110.2609236378
"13176",93736.0295587053
"13177",69677.2179882246
"13178",70454.6740922328
"13179",59592.010528382
"13180",61011.6327269864
"13181",52787.622876283
"13182",90398.9528632585
"13183",57141.9147175174
"13184",71388.6404063574
"13185",91511.7830775862
"13186",78125.7673917637
"13187",69994.2618965463
"13188",181067.224390151
"13189",52872.1475785548
"13190",24280.4221952895
"13191",44731.0919389991
"13192",78394.1936263572
"13193",119358.523731789
"13194",43465.1620003763
"13195",47304.8735257335
"13196",84142.5680553582
"13197",117327.719706241
"13198",61682.9973856974
"13199",59075.6185481632
"13200",52077.1890484356
"13201",39896.951927896
"13202",58648.6917967977
"13203",42041.8737980579
"13204",35583.8084662749
"13205",39837.6631094854
"13206",45008.7907474627
"13207",38678.1732844044
"13208",32636.7891762589
"13209",43743.6711254812
"13210",47528.5584312283
"13211",34104.9101851444
"13212",68048.7358869768
"13213",55740.9252128565
"13214",68669.7705285851
"13215",38923.8225096971
"13216",38863.6751252979
"13217",48243.1057962918
"13218",76487.8515746927
"13219",136970.758205012
"13220",63120.7637569499
"13221",55976.0577166509
"13222",50969.3026041687
"13223",46081.0900011105
"13224",56451.3319941504
"13225",38779.8834037621
"13226",68734.0794081729
"13227",60619.2424383912
"13228",45407.4682770351
"13229",73325.4845322676
"13230",52092.5495858845
"13231",50985.5915712172
"13232",43593.3809584482
"13233",38526.2922084113
"13234",52852.2282415389
"13235",38665.8831123236
"13236",72945.1374338579
"13237",80351.5719512724
"13238",123812.762855713
"13239",69929.9494710306
"13240",133765.735004429
"13241",55431.5255298581
"13242",65698.0070885993
"13243",66981.1856166007
"13244",53720.1190032393
"13245",36610.0623629241
"13246",72140.3374521104
"13247",123970.152751361
"13248",99611.2815424016
"13249",72878.911641677
"13250",39314.3112763713
"13251",44429.2901227559
"13252",105432.900933374
"13253",136546.287328473
"13254",39304.0517459198
"13255",41962.3633305177
"13256",31051.5783493758
"13257",32679.7991363574
"13258",59441.1281801649
"13259",64775.4530575159
"13260",85688.5857593391
"13261",26993.6514654332
"13262",76558.821421036
"13263",78094.001837088
"13264",93648.8072906762
"13265",35794.2878259856
"13266",44335.2402581574
"13267",61821.2490982124
"13268",44663.0906626829
"13269",71263.0271976589
"13270",54466.4149718095
"13271",49831.1029562534
"13272",53918.8532924671
"13273",57567.4645303851
"13274",20284.3336163229
"13275",61020.2029706171
"13276",34787.3226210725
"13277",70503.6758176739
"13278",110977.256734271
"13279",60685.4027942473
"13280",46584.7268717731
"13281",85482.0541042457
"13282",52172.2254882505
"13283",46406.3783624263
"13284",57688.606865587
"13285",60861.658602788
"13286",66178.7289803166
"13287",94563.1151240881
"13288",55926.2088095597
"13289",61552.1738589981
"13290",156641.752135701
"13291",98916.314516316
"13292",59372.6965873565
"13293",68068.5118902954
"13294",139678.798543751
"13295",79124.1537092853
"13296",48545.1051299758
"13297",33311.2563312093
"13298",67691.2812281101
"13299",29457.7570697784
"13300",48932.5046663985
"13301",99567.6872403719
"13302",92216.1912783643
"13303",93349.173931173
"13304",39372.8571228591
"13305",67416.2404501415
"13306",70708.566164142
"13307",67406.7954335121
"13308",59854.8067590291
"13309",56102.9686637212
"13310",65039.83732731
"13311",51135.9329626397
"13312",25396.1890425775
"13313",67260.170388456
"13314",94631.3403165814
"13315",74887.1283068744
"13316",49124.9004503745
"13317",44284.2958649156
"13318",29938.3275327809
"13319",59824.8089956706
"13320",68138.8399501395
"13321",26651.7229566192
"13322",72942.7210481211
"13323",35151.3690335723
"13324",70567.9797330382
"13325",29228.4340885035
"13326",46105.960128313
"13327",39126.2130427881
"13328",69580.7621741514
"13329",83545.8538580089
"13330",107141.297313514
"13331",52319.8501086527
"13332",34848.7776371439
"13333",22392.4738953064
"13334",71957.9506085702
"13335",59484.9544762179
"13336",50137.9315005185
"13337",28606.1206465914
"13338",61744.3869799186
"13339",38256.8739709042
"13340",46431.1799835883
"13341",108455.060609575
"13342",56193.2738457807
"13343",90386.8756704228
"13344",70400.0874213447
"13345",38927.8911327731
"13346",53769.3260135657
"13347",137606.648360404
"13348",69890.3479444496
"13349",112025.72364008
"13350",62698.2040845316
"13351",65447.743284083
"13352",45768.2777499158
"13353",40255.2713015982
"13354",74631.4696379298
"13355",141446.484161668
"13356",41997.3302521224
"13357",64728.2889855075
"13358",46336.3823310093
"13359",39038.1353512673
"13360",47549.9064863467
"13361",117388.420991708
"13362",46376.8325270336
"13363",110266.654116298
"13364",101516.200390249
"13365",60971.1674526143
"13366",108378.552139174
"13367",49686.6562508387
"13368",67955.6126654995
"13369",30298.7477938863
"13370",80904.7191688195
"13371",135115.799060348
"13372",117264.308684905
"13373",116460.964050315
"13374",65197.8565872301
"13375",92358.4210333388
"13376",141344.825358721
"13377",70969.8976845114
"13378",112822.004614653
"13379",147436.893713574
"13380",92401.7349949874
"13381",75523.8838280017
"13382",45779.2760976098
"13383",103501.564423156
"13384",72405.0221056588
"13385",43967.0023293011
"13386",28499.8328059902
"13387",88626.1366900493
"13388",88065.7133425201
"13389",50306.6785961441
"13390",79366.4539174599
"13391",47180.0724349499
"13392",65083.0719365656
"13393",43354.9005603035
"13394",43430.5712947227
"13395",63507.0617864898
"13396",59429.4140191533
"13397",44666.8381337815
"13398",56734.7280212683
"13399",49734.1425415945
"13400",101157.204856393
"13401",88382.0548554565
"13402",90568.494605303
"13403",56699.131674084
"13404",79992.8766605455
"13405",116078.56321986
"13406",47279.2985481001
"13407",50011.3990726865
"13408",55372.2869500128
"13409",28431.2851919094
"13410",53572.4425959956
"13411",71871.7621720253
"13412",57987.7017607945
"13413",61852.9829623126
"13414",110792.496284856
"13415",73697.2075270846
"13416",34760.4388718386
"13417",88433.1890234801
"13418",48698.7456403226
"13419",46403.9464551672
"13420",109304.824823424
"13421",86359.9993800739
"13422",44187.7091624553
"13423",45465.4798009713
"13424",27377.3627372109
"13425",61275.9419901746
"13426",60991.8942602571
"13427",79472.4359713786
"13428",85536.3297504214
"13429",89543.6993628097
"13430",68415.159621404
"13431",85473.7566767464
"13432",58190.6449368289
"13433",98608.2127324223
"13434",131443.880047502
"13435",31971.4537666824
"13436",37927.1254897892
"13437",72165.2968342189
"13438",78426.7510392704
"13439",35249.7658068088
"13440",104117.996221784
"13441",60684.094832478
"13442",91437.2683923722
"13443",24501.6065137703
"13444",51291.5178623919
"13445",67614.0357538888
"13446",42206.0923983825
"13447",77682.6038978117
"13448",75411.6057412947
"13449",58261.8724203503
"13450",44774.1541669203
"13451",68191.2658306998
"13452",47930.3045579193
"13453",81240.5735876529
"13454",29106.6925465563
"13455",112333.051396634
"13456",134179.020718377
"13457",62905.4797079476
"13458",54005.7957694744
"13459",51945.3993283145
"13460",42452.0769535698
"13461",24382.5245357239
"13462",55894.9432892476
"13463",36355.722948269
"13464",43327.5075419012
"13465",40209.3985464135
"13466",59141.205992424
"13467",70316.226795858
"13468",253633.50009573
"13469",76780.5028292408
"13470",101738.660324885
"13471",64013.2687649196
"13472",72166.2001272767
"13473",70226.8425423664
"13474",40562.2833952227
"13475",36144.5282387301
"13476",62009.0051365793
"13477",82286.2089120824
"13478",47182.803205593
"13479",42888.2784433332
"13480",43602.8321577037
"13481",51222.0986916568
"13482",84958.2910334059
"13483",49943.5141862106
"13484",46828.8698722375
"13485",57423.1478483597
"13486",35670.5772110059
"13487",57147.747051213
"13488",52735.5665958409
"13489",46446.6231389486
"13490",26343.1459254139
"13491",116177.177258163
"13492",63611.1323519618
"13493",57206.8628823525
"13494",85335.9289998338
"13495",97109.6674177976
"13496",44450.001602782
"13497",47092.6516633278
"13498",30204.0575479241
"13499",69445.4312285118
"13500",71116.3438318514
"13501",78980.6369146996
"13502",74585.0750807431
"13503",68603.7474118825
"13504",50410.4830159305
"13505",68948.9566426112
"13506",59871.9712090224
"13507",70894.9895912373
"13508",45421.1440060185
"13509",53212.9016805391
"13510",38584.8160991895
"13511",72909.3954424972
"13512",50848.9705978103
"13513",33849.706932296
"13514",73523.7874237536
"13515",42660.2623857223
"13516",50494.8079868237
"13517",118855.094499483
"13518",63481.0387910463
"13519",62420.8371494052
"13520",60685.3727105819
"13521",48144.8215898124
"13522",41408.3538712635
"13523",60577.9253406964
"13524",53180.5091619537
"13525",47920.927667568
"13526",137525.767839985
"13527",65394.883169547
"13528",44238.6983714788
"13529",39911.164838429
"13530",47552.5061464296
"13531",71341.464009898
"13532",42759.4312116318
"13533",70462.1276202868
"13534",39675.4228614229
"13535",59009.9564550572
"13536",48268.7616971443
"13537",37440.5624260993
"13538",36109.5408525548
"13539",53243.6867773351
"13540",70318.8825534319
"13541",74015.9460791001
"13542",200763.090840049
"13543",21062.4342280948
"13544",101766.702383386
"13545",68533.3770502537
"13546",89227.0583457339
"13547",41461.267031268
"13548",122227.102081292
"13549",56902.9401087964
"13550",49769.5747040182
"13551",62199.139445631
"13552",53826.5384536471
"13553",63944.3968124521
"13554",59411.6535540612
"13555",67546.7718770664
"13556",47671.3055834711
"13557",150681.513048336
"13558",13097.940078469
"13559",91069.4096672569
"13560",60349.6046554032
"13561",89366.8881705032
"13562",54257.0112436625
"13563",42091.0702005568
"13564",41524.8272448637
"13565",34183.2140952842
"13566",54094.0447551326
"13567",85220.4282466929
"13568",28700.1471073368
"13569",53307.6623316194
"13570",25930.3263462663
"13571",97845.6957977969
"13572",116577.143508179
"13573",50696.8101663853
"13574",56435.7227138293
"13575",63465.1800612656
"13576",34699.8335407404
"13577",75813.5566038297
"13578",111211.636753577
"13579",23495.8698626815
"13580",47808.2816961769
"13581",100904.145624139
"13582",53299.620125064
"13583",27877.8047878193
"13584",51320.8140978362
"13585",56375.2988136081
"13586",75352.4523333389
"13587",83845.3177052059
"13588",164817.35650799
"13589",36244.5967273241
"13590",69718.7258796876
"13591",46590.5346953153
"13592",41872.6203772886
"13593",91635.6867419467
"13594",66725.7556285394
"13595",57813.1838287303
"13596",73971.3574276489
"13597",62881.5447726994
"13598",25286.5194544922
"13599",155394.444773213
"13600",90226.8936042893
"13601",60018.8287459553
"13602",64514.8078615601
"13603",27457.9271398136
"13604",99771.7605175472
"13605",48394.0480539788
"13606",48109.9548641756
"13607",26402.4883562606
"13608",75529.1863387817
"13609",50644.4814378974
"13610",93513.055430156
"13611",75786.21400078
"13612",29110.8938408434
"13613",87759.5222265082
"13614",37268.4348397507
"13615",42112.1429603681
"13616",44296.6614722828
"13617",50351.2668588813
"13618",56859.8134544515
"13619",27535.9058011031
"13620",72987.4023571811
"13621",19935.9823962509
"13622",40078.9953431511
"13623",90389.3552794581
"13624",94793.5917966099
"13625",46563.7621063406
"13626",79656.7572370257
"13627",88150.2514327434
"13628",83289.9703322379
"13629",64909.933047542
"13630",44809.8536430062
"13631",57780.1584457226
"13632",63703.1192119801
"13633",36180.8909263135
"13634",106156.305399523
"13635",57779.6080235714
"13636",38617.0715426371
"13637",60384.4576793152
"13638",62401.8048456961
"13639",31379.1337346206
"13640",62639.0183330986
"13641",48590.0456721598
"13642",60548.9218440887
"13643",82897.2882542249
"13644",54629.0277442068
"13645",77739.9429371413
"13646",66071.8717951402
"13647",49655.286822011
"13648",59301.5763690696
"13649",71202.3831402868
"13650",141943.55168586
"13651",110126.806158788
"13652",28048.8628659739
"13653",68722.2979169214
"13654",70122.4879355583
"13655",53886.2837690015
"13656",45421.1096148014
"13657",95753.1721361453
"13658",122969.262812663
"13659",50185.5122010826
"13660",82012.4842149726
"13661",59664.7445407375
"13662",86491.1860718996
"13663",28008.5982035031
"13664",45385.946117726
"13665",71077.7309246336
"13666",84671.2204686507
"13667",100309.750278382
"13668",31428.5128455818
"13669",60755.023109727
"13670",82545.6332563483
"13671",52502.7253152674
"13672",31773.5650750018
"13673",24092.1216200852
"13674",64996.9651537522
"13675",51271.9632982845
"13676",32156.9326327379
"13677",60641.2219531433
"13678",97558.0121462563
"13679",59930.9468706036
"13680",26456.3254216453
"13681",95144.9239716917
"13682",82123.6914202052
"13683",70419.0724457393
"13684",57815.8862084509
"13685",43114.0595494304
"13686",63196.0329615815
"13687",41216.091591283
"13688",64719.5045499992
"13689",67975.2635614563
"13690",48936.0976710425
"13691",63990.6857326101
"13692",47321.3198243005
"13693",35490.0371847015
"13694",69762.3712085529
"13695",162631.890347452
"13696",77388.3825483557
"13697",95488.7624567463
"13698",134211.57802563
"13699",64230.9733195523
"13700",36776.0084326779
"13701",77703.1378939105
"13702",112679.65936523
"13703",101234.248771489
"13704",69344.9395373454
"13705",67346.4234130416
"13706",46464.8178014801
"13707",24870.2367807645
"13708",63650.8924615365
"13709",42495.7400730719
"13710",91120.9555460588
"13711",34173.9510671945
"13712",38710.0935421369
"13713",28150.8698828483
"13714",43771.4250206774
"13715",65048.7635202941
"13716",62154.0995753586
"13717",48315.2657763012
"13718",110957.870513367
"13719",70691.4119813509
"13720",115418.782138037
"13721",118918.847562602
"13722",35311.8211731788
"13723",52719.277305392
"13724",59697.7121903398
"13725",39295.513758398
"13726",45119.0731159664
"13727",49231.0320428291
"13728",147286.53358376
"13729",112557.951492193
"13730",74364.1211713536
"13731",74240.2127492744
"13732",53350.9206009529
"13733",29279.4004611283
"13734",115836.782571036
"13735",101589.101920585
"13736",82652.3899181329
"13737",64845.5019200433
"13738",36729.6600227734
"13739",85850.7779460426
"13740",109594.438508437
"13741",29271.6584323591
"13742",66238.471229169
"13743",72048.7608345377
"13744",69140.6658741926
"13745",129917.975020047
"13746",39738.1192534912
"13747",84665.2016664622
"13748",78571.6473351976
"13749",57576.633546423
"13750",28385.0737397016
"13751",84157.6938803947
"13752",65840.4801453651
"13753",60530.7753208194
"13754",86706.0088263023
"13755",34824.5061328953
"13756",97745.0003019126
"13757",131931.005613549
"13758",150542.271350898
"13759",71309.8076652115
"13760",27162.8434503108
"13761",42152.7693206701
"13762",39543.2710489256
"13763",44437.6160258825
"13764",95439.8473680808
"13765",52134.154362116
"13766",40519.2819978667
"13767",44116.5731938975
"13768",50399.9708156091
"13769",59159.9553264459
"13770",61380.3999303672
"13771",111634.463638994
"13772",59383.2016501691
"13773",56760.7839827497
"13774",37869.3695621291
"13775",33143.76519879
"13776",88905.9266975883
"13777",59277.1143122535
"13778",48985.4430475405
"13779",34460.7555041266
"13780",99570.2116605791
"13781",50490.0527286909
"13782",54956.2973242586
"13783",88377.9217749043
"13784",80119.1072462605
"13785",53388.2594171481
"13786",51923.9550279178
"13787",41833.1386822281
"13788",59385.8935249831
"13789",36994.4675734031
"13790",53227.6370350654
"13791",48377.7605757041
"13792",42656.4765749213
"13793",129653.055793223
"13794",99304.8654022885
"13795",94387.3691578179
"13796",37782.8919771096
"13797",62076.1127954514
"13798",27983.5098742474
"13799",89427.9406234642
"13800",100297.178491245
"13801",49737.6058505198
"13802",45672.6707183986
"13803",121095.967234405
"13804",44842.4664056082
"13805",49133.4341487761
"13806",53913.9197434668
"13807",123731.217755961
"13808",64062.7615877185
"13809",59177.7481942378
"13810",113953.407029065
"13811",40460.2924123382
"13812",69005.941612394
"13813",46552.8324202502
"13814",37833.5034982537
"13815",59811.679420364
"13816",48051.5864567167
"13817",126300.797731339
"13818",40103.1691075605
"13819",119705.080140342
"13820",37698.5192079129
"13821",94076.3805942788
"13822",45660.9045084878
"13823",53404.4452546647
"13824",93993.0954655379
"13825",107130.895595443
"13826",69801.2486389443
"13827",54347.3049388779
"13828",33304.3244966406
"13829",53614.8342242116
"13830",80948.6337334582
"13831",63352.2548539032
"13832",59536.9438459894
"13833",52244.8768056901
"13834",42449.7606182156
"13835",53266.7914396944
"13836",121187.419929943
"13837",39124.9849003768
"13838",50840.7288727937
"13839",77323.3045376641
"13840",112534.939019972
"13841",49429.5883712083
"13842",108011.096153661
"13843",36481.3428500319
"13844",73308.4471921739
"13845",53564.8468316044
"13846",96623.925312231
"13847",37600.9586592626
"13848",118463.12830244
"13849",73797.9685793852
"13850",107254.133196991
"13851",70348.6927331568
"13852",66057.887621953
"13853",45200.8027001812
"13854",55580.838444765
"13855",53161.9544700153
"13856",19541.5121337382
"13857",63994.3990799707
"13858",89042.2721449367
"13859",60050.294067654
"13860",54012.2782390311
"13861",99711.965923576
"13862",49497.8761523387
"13863",103141.754257844
"13864",62025.0359845649
"13865",97801.4156518338
"13866",87606.3641183727
"13867",36928.2908102653
"13868",66270.1082108394
"13869",57294.9421776982
"13870",31377.7652831133
"13871",84608.5543563668
"13872",45448.5974589888
"13873",107302.721867494
"13874",54218.1925372047
"13875",75162.022244517
"13876",52899.923228415
"13877",101331.91033166
"13878",62612.9186998817
"13879",65723.0374757965
"13880",81965.3127839464
"13881",46517.4249012843
"13882",69084.2158150866
"13883",48352.2423736235
"13884",32499.180458073
"13885",37083.1114574464
"13886",50453.2099774108
"13887",47808.0959106885
"13888",44886.6945346257
"13889",50808.0420919333
"13890",61929.9651242182
"13891",40024.2579789251
"13892",39349.2750177889
"13893",70870.1519574267
"13894",94251.8303433556
"13895",135065.658140095
"13896",77410.5112398063
"13897",70410.6002918904
"13898",54382.8050439995
"13899",123783.791079763
"13900",63730.2689646424
"13901",36878.8653684177
"13902",50426.1948728409
"13903",57036.289110725
"13904",60525.4210324909
"13905",78876.85668126
"13906",83272.6486057903
"13907",68178.2164279961
"13908",44664.3285753117
"13909",155803.190714231
"13910",66888.3328830385
"13911",29743.8214272462
"13912",72818.8537981254
"13913",67759.5270214723
"13914",64166.6308506839
"13915",42243.388201213
"13916",98214.2729930947
"13917",45037.9816480099
"13918",80209.5533117438
"13919",124203.836204101
"13920",31187.5568983527
"13921",65439.3652355731
"13922",38632.1160909653
"13923",66678.6937449387
"13924",48126.1706244596
"13925",35299.5404246413
"13926",54746.5710112292
"13927",180646.891561934
"13928",92410.5272611108
"13929",35981.4169391443
"13930",69860.6406487675
"13931",38599.6659741905
"13932",49408.6214806023
"13933",60989.2389202291
"13934",34720.8068348682
"13935",75162.9083022642
"13936",62835.6733699417
"13937",98562.9630831086
"13938",136526.530276416
"13939",144555.816019984
"13940",107186.865555648
"13941",134703.065365379
"13942",120319.284175047
"13943",49008.0927277732
"13944",48901.8662318378
"13945",117455.494627105
"13946",34352.5332967538
"13947",48136.521502493
"13948",36673.5011788928
"13949",72352.0809915976
"13950",51244.691988672
"13951",38398.7347806044
"13952",66218.8168493249
"13953",48191.6092921489
"13954",143325.41232213
"13955",64384.5091285978
"13956",70047.9059832227
"13957",72346.8364306975
"13958",24887.5686403256
"13959",61378.4582461671
"13960",35266.6277432615
"13961",90425.2733297008
"13962",143828.021667478
"13963",52352.5930835862
"13964",130612.457370248
"13965",49117.0610395933
"13966",65421.2184826457
"13967",94900.6563552773
"13968",47553.7294871134
"13969",39530.4116089403
"13970",89438.4731760848
"13971",44271.640963013
"13972",52614.5569073723
"13973",81224.0422466219
"13974",37636.5895924002
"13975",103107.374547084
"13976",74576.2931972329
"13977",59887.5511890276
"13978",71964.4860289417
"13979",65053.8234411698
"13980",28850.6836796181
"13981",26068.2164299403
"13982",44478.0578967143
"13983",28215.1228071222
"13984",51401.6341340086
"13985",87669.5440834947
"13986",35441.3446290235
"13987",64526.7040481989
"13988",48504.6572895173
"13989",48912.7748153664
"13990",58607.0565343085
"13991",54351.7183723667
"13992",63954.6107989088
"13993",31931.3237497544
"13994",55680.5700228252
"13995",50970.3162192828
"13996",35218.9328957917
"13997",65596.512889195
"13998",55923.3210607866
"13999",40687.8450126119
"14000",47829.5720618957
"14001",54528.5662907716
"14002",57766.4701615716
"14003",122474.577526642
"14004",59331.769617399
"14005",123294.025021861
"14006",87160.6108089504
"14007",69526.0514974515
"14008",82192.3309448665
"14009",35889.265537842
"14010",40504.0918060539
"14011",35448.6827151835
"14012",46800.7160884859
"14013",76181.0131220525
"14014",61476.3535819923
"14015",63218.0584514356
"14016",110648.25422759
"14017",100809.87552969
"14018",31548.096454697
"14019",39179.9982624575
"14020",49123.3123228752
"14021",79883.6004461333
"14022",43455.0924992073
"14023",162996.755332492
"14024",91886.5828504535
"14025",30275.7270096824
"14026",48238.3660052734
"14027",43791.6092683278
"14028",36743.5107538085
"14029",32892.352556419
"14030",155825.199890867
"14031",46277.4332327779
"14032",58828.3545678529
"14033",63251.678135424
"14034",34623.3669169502
"14035",50475.8964973846
"14036",65449.4195748533
"14037",62366.3751523431
"14038",107549.359615954
"14039",57581.7787166291
"14040",46924.8215343661
"14041",144502.353261304
"14042",54881.8865914386
"14043",47239.788373303
"14044",60440.8263456891
"14045",61388.1321065619
"14046",58242.0353537271
"14047",77022.5122833144
"14048",100494.340816633
"14049",94039.9510620014
"14050",45575.4684761193
"14051",99983.694844524
"14052",51414.6907268394
"14053",86353.1305405639
"14054",55119.93874884
"14055",55176.7259585499
"14056",83777.3034334628
"14057",23151.5073219068
"14058",46152.9793677301
"14059",40719.0646600524
"14060",55550.5284271447
"14061",66923.0686271247
"14062",38894.1918109307
"14063",40507.4950768978
"14064",87114.8318016035
"14065",58852.1377081139
"14066",109383.014726046
"14067",52753.4637224471
"14068",60634.5051099206
"14069",109206.443893144
"14070",68682.1616249991
"14071",85762.5886132528
"14072",44302.6593889328
"14073",89138.4771436257
"14074",112984.195204408
"14075",32421.9859466416
"14076",40256.5926088202
"14077",48497.0958361617
"14078",82954.3565464443
"14079",74229.0357656948
"14080",42391.5403102952
"14081",25320.1752180871
"14082",74232.1359544509
"14083",77777.6963970908
"14084",47443.6884548391
"14085",41370.589930722
"14086",55294.3637225268
"14087",111339.528422886
"14088",91940.5976059696
"14089",62301.5731567663
"14090",22895.7788176967
"14091",87581.7031333902
"14092",56565.3661011631
"14093",62063.5463378581
"14094",72021.2410880291
"14095",73921.8260924809
"14096",58598.5491300815
"14097",51965.5861521768
"14098",97973.6595227591
"14099",84647.4948077094
"14100",72982.3960258479
"14101",118375.709944732
"14102",118279.574373925
"14103",48051.8024355799
"14104",63562.0429776771
"14105",67560.7469250904
"14106",63576.3344650242
"14107",43919.1099966322
"14108",174200.815024603
"14109",78897.2780462771
"14110",53933.3922506802
"14111",55177.0003095823
"14112",40035.1976569111
"14113",65954.6155845063
"14114",35346.5116093903
"14115",60675.4651949793
"14116",37465.5788709144
"14117",121207.266345816
"14118",71427.0658507283
"14119",43084.0667949647
"14120",85357.4211310892
"14121",37586.1139752158
"14122",113209.240521135
"14123",53253.1609807489
"14124",71147.0032527573
"14125",45559.9410502908
"14126",46561.0359148519
"14127",75933.6791270098
"14128",51454.0007840468
"14129",85144.6970867678
"14130",96597.1116804713
"14131",56886.5851006777
"14132",70411.0063119039
"14133",60383.985541646
"14134",105462.646916589
"14135",70109.0417418811
"14136",64107.8067943132
"14137",96302.4920452341
"14138",43414.9891588779
"14139",41437.1851035175
"14140",60851.4580665591
"14141",57071.7661436993
"14142",67183.0016773247
"14143",122094.443229051
"14144",26218.303469377
"14145",121781.693747846
"14146",68758.4694798593
"14147",125257.36156716
"14148",59132.8234538843
"14149",65524.0346894072
"14150",48267.8779414302
"14151",121840.808969123
"14152",63037.2808800857
"14153",74758.0745136391
"14154",71812.6206257782
"14155",167788.092023426
"14156",36784.0911379157
"14157",60931.4440627354
"14158",25042.4087896391
"14159",60863.5181096963
"14160",88034.7053791094
"14161",88514.9738921371
"14162",69594.1430895878
"14163",50803.8111878664
"14164",57845.0531430834
"14165",35122.7018841555
"14166",63130.7743045557
"14167",39057.5824908022
"14168",60424.5210842279
"14169",79177.7983624558
"14170",16630.4639837893
"14171",51801.8670854746
"14172",62823.6217577896
"14173",60115.7006972196
"14174",51433.7499740249
"14175",52765.8497634845
"14176",72808.5046629087
"14177",54070.2904773153
"14178",51264.9056398157
"14179",34549.0871925571
"14180",43753.4384395429
"14181",55663.9463853622
"14182",101615.739223572
"14183",72710.346484576
"14184",48747.5338870378
"14185",36804.0622743082
"14186",47272.685527653
"14187",88707.0850012567
"14188",32956.6606817606
"14189",54558.4904952409
"14190",93654.5346440613
"14191",119649.397715735
"14192",27544.3182658499
"14193",41877.0554627483
"14194",73830.2859637475
"14195",34063.2260228499
"14196",54890.4954964201
"14197",47176.1802239968
"14198",47948.5916787227
"14199",54389.2502864068
"14200",58690.3291138795
"14201",71355.9107332643
"14202",56523.2037614901
"14203",40939.0081352677
"14204",58063.0476008586
"14205",64948.0196527659
"14206",57871.7510636516
"14207",114634.33502268
"14208",50511.8046709674
"14209",132091.371458132
"14210",40333.6165337601
"14211",150992.356062322
"14212",68244.0781102877
"14213",63570.4036570624
"14214",30447.939835753
"14215",91163.4735174653
"14216",94593.7447721007
"14217",63839.6238529114
"14218",66611.7868219643
"14219",68627.0795896498
"14220",53268.411447105
"14221",59621.0470294252
"14222",41179.2297534458
"14223",111769.380843749
"14224",70679.4220059383
"14225",52884.8853817342
"14226",55890.0487843385
"14227",62823.040110166
"14228",125224.105983399
"14229",54984.9527034865
"14230",117310.624760998
"14231",57104.3486526454
"14232",41033.3639387667
"14233",41816.3324949258
"14234",50202.395149923
"14235",54400.3165521769
"14236",46529.6559048791
"14237",76732.1013738059
"14238",30392.867786757
"14239",54559.6867856713
"14240",102521.931636458
"14241",56912.1048172405
"14242",43315.4468216704
"14243",85745.1855336199
"14244",52900.2199739319
"14245",60544.46269797
"14246",64574.5157755545
"14247",56677.3695155365
"14248",53031.8120718971
"14249",79718.9734775042
"14250",37046.5472041135
"14251",120028.166214839
"14252",118077.279569478
"14253",61949.1715424312
"14254",63978.249543592
"14255",44232.9189671292
"14256",56306.1085680197
"14257",96842.775493756
"14258",69411.4724978434
"14259",53661.303239472
"14260",66930.5368963763
"14261",48285.9647017097
"14262",113900.865224044
"14263",52358.0456621882
"14264",23132.0686387325
"14265",55456.021350861
"14266",108025.418959384
"14267",83874.0022167246
"14268",53936.754643288
"14269",33266.3676460766
"14270",49365.4400293327
"14271",104199.537818102
"14272",56962.4724105787
"14273",41087.0011197821
"14274",80298.2105827126
"14275",100409.699220061
"14276",108010.414719241
"14277",31160.8602279157
"14278",90631.8750242943
"14279",55870.0314199252
"14280",93944.1097933473
"14281",52555.7883519237
"14282",22404.8592876967
"14283",84320.8505014665
"14284",82710.8418041119
"14285",83024.6033148167
"14286",50962.9046980041
"14287",58081.8341547772
"14288",55782.592814193
"14289",48393.5596699591
"14290",87939.7272619488
"14291",106175.462263572
"14292",41748.9442312409
"14293",48804.5669611998
"14294",70095.8202081907
"14295",70713.8344314412
"14296",35940.0504727875
"14297",39567.0804361972
"14298",103694.320423903
"14299",77911.3773835193
"14300",47382.1375900162
"14301",118512.308560619
"14302",65285.9833496188
"14303",60396.5701163399
"14304",50812.414045949
"14305",88199.3538893794
"14306",116329.321273129
"14307",64531.0535963861
"14308",61340.1370002626
"14309",37432.9596956415
"14310",98911.6414798921
"14311",47224.6033863276
"14312",59447.9335880533
"14313",70132.816376441
"14314",52388.5279499648
"14315",108032.967006278
"14316",75936.5285213318
"14317",143850.212402772
"14318",80583.0934411955
"14319",53449.5327701189
"14320",73919.6077313377
"14321",93191.7897287376
"14322",49244.8882125393
"14323",76384.1610652949
"14324",66042.0880034631
"14325",47906.7003428479
"14326",86483.5846085957
"14327",65305.8203982014
"14328",69801.7545494589
"14329",55622.4306490478
"14330",59001.3206340235
"14331",87924.4935799453
"14332",35479.3121309321
"14333",161939.825483509
"14334",39932.4616535351
"14335",107593.647279336
"14336",73550.3628324948
"14337",43438.8154079515
"14338",123804.415645931
"14339",71689.8821239677
"14340",90671.6961403121
"14341",82696.3206761224
"14342",62426.5655148437
"14343",51380.9895661098
"14344",35659.2618901789
"14345",80604.8227959987
"14346",49379.8355739672
"14347",76015.7455905601
"14348",62546.1656366389
"14349",74973.1313578541
"14350",30938.1551597071
"14351",63633.7244413765
"14352",59287.0807770008
"14353",57734.9281533036
"14354",61348.247472352
"14355",30037.3018071469
"14356",103816.396113676
"14357",82899.5191162386
"14358",49891.954187891
"14359",78803.6341491447
"14360",83466.0749331707
"14361",31101.1094462866
"14362",29083.0660320397
"14363",65212.4004095506
"14364",29733.183470501
"14365",99556.4286308834
"14366",57660.2597238985
"14367",40244.9837851562
"14368",82686.057867382
"14369",26638.077703907
"14370",44925.3471680347
"14371",52723.9282854592
"14372",57680.6931405351
"14373",57774.4841375007
"14374",158782.319386871
"14375",87289.7567231096
"14376",131097.902097157
"14377",42063.7169109287
"14378",72530.5116906052
"14379",106264.845493159
"14380",45719.1505099216
"14381",102161.301905531
"14382",95858.5564604009
"14383",71131.0035443591
"14384",64037.3955263942
"14385",29830.316098418
"14386",76119.0331558147
"14387",61890.2263961165
"14388",105220.805786115
"14389",84204.5480630222
"14390",71152.3194346938
"14391",170917.496247759
"14392",43104.4057200182
"14393",44111.7235894192
"14394",55014.5678888756
"14395",81108.7999164115
"14396",79048.0896273096
"14397",49120.8343974048
"14398",76370.1023061702
"14399",63108.3847693829
"14400",53165.8380715742
"14401",99545.5587209617
"14402",50090.2951177781
"14403",39159.5848182441
"14404",60730.9502629892
"14405",28366.5050152364
"14406",61026.6738626271
"14407",54713.0278728133
"14408",80645.7949586852
"14409",35612.2067260891
"14410",49562.5252388836
"14411",66361.4029981436
"14412",67372.2027235945
"14413",46359.5676389104
"14414",63526.31890417
"14415",44306.7127802963
"14416",52762.1902266282
"14417",99360.9114276007
"14418",37089.5417406586
"14419",68200.3263467213
"14420",81009.958389496
"14421",49342.9603122041
"14422",38924.6035345187
"14423",64279.7027103132
"14424",75127.7323492461
"14425",43983.3533100038
"14426",31046.5475443959
"14427",62311.9860683891
"14428",41626.4283593514
"14429",44204.5184663034
"14430",72421.5777741301
"14431",58604.203278064
"14432",62766.2890121162
"14433",35240.4049143319
"14434",54222.5397501538
"14435",66210.3540852399
"14436",41863.9286817309
"14437",131513.619520824
"14438",88414.3028828491
"14439",60258.6203745762
"14440",52676.4799656768
"14441",42048.8008983377
"14442",77405.8827252412
"14443",127139.82524679
"14444",62571.6566333367
"14445",56323.8756253448
"14446",73527.8534405807
"14447",56510.2501876445
"14448",48425.033167237
"14449",78262.8873344542
"14450",104309.649348762
"14451",111390.607260627
"14452",51486.40166505
"14453",69093.3973047096
"14454",60556.9392093781
"14455",93844.4227514983
"14456",71521.7162127714
"14457",51709.2712888872
"14458",86542.8450853492
"14459",39879.7607462707
"14460",26647.0778224287
"14461",51266.0293645019
"14462",67327.0890925317
"14463",68927.7221574263
"14464",86987.9560027883
"14465",47130.0234508499
"14466",70438.526325468
"14467",56045.1136816901
"14468",68554.4920535816
"14469",19096.515340539
"14470",27708.2998749227
"14471",47710.1102818881
"14472",36201.4595722528
"14473",71122.153695779
"14474",68748.3795622975
"14475",92764.877428848
"14476",42313.8085211305
"14477",41707.5428590859
"14478",78825.9424044641
"14479",37481.9872392293
"14480",64623.1821140278
"14481",48485.9696467942
"14482",50402.1858662118
"14483",83219.3255590151
"14484",16073.811245282
"14485",37026.174021916
"14486",82970.4497961647
"14487",57176.9511173722
"14488",39463.6492910917
"14489",91395.6619552194
"14490",63638.2495995721
"14491",46908.6309550078
"14492",40064.6118941673
"14493",57926.9118639843
"14494",58824.3541184386
"14495",49838.7984024028
"14496",111250.78788763
"14497",68510.2003460776
"14498",48993.1086499232
"14499",104934.158355069
"14500",77351.5999811084
"14501",49539.9994329095
"14502",69515.6715948734
"14503",70377.9962841006
"14504",33037.9153471316
"14505",55027.9325284993
"14506",54685.8240855885
"14507",126515.986185924
"14508",66847.4887638278
"14509",103154.265770332
"14510",47404.3592140254
"14511",28781.4147293506
"14512",46462.019895878
"14513",62021.9594032679
"14514",61689.3515448307
"14515",79213.3781477691
"14516",56659.379337924
"14517",32815.9952847707
"14518",48058.44934652
"14519",63529.5478533879
"14520",33996.823977959
"14521",41183.8375071446
"14522",69564.3338927313
"14523",51144.0118772204
"14524",65276.6369211949
"14525",77025.8003773725
"14526",25457.8700409336
"14527",38199.4252585043
"14528",44381.1588060592
"14529",66262.3947024781
"14530",49326.2043688591
"14531",63783.5113099119
"14532",54634.605286332
"14533",43200.5195143036
"14534",38462.2192349455
"14535",73581.6828452064
"14536",44178.8799249315
"14537",64485.9336282714
"14538",61590.9914906701
"14539",92696.4805770646
"14540",62530.6685836389
"14541",56712.136709807
"14542",53351.2090162771
"14543",58045.2836214628
"14544",86921.3434718871
"14545",41360.9816826283
"14546",60568.0924165011
"14547",91631.8526766928
"14548",48211.5688547023
"14549",57479.6754654539
"14550",40047.0012506172
"14551",70742.1769200359
"14552",66321.2437433395
"14553",53167.6441371
"14554",51301.0171714452
"14555",25754.4748676585
"14556",34892.7677914197
"14557",50425.4869721387
"14558",38341.017592052
"14559",74018.967738252
"14560",82861.0376536952
"14561",60384.3299213368
"14562",94289.4903138697
"14563",47631.2207408498
"14564",52730.6753073215
"14565",93706.129876678
"14566",81809.917056435
"14567",50037.0469464628
"14568",66113.624811657
"14569",43866.7835110181
"14570",59705.795168092
"14571",214029.333730208
"14572",131069.027286694
"14573",37756.4057001101
"14574",58713.1441642437
"14575",71967.3071812879
"14576",68751.3711524804
"14577",54391.6975376469
"14578",63666.7827278128
"14579",33225.3132984402
"14580",86954.8240897021
"14581",61523.1651058635
"14582",94881.7121713876
"14583",36516.4816836502
"14584",53420.1820826316
"14585",79570.8877983527
"14586",70557.9923939637
"14587",39708.4529320924
"14588",70675.678708555
"14589",60899.7951286584
"14590",70687.8404878451
"14591",41098.8095937798
"14592",95252.726876945
"14593",65131.567889602
"14594",118621.266212946
"14595",52046.3315933347
"14596",36731.5219390206
"14597",33032.8117926604
"14598",21918.0435476134
"14599",96232.8836658352
"14600",54084.6658647156
"14601",42755.7686395474
"14602",36709.5862942797
"14603",78864.1024303742
"14604",59244.0752245727
"14605",47638.8307518742
"14606",60046.7674993088
"14607",60432.7486773193
"14608",67366.3583258057
"14609",50348.0267403614
"14610",54447.0482996348
"14611",55834.6472771867
"14612",74940.2701991191
"14613",45254.6847116807
"14614",38419.9703346019
"14615",56600.9672529491
"14616",47377.0603096351
"14617",94205.7532194201
"14618",117810.879591202
"14619",71826.1335809842
"14620",73790.6600108201
"14621",41149.2472067074
"14622",54256.5227272442
"14623",28550.6121644735
"14624",73433.9594547636
"14625",48489.2878307622
"14626",105994.228530956
"14627",33251.4721160083
"14628",43447.2296662322
"14629",51514.7635080082
"14630",36605.8885909763
"14631",60116.6107613289
"14632",72890.9739824491
"14633",97771.6717912106
"14634",50472.9034175622
"14635",46398.2268847871
"14636",55738.1955156773
"14637",68337.018847994
"14638",64809.8364853193
"14639",38930.7143342057
"14640",61447.5902335038
"14641",61930.0764498123
"14642",39001.8253396862
"14643",95478.7780592786
"14644",51698.0018699993
"14645",42679.9183959039
"14646",46282.4269226232
"14647",113658.780973654
"14648",34507.2890703599
"14649",44019.9994250459
"14650",101104.32175724
"14651",64580.6594330046
"14652",49590.0474286182
"14653",73198.5437888103
"14654",84593.8585401085
"14655",75471.7826758579
"14656",39182.6849447814
"14657",41813.8242712694
"14658",133939.817953912
"14659",31757.6187967961
"14660",44237.4703448228
"14661",101085.616456794
"14662",82727.9923071334
"14663",62522.8436090482
"14664",70805.6610630167
"14665",53283.0435645974
"14666",81306.2924908152
"14667",83207.1523686993
"14668",93800.3518976876
"14669",64144.3273753757
"14670",63701.2639060913
"14671",54041.7060543246
"14672",23567.1237344303
"14673",21603.9199501127
"14674",37101.3269996133
"14675",82276.3895176922
"14676",39068.6391920924
"14677",59535.0734922132
"14678",49807.9007727245
"14679",68123.1911228212
"14680",64245.6071052313
"14681",81370.3886833924
"14682",38763.9150658296
"14683",63245.4061277846
"14684",56925.9478993024
"14685",47355.9925511795
"14686",28198.903234807
"14687",84759.8521039966
"14688",87889.559362142
"14689",46622.9909053002
"14690",53972.6597062182
"14691",34020.8399421232
"14692",108346.590253715
"14693",80343.7079468578
"14694",51935.8466311656
"14695",46761.8958985182
"14696",40293.920304025
"14697",46046.044812882
"14698",68891.8807292368
"14699",94775.861668472
"14700",42809.4632371229
"14701",41362.3379381156
"14702",56907.4887728213
"14703",54350.778340479
"14704",100869.124056217
"14705",39658.3509302734
"14706",52172.4488826533
"14707",136213.874653648
"14708",58617.3427263586
"14709",26411.9850134507
"14710",115502.563971875
"14711",47148.8025873468
"14712",58677.9518486905
"14713",68333.7699205302
"14714",77603.4148145995
"14715",63297.9363714699
"14716",36345.4797026346
"14717",45174.2130344318
"14718",30113.6512023612
"14719",41425.1439881246
"14720",37440.0432091562
"14721",65971.6228811248
"14722",47219.7180805083
"14723",37207.0436313977
"14724",96263.1855581639
"14725",34927.3998988812
"14726",83058.8077137837
"14727",41955.976325742
"14728",161520.125417843
"14729",74665.8283227626
"14730",37665.3124496789
"14731",81050.7127521262
"14732",51171.2827282096
"14733",91955.2386933264
"14734",29226.4994944397
"14735",48495.5730740336
"14736",54236.773634882
"14737",50658.8128759449
"14738",42044.0585287966
"14739",54289.1506640878
"14740",56981.3848728882
"14741",84278.6554686607
"14742",60583.7474358116
"14743",71202.4390147936
"14744",127407.137700551
"14745",61328.086808611
"14746",61916.7917634921
"14747",38141.8996889749
"14748",64172.0252457772
"14749",96957.8320239005
"14750",57521.2902443141
"14751",78034.6888750939
"14752",31747.6893211004
"14753",45569.0377019527
"14754",56950.3396476583
"14755",36776.0184024829
"14756",112978.375519208
"14757",87569.5728486338
"14758",49107.899607514
"14759",47562.5490153504
"14760",66063.4917315276
"14761",60027.3540239049
"14762",39280.3770007191
"14763",52303.5163202521
"14764",63069.6896924025
"14765",67431.276285391
"14766",128785.81255508
"14767",58052.3991210339
"14768",60657.2436075895
"14769",46908.6324723518
"14770",67473.5077640032
"14771",97456.0921073344
"14772",53678.6469208594
"14773",68325.3697585955
"14774",56354.1313905477
"14775",42329.3895624333
"14776",51912.916013472
"14777",53078.583826317
"14778",30631.3397737032
"14779",46859.8211353485
"14780",29221.6663511932
"14781",45592.458281594
"14782",73732.4096858441
"14783",70676.0738448372
"14784",27216.0134874578
"14785",54423.9989455034
"14786",51759.2241042035
"14787",41181.5485180849
"14788",74130.0108184465
"14789",89852.526267485
"14790",83152.7375434725
"14791",51045.1177842356
"14792",69176.4060986811
"14793",45089.0488433547
"14794",31828.4214401715
"14795",57347.6423287099
"14796",57575.8161223292
"14797",44170.7551739796
"14798",83114.7607864294
"14799",62521.2882659836
"14800",51196.0126098478
"14801",19480.9440157242
"14802",58086.3628091611
"14803",113604.146895123
"14804",57471.9148206401
"14805",67705.9871607438
"14806",38792.7706339361
"14807",34544.3580594388
"14808",84668.4125256915
"14809",72507.2832632336
"14810",48786.9819289805
"14811",97415.201591326
"14812",207762.869440809
"14813",38925.9060798953
"14814",60742.8053629118
"14815",60104.7103911051
"14816",47837.3068697368
"14817",34405.2252124517
"14818",74664.5168403821
"14819",69524.098505221
"14820",75753.0155719896
"14821",86201.9175320335
"14822",40687.0184232071
"14823",58175.8858451246
"14824",40068.3950297639
"14825",24655.2693500346
"14826",54465.1763724805
"14827",117287.388934805
"14828",67895.9513976871
"14829",76379.7085486506
"14830",35137.1105615035
"14831",64760.3529637253
"14832",72974.4200559969
"14833",56375.3063535629
"14834",42340.9490496816
"14835",48991.107631079
"14836",89301.9253137361
"14837",47147.9549384008
"14838",42388.1854060091
"14839",61552.4754118646
"14840",64864.4282469061
"14841",84657.3156481558
"14842",45880.5986771152
"14843",36261.2656135314
"14844",44519.652184294
"14845",83548.0949142578
"14846",48758.8094231995
"14847",98868.6809425747
"14848",89323.2220323678
"14849",47293.7729104516
"14850",45131.1229423286
"14851",46867.6787792749
"14852",38359.5216746093
"14853",88912.7377107306
"14854",31684.4837490036
"14855",44225.2170285195
"14856",35001.1232374011
"14857",50026.5060591976
"14858",59297.9987224592
"14859",55298.1363844166
"14860",116152.762290423
"14861",40998.9818511572
"14862",180372.670549274
"14863",52395.6906593204
"14864",47523.1975306609
"14865",68547.4981855354
"14866",97552.4996628051
"14867",130576.93190942
"14868",38800.1397035963
"14869",67707.2960934553
"14870",32026.8789532657
"14871",34329.9376245783
"14872",49511.2743062663
"14873",117887.224524152
"14874",54326.9451137103
"14875",86740.9891259629
"14876",121064.103414428
"14877",43378.8657480262
"14878",82727.9379296236
"14879",66538.8213947367
"14880",57259.2385165879
"14881",32621.1424067689
"14882",55201.1307798988
"14883",106343.874063023
"14884",46206.6802208691
"14885",77793.8602334386
"14886",29097.9119175748
"14887",84445.1886638778
"14888",45658.3911250813
"14889",39581.9183847122
"14890",70269.3780653448
"14891",51712.0800664481
"14892",63865.8833893622
"14893",47875.8569261272
"14894",85544.2000387792
"14895",83419.1584581941
"14896",22082.0337967149
"14897",52070.3965820924
"14898",54530.1761348479
"14899",61723.7388827044
"14900",140167.6892765
"14901",45329.0164559291
"14902",80966.3992319092
"14903",75782.3928541164
"14904",66864.0015583035
"14905",60019.7078029806
"14906",41557.7613713413
"14907",38667.6337564067
"14908",116855.560765772
"14909",78639.9723042361
"14910",62024.7136283071
"14911",83547.4667507036
"14912",48258.6446637323
"14913",76002.4330040803
"14914",55474.3544191824
"14915",46573.9818446105
"14916",46425.8311355243
"14917",47979.6644809671
"14918",93300.4855980198
"14919",41236.2501734505
"14920",162919.991298199
"14921",44148.2365149289
"14922",67448.4898266799
"14923",87285.4227074067
"14924",99115.7566356482
"14925",57404.6585401096
"14926",53640.4106503665
"14927",98625.5225662345
"14928",27364.6439136589
"14929",58377.673730542
"14930",32476.2756673587
"14931",27954.8455011613
"14932",97507.3290735665
"14933",81294.4040049677
"14934",95650.9993867398
"14935",54475.7084197702
"14936",47313.3003433821
"14937",46967.3133737966
"14938",47885.7394704451
"14939",84729.6917347251
"14940",49996.1884487907
"14941",116311.192321213
"14942",62455.2017306466
"14943",55389.939627585
"14944",105676.703112195
"14945",56499.7272054715
"14946",92467.837365564
"14947",57665.788160376
"14948",31711.8889809469
"14949",109438.566689731
"14950",99618.130614826
"14951",23646.3090081354
"14952",58595.0270313467
"14953",59819.6598683491
"14954",80104.8280588239
"14955",44567.8448295936
"14956",37239.8140989169
"14957",40704.8248652576
"14958",135700.018192493
"14959",80198.1150257096
"14960",55956.9780399795
"14961",52639.1394479531
"14962",68990.1292815992
"14963",112932.29407257
"14964",36823.5463805255
"14965",50100.7874948358
"14966",42379.382313563
"14967",42350.3340260209
"14968",45593.2702919936
"14969",36162.8446219392
"14970",41321.401230376
"14971",61623.9469934669
"14972",74920.6330696244
"14973",44252.258165083
"14974",31110.5463925435
"14975",44810.6371523826
"14976",42929.7373227622
"14977",61730.7767847134
"14978",44894.0762073095
"14979",65782.4459658753
"14980",58058.6647097723
"14981",67515.9728892205
"14982",55350.8241990334
"14983",55544.614578371
"14984",56753.8310931286
"14985",56661.066084609
"14986",55348.9249758682
"14987",66877.5070476893
"14988",45390.3444976664
"14989",102120.239806403
"14990",52733.1551899361
"14991",61629.2687339674
"14992",90729.5007291098
"14993",39790.7914088987
"14994",38566.3146026175
"14995",50721.5272650763
"14996",91844.2696020651
"14997",72422.4504010583
"14998",63110.4388510679
"14999",37457.2724667315
"15000",104438.037967194
"15001",50703.6247436006
"15002",59240.0532138812
"15003",46612.021975205
"15004",45037.0486730615
"15005",70497.0828318702
"15006",36006.1003075588
"15007",37148.0328572988
"15008",90013.6618289274
"15009",91855.7735366339
"15010",99445.3904203845
"15011",47806.2591277375
"15012",69340.1488432322
"15013",65485.0109001369
"15014",62942.6006400726
"15015",91450.3631316509
"15016",46486.5572583897
"15017",75453.7305474628
"15018",66951.611445812
"15019",87286.0699577891
"15020",96066.2970433303
"15021",85834.9487168489
"15022",120749.640971183
"15023",166898.959523991
"15024",78895.5787613903
"15025",36195.6300258339
"15026",97968.4533941186
"15027",41847.4428426618
"15028",79888.9787562044
"15029",98075.7825110959
"15030",77182.3091053495
"15031",37593.3878058445
"15032",38727.2119544068
"15033",43061.4468496126
"15034",90218.6760768162
"15035",67573.4961968746
"15036",47313.630039471
"15037",51668.5318596858
"15038",77769.1217919132
"15039",44618.9252089552
"15040",29795.3974358092
"15041",81554.4746065597
"15042",34903.1623872654
"15043",41958.9286205984
"15044",38103.1104409042
"15045",58507.4699948882
"15046",28131.8925434341
"15047",107315.375421899
"15048",97405.615353917
"15049",43659.3442797841
"15050",48646.0475670911
"15051",86603.1580683608
"15052",67580.9261724731
"15053",40729.0286259607
"15054",42708.5087581953
"15055",44470.425318404
"15056",19555.6766272225
"15057",44956.6897185549
"15058",28627.767126364
"15059",58721.1863429163
"15060",69002.2922905889
"15061",65756.0455328757
"15062",65593.9761138956
"15063",71900.5101916532
"15064",63530.9787530162
"15065",64050.3735200096
"15066",76654.3450020758
"15067",79646.1944396144
"15068",82669.7823612756
"15069",37745.7772166786
"15070",72919.5569313095
"15071",50538.9204602416
"15072",63984.9230508597
"15073",37375.8658135666
"15074",37400.5353933118
"15075",50989.5344110594
"15076",46067.6436523473
"15077",42622.7231074588
"15078",109003.803946795
"15079",39902.5471733068
"15080",42488.7849504485
"15081",57060.9398882115
"15082",41318.7894850677
"15083",88364.8169367525
"15084",47411.5265311789
"15085",87695.87248849
"15086",52129.9396646269
"15087",73180.3044493206
"15088",124607.075434131
"15089",58820.4926940984
"15090",55397.2281379721
"15091",28913.1050370868
"15092",39602.1488287596
"15093",137287.820247873
"15094",38795.8507583641
"15095",47986.5840405181
"15096",31003.2406383417
"15097",37217.8394501748
"15098",71631.5075064164
"15099",44065.7448376324
"15100",43027.0498978081
"15101",44776.8291293807
"15102",64163.318864749
"15103",96124.8899598912
"15104",68264.765491284
"15105",31726.1097640098
"15106",58754.962796194
"15107",36804.9484274624
"15108",63301.2464039258
"15109",49309.5225836864
"15110",42987.7412852385
"15111",253900.175376232
"15112",42590.1076144634
"15113",77824.2808990414
"15114",64377.9908760915
"15115",54149.9581944744
"15116",65423.594148065
"15117",72474.2027261572
"15118",58016.6715359388
"15119",147816.845777586
"15120",48478.7825035652
"15121",99872.6318078571
"15122",28759.1911802069
"15123",43293.143164178
"15124",30263.7673223057
"15125",80190.5025280253
"15126",56930.4841023471
"15127",54882.9628020226
"15128",52816.0580448297
"15129",84148.3342973347
"15130",62870.0827264583
"15131",36874.8599798163
"15132",61799.452354384
"15133",101297.201909095
"15134",79134.3990419623
"15135",134840.530477723
"15136",61588.3931551151
"15137",30919.2818140883
"15138",93236.5115191363
"15139",86252.4770377315
"15140",73371.9809758041
"15141",75301.4928836734
"15142",35541.430233501
"15143",102375.88383537
"15144",98210.5596355009
"15145",49518.7169054522
"15146",36457.4789881806
"15147",93630.7150070726
"15148",66228.0323235446
"15149",94153.640811289
"15150",27101.9433803863
"15151",121986.980517288
"15152",77985.2571801431
"15153",48940.2387489773
"15154",50697.818559474
"15155",51152.4452434585
"15156",61779.8033584642
"15157",33371.7463766489
"15158",96246.380083679
"15159",96708.0996979816
"15160",42626.4955877645
"15161",106417.982946706
"15162",54271.2697597894
"15163",37257.0611022048
"15164",69765.5187293531
"15165",69914.0714327701
"15166",30580.509031153
"15167",28440.2937895073
"15168",54250.3289239799
"15169",21967.4110536218
"15170",42791.0191580649
"15171",35640.6863621366
"15172",65278.8974671726
"15173",48920.4294527218
"15174",83490.1638395309
"15175",44215.9239819528
"15176",79141.4023858727
"15177",54044.2949242806
"15178",98704.6761822032
"15179",137084.752995172
"15180",56034.2210727426
"15181",87652.1262047283
"15182",95824.1571095843
"15183",35330.0404780627
"15184",58908.7503371356
"15185",60155.4916104448
"15186",44306.1229195761
"15187",68836.595741503
"15188",41444.735844815
"15189",57373.3587573422
"15190",43490.5231560143
"15191",42784.3682883959
"15192",74944.9368805529
"15193",80461.6525130511
"15194",65730.3468127568
"15195",58184.6688467483
"15196",82735.9064657947
"15197",78523.7020129035
"15198",46409.9390667768
"15199",79000.0739308606
"15200",68070.3424282756
"15201",53288.7034267869
"15202",57292.7917446953
"15203",71087.9331429435
"15204",134591.632118649
"15205",86608.1253914351
"15206",59385.9807851835
"15207",58699.9322693631
"15208",85186.4314893844
"15209",109443.378526538
"15210",119667.725375274
"15211",54389.0109611369
"15212",54064.9394803983
"15213",79118.8614515088
"15214",45070.8626009801
"15215",124037.12441788
"15216",70113.8291147552
"15217",70095.5441467468
"15218",61279.8240355517
"15219",74320.8785434227
"15220",50610.4473369813
"15221",32278.4497259035
"15222",31302.3493201431
"15223",91091.4984832515
"15224",70743.8771619317
"15225",126104.327082688
"15226",81030.6365590069
"15227",126289.403382307
"15228",68005.966414544
"15229",50969.4831867216
"15230",158679.424782039
"15231",128368.524091557
"15232",46004.5093045488
"15233",119310.949731536
"15234",62410.4921857575
"15235",33116.8110737139
"15236",16332.3678940042
"15237",55871.5331301959
"15238",47137.9428962757
"15239",73584.1414357783
"15240",71387.4972995521
"15241",118325.683565038
"15242",45356.1603043777
"15243",54681.0278241675
"15244",92609.2946904135
"15245",79872.7876934004
"15246",30300.6854151568
"15247",25347.1152472953
"15248",52525.5717277049
"15249",38067.5525186924
"15250",54545.1138501114
"15251",26826.8780823933
"15252",82662.8961282661
"15253",82345.98452676
"15254",67801.9045919021
"15255",68978.8766139042
"15256",44049.4376267168
"15257",62308.8257031571
"15258",28800.9918829357
"15259",51415.4355250376
"15260",43603.1863016756
"15261",62826.4312462462
"15262",30931.1276852175
"15263",84277.723472578
"15264",68028.9034228297
"15265",82837.2190620152
"15266",61156.8340782066
"15267",78444.8863813695
"15268",58599.4837634754
"15269",132849.807372009
"15270",70193.5799969463
"15271",64133.8712523947
"15272",40750.2316397763
"15273",53151.5832189571
"15274",72059.6987693932
"15275",99018.096307608
"15276",46541.6349460906
"15277",113004.298412729
"15278",108217.208265738
"15279",40774.8899926129
"15280",47726.4069971482
"15281",38756.008463022
"15282",55382.096212243
"15283",34411.7228420985
"15284",102668.043478575
"15285",66220.8210471657
"15286",68793.2178754435
"15287",38135.3378146197
"15288",49068.7998289849
"15289",41507.5138534736
"15290",50172.5536417311
"15291",29145.5240719815
"15292",38257.5719225844
"15293",72558.3055282729
"15294",112724.569831006
"15295",50902.3281887893
"15296",82431.1075102509
"15297",58239.4180117626
"15298",82950.194658186
"15299",59256.3106107504
"15300",52528.8222945103
"15301",90075.6690200415
"15302",135821.185179593
"15303",73626.4452536569
"15304",104540.422505318
"15305",38467.4286300082
"15306",27246.7958018261
"15307",64792.1780041219
"15308",74078.5793706644
"15309",70290.0547066286
"15310",63232.6875371019
"15311",49893.6236503228
"15312",85012.6993999277
"15313",65499.4143822515
"15314",56809.5593581929
"15315",85383.1104434964
"15316",73151.7428488256
"15317",28268.8685704368
"15318",86458.2801975263
"15319",51840.6788568462
"15320",76975.2645511972
"15321",57443.0198357539
"15322",129744.661785699
"15323",46126.4048424277
"15324",79870.1788957411
"15325",126853.142584096
"15326",41621.3586133957
"15327",50372.4255971508
"15328",93799.9605430114
"15329",38826.3418789373
"15330",62407.3193711608
"15331",78983.2522239059
"15332",67933.6624868673
"15333",59986.4583150237
"15334",45651.5428660927
"15335",76922.6242983974
"15336",59358.3971359708
"15337",93430.740563988
"15338",32814.1488835929
"15339",18884.5899419065
"15340",81342.3397330672
"15341",71334.6809437107
"15342",73174.2530762257
"15343",43711.268348655
"15344",62563.9217889794
"15345",51008.222998247
"15346",78408.7536781716
"15347",211217.008831531
"15348",50115.6083077779
"15349",51278.2142554832
"15350",92868.7295450674
"15351",85529.7428736573
"15352",103848.175389924
"15353",83516.898383098
"15354",158126.334785302
"15355",97053.5071415841
"15356",34709.7577391487
"15357",91310.9192750026
"15358",102711.064320193
"15359",77776.8985717198
"15360",50118.5262280192
"15361",86385.247106979
"15362",63533.5766078684
"15363",56775.5778456254
"15364",113571.864751917
"15365",36468.4347460364
"15366",54244.860692329
"15367",53538.4753519643
"15368",37661.9187183443
"15369",124400.8178152
"15370",72548.4790314261
"15371",57730.1898868497
"15372",42797.4728829971
"15373",59249.7701191681
"15374",83024.6946394072
"15375",57183.7583574767
"15376",49034.0027133905
"15377",85092.6301681711
"15378",55577.103088337
"15379",61554.1646293577
"15380",47051.3398430639
"15381",67866.3443665715
"15382",32614.8312810591
"15383",83263.6927378371
"15384",60576.5654403993
"15385",60999.9111120213
"15386",47816.9417503661
"15387",79197.7965534316
"15388",26995.3198642663
"15389",77247.7522088976
"15390",64637.7842044411
"15391",84255.2265266062
"15392",44845.0765100158
"15393",76116.7432281684
"15394",43313.3883545467
"15395",82138.3754491798
"15396",173781.303776995
"15397",97022.1641040307
"15398",42831.8064143081
"15399",51663.5099326157
"15400",88496.1361638761
"15401",65726.9738685966
"15402",158588.514703071
"15403",88344.9620791699
"15404",85293.6601168026
"15405",44728.4643877601
"15406",66098.2912306942
"15407",86901.5201582621
"15408",67612.6229237316
"15409",50049.9429600982
"15410",47169.6464547671
"15411",40030.6022971246
"15412",26524.3628184932
"15413",102704.364467903
"15414",67539.4669365127
"15415",70384.2226753267
"15416",88737.653842126
"15417",44814.8136498269
"15418",61697.664483779
"15419",75314.3494154845
"15420",84947.5312048398
"15421",54636.5949920277
"15422",33857.7245361162
"15423",69925.646528
"15424",127964.476770269
"15425",41722.6973175862
"15426",26077.7289970419
"15427",88187.4932571028
"15428",30083.8005157815
"15429",84972.7181700576
"15430",47764.6238184132
"15431",52432.2190359707
"15432",80515.9084259167
"15433",120031.881655637
"15434",80841.96183782
"15435",81359.1358811074
"15436",140708.674980482
"15437",46445.342925846
"15438",60261.9198409004
"15439",71592.2407060107
"15440",42248.770725845
"15441",65962.7549843017
"15442",73078.0477885517
"15443",58264.0552213453
"15444",54902.8863308151
"15445",61737.2534073816
"15446",143687.990662946
"15447",60574.6492165656
"15448",38325.4580983679
"15449",98409.8821086481
"15450",54607.3409994934
"15451",64343.6320505419
"15452",40438.9219690505
"15453",82737.233626516
"15454",90847.5200396826
"15455",36092.0653884419
"15456",91857.9467661694
"15457",151944.668577242
"15458",84400.9583514414
"15459",60272.923983596
"15460",54224.9894472957
"15461",82370.023346132
"15462",38242.7927997135
"15463",46071.2520749351
"15464",59841.8322285682
"15465",95578.6251337851
"15466",54544.3683221911
"15467",44260.7873203718
"15468",49709.2815599238
"15469",73097.7467323346
"15470",41267.0234041589
"15471",31808.6810167854
"15472",55905.8959136211
"15473",67239.6114307304
"15474",69406.946207158
"15475",58319.5415127492
"15476",21819.1044060879
"15477",47940.6137841127
"15478",65132.4821541642
"15479",73260.618646668
"15480",74536.0084125694
"15481",49318.9843739832
"15482",93754.7721186762
"15483",41294.8086339513
"15484",96511.8256374528
"15485",87134.0242372702
"15486",49350.3563888059
"15487",45575.1593024576
"15488",29876.128064661
"15489",77881.221240571
"15490",99498.0221998984
"15491",214424.956713026
"15492",77379.8266750599
"15493",58243.3074503798
"15494",54329.9903888203
"15495",75353.3225523312
"15496",32911.4367675775
"15497",65558.9574381393
"15498",67465.7036066217
"15499",56130.2159416991
"15500",73061.4264666052
"15501",40835.3470109524
"15502",52042.8843517317
"15503",35638.4656074414
"15504",26562.7990645401
"15505",67198.816451603
"15506",39018.7118014844
"15507",46782.2438707932
"15508",92830.0602867726
"15509",54880.6446860103
"15510",59882.6915415918
"15511",129201.386344694
"15512",84210.2078571101
"15513",59209.5680477136
"15514",85459.3097121871
"15515",53775.8220549223
"15516",70200.137727306
"15517",100839.659088792
"15518",64494.5186364854
"15519",70495.9380079124
"15520",188406.663445955
"15521",40784.2937323832
"15522",23481.6337074789
"15523",44290.4181990104
"15524",37225.6768838492
"15525",47050.9090535835
"15526",52296.5793469194
"15527",123897.565001443
"15528",56672.0893885135
"15529",64858.3223049957
"15530",61352.1149206515
"15531",61559.2892806818
"15532",180015.887771425
"15533",63008.6318799679
"15534",149399.680087574
"15535",101395.968254473
"15536",36537.1841279977
"15537",63222.3410429537
"15538",19174.3919082571
"15539",75098.1842377097
"15540",49387.2941410454
"15541",32243.9779316949
"15542",69914.1934046666
"15543",135488.582162483
"15544",53326.3933303426
"15545",63617.4490022964
"15546",69063.0294851918
"15547",35255.2566172032
"15548",38197.4294230097
"15549",60509.6835639364
"15550",53866.2046899927
"15551",41704.4405677011
"15552",45092.8310991819
"15553",46008.8267951927
"15554",79262.9365016199
"15555",46996.1768514996
"15556",68731.5902724791
"15557",66600.6251755499
"15558",44484.7897030081
"15559",86849.5993911337
"15560",66342.5649594616
"15561",65883.9550429198
"15562",34779.4146435583
"15563",78051.782141099
"15564",74035.1715679788
"15565",110309.661787829
"15566",63617.5162076114
"15567",58902.6442211121
"15568",60235.9781729028
"15569",132260.691466176
"15570",71648.4412100698
"15571",74649.775838797
"15572",54795.4151841061
"15573",44131.2571224717
"15574",37882.9238384437
"15575",66563.3883659121
"15576",101745.164785558
"15577",98985.8502254987
"15578",23346.0413435403
"15579",117347.697419599
"15580",61402.7227232266
"15581",39398.4152382451
"15582",39034.9372931021
"15583",32944.6209227029
"15584",69432.7639980789
"15585",58033.6981277963
"15586",82595.7779805299
"15587",53228.8404603336
"15588",52270.031670027
"15589",74730.1960362543
"15590",43726.1455612815
"15591",57726.3330298002
"15592",56226.0207287584
"15593",43289.9121032615
"15594",76731.282772278
"15595",111064.572324706
"15596",47762.8102985947
"15597",59488.8744031671
"15598",51728.5844856627
"15599",115251.783527644
"15600",108684.8013429
"15601",71912.9309500629
"15602",42812.4963114644
"15603",33192.302945016
"15604",43544.9944850254
"15605",33975.6039346849
"15606",33707.4521732612
"15607",92695.2954037913
"15608",101582.63551403
"15609",78422.729115791
"15610",51373.2200639312
"15611",50198.9796816125
"15612",31432.613309098
"15613",57689.5146832637
"15614",84051.2267766172
"15615",48053.3874976807
"15616",63079.2205675102
"15617",81169.9974695337
"15618",50111.2645051802
"15619",128595.072775309
"15620",39960.7537156283
"15621",28654.3945551193
"15622",93092.5313543529
"15623",44534.9312590297
"15624",67757.9339161953
"15625",79973.2088625795
"15626",47855.2764002187
"15627",61323.7156489085
"15628",64327.1692568941
"15629",66492.049608957
"15630",102667.793455254
"15631",26033.9321827533
"15632",85524.1589447977
"15633",27987.5508295114
"15634",48655.2710959713
"15635",75451.3867017172
"15636",110801.091069889
"15637",78948.5896502093
"15638",82287.5311585195
"15639",111232.521593116
"15640",98439.0095345282
"15641",78739.3833967835
"15642",82790.5769613121
"15643",130777.619899841
"15644",69251.1665243148
"15645",88842.1419707617
"15646",28613.5331256072
"15647",26054.2805218536
"15648",57021.5442334228
"15649",63020.3153637816
"15650",105145.336120901
"15651",70610.6496794083
"15652",42158.8142453589
"15653",23389.3640434206
"15654",162180.902315867
"15655",46019.4565790816
"15656",69146.8058589931
"15657",48137.7261610157
"15658",51691.5046564039
"15659",61343.4985534049
"15660",98815.7169015438
"15661",54341.9180716419
"15662",31953.1051526462
"15663",46899.9526140471
"15664",45845.0417929164
"15665",56024.0039313246
"15666",79607.7303474407
"15667",80433.9756566169
"15668",58644.1650464112
"15669",46679.3582149747
"15670",87125.7079814538
"15671",72128.6456256524
"15672",64009.9133542665
"15673",48977.37590433
"15674",60471.2696266489
"15675",73539.7483095881
"15676",47468.0605858168
"15677",52402.0062794933
"15678",59508.2168639737
"15679",37026.2559574056
"15680",72196.0692598051
"15681",54067.5463331323
"15682",89158.7697752157
"15683",56934.6249300715
"15684",83755.7989757536
"15685",40600.8739590849
"15686",99915.6503609559
"15687",48188.6137965796
"15688",54806.9784685291
"15689",54175.8762681879
"15690",87147.6118867345
"15691",103845.676701203
"15692",104986.238684865
"15693",69161.924859331
"15694",81744.3465410438
"15695",70823.7896355733
"15696",82902.4415326074
"15697",47474.4421743056
"15698",74959.3523458727
"15699",46312.9275876903
"15700",77355.7861700429
"15701",78682.968921632
"15702",40328.1324153202
"15703",93425.2220174449
"15704",54937.6533923141
"15705",57528.8994028332
"15706",63851.7458926037
"15707",82284.8323319147
"15708",56315.8556626252
"15709",108972.026043901
"15710",80921.2081710706
"15711",30267.4552879199
"15712",31292.9784574034
"15713",102635.736583587
"15714",47919.8753384104
"15715",41779.0096001928
"15716",92341.5782163463
"15717",27654.1260040015
"15718",38856.0615161346
"15719",108367.031830687
"15720",31320.7180233549
"15721",79922.8630175501
"15722",135026.771274252
"15723",56605.1779708801
"15724",74081.0870458888
"15725",71363.1626168684
"15726",53148.4551555952
"15727",40825.9312091295
"15728",39337.5685980767
"15729",61802.5879865203
"15730",41927.8844211804
"15731",49118.0757920751
"15732",51747.4212285064
"15733",30418.2510149597
"15734",41397.4372260149
"15735",46212.2409340745
"15736",27217.1209100596
"15737",51015.9963953328
"15738",64574.6256479391
"15739",55982.9192198631
"15740",97950.1901503681
"15741",67838.5700904231
"15742",89384.4736161077
"15743",65830.6520768042
"15744",59278.3832403941
"15745",96744.726097807
"15746",59396.6645634681
"15747",91150.6049325792
"15748",73899.3288739535
"15749",34479.5125900028
"15750",118783.90262709
"15751",51247.3138607234
"15752",72060.2063575969
"15753",71977.2663329234
"15754",58092.9743785793
"15755",121921.543897287
"15756",88075.4909121126
"15757",84048.4467271617
"15758",41748.503218388
"15759",138404.020138231
"15760",26579.5905208128
"15761",64527.5030949924
"15762",63380.8374046613
"15763",96963.2089917399
"15764",33154.5032496093
"15765",90562.2391403882
"15766",76486.2600282534
"15767",54121.5435108083
"15768",78528.4165785034
"15769",74436.3462765686
"15770",45929.0450735502
"15771",129411.027082616
"15772",62514.2543305884
"15773",68172.5270742918
"15774",94805.5847174199
"15775",83929.2469688565
"15776",74327.8989088289
"15777",37115.3043442617
"15778",99270.0072502034
"15779",35992.3035714848
"15780",59319.4618387693
"15781",121788.875327177
"15782",98774.0620891361
"15783",104923.888161188
"15784",44784.2289187795
"15785",33123.759461424
"15786",52627.3007467137
"15787",97175.8319188345
"15788",51123.6689953096
"15789",35026.8964885375
"15790",64422.9215004935
"15791",44448.1351927286
"15792",85149.5112783888
"15793",38988.770746301
"15794",41259.8804910718
"15795",103738.316871311
"15796",70241.0127281969
"15797",61440.8374000981
"15798",72257.0268501857
"15799",40562.8110459703
"15800",119937.519780454
"15801",63147.4694968252
"15802",73476.2336520988
"15803",48004.8294594533
"15804",36823.6975477108
"15805",51267.9172551277
"15806",52610.1127305024
"15807",42496.5493400184
"15808",107063.77348324
"15809",56688.1481257422
"15810",52253.8562002945
"15811",56756.6950459239
"15812",46802.2373478072
"15813",47565.1933565324
"15814",71684.4192724903
"15815",38894.1981052901
"15816",41059.9098120592
"15817",62445.3193565581
"15818",104223.215022156
"15819",39059.6499762458
"15820",147834.545879333
"15821",35222.2998910957
"15822",57571.2317250394
"15823",73087.5211915026
"15824",45353.4535999052
"15825",132791.450606391
"15826",32621.3733433664
"15827",115725.360873513
"15828",26758.5047464648
"15829",91770.8623176661
"15830",42054.8921211558
"15831",76896.8806696836
"15832",52478.6855057672
"15833",54575.1101188907
"15834",85195.4632622807
"15835",78901.935788038
"15836",33247.9226476551
"15837",42103.3373205523
"15838",55439.6096288731
"15839",69747.1493829628
"15840",58435.8427297454
"15841",31498.5343489253
"15842",34487.9722982867
"15843",39936.9800880461
"15844",121081.445181303
"15845",36744.19835456
"15846",101460.462896521
"15847",54450.8191992266
"15848",59846.7284675993
"15849",80341.4664405324
"15850",117654.989074263
"15851",47252.0825166295
"15852",166465.389428219
"15853",45724.2903776727
"15854",59488.9540996419
"15855",64920.1919227972
"15856",40438.8769236706
"15857",81039.3615604358
"15858",54978.4359504362
"15859",69752.7791796915
"15860",36984.649299078
"15861",62030.9640675668
"15862",48646.7327602111
"15863",69043.5264345071
"15864",47034.940435679
"15865",70039.934170349
"15866",44524.403390134
"15867",55350.9916626572
"15868",53494.0904008161
"15869",61174.9976564871
"15870",56099.9005211012
"15871",91408.2948131444
"15872",34549.4552686676
"15873",41589.3044348832
"15874",193844.569994376
"15875",42090.4557433116
"15876",78510.8764851597
"15877",113229.535629372
"15878",58668.2587869451
"15879",88144.1537786922
"15880",40565.6017720045
"15881",64287.9450086591
"15882",79144.6442680546
"15883",50717.6980992782
"15884",54773.4155786454
"15885",73144.8765545657
"15886",23586.4650018493
"15887",60990.5515655182
"15888",46006.4185525368
"15889",58965.6911815298
"15890",47453.7310978841
"15891",75721.9780495196
"15892",69862.618475868
"15893",64950.7107148635
"15894",39809.3754612452
"15895",69128.782785185
"15896",107007.179360067
"15897",64106.0561928384
"15898",49467.9158983145
"15899",42485.3533821417
"15900",58803.9441627926
"15901",32824.9139859422
"15902",53624.8412726694
"15903",52399.4648134795
"15904",84433.5795212218
"15905",35358.3006860485
"15906",50371.9070867897
"15907",64492.2977481161
"15908",41680.1912040314
"15909",41817.73399642
"15910",70687.0790604946
"15911",86737.4274216608
"15912",48030.5849148517
"15913",46420.1574004499
"15914",38049.5216822626
"15915",80378.3761447009
"15916",36473.0816606004
"15917",47528.9382573877
"15918",59968.6680835273
"15919",74181.5933014901
"15920",32537.1148933089
"15921",55406.96944852
"15922",55246.6229087441
"15923",80497.6022795757
"15924",72947.4534727874
"15925",72939.5346908014
"15926",54961.8651346777
"15927",100751.295671695
"15928",42132.1450411153
"15929",71106.9105076309
"15930",68683.9641904719
"15931",71981.9158980892
"15932",78538.6711355437
"15933",26525.5435059997
"15934",81091.8956137645
"15935",55249.140460185
"15936",44579.7668278433
"15937",53857.3599268991
"15938",29820.8550423729
"15939",53799.9711308791
"15940",157079.442784959
"15941",33054.8788201966
"15942",50121.3861657126
"15943",51445.7685451484
"15944",65525.5861143201
"15945",46701.6962766084
"15946",36651.9355642743
"15947",86760.1257858104
"15948",37694.8836011593
"15949",108247.219708807
"15950",56632.1124107624
"15951",88794.1676289175
"15952",38222.5984612247
"15953",77005.5104283197
"15954",71450.9685505802
"15955",57694.8479491926
"15956",43791.9767087841
"15957",69848.3755879347
"15958",71112.4910710022
"15959",57026.8905457573
"15960",62117.2965365237
"15961",45155.7727629653
"15962",44127.6356347426
"15963",78617.6677863209
"15964",93087.772499126
"15965",49654.1764063805
"15966",45590.9019966044
"15967",60853.6334458889
"15968",52105.6442296754
"15969",45347.5977506369
"15970",109222.947605664
"15971",63046.6137461145
"15972",68078.8546089471
"15973",89049.6004646961
"15974",41285.1774923967
"15975",31067.0839028206
"15976",63715.1569381012
"15977",39968.6258916191
"15978",71405.9253062637
"15979",76115.9001011297
"15980",72907.9321504897
"15981",48440.9871132071
"15982",47333.9080920283
"15983",68842.6625461359
"15984",32348.4296678005
"15985",52264.2256170364
"15986",90162.3309283838
"15987",38892.2641889662
"15988",48327.8681570946
"15989",57284.0219456333
"15990",72535.1701230541
"15991",73908.8786937005
"15992",58561.5456474963
"15993",83862.3363801611
"15994",123386.721294466
"15995",72047.8459101415
"15996",45672.3382405221
"15997",102518.83327
"15998",41657.7841543299
"15999",43628.2354942283
"16000",42214.572599819
"16001",56570.0193896968
"16002",50121.9071631405
"16003",51330.1641316135
"16004",74842.5024775502
"16005",66797.2479402851
"16006",36024.3794767149
"16007",60273.7055067498
"16008",46888.3760011152
"16009",80259.212732999
"16010",120646.093122672
"16011",56804.1284765464
"16012",68640.7689828345
"16013",75459.6817206525
"16014",71654.4364160292
"16015",61027.9582349783
"16016",59613.6129119995
"16017",34047.0822488619
"16018",88762.48377683
"16019",40315.7868824168
"16020",21022.2751371743
"16021",163594.670353558
"16022",65987.5606257922
"16023",51043.337569297
"16024",98329.8652027474
"16025",67086.9010506851
"16026",63732.1877440367
"16027",102267.107243483
"16028",63006.2188412215
"16029",40340.7406323066
"16030",42937.2382076154
"16031",72276.2431132245
"16032",67657.8166103371
"16033",61658.7257779173
"16034",48206.8320419576
"16035",65401.0735734887
"16036",57024.8936169057
"16037",50933.5962237867
"16038",48440.0577483649
"16039",129242.132233749
"16040",116136.177398896
"16041",90111.2166776074
"16042",62707.6484347642
"16043",22890.5126796241
"16044",243093.49463001
"16045",85041.2696310946
"16046",101912.450791809
"16047",54752.2175173243
"16048",75831.9914478149
"16049",99077.3916358314
"16050",41226.4932895355
"16051",44599.6191865172
"16052",83538.285164797
"16053",80786.0373149078
"16054",53358.767327115
"16055",109515.614432388
"16056",61086.9327413142
"16057",75609.0249160789
"16058",80102.5513126778
"16059",67911.4095402531
"16060",55047.4478581556
"16061",58847.3453812058
"16062",47897.5368068621
"16063",88522.1273099483
"16064",58052.7725003856
"16065",49491.2186923712
"16066",49747.9583836621
"16067",69609.2764175387
"16068",51610.1057580647
"16069",53454.6805139683
"16070",140114.989670917
"16071",108106.078321353
"16072",41711.0218264818
"16073",52073.24516243
"16074",57122.6802518572
"16075",71039.3839137705
"16076",78431.5637192903
"16077",50542.5090005956
"16078",102860.516564894
"16079",79804.9663549117
"16080",24540.5926157113
"16081",119161.039983004
"16082",62277.596886032
"16083",57923.8020213294
"16084",47094.5747005616
"16085",58055.9522445853
"16086",48905.5265675301
"16087",72253.9503064169
"16088",63780.1234301603
"16089",57181.5810596698
"16090",90490.1227570497
"16091",71954.2129647957
"16092",38265.9198619849
"16093",62751.2892801643
"16094",81568.560956668
"16095",57937.0247098229
"16096",69803.4881373836
"16097",136935.972434789
"16098",54578.9856300575
"16099",103743.717961542
"16100",54483.0331235381
"16101",26967.620861346
"16102",94083.5544620344
"16103",164175.541028995
"16104",60084.9789069074
"16105",99908.6396698329
"16106",74250.1254051898
"16107",38229.6758295053
"16108",38405.9878854809
"16109",46190.8566522995
"16110",83249.447629306
"16111",50211.4788780749
"16112",41006.1932140299
"16113",154097.384653479
"16114",75339.4097315498
"16115",61936.5763952228
"16116",54081.6744467078
"16117",105822.368090996
"16118",64216.1318391336
"16119",88926.3300277678
"16120",100877.920747902
"16121",92726.4171263456
"16122",66184.5709364702
"16123",104101.397343739
"16124",76590.3402212618
"16125",26073.1947481137
"16126",61844.1891673495
"16127",77913.0005616722
"16128",75129.5968845105
"16129",56521.0195252659
"16130",40432.1043475078
"16131",129429.246564679
"16132",98722.1817709133
"16133",36750.8761536006
"16134",31980.7163482263
"16135",57061.6116796111
"16136",44279.3877409277
"16137",44983.584383919
"16138",28310.2278906432
"16139",52892.2088855687
"16140",44188.0252660249
"16141",83810.6383754287
"16142",73481.414501148
"16143",39629.8445523771
"16144",96775.6497884286
"16145",103208.045718405
"16146",89077.9156845191
"16147",49600.7534799406
"16148",76491.5394187853
"16149",43668.8420461227
"16150",45319.2370569153
"16151",33150.9040576304
"16152",45099.8526521502
"16153",84367.1765318419
"16154",59056.7778176662
"16155",75827.9745427945
"16156",129344.644254882
"16157",83608.5472087087
"16158",107187.12122085
"16159",17332.0983279661
"16160",60124.0964939128
"16161",65358.7029133376
"16162",78220.3435652515
"16163",93725.6243738585
"16164",45339.5996495377
"16165",69420.0895453931
"16166",34636.3830818987
"16167",48166.6038614622
"16168",45629.7715640986
"16169",23295.2795408608
"16170",38343.8693634254
"16171",30532.7942395469
"16172",16086.3267291242
"16173",39484.2841248846
"16174",23309.0579097315
"16175",77060.9300594377
"16176",78938.1194610708
"16177",82408.637167593
"16178",63861.797521204
"16179",106812.20878255
"16180",45068.8152296059
"16181",55534.1107497057
"16182",56496.2521679415
"16183",59590.8863386472
"16184",39800.1863070143
"16185",62311.7937356844
"16186",95599.1926281528
"16187",58731.0076124095
"16188",59575.473501946
"16189",99482.6699350124
"16190",60378.4731895966
"16191",49298.2269784496
"16192",90714.9470891543
"16193",49717.5585665368
"16194",68932.40400277
"16195",59575.988217473
"16196",85318.143509981
"16197",46750.3726642764
"16198",48373.1172209758
"16199",45983.6505230896
"16200",85799.5903387528
"16201",55952.274582469
"16202",55407.2270844562
"16203",106210.328881134
"16204",69337.8084658381
"16205",48520.9698776098
"16206",89582.1666397621
"16207",56211.0611496693
"16208",100136.826434818
"16209",75819.0478504593
"16210",67405.1276458375
"16211",67309.7486111468
"16212",69271.4668369579
"16213",43399.9199273866
"16214",42732.4916984995
"16215",52996.1388219728
"16216",55822.1096269111
"16217",62295.1692645554
"16218",99066.3521283809
"16219",119707.700530152
"16220",84784.9566591241
"16221",117917.743626796
"16222",54747.2239437974
"16223",36405.8704711216
"16224",28720.8906303573
"16225",50138.9816664529
"16226",54606.1087662058
"16227",63285.6134086224
"16228",69258.1354616512
"16229",239573.707563134
"16230",63252.9849850458
"16231",76666.7773793125
"16232",58820.8148641671
"16233",141651.446864235
"16234",48666.6985437167
"16235",77849.8295496175
"16236",42310.2428967194
"16237",60314.6444192241
"16238",66377.7003876212
"16239",78608.8639129085
"16240",50100.0937664867
"16241",64804.6170605245
"16242",94551.4749533544
"16243",63505.5073450045
"16244",154949.678489345
"16245",53737.1671855019
"16246",44060.5640405365
"16247",31315.3244833819
"16248",46862.0365616841
"16249",65513.7914882828
"16250",71674.6300267732
"16251",88501.6423008355
"16252",55634.2015334731
"16253",60310.7324340899
"16254",41135.0420513197
"16255",64371.2290713077
"16256",97002.9868088149
"16257",57248.7688041108
"16258",95022.5666962921
"16259",76226.3636703261
"16260",30581.2503813575
"16261",30561.1212196374
"16262",70826.1837886366
"16263",55340.6186525159
"16264",87183.5292287837
"16265",135045.239748178
"16266",53936.7953086323
"16267",32320.1748929751
"16268",68535.2834871955
"16269",53254.7288636702
"16270",23566.2809134713
"16271",67154.5212208831
"16272",37909.0486925885
"16273",37745.4847318097
"16274",123575.763189848
"16275",93999.9066248477
"16276",49413.8254537676
"16277",77473.2592780919
"16278",67270.001344142
"16279",43757.4742218618
"16280",67610.8869728842
"16281",60350.7336620241
"16282",38165.9758006582
"16283",66812.6441425397
"16284",35036.0394559475
"16285",42181.0300018025
"16286",44573.9432921354
"16287",62387.1370974157
"16288",90288.4984391868
"16289",80225.4019597305
"16290",34111.2096853727
"16291",66176.3652170237
"16292",104781.581975399
"16293",46473.3287811205
"16294",64887.40169121
"16295",127894.068722797
"16296",53248.4271223963
"16297",53652.4285099953
"16298",54619.9119521557
"16299",84997.9449832872
"16300",32894.567984566
"16301",46328.3808481464
"16302",35498.1408347473
"16303",54440.2314746905
"16304",50389.3578563834
"16305",72851.5296887898
"16306",45100.9410656594
"16307",51847.2462140608
"16308",63442.578808931
"16309",80109.3845718517
"16310",60219.7213566308
"16311",120210.449553081
"16312",83308.5365869266
"16313",91827.0901737692
"16314",42695.9399466149
"16315",60472.4344610172
"16316",58838.382452814
"16317",69914.5104726403
"16318",54750.1624118532
"16319",57517.320773951
"16320",39832.1634099564
"16321",42252.6856731129
"16322",81511.6480208334
"16323",43811.0869692605
"16324",55374.5548456404
"16325",55795.0271816679
"16326",29814.7873614394
"16327",85150.646229203
"16328",109405.411534935
"16329",49703.4078605886
"16330",70321.3793181373
"16331",41046.4170759816
"16332",86060.8819701103
"16333",48498.1688806961
"16334",47351.8535033744
"16335",67138.1851885801
"16336",36954.9180081512
"16337",36536.6821428454
"16338",87547.352342006
"16339",27849.113847831
"16340",61422.0257148275
"16341",94591.4975202385
"16342",49564.9700540633
"16343",56913.358939721
"16344",39588.1556145172
"16345",84937.0159322157
"16346",84153.3340423906
"16347",46534.4429969457
"16348",52688.2797391689
"16349",61279.1245477435
"16350",87438.6992922017
"16351",172100.355402411
"16352",116225.811476769
"16353",60045.9039536199
"16354",78988.0910202066
"16355",40189.0051179713
"16356",26735.5924387703
"16357",78222.3926538455
"16358",66100.5275368106
"16359",59207.8455005664
"16360",55413.3463820493
"16361",84143.2356823375
"16362",74914.006809762
"16363",54303.0686464476
"16364",25236.1856140314
"16365",35093.0032722221
"16366",67899.3126723713
"16367",58750.9735055513
"16368",69028.2919856775
"16369",44991.3628587822
"16370",36656.5424540793
"16371",54727.1945203571
"16372",77727.2204259536
"16373",38807.3851750657
"16374",72108.6302624621
"16375",54095.0326533001
"16376",35499.4948590444
"16377",67198.3485818444
"16378",50821.0438935774
"16379",79887.7675380211
"16380",41163.1594777821
"16381",54157.783382442
"16382",66818.2293964292
"16383",70851.3486548232
"16384",54049.2888529505
"16385",56963.2705207554
"16386",124346.574991721
"16387",111550.631408229
"16388",57362.6409322559
"16389",41919.0751588424
"16390",118384.771128683
"16391",44750.8845762372
"16392",106167.605271417
"16393",88727.7016550154
"16394",72516.6887307879
"16395",35453.593941963
"16396",36518.1305680375
"16397",73557.106802381
"16398",78569.2684306411
"16399",71789.8086592783
"16400",88503.4984046374
"16401",56647.7589314696
"16402",51352.5101367078
"16403",54690.4219580527
"16404",51932.9225170566
"16405",46110.7915013446
"16406",78806.3120737393
"16407",59960.9045563236
"16408",46368.3765099909
"16409",26997.7223191194
"16410",58426.6399343856
"16411",120798.818949385
"16412",63193.092835658
"16413",52740.1947684521
"16414",62534.9702002257
"16415",41075.3992833055
"16416",116100.068906247
"16417",67623.0911871607
"16418",56535.9261982787
"16419",38405.6509633238
"16420",38236.6430045096
"16421",59962.0462976701
"16422",73265.6844413331
"16423",32464.535613316
"16424",65193.7281956517
"16425",56498.0732242326
"16426",84976.7614437438
"16427",79538.741744532
"16428",28369.6667025518
"16429",42609.0999048554
"16430",55222.6758523641
"16431",117717.588240876
"16432",42425.300566389
"16433",28490.9005421492
"16434",48025.2819699932
"16435",54706.8312681425
"16436",57178.2724773754
"16437",53496.2979148257
"16438",37915.9954501985
"16439",36883.8322754786
"16440",92784.4444063685
"16441",40853.4141341897
"16442",69402.1577874774
"16443",76146.2876598114
"16444",30487.2247126746
"16445",69633.9747386533
"16446",47315.6175488899
"16447",37482.5081920618
"16448",81720.7849457448
"16449",95848.7698422687
"16450",96855.5102117547
"16451",28557.3165904641
"16452",108380.580874831
"16453",56414.6117846206
"16454",45962.9944131616
"16455",31790.20830613
"16456",49471.8675865988
"16457",48893.3458774408
"16458",30649.1199679238
"16459",41620.2047507279
"16460",52525.4028682643
"16461",58605.5054981386
"16462",89916.5913047569
"16463",40417.3891958535
"16464",50194.9842534425
"16465",70332.7156258973
"16466",58484.0383663964
"16467",52140.5477906911
"16468",49585.2283546102
"16469",42933.8252074305
"16470",34579.1641142922
"16471",44658.7563549987
"16472",53931.9394728955
"16473",103753.876670879
"16474",31315.4011851525
"16475",39588.2324655343
"16476",92228.8956529275
"16477",62522.7375427899
"16478",50195.5094789986
"16479",101393.452395624
"16480",88484.4879503337
"16481",28491.6976812491
"16482",34374.7778605899
"16483",53425.8493226887
"16484",42185.055501011
"16485",91172.8568050934
"16486",28468.4834450729
"16487",43964.6190130893
"16488",82649.5150516777
"16489",40810.9040196523
"16490",120909.026162784
"16491",68652.8438686813
"16492",27809.6135319244
"16493",21515.182274256
"16494",74987.5644186822
"16495",66038.8084166679
"16496",70707.205292677
"16497",93412.7421920341
"16498",40920.4598147065
"16499",59026.0285777864
"16500",164095.756071768
"16501",82679.0305446257
"16502",36993.0985357716
"16503",44422.6608360255
"16504",81977.0313797979
"16505",43457.0889818056
"16506",72088.0062244367
"16507",53618.8271654932
"16508",65974.185720818
"16509",63812.8333195912
"16510",45662.163973952
"16511",40208.5941749821
"16512",66556.5084671698
"16513",102451.520634892
"16514",77657.3654684753
"16515",37748.0678845782
"16516",98777.0048151358
"16517",40901.8074037505
"16518",87112.5062047531
"16519",80052.7813741218
"16520",39841.679953082
"16521",47338.7665143088
"16522",51842.3067258703
"16523",114357.442273167
"16524",37701.0855941139
"16525",26563.9446364769
"16526",39163.9373032401
"16527",42191.7902140069
"16528",32375.3599247388
"16529",114513.246787996
"16530",60456.9769303425
"16531",40339.200540675
"16532",70770.9100288493
"16533",49634.4319891526
"16534",41780.6491215926
"16535",81820.5177556591
"16536",87550.3092217941
"16537",125648.523221269
"16538",73273.2925512615
"16539",94786.6484149843
"16540",94918.5261831007
"16541",50616.7495837204
"16542",27178.2529090863
"16543",55329.1197793816
"16544",87638.0151335707
"16545",65438.729136619
"16546",54070.5554200913
"16547",54165.297246839
"16548",37844.154895076
"16549",58542.0707508519
"16550",33975.7480152454
"16551",42909.7489971821
"16552",59584.4310188232
"16553",76790.9489191473
"16554",57983.8219358705
"16555",42270.31177762
"16556",31718.5577383332
"16557",48423.3785180076
"16558",25951.8951228694
"16559",46955.3163758817
"16560",90637.3828002432
"16561",139547.209343281
"16562",43881.5904933935
"16563",66634.9357496439
"16564",73532.6544812532
"16565",60278.1294137085
"16566",68527.1729940032
"16567",126206.117986617
"16568",118068.050138039
"16569",67195.7647259649
"16570",42968.1886634341
"16571",70533.8818378434
"16572",26277.4022500628
"16573",137954.872819484
"16574",40850.7453115876
"16575",76525.5767718716
"16576",65152.0042108646
"16577",104843.177915323
"16578",45620.960344771
"16579",43292.8701704446
"16580",83780.4706464269
"16581",54659.8240666791
"16582",65181.0046809039
"16583",40733.2325811933
"16584",28737.9567749906
"16585",88099.417498628
"16586",37168.2349973016
"16587",53792.9141639198
"16588",95807.1083351837
"16589",81024.6238547494
"16590",123693.617170868
"16591",30385.244492723
"16592",28256.1927606494
"16593",103829.374615126
"16594",36256.3691948316
"16595",141504.057084483
"16596",83205.0545346429
"16597",56881.2910610864
"16598",72412.3335362834
"16599",44531.1242351015
"16600",72386.3331375387
"16601",62092.650746718
"16602",25394.9896433667
"16603",45000.7777643223
"16604",87844.0365939532
"16605",62462.1550869993
"16606",53931.241913151
"16607",86967.3230722082
"16608",33715.3654091908
"16609",118574.72354187
"16610",74240.8992824267
"16611",44174.731341586
"16612",128863.696351541
"16613",38197.9560991083
"16614",62021.9825046361
"16615",111984.75797171
"16616",33493.8735389383
"16617",78571.0521601252
"16618",91531.3469032747
"16619",30672.975941229
"16620",36986.9116571187
"16621",125033.783927457
"16622",58584.2677051289
"16623",44246.7398286637
"16624",75062.2376031506
"16625",61082.3535098981
"16626",203520.899657726
"16627",60066.6052975289
"16628",55725.9560366755
"16629",42586.7914304271
"16630",118308.100353352
"16631",52821.3444097401
"16632",122277.487353363
"16633",133887.65603027
"16634",95138.0532680437
"16635",39647.373339783
"16636",57195.4343672619
"16637",36470.8600149537
"16638",42384.569554729
"16639",35410.5343285902
"16640",33740.6364845732
"16641",59370.3006521015
"16642",82842.8095542085
"16643",94612.2145815084
"16644",82228.8993405671
"16645",77502.5583487238
"16646",72892.7445101506
"16647",41720.844234416
"16648",55443.145817736
"16649",53587.4850646183
"16650",48387.0407874327
"16651",32210.1731731591
"16652",93123.2401879933
"16653",71791.9832414268
"16654",68205.406602326
"16655",65333.5300739172
"16656",62570.9288452965
"16657",63219.8417301202
"16658",50518.1279455953
"16659",37154.6528768083
"16660",86651.1043893866
"16661",55936.4105068303
"16662",29502.3035392124
"16663",80686.0288908127
"16664",37206.4068516996
"16665",40583.2945874258
"16666",50287.0442193945
"16667",88612.4179838235
"16668",56777.6839616581
"16669",42753.3872579718
"16670",101070.909454439
"16671",85076.3125820209
"16672",31548.5975031799
"16673",36257.1371991324
"16674",105229.600983836
"16675",75554.2030731274
"16676",42713.1274241681
"16677",109181.52683519
"16678",22532.0126193093
"16679",133975.260830563
"16680",20093.4822279444
"16681",51393.5200968711
"16682",122435.146743093
"16683",93493.3335375011
"16684",36819.9583496521
"16685",65484.2219783443
"16686",31678.7682897337
"16687",64649.2723844293
"16688",66036.4355266437
"16689",65066.6301525914
"16690",111241.048952754
"16691",61649.9850159622
"16692",98748.072489748
"16693",91701.1239588299
"16694",74087.1003556191
"16695",54568.413387327
"16696",71476.4470365489
"16697",93649.0772155859
"16698",97961.0230434709
"16699",134218.649833205
"16700",52744.8039940308
"16701",29152.9750480266
"16702",62193.0186912726
"16703",75298.8861671186
"16704",75912.5528098969
"16705",35687.4547609391
"16706",87475.5075227144
"16707",37421.4896173328
"16708",45661.3176833575
"16709",52568.9467849165
"16710",33491.6537900599
"16711",48852.7199393251
"16712",123576.943335066
"16713",85743.909305779
"16714",95539.0384640836
"16715",96304.0965734065
"16716",109643.590664939
"16717",62146.6044254779
"16718",43801.6025595241
"16719",29725.7772345904
"16720",77485.3209561153
"16721",53060.8150533263
"16722",71275.9670564637
"16723",46970.1615369658
"16724",84272.5960670779
"16725",196759.185571588
"16726",52004.3088678306
"16727",58077.33965091
"16728",84969.0619202681
"16729",78102.0604749147
"16730",92859.4482034304
"16731",105529.796304375
"16732",58244.3832866177
"16733",50221.8567912959
"16734",33517.9964200071
"16735",107709.648071758
"16736",55819.7862307294
"16737",63831.8328669007
"16738",48415.68000175
"16739",49412.2307631575
"16740",167531.635886798
"16741",41250.1508934555
"16742",40763.985309277
"16743",53500.6757872349
"16744",33485.3358290484
"16745",48165.0808969311
"16746",99539.3176832713
"16747",26651.3205587495
"16748",76414.2700514441
"16749",38731.83700497
"16750",42889.2188044735
"16751",60107.6373619555
"16752",138310.208322703
"16753",32860.8562614981
"16754",84424.0925347737
"16755",75719.3515086041
"16756",49111.8515673534
"16757",57026.8827933337
"16758",72318.2156844095
"16759",73669.9582655897
"16760",62016.5680726285
"16761",63562.8015162437
"16762",44269.3970878707
"16763",60264.9217628646
"16764",86732.1665070702
"16765",99412.470575438
"16766",86140.7861860969
"16767",81756.626281907
"16768",47789.1535471854
"16769",66730.4285906655
"16770",98779.8389418106
"16771",107921.277862994
"16772",68005.8251365385
"16773",45501.205026645
"16774",55379.9874061867
"16775",53396.8686481875
"16776",52841.6772235313
"16777",51837.2318210337
"16778",24401.6479901574
"16779",45892.4900722847
"16780",44681.5845737455
"16781",45059.6815337638
"16782",84382.51477962
"16783",59698.115695734
"16784",32572.7473299005
"16785",55176.2261922274
"16786",47957.8642916676
"16787",27652.1253862871
"16788",86977.4419590693
"16789",50658.2545517779
"16790",28980.9119933508
"16791",94624.6663938457
"16792",40200.4033967624
"16793",48770.0868249559
"16794",56695.6101628683
"16795",39365.5508137507
"16796",52719.5933684717
"16797",75034.6307435207
"16798",44357.3683738956
"16799",47506.68032439
"16800",71843.885879172
"16801",65861.0279010548
"16802",38354.2142306175
"16803",80790.8602975611
"16804",45354.9472818685
"16805",98951.088854128
"16806",50601.0306464704
"16807",67098.6913778162
"16808",45585.4174398231
"16809",129639.467496805
"16810",55869.572549727
"16811",45828.145697619
"16812",104982.969502231
"16813",54135.1087553049
"16814",64104.2418996586
"16815",53608.4754001401
"16816",28504.1837942995
"16817",132027.980731074
"16818",66063.0857134644
"16819",73353.8304692645
"16820",34536.5561096833
"16821",73725.4536127999
"16822",57516.8667516626
"16823",76137.5089132513
"16824",37972.9259998797
"16825",35443.6447291021
"16826",31956.5929401116
"16827",87531.441117558
"16828",112865.335168173
"16829",52759.301920228
"16830",51264.5758715914
"16831",28285.5064285388
"16832",93796.9093813524
"16833",85883.168320466
"16834",49660.195489429
"16835",43873.8619612799
"16836",75603.8007199858
"16837",28585.4955870634
"16838",129663.125352241
"16839",114398.684145391
"16840",72194.9023138503
"16841",97584.3806774977
"16842",82298.9853674799
"16843",101041.922410416
"16844",141329.882364978
"16845",37489.4032586044
"16846",70893.910170784
"16847",36320.5785726211
"16848",64685.5390133049
"16849",43245.2441690991
"16850",99451.9403903883
"16851",55783.5147537661
"16852",74910.7054438597
"16853",43254.013464159
"16854",55417.6048199158
"16855",71115.0103894779
"16856",28198.7480715283
"16857",48969.19320739
"16858",99497.0565895597
"16859",27955.8729749173
"16860",57632.5222714681
"16861",59956.0408862318
"16862",43138.7233144208
"16863",63977.648150127
"16864",82148.3679528635
"16865",115707.893047198
"16866",55755.0967917393
"16867",50711.3330629568
"16868",117642.36896279
"16869",61462.898637507
"16870",71153.3458345108
"16871",126825.304165707
"16872",93528.3974471936
"16873",56068.7392388973
"16874",33707.7068363167
"16875",38500.7928502468
"16876",43955.8260390112
"16877",49037.0056235612
"16878",37094.4477730987
"16879",41815.0953535102
"16880",71875.9862443024
"16881",117979.752145989
"16882",43614.0493014851
"16883",35369.1990522603
"16884",81884.7144212694
"16885",40082.1290564226
"16886",59309.7280041131
"16887",55602.1195803475
"16888",91357.6979168724
"16889",50077.2202009862
"16890",49075.0097956858
"16891",100050.183521498
"16892",41739.5628054573
"16893",38360.980612831
"16894",112743.065758368
"16895",36366.2420821756
"16896",32046.1031144079
"16897",73211.4831069624
"16898",19011.812807823
"16899",106480.777269598
"16900",73607.208004587
"16901",64073.8357025322
"16902",42640.1352821686
"16903",41680.2340380057
"16904",101570.605222087
"16905",73315.5883006006
"16906",48843.5232429513
"16907",69898.9000555808
"16908",69624.5819359328
"16909",43655.0624610958
"16910",104390.484956302
"16911",43725.4767606722
"16912",50737.5202103963
"16913",48359.2651363424
"16914",120226.601473846
"16915",83692.9557362566
"16916",86890.4375710571
"16917",50481.0951535402
"16918",120527.112053627
"16919",49451.2191025425
"16920",55519.6819969619
"16921",81322.3742667939
"16922",45362.5687308255
"16923",35339.466904458
"16924",61295.6024130403
"16925",59610.6608855375
"16926",81570.7984304333
"16927",34807.9915375923
"16928",42795.7056017409
"16929",64595.3733743334
"16930",39785.156556583
"16931",47646.9546618517
"16932",39655.9875617386
"16933",59401.204617658
"16934",56216.5916945596
"16935",81575.9400768981
"16936",80974.4526161077
"16937",43864.8563832499
"16938",74568.0113620771
"16939",57925.9844672307
"16940",86037.8710931599
"16941",89023.6987510391
"16942",77290.7709609728
"16943",52433.4752784724
"16944",49879.9323403598
"16945",34591.1974594722
"16946",59888.7551215551
"16947",66544.3746030341
"16948",80381.3143244602
"16949",27623.558418266
"16950",37141.719085389
"16951",64003.4474183518
"16952",94098.4441887075
"16953",43791.7773209196
"16954",96889.5990104998
"16955",157002.783554591
"16956",40562.0569153346
"16957",49495.4559427383
"16958",47406.2651271762
"16959",60609.473439044
"16960",60819.5581756938
"16961",93816.641377564
"16962",34103.2763066432
"16963",37976.3604245813
"16964",40400.9635504442
"16965",85686.3923766877
"16966",52293.8895749214
"16967",51137.3923347297
"16968",35300.9009214622
"16969",31554.6676059401
"16970",65415.7210509913
"16971",53016.6998121159
"16972",51912.243619031
"16973",59063.8419909874
"16974",64936.9012537572
"16975",97381.9689395773
"16976",103754.970905345
"16977",69358.0287059765
"16978",54382.0014731464
"16979",51994.4725521546
"16980",41743.0473586582
"16981",79608.8661508087
"16982",48369.6980415035
"16983",69938.4415124726
"16984",117303.748021833
"16985",66623.9448999414
"16986",91846.1272809193
"16987",73752.3985512018
"16988",55489.1625495484
"16989",92799.436606741
"16990",65158.1790992812
"16991",42244.9118859743
"16992",109284.266866788
"16993",34830.6943934355
"16994",110450.459763836
"16995",75641.3684087723
"16996",47166.6136042354
"16997",34475.0415103988
"16998",27824.6780561412
"16999",59647.3228240642
"17000",63756.4755657545
"17001",34575.6749869497
"17002",41903.7167140706
"17003",78712.1753565728
"17004",103488.268453521
"17005",97996.737361034
"17006",42729.8337746392
"17007",41149.9814420344
"17008",71784.5753628932
"17009",46939.6685790442
"17010",82587.8536263844
"17011",52851.2061399791
"17012",99048.9571548202
"17013",78913.6291289362
"17014",75007.6461988114
"17015",59572.088967104
"17016",86332.9492621388
"17017",54801.3339066751
"17018",73640.7443682434
"17019",94449.4082001118
"17020",320871.918114028
"17021",44177.8981362323
"17022",74400.3168810576
"17023",26702.2727974333
"17024",81448.2551783199
"17025",61682.6758695939
"17026",77228.4911632279
"17027",71493.2971109586
"17028",41786.2193848676
"17029",47146.963881307
"17030",89231.8213457952
"17031",57214.8893022124
"17032",94976.2775723599
"17033",85431.6489058038
"17034",57920.4273957931
"17035",47967.2571795264
"17036",86798.8537710584
"17037",102296.716990019
"17038",45597.2919285061
"17039",59771.9759289923
"17040",32208.4210473647
"17041",41331.8330847423
"17042",143171.13656662
"17043",79544.6915707265
"17044",64613.593144897
"17045",80561.8172598371
"17046",78758.5444527632
"17047",74791.1977220742
"17048",56977.0066655952
"17049",99195.8160538901
"17050",58231.646673735
"17051",68291.2581819169
"17052",50198.7827720955
"17053",100801.933034833
"17054",55480.9311430257
"17055",48553.4593871873
"17056",36451.5810819841
"17057",67372.273372405
"17058",47944.3257986869
"17059",88121.1955026318
"17060",36114.1946997631
"17061",83526.693757423
"17062",48214.6695406785
"17063",199388.121051169
"17064",121577.62913883
"17065",27523.8313802057
"17066",82158.7229159284
"17067",47352.9027922221
"17068",61526.3875179115
"17069",43945.6677008508
"17070",64416.9746163826
"17071",49936.133561793
"17072",62103.4869309467
"17073",43871.3960097749
"17074",95441.7487589286
"17075",32473.1964236327
"17076",65822.3194203169
"17077",58047.513195029
"17078",79955.6520014182
"17079",57337.5790734666
"17080",124410.245238692
"17081",78440.2510323554
"17082",60941.165207526
"17083",41988.2768944564
"17084",61317.9811108244
"17085",66805.1132810256
"17086",38159.9493799693
"17087",47066.7965984713
"17088",63742.3315058205
"17089",45720.9800472692
"17090",60521.0222363748
"17091",52622.9131348022
"17092",121747.599637581
"17093",61097.7791170886
"17094",52944.0274701059
"17095",52333.1783347269
"17096",51487.8494889771
"17097",80811.7171721718
"17098",47229.0774024995
"17099",48038.6304925987
"17100",67429.8080828179
"17101",113328.849872055
"17102",76188.5726543844
"17103",47963.796622031
"17104",65158.1695772261
"17105",54992.693428195
"17106",69567.4920316506
"17107",60686.7324504512
"17108",59822.1808036921
"17109",41307.8455408981
"17110",56445.245534899
"17111",54859.4943300309
"17112",64248.4539247947
"17113",58795.4124917434
"17114",51119.913139452
"17115",81731.3452894397
"17116",57824.6329999224
"17117",93175.5118184558
"17118",26086.5621936772
"17119",39618.0405906832
"17120",96359.1017354197
"17121",43219.2778685238
"17122",58408.3530970677
"17123",60217.9358980476
"17124",40526.3855937575
"17125",89664.1571090016
"17126",62160.0660051154
"17127",160961.420497167
"17128",69040.6214026092
"17129",58317.6422908828
"17130",88435.409476196
"17131",68211.1615672726
"17132",108477.989434995
"17133",70443.8086025048
"17134",39368.2014489181
"17135",60899.7174225545
"17136",52658.1433992248
"17137",51482.0961339188
"17138",149454.091365085
"17139",64319.4169099532
"17140",57170.1746495113
"17141",55792.0628911578
"17142",56513.5417196777
"17143",48049.0739170464
"17144",39916.3406357475
"17145",54118.0874112493
"17146",63363.6323298177
"17147",30332.5998256075
"17148",41734.9655165294
"17149",55669.4106580759
"17150",47641.5833478579
"17151",30776.1512028556
"17152",40381.1551297664
"17153",15863.6957468939
"17154",39487.8640676529
"17155",68746.6574783974
"17156",30271.9253897553
"17157",98306.5747736196
"17158",93770.8097943689
"17159",71997.9804964823
"17160",39265.6098802808
"17161",48013.7569202478
"17162",51421.5621870142
"17163",35503.2712753993
"17164",238991.336085126
"17165",70209.4433143754
"17166",85761.1322374055
"17167",29867.4864808637
"17168",66996.3368419427
"17169",68535.8518109005
"17170",66533.6287207779
"17171",63963.9636906053
"17172",52830.4585784307
"17173",48439.8993568256
"17174",38492.0088371338
"17175",187120.390557824
"17176",48878.0826354427
"17177",68246.8418547706
"17178",38392.6608106495
"17179",45806.4385302824
"17180",75147.5388586425
"17181",53345.2402545066
"17182",59933.717905483
"17183",75662.3452672399
"17184",53843.2332027516
"17185",49812.1574807599
"17186",23881.1558177443
"17187",51403.5039631307
"17188",173392.354549568
"17189",66451.0045164979
"17190",59099.7885820628
"17191",79171.0470212316
"17192",84886.8119459619
"17193",72527.8121746993
"17194",70440.8804416377
"17195",119079.543821081
"17196",79091.9372020819
"17197",75745.4954604982
"17198",52828.1059104675
"17199",128672.760456921
"17200",36552.8482097253
"17201",100945.314750035
"17202",47831.0153361929
"17203",65676.405531717
"17204",79694.3241966267
"17205",52882.0690342613
"17206",66492.4993639631
"17207",132872.473623828
"17208",53939.4379880106
"17209",69614.1343091248
"17210",47907.860109685
"17211",57195.3206139995
"17212",62744.8272660865
"17213",97591.4619422401
"17214",83711.8530626605
"17215",71010.9738598909
"17216",63763.3980539821
"17217",88139.362828979
"17218",57909.7945066087
"17219",40542.6303400414
"17220",40702.6395052162
"17221",52737.7151965754
"17222",52006.618487717
"17223",49556.9528945442
"17224",87240.3868252425
"17225",39987.3750413411
"17226",69541.3461391602
"17227",62644.8387665901
"17228",100337.073198682
"17229",50801.9140913144
"17230",63383.5774892695
"17231",70957.8604812
"17232",73123.3286297433
"17233",44514.9843933923
"17234",59098.0452222421
"17235",69758.5899266756
"17236",37947.3696627301
"17237",75802.9853393871
"17238",45549.7587809722
"17239",57860.3227658604
"17240",154568.043955008
"17241",47553.6463070505
"17242",74010.885679607
"17243",77168.9141175587
"17244",24183.2246921465
"17245",84281.5365138143
"17246",92120.4893470944
"17247",105587.645781743
"17248",65363.1317213661
"17249",39976.1173103414
"17250",96559.0946729835
"17251",53516.6924402253
"17252",38179.8749672024
"17253",101971.126249069
"17254",56614.5419354764
"17255",49216.3257704931
"17256",54153.6523522528
"17257",82313.9038746301
"17258",95171.1615971859
"17259",31789.8314593026
"17260",32225.331216729
"17261",58590.8535067918
"17262",70486.9741288758
"17263",86170.5371522621
"17264",94758.3541531314
"17265",26476.2463460972
"17266",56443.534575294
"17267",45544.6133895732
"17268",41726.5398765861
"17269",43940.4964405214
"17270",52244.1132208637
"17271",27196.1182467762
"17272",104878.652990652
"17273",70146.6501343062
"17274",46706.8659255446
"17275",90612.1930981942
"17276",67876.212148454
"17277",41993.8184867604
"17278",73589.2193600384
"17279",31890.9217672799
"17280",73217.6298556513
"17281",110704.55513433
"17282",70489.4445833699
"17283",75971.9408171391
"17284",91154.8095074842
"17285",43898.14067569
"17286",48919.5615685975
"17287",73536.5162955333
"17288",47147.8103756091
"17289",62804.4251760604
"17290",33204.2907867251
"17291",39895.6400712234
"17292",32437.3286671237
"17293",40515.1124421969
"17294",40718.3006886701
"17295",72237.1250562604
"17296",75916.3615111248
"17297",37002.1269166034
"17298",40916.9130238802
"17299",99906.0520647754
"17300",47808.4151588556
"17301",31017.831742059
"17302",98921.8331861957
"17303",80556.3403409105
"17304",88803.9855012111
"17305",74670.7644936621
"17306",39286.1616124852
"17307",74886.2335520371
"17308",31096.4581892349
"17309",62599.1399001971
"17310",68947.5154232018
"17311",51173.8061031844
"17312",57129.961165748
"17313",145817.222993544
"17314",48405.5113552518
"17315",42752.2854551144
"17316",67502.4791736296
"17317",75774.1575061467
"17318",42666.9194763982
"17319",41495.0489156659
"17320",96953.5722708447
"17321",61279.4006204701
"17322",77621.406676891
"17323",28060.912592622
"17324",87920.9324449519
"17325",75499.9607495773
"17326",80917.9990592432
"17327",41462.4311254582
"17328",33832.6975178332
"17329",94731.3699093512
"17330",59657.7823575614
"17331",48936.4791480998
"17332",46819.0050253052
"17333",47842.5144139609
"17334",67725.933090835
"17335",16654.4941886991
"17336",69630.5414624442
"17337",28472.4394662788
"17338",55440.18921709
"17339",72305.7644672536
"17340",88120.1985326818
"17341",96431.1272585892
"17342",81417.7705989457
"17343",73022.649177139
"17344",157173.345413995
"17345",37684.5202113267
"17346",53943.6408757541
"17347",43293.6437048306
"17348",61452.7235561164
"17349",168621.910819601
"17350",33369.2585867598
"17351",90346.2082703576
"17352",62825.6876016528
"17353",53809.2541630398
"17354",90154.6576410722
"17355",73168.8730786033
"17356",99752.7015930285
"17357",58957.5145262573
"17358",99309.12783628
"17359",54359.621558413
"17360",33875.8040101712
"17361",62615.5065553355
"17362",56925.9788414494
"17363",119854.356458372
"17364",52293.2544886503
"17365",44944.0263875852
"17366",47880.6028918288
"17367",52885.3879433007
"17368",61325.5846700204
"17369",86154.0010563537
"17370",46207.513546709
"17371",49658.5833105593
"17372",57280.2945231595
"17373",95419.4506470347
"17374",64011.5585488143
"17375",37372.6650477951
"17376",67044.0164362496
"17377",95160.0731318195
"17378",53935.0983814886
"17379",53364.3544255454
"17380",62468.2858882273
"17381",52655.9367459541
"17382",114385.435516458
"17383",146128.944654969
"17384",47603.6604779574
"17385",75947.5889084106
"17386",78120.9864409127
"17387",119718.008465056
"17388",38367.0403703611
"17389",41354.4557492229
"17390",77229.5290114423
"17391",91809.7509984652
"17392",42333.5745498236
"17393",95143.7346428264
"17394",54541.1515555811
"17395",61857.683432241
"17396",55311.4753642414
"17397",78714.1010753192
"17398",34908.0824010811
"17399",73812.4426763698
"17400",71202.8827576808
"17401",69269.3698185617
"17402",44398.8910184016
"17403",62617.5798601646
"17404",58332.1060615939
"17405",77805.6736321333
"17406",46556.6489219658
"17407",32597.5109145748
"17408",92850.331284763
"17409",82275.6691207539
"17410",109788.521299578
"17411",58111.6748352376
"17412",83126.7669272606
"17413",57306.2019179818
"17414",84235.7662499312
"17415",51364.8770382179
"17416",80133.3875292882
"17417",61179.9261745384
"17418",72862.603220907
"17419",76030.0394282962
"17420",59301.8415919482
"17421",161887.974267067
"17422",43070.6748209307
"17423",76540.5550510247
"17424",99623.304962492
"17425",62854.8600728319
"17426",53641.591980611
"17427",128283.719647825
"17428",65932.0674235817
"17429",81499.5612887096
"17430",109129.11145026
"17431",42051.1531730902
"17432",76327.0793830598
"17433",27400.8810311324
"17434",41084.968892627
"17435",53003.9274726381
"17436",43583.6975448405
"17437",32394.7314592031
"17438",62176.0369972997
"17439",61730.2038977358
"17440",31074.9823687014
"17441",76362.0593069329
"17442",54053.0344315297
"17443",27300.9958719974
"17444",41707.7126215186
"17445",31538.6484763938
"17446",66033.8380971314
"17447",67055.6710756493
"17448",64550.9340063417
"17449",31757.1858255273
"17450",56209.0635297526
"17451",34005.7942326117
"17452",98527.672986885
"17453",84901.9482866325
"17454",61146.2358852024
"17455",56958.8881873105
"17456",26159.6991897176
"17457",122916.127502929
"17458",28096.4673239092
"17459",26229.6502170244
"17460",49164.7341240152
"17461",92830.85285254
"17462",84457.4001862633
"17463",71202.2968209208
"17464",53243.6395374441
"17465",67966.0601810644
"17466",120518.102055259
"17467",53247.6674579807
"17468",29261.5473458507
"17469",68814.0307473823
"17470",49854.1070717257
"17471",54761.855910065
"17472",63226.668990172
"17473",37055.9165437175
"17474",115345.276150887
"17475",70640.6428075945
"17476",97168.8453173383
"17477",67682.4732414943
"17478",55004.7304437505
"17479",68228.2040889436
"17480",37719.706409374
"17481",74677.4290380578
"17482",100205.493211259
"17483",80209.6646430095
"17484",97081.8228226399
"17485",52321.7815663833
"17486",82590.197063924
"17487",82675.6520023239
"17488",56473.9558159408
"17489",50081.6747779108
"17490",56663.2341799983
"17491",48432.3418610924
"17492",38583.4155013317
"17493",54585.9401324373
"17494",42953.1386514069
"17495",107828.444795082
"17496",153964.162804707
"17497",97226.1716022309
"17498",55132.0307955846
"17499",53309.6576376041
"17500",122301.651756742
"17501",45112.6132902066
"17502",52369.3199634592
"17503",61381.3006193512
"17504",29143.4927685823
"17505",52399.5681695018
"17506",100621.444460812
"17507",46329.0450716961
"17508",81055.0200333544
"17509",43213.6645464069
"17510",38892.1988400759
"17511",70979.7131239169
"17512",58732.5924977294
"17513",30093.7850715286
"17514",87823.0932634516
"17515",120487.225035454
"17516",67989.7794774029
"17517",42500.0143300238
"17518",49036.614749491
"17519",40150.3679255495
"17520",43289.4285759188
"17521",52204.1979110524
"17522",89139.7799621912
"17523",74900.1763861794
"17524",82437.613151231
"17525",38202.1399569346
"17526",68372.4012887454
"17527",39226.3255976704
"17528",32056.2835353981
"17529",35622.5546714043
"17530",65596.7818538137
"17531",69676.3511990803
"17532",73166.3309593572
"17533",32430.8451181104
"17534",49798.3200529379
"17535",70506.9506828009
"17536",117952.691428436
"17537",72307.7204440415
"17538",32136.4573462179
"17539",32717.0066959392
"17540",37962.4701559996
"17541",111270.346930014
"17542",65989.810823154
"17543",87328.4386783215
"17544",63130.2074460177
"17545",43078.6516921864
"17546",34019.6740598163
"17547",63973.9744556789
"17548",89211.9607588492
"17549",97109.8282099905
"17550",91717.2209437517
"17551",33399.3511959252
"17552",43196.442720308
"17553",127121.669422817
"17554",94266.9094774327
"17555",49365.8808654408
"17556",52135.648663276
"17557",53409.4974876007
"17558",44049.4880943343
"17559",75249.3869084062
"17560",81183.5202725966
"17561",40193.7296845684
"17562",57806.2523098953
"17563",54063.5735053461
"17564",22947.8565305344
"17565",145931.994625267
"17566",46832.4120810733
"17567",59480.0995418602
"17568",29555.6202758952
"17569",130078.879727385
"17570",32996.3368448326
"17571",59341.4422213809
"17572",56635.1352766239
"17573",51345.670056097
"17574",64109.7944234178
"17575",91644.0766560202
"17576",47778.6037042195
"17577",83735.3326151275
"17578",87296.3531303921
"17579",44083.0867459146
"17580",33844.5648020717
"17581",124943.551592884
"17582",85084.2628534256
"17583",36063.5580835498
"17584",80219.550542444
"17585",45268.5204180255
"17586",48551.5828010871
"17587",44759.2821936462
"17588",51011.664863801
"17589",92899.461887588
"17590",88753.6515763022
"17591",77615.5179454744
"17592",58511.6289443288
"17593",71309.6007007235
"17594",137043.536582536
"17595",55485.8994517521
"17596",67771.6363604065
"17597",44434.8412878615
"17598",96205.1584441367
"17599",64483.910656502
"17600",71492.1594546083
"17601",28553.0820992244
"17602",68090.7459320259
"17603",39262.011194548
"17604",83718.8108321255
"17605",57562.8763941033
"17606",57598.8723160079
"17607",99281.8551590236
"17608",38892.0155893339
"17609",35011.4120072304
"17610",74408.2782399629
"17611",44359.4771987233
"17612",55998.2947612869
"17613",54070.2660057962
"17614",41504.3415357845
"17615",68622.7144593548
"17616",56148.9410840206
"17617",46922.4525836668
"17618",45140.6589293061
"17619",45147.2593130658
"17620",75140.703053382
"17621",33713.3595793044
"17622",43483.1395592929
"17623",83138.5038760745
"17624",65686.7059873173
"17625",62320.6032735172
"17626",48797.4127613079
"17627",75138.0317909142
"17628",69547.4031954659
"17629",33685.2909232515
"17630",81050.3048784265
"17631",64469.2413773267
"17632",42591.5990718423
"17633",45143.9657466865
"17634",68154.5610995852
"17635",78937.1507751
"17636",84409.3288953489
"17637",48614.5890841964
"17638",33024.0740145269
"17639",36459.0484402345
"17640",58975.3240859242
"17641",143440.49793487
"17642",61835.5340526315
"17643",92291.8536691203
"17644",61743.3147282931
"17645",41441.4881521938
"17646",103269.447958166
"17647",39736.9653819292
"17648",125908.3398547
"17649",47232.809147482
"17650",34084.1711555152
"17651",56042.5490593282
"17652",73768.8898561777
"17653",48661.5591119014
"17654",84067.6326877321
"17655",53044.8240665023
"17656",77290.8940781092
"17657",91906.7295873754
"17658",68457.9329154215
"17659",67865.2904726736
"17660",145446.566920932
"17661",41441.6750183234
"17662",140116.721255412
"17663",58644.0290286638
"17664",39903.6598395003
"17665",149591.218959677
"17666",57468.1025331428
"17667",55632.2218192697
"17668",74711.1527829751
"17669",36658.8793141495
"17670",71842.4971634441
"17671",111529.62806197
"17672",69107.0770307781
"17673",63563.9182169302
"17674",72589.5696491328
"17675",65215.7020629455
"17676",117615.993839545
"17677",97195.1386588007
"17678",62665.9524671079
"17679",55426.2436049819
"17680",54184.8860798198
"17681",27011.5771461953
"17682",48569.6489127321
"17683",56815.5004023392
"17684",86611.7870054777
"17685",47623.027595164
"17686",31140.4079292182
"17687",100577.248110546
"17688",30895.2618029187
"17689",35260.6087122986
"17690",127622.324601829
"17691",50629.0045323271
"17692",245154.828880538
"17693",142302.936609904
"17694",52662.7258779732
"17695",46500.6823283797
"17696",100221.851316593
"17697",35312.1462009613
"17698",50609.9677475045
"17699",61651.382583821
"17700",47635.9933198758
"17701",32206.5267665578
"17702",75562.0317521667
"17703",49823.9370363665
"17704",94497.0802222663
"17705",47414.7755285687
"17706",56344.6298547817
"17707",67517.5703843574
"17708",131900.287440532
"17709",63301.6014274644
"17710",48814.2608150972
"17711",51786.0094753839
"17712",40754.8064611859
"17713",86302.0689117977
"17714",48271.1326333027
"17715",47274.2676982494
"17716",73095.2706348316
"17717",40647.1568204838
"17718",67217.2152310991
"17719",103032.341028119
"17720",32577.6833961874
"17721",105089.308060365
"17722",82807.4658032776
"17723",88537.6830766119
"17724",46698.1369160772
"17725",127885.679642827
"17726",140014.620958029
"17727",63639.4298284949
"17728",29625.9318177631
"17729",49349.7396596239
"17730",49615.2740940101
"17731",22542.3582361523
"17732",56666.2007294973
"17733",56652.512463558
"17734",99567.558726921
"17735",57188.9018160283
"17736",33378.7057964297
"17737",69483.5427867148
"17738",89482.8769152789
"17739",24767.3103745215
"17740",29943.8498294548
"17741",83906.3148082021
"17742",79450.6823992877
"17743",76786.8080209788
"17744",58959.2701928458
"17745",74428.9616607317
"17746",36963.551357897
"17747",67051.7042094421
"17748",30318.5769162198
"17749",84713.297900906
"17750",80932.392690576
"17751",95692.8020788193
"17752",39697.2962903378
"17753",57435.4988054881
"17754",57784.3096863689
"17755",33341.4969001465
"17756",85097.8245770097
"17757",56771.6483027969
"17758",61015.0600950292
"17759",31655.8553755339
"17760",35759.4686934998
"17761",52045.0093236979
"17762",48030.9606041895
"17763",62334.154576374
"17764",35898.8817068503
"17765",182690.893047511
"17766",49716.2241980829
"17767",103431.873351298
"17768",98148.0565950138
"17769",107425.437785813
"17770",37251.9657737623
"17771",48703.6324992328
"17772",59847.4562699241
"17773",78509.5272513211
"17774",87945.6611726496
"17775",36170.5761192002
"17776",61426.2410971553
"17777",75477.0424489701
"17778",43520.9334010123
"17779",28471.0198048048
"17780",58076.7952168218
"17781",31056.2415913016
"17782",48408.0556965931
"17783",43697.1328398808
"17784",41734.7781517015
"17785",76313.0836676563
"17786",81097.8888031149
"17787",138614.716099693
"17788",54176.1824860146
"17789",45759.337693702
"17790",51006.9420088666
"17791",72537.1479816867
"17792",121595.250111343
"17793",41175.9750344892
"17794",68486.0573532364
"17795",39570.8780859092
"17796",160359.71965942
"17797",46098.1814610551
"17798",23021.4179408386
"17799",60627.3180989226
"17800",17445.888307351
"17801",53543.1394998549
"17802",82537.2563170378
"17803",74070.3911410211
"17804",36535.8344247022
"17805",138505.934517402
"17806",51952.5125031667
"17807",119849.851249943
"17808",58615.5017723077
"17809",50336.4909478847
"17810",37552.8032722849
"17811",73389.3674316838
"17812",88885.8406824597
"17813",90505.6503679228
"17814",65825.672469182
"17815",219221.870404713
"17816",83627.1104182426
"17817",44494.0378725803
"17818",57796.0106469601
"17819",36731.8267158197
"17820",86072.4897796749
"17821",27539.1238378863
"17822",56479.8538136574
"17823",86736.1317034262
"17824",89277.7688578149
"17825",31278.2073677803
"17826",45152.402782829
"17827",86351.0542764971
"17828",60759.5934164225
"17829",50367.6030518073
"17830",88970.4148273487
"17831",93660.4045006993
"17832",54538.3750931276
"17833",98635.7691704034
"17834",49620.4117707589
"17835",86587.9445466707
"17836",110365.819621171
"17837",40979.5216274999
"17838",135046.88981104
"17839",83419.1018893723
"17840",51394.5035525725
"17841",53170.3307503513
"17842",70341.4495986852
"17843",34164.403345838
"17844",87078.2850798301
"17845",56502.4158164133
"17846",38488.5586061118
"17847",63307.4681127537
"17848",65670.7540620074
"17849",49757.2782394012
"17850",65723.8833054908
"17851",45761.4054145181
"17852",61554.1811315979
"17853",72414.7549830421
"17854",84165.279082857
"17855",63202.3389614678
"17856",73230.7090878684
"17857",56220.7921000802
"17858",76131.0598669832
"17859",91830.486447715
"17860",89866.377093926
"17861",74561.6245674963
"17862",54625.3622687825
"17863",69726.8441113132
"17864",81974.4048679389
"17865",61793.3760216654
"17866",71596.6229731498
"17867",58389.5361727291
"17868",37814.4438812448
"17869",104866.109696982
"17870",36650.8960800148
"17871",49660.6022719081
"17872",96118.1182396514
"17873",44127.1053696139
"17874",116817.094516774
"17875",73198.350680401
"17876",52712.0032755165
"17877",69185.7018004765
"17878",57870.1113527094
"17879",140665.050253353
"17880",58317.1162900745
"17881",33901.981254896
"17882",96868.2229440661
"17883",42099.4432846445
"17884",63119.8331471715
"17885",46652.0290174979
"17886",43870.0204603645
"17887",26783.944344215
"17888",62603.6969736308
"17889",54064.816474093
"17890",59365.0540687728
"17891",32235.3438090683
"17892",41146.4045649855
"17893",63994.0838646027
"17894",36552.0927516454
"17895",43576.6053603142
"17896",93201.7631041752
"17897",70745.4547701384
"17898",33950.289389893
"17899",46765.2356686104
"17900",83833.9325698248
"17901",79009.0577325399
"17902",46774.9190520362
"17903",59760.8421251549
"17904",39554.9797088945
"17905",115637.638571628
"17906",69750.6262529362
"17907",26791.252330765
"17908",75692.2747032806
"17909",55072.2843699097
"17910",99665.2591680442
"17911",64181.2058466147
"17912",63714.6832039568
"17913",64964.1540926338
"17914",78140.8087143042
"17915",67034.6502934896
"17916",44824.3110100313
"17917",106470.071204915
"17918",44901.6651741169
"17919",47586.3664696833
"17920",57088.5252493598
"17921",33209.1049782773
"17922",83478.0456976379
"17923",50332.7109605214
"17924",52906.9659915018
"17925",63895.0993321594
"17926",45720.4220873021
"17927",63601.5099134674
"17928",51819.436913385
"17929",71902.6298502094
"17930",56373.2430799312
"17931",145814.489745282
"17932",73989.4660699115
"17933",84416.7627801532
"17934",43759.2929863492
"17935",79711.3745514073
"17936",145349.080967298
"17937",51234.0597961028
"17938",31738.1020523467
"17939",32864.6359153505
"17940",63812.6865469003
"17941",48791.7590745845
"17942",37308.2723904013
"17943",65583.4146644348
"17944",52398.0660015112
"17945",102805.402872107
"17946",49668.4422542189
"17947",109356.463523931
"17948",40878.2800156169
"17949",96988.7677572212
"17950",71418.9225663143
"17951",66767.1761012099
"17952",28799.1245255781
"17953",53295.6873078138
"17954",53390.3700479518
"17955",140586.412777873
"17956",48359.9543953075
"17957",73732.3971323032
"17958",41486.5328765465
"17959",68456.4324368654
"17960",70024.1578805446
"17961",42245.4762790324
"17962",58163.0715010675
"17963",44140.162962937
"17964",64876.8392940301
"17965",71483.9551028295
"17966",72617.5142469306
"17967",51283.5536387956
"17968",51469.0831472988
"17969",40700.7806306366
"17970",52695.9937111795
"17971",60147.5159135429
"17972",76665.2463943053
"17973",40962.0397877998
"17974",55948.2009025161
"17975",62663.4984575918
"17976",70389.9813807597
"17977",79497.5405619985
"17978",48364.593504861
"17979",66501.0210766998
"17980",49120.2459315577
"17981",103195.979357697
"17982",76365.1509137957
"17983",58011.4580010201
"17984",57895.9692007567
"17985",38808.0107114445
"17986",92188.2891203114
"17987",113487.942837566
"17988",49995.2446839402
"17989",42637.4826402209
"17990",96689.8686846942
"17991",123703.357377605
"17992",66506.8622457785
"17993",56798.3841100328
"17994",44208.2128831022
"17995",48103.0025816835
"17996",48665.1880946164
"17997",33886.6974024567
"17998",55780.8462127484
"17999",60556.6569884579
"18000",36541.9549454896
"18001",44894.343063231
"18002",45422.7399884505
"18003",34462.9198004214
"18004",57771.5547251419
"18005",34660.2533833866
"18006",56398.593074709
"18007",115105.459959443
"18008",80589.2872431037
"18009",89037.3099031405
"18010",50289.7330625769
"18011",97140.8210987012
"18012",100669.731813788
"18013",138884.21967636
"18014",62635.9754143331
"18015",32905.3158691426
"18016",38018.2666676812
"18017",75222.5643822506
"18018",62894.1811220445
"18019",37395.3960214278
"18020",87729.425315052
"18021",49871.6888647258
"18022",71925.4575480656
"18023",69977.4867367059
"18024",182193.198916842
"18025",114524.16565581
"18026",96641.2119542372
"18027",51084.7307422537
"18028",62077.5854899016
"18029",55342.9676428078
"18030",45391.258161446
"18031",91317.2139198945
"18032",96510.3096919944
"18033",66048.3174889511
"18034",48167.8867854679
"18035",55317.2169308761
"18036",121231.799730426
"18037",66550.1596206272
"18038",23342.7658570561
"18039",28947.8301550995
"18040",71603.5145424678
"18041",47558.925705781
"18042",63880.6442401665
"18043",44665.9222185117
"18044",48978.9076034182
"18045",138904.986606158
"18046",48595.1717480527
"18047",20962.9866573392
"18048",56224.6914374947
"18049",74417.4813106383
"18050",41544.0575017375
"18051",107388.965913008
"18052",56949.7291437218
"18053",44679.6172896827
"18054",67102.4212228376
"18055",90852.9327252964
"18056",25073.9788402853
"18057",90310.5770817455
"18058",65334.7645845983
"18059",40902.5985781437
"18060",74146.77225223
"18061",59892.3543311489
"18062",117353.093523299
"18063",62100.5842136249
"18064",150884.671101517
"18065",30495.8022007843
"18066",61360.3907764765
"18067",61852.7579077055
"18068",23694.309866998
"18069",45409.9667271858
"18070",43402.2671446091
"18071",145469.336895626
"18072",57370.6396497027
"18073",81980.9228114883
"18074",54777.3694053697
"18075",61175.3900254156
"18076",138099.512911917
"18077",64495.5526315163
"18078",50725.8635852636
"18079",51677.8419981331
"18080",34795.3798632801
"18081",92334.7727939195
"18082",45811.9269735219
"18083",60721.7303660651
"18084",26535.0116058185
"18085",73383.6631276508
"18086",64420.243694341
"18087",34229.5671287323
"18088",40778.2387818753
"18089",48454.5583157937
"18090",145296.656891248
"18091",55645.8608323623
"18092",25946.3417452058
"18093",34096.6704902456
"18094",73557.6666928327
"18095",42176.5380393172
"18096",56785.4193694662
"18097",53549.9095980581
"18098",54093.3796514626
"18099",51863.7367540322
"18100",28300.5795383355
"18101",38892.5368738504
"18102",99944.0567898154
"18103",55668.1701036969
"18104",56433.827707737
"18105",63203.7770303757
"18106",59262.9592940761
"18107",86750.4545518848
"18108",73367.2429307215
"18109",123010.283489591
"18110",62065.5170962128
"18111",51621.2763986643
"18112",44040.7152059945
"18113",43097.6765772561
"18114",72642.6644128154
"18115",94255.5132351292
"18116",41936.9977560425
"18117",45981.9902083041
"18118",47288.3077699143
"18119",66534.7943617884
"18120",90361.6944936386
"18121",107893.3014683
"18122",72170.5713156382
"18123",45151.6635180498
"18124",37116.141888705
"18125",49071.9232342734
"18126",35390.9323212823
"18127",78401.9972954266
"18128",92196.3660009919
"18129",50767.1893025439
"18130",69273.0174207116
"18131",32909.3980700165
"18132",84851.1430465099
"18133",74418.60337995
"18134",41205.4312017022
"18135",120783.505998586
"18136",99371.6358954875
"18137",48082.5870082468
"18138",56653.59171553
"18139",48253.5494166664
"18140",34718.1269031823
"18141",36806.3742475332
"18142",144985.433994964
"18143",39922.7590482861
"18144",192818.744543758
"18145",30931.1964447058
"18146",36956.2037572728
"18147",43289.4616819024
"18148",63993.4291894793
"18149",81009.2661586152
"18150",74031.0294842344
"18151",59664.4149498106
"18152",69069.6644030932
"18153",113612.722465117
"18154",108691.170786945
"18155",70395.4196579687
"18156",64958.8395653799
"18157",42183.3815753135
"18158",76755.2241456169
"18159",46276.6708718033
"18160",48562.0334953436
"18161",60130.1019150494
"18162",102518.11743011
"18163",24330.7011700478
"18164",59090.3377344532
"18165",197281.251834183
"18166",98343.7066647945
"18167",56798.5687980087
"18168",76268.2678070921
"18169",99788.2545827667
"18170",60995.0662785415
"18171",40328.6715346128
"18172",102639.86923116
"18173",52053.339039328
"18174",83726.8320327132
"18175",47506.5403951638
"18176",49930.5294524055
"18177",23237.3974280561
"18178",61593.4651902981
"18179",63980.0929650895
"18180",55307.0002558038
"18181",55464.7171877894
"18182",44267.6709834809
"18183",42569.1635981413
"18184",82049.8648086015
"18185",79731.117876157
"18186",90778.041243451
"18187",68797.6958346657
"18188",96147.3146009995
"18189",67345.9199474322
"18190",36250.5548898123
"18191",49035.3320558058
"18192",46004.762425112
"18193",70449.1285101271
"18194",51380.9763355502
"18195",106345.245091462
"18196",103129.923314409
"18197",109989.165395889
"18198",27060.021441427
"18199",68130.2579248074
"18200",67797.7371593865
"18201",54447.3936393474
"18202",21144.377786457
"18203",60146.6183624715
"18204",82254.1608304918
"18205",44756.5695773596
"18206",56284.7354160026
"18207",27046.9147882156
"18208",46963.1658141989
"18209",24030.8006699751
"18210",62897.3082253758
"18211",141827.790161183
"18212",35121.2643654374
"18213",45037.048551634
"18214",39238.6638563486
"18215",77625.0319932904
"18216",38117.1123169524
"18217",42838.3572040428
"18218",94757.3239712913
"18219",109393.98746929
"18220",66437.501193074
"18221",73940.319819256
"18222",76636.48123896
"18223",56901.3531469956
"18224",37212.5377586379
"18225",63747.8734109065
"18226",44108.0646657519
"18227",75370.450036745
"18228",59344.0255600577
"18229",72284.9071033855
"18230",65940.9719458119
"18231",119955.897270553
"18232",40590.2171706814
"18233",102722.280510152
"18234",49833.5199733049
"18235",61023.9648345317
"18236",60751.5621543226
"18237",39613.8418283103
"18238",44379.2564080505
"18239",145251.698974289
"18240",82896.9711768384
"18241",73864.5628298715
"18242",68516.2252437837
"18243",88959.2363029398
"18244",74140.7304833801
"18245",80994.8113948915
"18246",48989.0974815662
"18247",39959.1905332992
"18248",49567.6174010902
"18249",76794.1821232196
"18250",79010.124485821
"18251",47458.9219397404
"18252",38454.0615646893
"18253",55686.985486647
"18254",67091.4634641037
"18255",58341.4832728195
"18256",38799.6821147912
"18257",38919.5545915017
"18258",57075.8141141818
"18259",83916.2833530541
"18260",40055.7828693876
"18261",63288.4177716771
"18262",75583.6582705364
"18263",70162.4483704626
"18264",46759.1941638094
"18265",36454.7893781695
"18266",100211.800244879
"18267",48170.957167058
"18268",51011.5905258473
"18269",42097.1973439424
"18270",55810.7284755872
"18271",56442.0007166947
"18272",84949.3053406215
"18273",46694.0078529784
"18274",28540.0830582499
"18275",75651.1198628166
"18276",67972.2342304583
"18277",53680.2638015202
"18278",65617.9280856752
"18279",75865.6661728692
"18280",32919.4274344236
"18281",61446.8110510569
"18282",93222.5779398028
"18283",70280.8835403325
"18284",43507.3897986038
"18285",28574.6616166641
"18286",49191.3533982929
"18287",77328.4527353665
"18288",194354.659781982
"18289",41789.3895797232
"18290",69822.9118513037
"18291",44911.678245983
"18292",46167.0930734655
"18293",88078.3190247389
"18294",100154.805988883
"18295",31483.2460111803
"18296",76905.4838506614
"18297",38769.28058454
"18298",67506.6708070579
"18299",79532.0801033803
"18300",39841.8998661511
"18301",118788.180359754
"18302",29605.1114436476
"18303",72156.3848728495
"18304",34767.0958656191
"18305",85569.2510380598
"18306",81491.9220455197
"18307",62080.5423739686
"18308",63447.6529385421
"18309",53832.4108721038
"18310",73683.9875742719
"18311",34691.1264252986
"18312",70903.3972664865
"18313",65438.6628631174
"18314",41910.5460696147
"18315",114227.706598627
"18316",90931.6383042731
"18317",83138.9647096523
"18318",160372.638814247
"18319",52978.1194831651
"18320",51674.4618322306
"18321",39718.0270134009
"18322",78945.3489515539
"18323",47931.8643663566
"18324",69123.6978129671
"18325",49269.376299764
"18326",61923.6991255814
"18327",77829.8373785408
"18328",90398.4362306574
"18329",33372.1181275583
"18330",76054.5363074259
"18331",46062.043162397
"18332",46127.7634249633
"18333",48797.8033828694
"18334",89755.0086539859
"18335",58079.5776234095
"18336",82609.7214615337
"18337",118581.672930355
"18338",39169.8789500176
"18339",36904.2717352448
"18340",47415.8781838498
"18341",73116.36906625
"18342",51233.9246528712
"18343",57254.5779113083
"18344",52331.4969041916
"18345",64568.8277928845
"18346",102202.231232781
"18347",59130.4324508658
"18348",71261.1775707141
"18349",110499.454116035
"18350",37582.3639303498
"18351",119007.349588724
"18352",101570.203079125
"18353",39260.0132991701
"18354",54788.5443712677
"18355",63616.1562291332
"18356",82776.8944654726
"18357",85437.8460761767
"18358",58019.7436604401
"18359",33112.929582429
"18360",42308.3098123221
"18361",53449.8157856511
"18362",48499.6584952565
"18363",45235.7610953709
"18364",49110.7123363408
"18365",65429.8543763687
"18366",64528.895052912
"18367",64416.5083492082
"18368",67964.2255765626
"18369",42887.589045617
"18370",75113.4134503328
"18371",47412.2471439475
"18372",57647.2427792078
"18373",64758.9784681736
"18374",53222.7363831366
"18375",76099.4568652494
"18376",67648.9909967401
"18377",80742.7835003803
"18378",124569.248311355
"18379",85171.5482155928
"18380",42014.1321511076
"18381",110333.99506449
"18382",69276.8528815587
"18383",51739.4023379959
"18384",64502.7071016811
"18385",59551.8856526932
"18386",74533.331361712
"18387",55956.1825814835
"18388",77130.0306169749
"18389",57112.4227242708
"18390",57898.2562568783
"18391",56202.8901613465
"18392",81792.0167630013
"18393",47837.5388233842
"18394",68654.2421141894
"18395",133584.923304698
"18396",80038.6794851891
"18397",133825.069916847
"18398",51622.7905502963
"18399",37773.3501387316
"18400",53591.5348587799
"18401",61452.1991469279
"18402",84510.4082265425
"18403",68486.8925343864
"18404",60529.3637059022
"18405",73810.1472944808
"18406",50472.0984072284
"18407",51896.7233034417
"18408",76554.1497401113
"18409",61126.3754438778
"18410",46754.2171796957
"18411",67708.5546903192
"18412",95509.3740240516
"18413",50453.2994887453
"18414",58023.5206512514
"18415",67964.2075278039
"18416",59039.1651430638
"18417",36277.6636162048
"18418",37593.0427053511
"18419",112228.258202827
"18420",61827.3699786118
"18421",35861.5299548596
"18422",78406.650149757
"18423",27821.6121977324
"18424",47511.3436704007
"18425",81853.2792092017
"18426",152063.888753185
"18427",53034.7203881514
"18428",103988.257635687
"18429",41717.1389993082
"18430",62099.2870069878
"18431",102075.39694088
"18432",96722.429792907
"18433",90482.0133062543
"18434",26312.0360616828
"18435",33833.6659571023
"18436",33276.9251781432
"18437",35257.7216639136
"18438",50687.9571857586
"18439",62218.2095726411
"18440",39844.9817523445
"18441",52051.978366873
"18442",30878.842072118
"18443",126684.127751705
"18444",39166.1449903979
"18445",36476.1073195848
"18446",54800.7513389405
"18447",52622.6748826901
"18448",36679.2583049767
"18449",25957.0868367916
"18450",54415.0614352586
"18451",98813.8109276409
"18452",120880.618898853
"18453",62103.4836692889
"18454",69554.021403505
"18455",90451.3187702961
"18456",43681.9543703103
"18457",115357.142146492
"18458",54895.3991873985
"18459",51877.6266913332
"18460",37951.2503367345
"18461",54145.2076795776
"18462",45380.1379536112
"18463",75116.3656211663
"18464",78514.282795756
"18465",43072.3671148668
"18466",83573.531798565
"18467",68521.2944700745
"18468",72795.347533371
"18469",39204.1976565396
"18470",44366.0706290017
"18471",45142.966246066
"18472",34616.2790483647
"18473",99590.301085388
"18474",45851.080559315
"18475",113119.584586763
"18476",74040.8950988813
"18477",28256.5262875031
"18478",113184.300113805
"18479",75099.2424911031
"18480",121935.554813501
"18481",89831.53812606
"18482",21543.1053171602
"18483",38897.7603982011
"18484",53547.7422161577
"18485",49104.4691734623
"18486",99244.080885953
"18487",57034.1001366179
"18488",100100.286486427
"18489",114581.33770441
"18490",83362.9728694164
"18491",31344.18341934
"18492",40646.5321780943
"18493",87105.3527698214
"18494",39575.8534837925
"18495",73713.2252967647
"18496",59305.5740085389
"18497",50788.6622430015
"18498",74816.2825945948
"18499",68893.5456160934
"18500",37297.1691612995
"18501",35946.3167191587
"18502",81984.6875863786
"18503",70975.9800231913
"18504",89471.6094312427
"18505",76527.6168455347
"18506",56721.7723703132
"18507",46299.7999335298
"18508",32643.4793073048
"18509",45428.9418586653
"18510",46216.6089387258
"18511",50917.2565819557
"18512",49289.9466255506
"18513",36087.0470765522
"18514",61577.9516309446
"18515",68400.5907856975
"18516",52333.3092647485
"18517",138943.717819495
"18518",40626.9720639613
"18519",93884.761465718
"18520",55258.1584982386
"18521",55917.0941411733
"18522",94803.8464420374
"18523",77531.4938176887
"18524",81340.6986695994
"18525",88146.692260729
"18526",65296.241243859
"18527",49088.9926219311
"18528",86501.4451346025
"18529",77997.7400824264
"18530",49069.2204216098
"18531",90257.772222373
"18532",34173.9558775602
"18533",47834.0791317601
"18534",50795.96268073
"18535",84644.4180128455
"18536",47090.8818221135
"18537",46878.8833577255
"18538",55089.2499583707
"18539",34963.2734349815
"18540",136239.637301184
"18541",53443.1501181691
"18542",68219.0602496322
"18543",64351.3936874889
"18544",74255.1076287491
"18545",31886.1956745678
"18546",39356.2351876583
"18547",42136.9534359109
"18548",104860.316106485
"18549",41839.1038743198
"18550",65239.5140589537
"18551",53944.0600725474
"18552",35959.63662904
"18553",122304.56407581
"18554",81446.2002490916
"18555",62733.5374014866
"18556",39881.0102477405
"18557",30940.7068881059
"18558",57466.8428895799
"18559",38820.3256377681
"18560",51413.0058527018
"18561",44553.6673178251
"18562",39729.8777358431
"18563",38480.7427147254
"18564",83938.8161027481
"18565",75780.0211765867
"18566",46756.5933917628
"18567",93593.1108048968
"18568",46796.4243883754
"18569",32361.325517964
"18570",87038.628996395
"18571",70152.800420145
"18572",47358.2335783552
"18573",78194.7580062941
"18574",29170.5173523348
"18575",22073.456663835
"18576",85315.0163362273
"18577",87417.6307836055
"18578",28514.4038276716
"18579",35191.1248975292
"18580",46020.6225464284
"18581",76248.5196310462
"18582",49826.8111136448
"18583",57603.6674208687
"18584",105923.4901676
"18585",59459.9479136027
"18586",66928.8877592407
"18587",75164.896435439
"18588",60401.5446606064
"18589",60641.5482249047
"18590",45482.2178866585
"18591",61949.55980659
"18592",39392.754023737
"18593",206660.538066992
"18594",65408.7056051743
"18595",71778.3572030914
"18596",80608.8018763334
"18597",26274.6185419759
"18598",74862.8961372936
"18599",38804.5009923388
"18600",36954.9460926321
"18601",81026.5343386641
"18602",40481.7695320103
"18603",48708.6919280889
"18604",46594.8837994752
"18605",100407.40069406
"18606",44731.2566105974
"18607",228601.959262093
"18608",67512.996074792
"18609",65975.9371469492
"18610",71482.5939946286
"18611",97548.622218595
"18612",41269.4155149408
"18613",83139.3377143901
"18614",82249.0043092644
"18615",107826.729019225
"18616",24432.1937030072
"18617",155867.604028435
"18618",49212.4030451387
"18619",80273.6295950857
"18620",60801.7068498905
"18621",63860.149404885
"18622",57716.9220758057
"18623",55003.9941545421
"18624",67248.6327976326
"18625",69893.4048864263
"18626",45691.0493643025
"18627",50029.2816473653
"18628",47800.2026497741
"18629",103178.914121948
"18630",57350.8938838832
"18631",33587.1011610717
"18632",55298.9615258642
"18633",39937.2389006318
"18634",92739.8557337362
"18635",47122.4153387037
"18636",79835.773791171
"18637",76708.5477763994
"18638",104455.408967419
"18639",66401.0090827056
"18640",61073.1038437639
"18641",33139.5330570644
"18642",82173.1798583007
"18643",91980.1919951795
"18644",33670.2897407171
"18645",32977.1663270687
"18646",66923.3279286874
"18647",60425.6593444356
"18648",23466.1092102208
"18649",54620.4411122895
"18650",70307.3158053534
"18651",69548.9894736494
"18652",41360.9752054817
"18653",29739.7187978522
"18654",56158.7489128638
"18655",49118.2002873529
"18656",73102.1746992349
"18657",82256.8108471498
"18658",54230.8537008931
"18659",49640.191486879
"18660",59819.0631402904
"18661",48240.7537122488
"18662",80129.865199709
"18663",69200.193434276
"18664",38042.31829267
"18665",81357.0696235501
"18666",59550.4023696616
"18667",40070.2342770113
"18668",98888.9049180702
"18669",54345.3093298461
"18670",84412.8084164773
"18671",21583.8149498132
"18672",23822.5874358795
"18673",69271.0146184906
"18674",149634.557497143
"18675",45180.7877189851
"18676",112076.5435729
"18677",97753.7494019217
"18678",67137.5825220823
"18679",73409.7795218464
"18680",35668.193439926
"18681",41782.6222659185
"18682",76443.1745893469
"18683",71444.715185412
"18684",33974.8387155902
"18685",72228.3937873026
"18686",31459.0905166082
"18687",66474.2749772528
"18688",41172.3435710471
"18689",63694.7483754391
"18690",80146.3202541422
"18691",86983.7796428125
"18692",37282.1927863792
"18693",86205.2345028007
"18694",78296.315586302
"18695",58796.2776605897
"18696",31264.8979287388
"18697",53351.2736516033
"18698",65566.9525787843
"18699",85874.7970759331
"18700",98850.7252594485
"18701",39278.3090053409
"18702",75028.5015889432
"18703",53336.1520940727
"18704",127351.028981889
"18705",60729.0368698374
"18706",55819.4737188005
"18707",37992.7218496564
"18708",74540.1495076221
"18709",72670.5415711156
"18710",85723.1661491636
"18711",28711.9301021637
"18712",90372.3556788165
"18713",75349.9134158271
"18714",87008.5581368898
"18715",80854.3825523693
"18716",67544.6789014796
"18717",67642.2652092879
"18718",70280.0071684699
"18719",70940.8544977252
"18720",59228.3660372988
"18721",70034.1129431759
"18722",55706.9204090501
"18723",76481.2340815998
"18724",78395.0842761316
"18725",60044.3661614662
"18726",49494.5565469885
"18727",54044.7217063867
"18728",77701.9029126907
"18729",53848.8849891614
"18730",99400.6949313163
"18731",34804.6032227379
"18732",44136.3786868793
"18733",142295.60198424
"18734",71967.3851920448
"18735",64962.1930546019
"18736",60904.776768303
"18737",96345.9428655251
"18738",71413.0686214274
"18739",78034.4856931046
"18740",72850.0362675005
"18741",247301.845379917
"18742",46435.1637246654
"18743",69718.7229278942
"18744",44140.6747304381
"18745",128074.049010717
"18746",78091.3703989819
"18747",96551.695425098
"18748",64539.6173700835
"18749",46810.3816838216
"18750",108699.080738668
"18751",65541.2685572081
"18752",36019.558833421
"18753",66252.2089531951
"18754",65616.3679594123
"18755",85636.3703322007
"18756",47127.1864637533
"18757",58850.386465496
"18758",47252.3995421245
"18759",70962.3729393582
"18760",51343.1538106385
"18761",42496.1177749303
"18762",77051.3359349834
"18763",69900.465654266
"18764",63436.6106321522
"18765",24778.7083887484
"18766",96758.6638596904
"18767",64867.1797454147
"18768",55674.2761562602
"18769",80151.2697608472
"18770",31614.6441015859
"18771",37257.9252855115
"18772",30075.0906741555
"18773",42333.8708777106
"18774",48227.1592176583
"18775",141027.000689331
"18776",56540.086101497
"18777",47360.3409269656
"18778",36951.971928564
"18779",58054.2068938942
"18780",73371.3126488854
"18781",50685.2809438241
"18782",61710.5269055879
"18783",80385.3963473221
"18784",75226.1819225137
"18785",26970.3479963428
"18786",46859.8399816642
"18787",63838.9010129699
"18788",57869.1635352555
"18789",45790.8652388444
"18790",90626.708859746
"18791",212497.282329029
"18792",59885.8606650369
"18793",79758.5320378461
"18794",113023.910011464
"18795",36475.9531316959
"18796",96595.998389947
"18797",28996.7959663888
"18798",54366.0428892095
"18799",97288.8997118539
"18800",37030.7338858895
"18801",41913.1091887056
"18802",79701.7951942321
"18803",168213.640877908
"18804",62405.4106217583
"18805",62524.6899172715
"18806",47856.3330871293
"18807",53715.3678416174
"18808",59325.4357054503
"18809",71615.1443731333
"18810",73019.4174959129
"18811",67332.2984907274
"18812",79364.5090599566
"18813",29002.5757165542
"18814",26306.7413583591
"18815",72960.0025402695
"18816",69999.6135395697
"18817",62470.1734921954
"18818",38372.4688927516
"18819",27747.9426033717
"18820",85884.0180958266
"18821",235136.973055924
"18822",92430.9571604638
"18823",71472.6873486672
"18824",48859.0575438099
"18825",140680.176268224
"18826",41874.5440887573
"18827",54035.5259379448
"18828",48365.3384294556
"18829",37856.4646135221
"18830",44006.1168149261
"18831",39562.7482877715
"18832",109257.440029512
"18833",73562.8347681283
"18834",95238.1452739183
"18835",90701.0927343817
"18836",59006.9255070982
"18837",73073.8118118102
"18838",145260.868818409
"18839",105267.762962205
"18840",86464.2172674749
"18841",125063.845862358
"18842",75996.329001304
"18843",49619.8929119323
"18844",74805.0709648995
"18845",90373.1376862413
"18846",36885.4471326344
"18847",28751.0945457543
"18848",78511.4439774536
"18849",84051.9325403647
"18850",51593.5062581255
"18851",132028.801079845
"18852",98127.088184515
"18853",80068.532741826
"18854",35101.557967629
"18855",65204.1064508516
"18856",67913.2084620005
"18857",39705.7065217812
"18858",59606.2268491264
"18859",42054.3680748156
"18860",109578.106188519
"18861",65696.8271568008
"18862",78421.5528861831
"18863",87834.6132324514
"18864",69632.6764234461
"18865",43182.11874571
"18866",78114.3416452286
"18867",53784.6466610754
"18868",70747.3398952336
"18869",44328.6183880634
"18870",41984.0706163983
"18871",75828.0551680873
"18872",56494.0432456579
"18873",63778.8466013269
"18874",42143.6207217841
"18875",96144.7770293538
"18876",36434.1600827351
"18877",86776.7674908562
"18878",41999.7666257385
"18879",56500.0465849807
"18880",48809.116733393
"18881",86095.6300788865
"18882",43722.815095913
"18883",46900.4898182992
"18884",75591.5437039354
"18885",117743.623077619
"18886",75141.6909044047
"18887",147831.129068608
"18888",59332.1356474377
"18889",94135.7463527803
"18890",42517.7281319079
"18891",58740.5996464142
"18892",33228.3983156416
"18893",100644.847177116
"18894",19344.0786204496
"18895",43751.938457424
"18896",63188.0319655266
"18897",59142.5363902029
"18898",83295.139381247
"18899",72057.6756996686
"18900",74504.2407768953
"18901",60147.9685949854
"18902",48566.706078033
"18903",54977.9265383421
"18904",95734.8924091957
"18905",35212.244023496
"18906",44013.1888846869
"18907",65297.2181068155
"18908",93310.7643039632
"18909",94484.224153562
"18910",84096.9700804057
"18911",40590.8973246609
"18912",72010.146573581
"18913",52142.3202803349
"18914",46704.0924095066
"18915",68076.7016134136
"18916",35833.3652775753
"18917",101917.708396829
"18918",42647.4793640491
"18919",71119.8140506283
"18920",79692.1871622824
"18921",30959.7109119494
"18922",38112.9575624621
"18923",88750.623367472
"18924",54650.9743217309
"18925",50632.3065928885
"18926",78846.8660923388
"18927",74570.5236136722
"18928",99716.1444939524
"18929",85177.5476928535
"18930",40629.2532550911
"18931",98517.5218784331
"18932",20634.7558731415
"18933",66455.4503195263
"18934",55696.814870637
"18935",51836.1411304106
"18936",44647.8109538191
"18937",87436.1902221238
"18938",45400.3604267093
"18939",30518.2407424668
"18940",91992.9177876401
"18941",52455.589390585
"18942",155969.870087329
"18943",35451.2454546992
"18944",54349.9050749383
"18945",72533.6373405116
"18946",33507.2142237503
"18947",72100.6086820945
"18948",110223.137974991
"18949",34906.5837963682
"18950",130714.904879855
"18951",98658.50936039
"18952",49351.1193572796
"18953",79628.7475989094
"18954",39820.7932580394
"18955",69813.61409006
"18956",106208.060399457
"18957",36719.089786537
"18958",44145.0782705989
"18959",36427.6881184952
"18960",74741.2017476807
"18961",48354.8741641538
"18962",65633.9077249343
"18963",71979.5601870854
"18964",59757.8593822854
"18965",60953.2787332487
"18966",36164.9659249104
"18967",37567.1170157765
"18968",52789.4437729355
"18969",52537.7477287946
"18970",86050.0615932753
"18971",88014.6414512173
"18972",110262.733935731
"18973",49461.2823008568
"18974",141363.449620323
"18975",95205.4622770756
"18976",35741.7568200495
"18977",159097.131031067
"18978",46914.4821725619
"18979",60732.8584111258
"18980",56425.3930562938
"18981",113059.886732543
"18982",66777.53208161
"18983",32839.7448025646
"18984",42480.2282729715
"18985",31290.9168241939
"18986",109855.284619133
"18987",24668.6316954906
"18988",36576.1427664059
"18989",40858.0186198139
"18990",113206.20343597
"18991",60841.5037836791
"18992",53370.0872667736
"18993",72802.3044577712
"18994",47291.0609028503
"18995",61871.1806255105
"18996",20899.9934570569
"18997",52501.6781151002
"18998",22727.7424072886
"18999",64716.5037025825
"19000",57827.9634489575
"19001",47944.8805972099
"19002",81663.5768677447
"19003",66612.0624646407
"19004",54024.0000873354
"19005",31920.3761589596
"19006",100865.731953998
"19007",54898.5319242343
"19008",81675.0036722946
"19009",45015.3722113669
"19010",58208.2420648047
"19011",107899.83926021
"19012",65483.6519418509
"19013",39584.3859487669
"19014",40959.5289023852
"19015",51266.9193368508
"19016",79365.819882713
"19017",48820.9366775499
"19018",42555.8381790636
"19019",22613.6740523
"19020",53865.5360615116
"19021",77819.6679948314
"19022",175847.269933392
"19023",32944.8524028914
"19024",39796.7062896517
"19025",37218.7975822967
"19026",114047.837504081
"19027",34247.5801362785
"19028",51851.2710031875
"19029",90058.2561015118
"19030",48788.5573566487
"19031",83561.9861244517
"19032",92913.792076886
"19033",46947.1731295992
"19034",82560.9766803472
"19035",55430.1026922816
"19036",64542.779412708
"19037",40810.8919292837
"19038",36490.7582672413
"19039",17599.5890828959
"19040",34544.7676972107
"19041",56874.7802057849
"19042",102003.647957408
"19043",69220.2742795699
"19044",63137.1040005671
"19045",57146.577386887
"19046",29252.0209582818
"19047",83382.2236050986
"19048",66688.1957404944
"19049",166057.919520653
"19050",59490.5496789975
"19051",80845.0514819484
"19052",68087.7471578048
"19053",79472.1708911484
"19054",46164.0212965457
"19055",38676.3707913341
"19056",58500.8549906105
"19057",61341.6272589789
"19058",68675.702987657
"19059",34780.7462391204
"19060",72390.1553686687
"19061",91164.8724920489
"19062",38214.1792457155
"19063",38526.3968907958
"19064",91951.5066615892
"19065",51907.7501180542
"19066",35637.5751058076
"19067",62930.056320462
"19068",43050.574962054
"19069",32926.9738547102
"19070",91474.8554246913
"19071",53196.0281628701
"19072",109136.887896526
"19073",60425.7210716605
"19074",70035.5770785461
"19075",49825.9155019027
"19076",61787.8868847252
"19077",33527.6811552803
"19078",55532.4319656798
"19079",52602.9602292986
"19080",47053.2582555911
"19081",45767.469931379
"19082",43305.547150359
"19083",45714.8031746621
"19084",52990.7522571978
"19085",26228.720722225
"19086",86971.8773679499
"19087",48737.4789129484
"19088",43584.7017856903
"19089",48354.6312157306
"19090",51006.2889610426
"19091",35760.5172030168
"19092",57994.9504846855
"19093",66476.537724659
"19094",38173.3306213525
"19095",54979.7745515421
"19096",77897.0827932201
"19097",66157.661535266
"19098",18972.3412249134
"19099",87466.5736989762
"19100",65330.1729819527
"19101",71116.0619832569
"19102",62823.3381383454
"19103",138324.249176219
"19104",90331.2588399751
"19105",44036.7766342518
"19106",105313.705609816
"19107",67928.5961250227
"19108",66139.1411246133
"19109",121585.901567754
"19110",28475.7646563323
"19111",37836.108205022
"19112",60895.0758299847
"19113",85919.1861053461
"19114",42270.0710505631
"19115",82621.4042260413
"19116",40555.5827670166
"19117",93142.8922170079
"19118",65224.9667388113
"19119",69612.7903703117
"19120",43312.2444232596
"19121",67923.2882309994
"19122",99441.1438635361
"19123",67126.6911728124
"19124",77518.3118447643
"19125",45467.0799455807
"19126",41471.5927799081
"19127",76594.1724703827
"19128",40757.1754133029
"19129",82103.9327134189
"19130",94360.4885184412
"19131",64477.9849114743
"19132",78534.9549830167
"19133",69449.649566406
"19134",32971.8820579271
"19135",112513.752704656
"19136",52875.7450290065
"19137",97403.6362973095
"19138",45511.1725248735
"19139",76214.87123945
"19140",125355.53232508
"19141",60634.4334783603
"19142",40114.7579200401
"19143",63770.764509747
"19144",42925.5446406165
"19145",61323.7941420013
"19146",26980.0299162498
"19147",121495.322403374
"19148",39284.3967143106
"19149",75112.7370837701
"19150",65490.4476113255
"19151",32495.3292321511
"19152",81117.4338711286
"19153",55409.8246659632
"19154",35371.010541294
"19155",54051.4041571911
"19156",43709.0799274229
"19157",53529.3974106476
"19158",71500.9796485523
"19159",54236.4679043561
"19160",42693.3400666194
"19161",50400.9734231383
"19162",40034.8754461758
"19163",33472.0762690004
"19164",83381.4376269869
"19165",58655.4888946888
"19166",18297.60840153
"19167",113713.722235997
"19168",64594.1206285979
"19169",33610.5986909201
"19170",80558.4668112885
"19171",71092.7669757338
"19172",117039.453818556
"19173",69524.6462859828
"19174",82444.7519871796
"19175",69623.3455935804
"19176",90740.7098380217
"19177",88109.3162011508
"19178",92695.7357433
"19179",131864.965105845
"19180",60561.4736445301
"19181",46963.7682727237
"19182",55775.5963407877
"19183",41537.0542600287
"19184",41802.4116731511
"19185",30817.896543024
"19186",71723.4932662638
"19187",51025.0852874346
"19188",51444.5903341505
"19189",58375.2971519185
"19190",42593.8683380589
"19191",33963.2897227461
"19192",47731.2700994178
"19193",53189.0917770808
"19194",64588.4402216385
"19195",45883.0280333377
"19196",58558.4009231229
"19197",44011.4370379487
"19198",82920.0415259189
"19199",41676.8302667172
"19200",73387.546468852
"19201",22692.3509754924
"19202",43109.4574967641
"19203",32685.1187555669
"19204",74823.1705329383
"19205",84178.9612777826
"19206",56774.6254731748
"19207",49316.6994155874
"19208",113918.546139445
"19209",116019.548689302
"19210",46387.9549001931
"19211",41416.3587501422
"19212",66443.228664443
"19213",87566.8027624414
"19214",59282.2492296362
"19215",126164.53423023
"19216",65701.3791160119
"19217",56427.3571084254
"19218",39218.8653636922
"19219",41022.9036223702
"19220",55191.8031257788
"19221",107990.544834536
"19222",36772.3653393777
"19223",55063.7007671008
"19224",70472.1219932078
"19225",58791.249063475
"19226",61891.1107121394
"19227",76810.2598328813
"19228",70590.0132994065
"19229",36871.6249376802
"19230",37989.0554582001
"19231",55016.9207595464
"19232",31382.2109807873
"19233",59162.3366953677
"19234",54949.2535227103
"19235",55408.2653696224
"19236",27721.9674977107
"19237",86503.6739524399
"19238",49314.5158754258
"19239",80650.2523978777
"19240",42561.1888661854
"19241",50538.4600908668
"19242",38883.5273226091
"19243",42211.7712493193
"19244",63582.4235499399
"19245",109313.471498093
"19246",47457.7626650166
"19247",44599.0515670991
"19248",36225.0309917291
"19249",27248.5828137536
"19250",115660.94377551
"19251",56225.642145298
"19252",81413.7072231324
"19253",37305.541581602
"19254",46207.1122365143
"19255",26174.8677201369
"19256",49679.8002893822
"19257",46639.45454227
"19258",73557.4337416667
"19259",77483.1525605184
"19260",37166.3389126661
"19261",39956.4141812922
"19262",56305.693567912
"19263",63842.4110525189
"19264",55814.1942594005
"19265",79395.7058483253
"19266",61268.3874913139
"19267",63311.4814978963
"19268",88065.4839841778
"19269",44656.9801276481
"19270",55826.8173015485
"19271",76385.4934357867
"19272",68730.740091378
"19273",76589.138235871
"19274",67307.2832837165
"19275",71222.6124726129
"19276",76019.9212260989
"19277",71544.0527395196
"19278",55834.564354554
"19279",43877.8273619213
"19280",32349.902101348
"19281",63181.9461610471
"19282",60064.5400802368
"19283",75606.3532377196
"19284",43936.5055234535
"19285",57470.6018665088
"19286",28583.9969380324
"19287",60350.1836366525
"19288",89373.5995872126
"19289",25165.2626221974
"19290",29776.582026275
"19291",25417.6005408599
"19292",49855.6888285106
"19293",38192.0270326958
"19294",36848.0589772129
"19295",40569.061213892
"19296",66444.1426461671
"19297",80745.4286321587
"19298",25726.4626107305
"19299",27855.1334766587
"19300",38469.7967122978
"19301",46577.4237762515
"19302",73916.6577464365
"19303",34737.4732791258
"19304",91067.8548186343
"19305",66707.3553969464
"19306",125407.919014857
"19307",45005.1906412607
"19308",82255.1923965682
"19309",33997.5894781582
"19310",46869.9213666369
"19311",57174.0057050335
"19312",93227.0685650511
"19313",98201.2159948271
"19314",24364.756805171
"19315",86179.8182293124
"19316",56017.0927729744
"19317",64677.033285366
"19318",120546.832122769
"19319",73742.8127213703
"19320",97456.9040204786
"19321",50994.2893902641
"19322",103100.140815996
"19323",97476.0266867981
"19324",68273.6041967244
"19325",121380.776068858
"19326",63895.9332540932
"19327",98400.5661161751
"19328",84995.4173471335
"19329",57378.9559667864
"19330",43914.7084640534
"19331",58374.319683584
"19332",91628.8237306302
"19333",38365.001006469
"19334",53324.7239561438
"19335",88212.3023235703
"19336",22539.4363625223
"19337",85052.2574480492
"19338",39783.7722797575
"19339",45104.4055636883
"19340",46374.7338363357
"19341",34300.074013643
"19342",67766.1402833128
"19343",82856.8774142936
"19344",61900.0859143055
"19345",55620.9731735811
"19346",63283.5031804196
"19347",123322.42842858
"19348",92098.8280488913
"19349",56044.6658631683
"19350",103581.327620649
"19351",56911.3657555785
"19352",32472.0323190403
"19353",97416.5875910023
"19354",34894.1447498866
"19355",75220.1180725473
"19356",162780.078943429
"19357",69025.7021771188
"19358",75134.3696233704
"19359",86022.6543224676
"19360",60491.4209030583
"19361",34194.8433736115
"19362",20451.1325114902
"19363",41424.6918705498
"19364",39170.1118009691
"19365",45718.9112636919
"19366",48061.8359256594
"19367",98869.6704910307
"19368",25866.9945332483
"19369",54938.8074588882
"19370",40240.9833284922
"19371",36300.5000569218
"19372",65154.3790994688
"19373",94758.2747163983
"19374",49764.7559507539
"19375",68725.6427418783
"19376",58477.8299241707
"19377",52456.0426157828
"19378",73706.9428191656
"19379",42749.1239867309
"19380",62207.2533441206
"19381",78933.5914304299
"19382",64816.0246428924
"19383",27723.6107144344
"19384",77039.163848617
"19385",48764.2698542402
"19386",61252.4861863282
"19387",45308.2248733044
"19388",86042.8947944448
"19389",26428.3102868535
"19390",39558.4781302478
"19391",54315.1105651796
"19392",97051.2522586391
"19393",70521.8049758184
"19394",52293.4248074254
"19395",89292.9520648971
"19396",55774.3033560614
"19397",50233.5339461784
"19398",44186.8171618288
"19399",58274.0143326397
"19400",37592.7916819331
"19401",71918.9980312243
"19402",60645.934653703
"19403",89030.5878055659
"19404",110870.713287484
"19405",61658.5893920647
"19406",72965.3507903031
"19407",76658.4610342231
"19408",81191.308396233
"19409",48926.484505776
"19410",28587.5258539617
"19411",89318.7186426007
"19412",32644.5696990704
"19413",49752.0324407119
"19414",77237.9369539087
"19415",36877.0528780404
"19416",75041.237829901
"19417",101010.94229866
"19418",39219.0079566757
"19419",52896.4167157672
"19420",94218.5056082903
"19421",51861.7139633006
"19422",68767.6246031576
"19423",77616.5016960903
"19424",109982.676285567
"19425",45684.8035234828
"19426",56505.6490901793
"19427",65180.9394865113
"19428",51081.3320201099
"19429",43554.6896337693
"19430",39002.3678961371
"19431",102584.056810856
"19432",73847.0043517021
"19433",95804.4226185633
"19434",145772.992921171
"19435",97515.8250092199
"19436",59160.8557620195
"19437",141985.51202476
"19438",50702.1976363969
"19439",67542.4781298834
"19440",85423.9374816022
"19441",61119.2967081978
"19442",147311.20693252
"19443",100455.764508671
"19444",50376.7889107163
"19445",60819.4753193982
"19446",45819.2588694843
"19447",59221.2661525542
"19448",26512.2935477022
"19449",74659.9012882214
"19450",62262.7658257235
"19451",57249.9842563626
"19452",55811.670405125
"19453",54785.7162531174
"19454",82138.2625380968
"19455",62171.2449637637
"19456",45923.748286323
"19457",36473.5914751441
"19458",69277.3032366484
"19459",47107.9026188785
"19460",77140.6800287358
"19461",83225.1210028602
"19462",80231.9805219127
"19463",91161.8559644073
"19464",29351.6386659131
"19465",143915.331978096
"19466",84808.2103376313
"19467",40808.6236967947
"19468",74580.0195371798
"19469",62454.078238902
"19470",49796.824564427
"19471",33420.6516047746
"19472",102789.487581111
"19473",123946.786652765
"19474",62482.3150196584
"19475",53903.9744696915
"19476",31130.5961901098
"19477",54564.1907712299
"19478",57093.7773426566
"19479",64448.6557706851
"19480",60690.2644830375
"19481",105405.907332321
"19482",34545.3031817551
"19483",70668.448734571
"19484",48784.2624387777
"19485",34369.3434829043
"19486",37621.4507261741
"19487",49763.4260909324
"19488",59824.3058367418
"19489",129760.711346652
"19490",83803.5153954924
"19491",27294.5128144075
"19492",57871.3180453565
"19493",62849.2744109605
"19494",32203.8721312929
"19495",51387.5672312544
"19496",39194.1469487591
"19497",62662.4794349237
"19498",58838.6529507544
"19499",99705.2407777992
"19500",83631.0393694919
"19501",59398.2424873131
"19502",66158.1980411922
"19503",76804.0621127319
"19504",35297.5624324762
"19505",64291.5482917754
"19506",38555.6918578133
"19507",53157.449028977
"19508",82990.1315940284
"19509",41958.110981804
"19510",68400.2811332831
"19511",55226.0231035491
"19512",29146.071951177
"19513",51883.1574499937
"19514",74153.6034646678
"19515",48106.3651396183
"19516",31178.3788060223
"19517",49902.3781929284
"19518",37152.4021503477
"19519",39519.0168731972
"19520",119637.060700776
"19521",73226.691404726
"19522",56615.7192895317
"19523",92073.3714120801
"19524",84287.936758656
"19525",46497.7986749527
"19526",76219.2756318501
"19527",45156.5680225171
"19528",46548.5857940844
"19529",40203.3388196416
"19530",73944.5177068903
"19531",47610.1902311967
"19532",51505.6812253025
"19533",63114.7104667043
"19534",72128.4397583256
"19535",47646.9788862339
"19536",46781.1161003058
"19537",30845.5322917049
"19538",28258.5841145193
"19539",59917.0255461504
"19540",79233.675693514
"19541",29829.9419590978
"19542",129085.640589479
"19543",92831.3580228074
"19544",45965.1339481879
"19545",49069.6555030832
"19546",74836.9089279493
"19547",54695.7087121582
"19548",74908.5411465042
"19549",60886.8292737231
"19550",120997.704815379
"19551",55761.8600234993
"19552",68948.0455015237
"19553",81477.9586213132
"19554",31634.5779593676
"19555",59231.2261621934
"19556",78127.1789969902
"19557",59599.260197604
"19558",53296.5081424788
"19559",87947.1774819109
"19560",87657.04357514
"19561",81888.4772922066
"19562",74864.4860065101
"19563",79308.1625477505
"19564",49820.7257472754
"19565",77509.4655416964
"19566",28642.0941254555
"19567",71847.3169303032
"19568",90811.9485861712
"19569",40076.2358222802
"19570",64604.7586229692
"19571",57028.8987855656
"19572",48503.6953011823
"19573",92066.2466247812
"19574",72745.1394330755
"19575",64291.2326806012
"19576",41781.5490547094
"19577",60690.1344844422
"19578",145869.564480166
"19579",57173.5468794353
"19580",52239.2378329911
"19581",66981.8467959532
"19582",31694.6561134254
"19583",94877.9860851924
"19584",50555.5095554507
"19585",108254.757221938
"19586",62969.2550660397
"19587",58100.5517108271
"19588",78953.2814695601
"19589",28012.269016028
"19590",37683.5364412844
"19591",39517.8650061839
"19592",116619.755742661
"19593",65699.776571303
"19594",57652.3237440936
"19595",66576.2466626427
"19596",33013.178753456
"19597",49333.436602676
"19598",63119.6100620067
"19599",91962.8807972691
"19600",45078.8491994867
"19601",36609.3610385864
"19602",58684.3836554615
"19603",47320.5537199105
"19604",53155.5172068728
"19605",52184.3265424144
"19606",99767.283410541
"19607",76808.7896510708
"19608",42000.073601462
"19609",61031.877193799
"19610",53425.6525452419
"19611",33067.277850075
"19612",74371.2841248578
"19613",50392.5670352094
"19614",103826.049628089
"19615",45117.3840592106
"19616",26994.22422098
"19617",71349.9805897386
"19618",88374.0236845904
"19619",94033.6325902743
"19620",53871.4552951334
"19621",44600.7272650103
"19622",75765.3889720822
"19623",39404.8530510027
"19624",64788.3088304664
"19625",68637.6451795037
"19626",35715.9199655214
"19627",53238.1236879567
"19628",70728.8881775104
"19629",203988.808200103
"19630",83435.7583699325
"19631",98614.7100390919
"19632",62036.8517043967
"19633",62620.6466031302
"19634",73791.0684815675
"19635",28580.6916666456
"19636",77998.9722312784
"19637",65917.6456036116
"19638",52286.9788662777
"19639",54974.1237903367
"19640",78699.2617626348
"19641",63653.6179568673
"19642",41612.8995335592
"19643",87053.8404835523
"19644",50295.1571531874
"19645",37593.162445127
"19646",39985.7838737484
"19647",89801.5623533916
"19648",85462.3527339573
"19649",38675.2158006798
"19650",86050.4910577093
"19651",43123.005283433
"19652",29783.2993861302
"19653",46189.8031007093
"19654",48575.1915441562
"19655",43305.7845266609
"19656",39467.7575400932
"19657",47296.6808014723
"19658",59522.343309425
"19659",61651.5023626985
"19660",27293.2143696445
"19661",47018.6557986977
"19662",34105.6218308765
"19663",35358.7699329845
"19664",25562.6849681478
"19665",47874.8481146351
"19666",126545.218993501
"19667",40982.582534906
"19668",29258.0907715345
"19669",39543.4059296723
"19670",79512.162876228
"19671",39804.4724340385
"19672",76467.1463831667
"19673",48022.0994026639
"19674",88494.2499625416
"19675",57567.2738114564
"19676",50162.4052275588
"19677",81088.9330915792
"19678",57350.8505268882
"19679",74463.3075590504
"19680",95347.2099688364
"19681",88636.03071708
"19682",44510.0567264331
"19683",41762.6311952363
"19684",52990.7603233084
"19685",62300.4391216753
"19686",50694.9959854523
"19687",87298.5398165258
"19688",69688.2965800571
"19689",50004.6852502797
"19690",35660.3226148941
"19691",124837.775671115
"19692",50544.448141889
"19693",89000.2706554477
"19694",49401.5388976241
"19695",63524.3591321323
"19696",123844.957164167
"19697",55200.2808578553
"19698",71233.6320360103
"19699",45510.1284620188
"19700",73969.7358560701
"19701",60624.0471655229
"19702",52881.3216966799
"19703",129744.533290199
"19704",87654.8559490474
"19705",34653.9341222473
"19706",29747.9084091183
"19707",91994.3416525937
"19708",52337.2243297647
"19709",87184.5800907402
"19710",72919.72698465
"19711",37940.7460990293
"19712",35786.208014853
"19713",62176.5066566834
"19714",98216.1482829982
"19715",50290.7674372692
"19716",77503.2521086809
"19717",26675.5196269366
"19718",109045.186687127
"19719",20388.6185195722
"19720",39851.86407612
"19721",95001.3926951295
"19722",59801.5170356977
"19723",55203.532557985
"19724",116092.800882491
"19725",54903.1354320401
"19726",54536.9536844631
"19727",58130.2990214785
"19728",42095.7616995903
"19729",94742.8753941899
"19730",59726.771600882
"19731",70681.7446464924
"19732",61134.0012298347
"19733",38836.7828822952
"19734",58857.899463173
"19735",40450.439831023
"19736",41701.5767306721
"19737",36821.9171640783
"19738",48192.4636004604
"19739",64741.9791375711
"19740",63795.4105723452
"19741",39006.4849824943
"19742",26498.0080009295
"19743",74365.9640003124
"19744",134090.975588182
"19745",142105.035971546
"19746",175247.49256455
"19747",93062.9066733282
"19748",55643.460567695
"19749",36264.9542772028
"19750",76280.652332386
"19751",48649.9417195453
"19752",136448.289480139
"19753",93253.6346397568
"19754",32804.3721612071
"19755",45630.0947302005
"19756",35620.2033914496
"19757",69302.7287648304
"19758",48662.5396697411
"19759",97785.0259219042
"19760",86362.727129993
"19761",47909.18216087
"19762",61148.4212624978
"19763",32158.0627659436
"19764",130629.728862005
"19765",70206.5916932665
"19766",61181.9533032736
"19767",86231.6482338833
"19768",54831.1605361119
"19769",100050.496014094
"19770",43912.3081702181
"19771",89378.696050179
"19772",88749.5144010826
"19773",42932.2833034408
"19774",39331.1191964406
"19775",51199.799308346
"19776",53340.7823559001
"19777",48810.3442114775
"19778",48125.462252788
"19779",49055.5259776467
"19780",44188.8538256301
"19781",98597.97397548
"19782",50877.3604622092
"19783",73845.3608998246
"19784",24267.7588996323
"19785",32704.6752674676
"19786",96611.4387426876
"19787",60628.6020785216
"19788",50466.1686761903
"19789",27665.1045517492
"19790",51107.16687659
"19791",32228.2094221507
"19792",70378.930883564
"19793",42689.8682758087
"19794",41863.8706352367
"19795",70217.1445416632
"19796",61932.1893341135
"19797",83203.1879537682
"19798",109841.518891133
"19799",111417.959926512
"19800",51173.1841985615
"19801",89511.1894193495
"19802",75431.4764855348
"19803",53425.9143104949
"19804",56744.0070793513
"19805",89676.0369186023
"19806",53374.0522035908
"19807",52200.5921778404
"19808",34657.8496326477
"19809",80088.9371479879
"19810",30144.0857784263
"19811",59395.7022176951
"19812",70523.0111675912
"19813",100670.419099107
"19814",54589.7458520542
"19815",39292.6995503336
"19816",83003.7483932141
"19817",94685.5715510349
"19818",42028.7994921013
"19819",63180.0496058538
"19820",116362.322373606
"19821",56178.615715756
"19822",48848.7594003442
"19823",44694.8906369746
"19824",49420.5738717219
"19825",42359.3069307551
"19826",72704.4307622365
"19827",72413.9233550304
"19828",24427.0925099218
"19829",33220.8046561456
"19830",69466.0672901871
"19831",40078.6755750477
"19832",49312.84513758
"19833",50569.8586733074
"19834",62939.5648909554
"19835",166225.734401647
"19836",93299.9546463471
"19837",49555.3791568117
"19838",35980.728969432
"19839",40242.6926970367
"19840",64199.5174706487
"19841",40927.9054122559
"19842",67314.3955954896
"19843",49163.6120400221
"19844",84657.7627906807
"19845",38637.6973318801
"19846",122994.311221656
"19847",97092.488800757
"19848",59369.0661479432
"19849",69040.7603947943
"19850",80307.2347575211
"19851",32580.2205233422
"19852",38252.4643361766
"19853",52748.3850558468
"19854",61478.7577322885
"19855",71484.8666799652
"19856",193944.275062466
"19857",37834.0269478631
"19858",66419.8433472025
"19859",88056.288110195
"19860",70259.7812657938
"19861",82211.9127981885
"19862",54067.5885011355
"19863",51392.201069426
"19864",34547.7791169727
"19865",42260.0558441922
"19866",87142.8733997412
"19867",115326.182588599
"19868",54145.0817318045
"19869",86191.5104948417
"19870",72446.9954292652
"19871",42745.2407670192
"19872",77619.6281517562
"19873",68060.0726254171
"19874",122290.101940715
"19875",83964.7578136783
"19876",66384.9025098942
"19877",126609.317407801
"19878",29042.1972760385
"19879",66170.8792456312
"19880",77312.5700490327
"19881",38724.5566347163
"19882",107742.55591904
"19883",46178.1785972765
"19884",53594.455694693
"19885",60809.9380681507
"19886",51724.480950112
"19887",40494.9713413755
"19888",43667.3134045393
"19889",95666.9101546999
"19890",81410.4691222644
"19891",23983.1906660412
"19892",115645.759265257
"19893",72674.5102909144
"19894",53098.7012192915
"19895",96619.111802753
"19896",74555.9981176413
"19897",21788.7333192343
"19898",59227.9212146321
"19899",48292.6830119728
"19900",60429.951232904
"19901",84530.6734271685
"19902",91885.5593299849
"19903",63487.3847453221
"19904",92241.5435625453
"19905",49771.3653596519
"19906",27997.1975263504
"19907",67700.2615721646
"19908",48468.6458863497
"19909",47607.1917029938
"19910",85396.3956620994
"19911",34236.1748234106
"19912",116311.813026067
"19913",77639.5778751598
"19914",55363.1482934755
"19915",111164.10710639
"19916",31812.6990080478
"19917",43161.6771778459
"19918",36381.2115872835
"19919",190524.193284275
"19920",64226.4818648108
"19921",72532.2716938377
"19922",68593.894445101
"19923",86015.0051993642
"19924",58553.8773523757
"19925",74238.7076263254
"19926",59582.2538778398
"19927",72029.6395679621
"19928",93660.7321015018
"19929",79995.6755852201
"19930",35661.6873694017
"19931",55995.177515884
"19932",32033.5594821588
"19933",72052.699848884
"19934",67376.7635548374
"19935",46810.5530816633
"19936",47351.75242655
"19937",129865.546282416
"19938",182711.715654479
"19939",48071.5884577514
"19940",86585.0924312389
"19941",72872.8746148672
"19942",118866.669482725
"19943",63028.061872502
"19944",51343.6784750118
"19945",83189.8001545965
"19946",58161.135111033
"19947",34919.9209942394
"19948",84476.0292454182
"19949",68221.9656788786
"19950",144190.437868573
"19951",31232.8809367359
"19952",48666.1971834348
"19953",99608.7608126213
"19954",85595.9428140108
"19955",48248.1321679892
"19956",69558.3694349046
"19957",81672.7110640039
"19958",38917.4637912201
"19959",84742.9991187543
"19960",43809.3714899547
"19961",62986.8199111565
"19962",60237.6947872443
"19963",52199.2699829859
"19964",93868.1060319686
"19965",92119.134566139
"19966",41574.4968109748
"19967",73961.1387944603
"19968",61889.590650034
"19969",71913.193569035
"19970",40888.5887494399
"19971",54399.6545144679
"19972",49815.5965984714
"19973",81889.9399825875
"19974",47921.0017926295
"19975",64030.6057545983
"19976",109310.959781594
"19977",47426.4503710598
"19978",66158.9762546836
"19979",52916.4600821314
"19980",48428.6819564201
"19981",63720.1492821963
"19982",53773.2897948126
"19983",47304.8963607526
"19984",55085.5442818725
"19985",32993.5344767629
"19986",45021.2700610256
"19987",32182.6973031897
"19988",48424.6409057035
"19989",44162.4470968107
"19990",52037.5002021131
"19991",118437.351727917
"19992",97194.1073183712
"19993",116421.639215326
"19994",61143.7802914399
"19995",49396.0530794371
"19996",42519.4997172018
"19997",92565.1718839849
"19998",55692.9242984275
"19999",36329.5531432008
"20000",35715.848050447
"20001",57978.8299586671
"20002",81936.2044046304
"20003",68752.8855652995
"20004",81575.1609152401
"20005",50800.5289481647
"20006",44693.5179204361
"20007",52563.873880936
"20008",128056.256528168
"20009",68842.6675574507
"20010",44520.2496996254
"20011",33379.5370566324
"20012",91236.6860098938
"20013",44580.9616246704
"20014",115008.22268502
"20015",90671.4898468569
"20016",49433.7456885905
"20017",110086.652013369
"20018",49905.8739749877
"20019",54585.9824450348
"20020",49112.7604467053
"20021",80787.487870387
"20022",74105.3485038662
"20023",76104.9378373376
"20024",32150.7038285457
"20025",117729.461994414
"20026",60236.7292374606
"20027",45640.1214691136
"20028",41751.6764528778
"20029",75029.8770243658
"20030",47435.2833165353
"20031",28421.1025622559
"20032",51364.763629045
"20033",57449.2826966166
"20034",96335.1518547041
"20035",41001.1612214419
"20036",43132.9158738725
"20037",58688.3696500482
"20038",51230.6551234835
"20039",41796.2790321146
"20040",90308.5102263168
"20041",24785.926023699
"20042",131042.231348971
"20043",52080.9419371326
"20044",53534.7793423994
"20045",78138.6605028979
"20046",56883.6230634498
"20047",73417.4866304372
"20048",46803.3858833499
"20049",18858.6422758897
"20050",44955.08811205
"20051",30243.5638024038
"20052",82545.5535291363
"20053",73133.3606031167
"20054",46334.8324770919
"20055",55721.9415966017
"20056",31566.4898110037
"20057",55452.7651780717
"20058",93600.4831199965
"20059",69148.9958398769
"20060",67191.4787518546
"20061",119512.297237396
"20062",46506.128695554
"20063",72598.0881913741
"20064",80889.4530213796
"20065",63645.9119712766
"20066",53096.6803885687
"20067",56814.0663906582
"20068",39287.6855144555
"20069",29830.3067885545
"20070",25401.8370812581
"20071",68277.822240607
"20072",60487.9911425941
"20073",72577.440417744
"20074",81943.6293667892
"20075",68900.2929308164
"20076",58030.7004435779
"20077",76386.6645312645
"20078",49174.3167867311
"20079",69336.313716417
"20080",52222.6608870674
"20081",220724.608499836
"20082",72800.3071178078
"20083",66656.5506270107
"20084",53952.3059550269
"20085",78598.1609131622
"20086",46917.4399814692
"20087",98088.0570563399
"20088",116252.421055401
"20089",75682.3376072034
"20090",105977.814325805
"20091",37947.8607603076
"20092",85133.3440241952
"20093",95794.2365050989
"20094",82624.1343380792
"20095",55602.8567904288
"20096",65399.3846255874
"20097",23222.9012828544
"20098",64831.8827997249
"20099",28566.8858631403
"20100",55933.4775178683
"20101",77756.4592582395
"20102",56007.4300870138
"20103",62429.195023042
"20104",101239.417517166
"20105",74600.5611959804
"20106",55149.4116585892
"20107",48511.3175298429
"20108",29865.2158245506
"20109",76501.8857444257
"20110",53671.4827361197
"20111",30317.3689051727
"20112",61290.7359363327
"20113",59522.3373343093
"20114",80409.1719912028
"20115",77891.4128126607
"20116",86786.9463085406
"20117",111842.74390486
"20118",52078.5148775389
"20119",25263.8296124902
"20120",42576.5918346863
"20121",44315.7367126299
"20122",31191.2117018895
"20123",52678.2331164953
"20124",54450.8942295145
"20125",61625.6647577954
"20126",35428.4144556953
"20127",102777.331737043
"20128",43553.8754013809
"20129",107237.986965439
"20130",67687.5899309035
"20131",44442.1409372416
"20132",57115.9430866483
"20133",79954.4010043958
"20134",82077.1697317537
"20135",51901.9794813263
"20136",54393.6601286749
"20137",96751.0226683126
"20138",39513.2952746425
"20139",35795.515633566
"20140",67186.5820851247
"20141",57636.0018339874
"20142",69363.0347106054
"20143",50681.6355187421
"20144",50912.0320707216
"20145",53991.3686572586
"20146",20289.4965763575
"20147",106401.289968274
"20148",85361.18642182
"20149",53753.7384851689
"20150",70481.9757794925
"20151",73781.3865037779
"20152",90915.1729226404
"20153",38710.1233796875
"20154",46921.5121721474
"20155",69037.8308548989
"20156",55600.0736516703
"20157",55633.2831111408
"20158",51905.0952620948
"20159",58813.5876662747
"20160",31578.5282922694
"20161",71423.7100745897
"20162",82144.0657913715
"20163",40083.3219707925
"20164",48786.1428767391
"20165",34442.2507693432
"20166",48259.0646060253
"20167",82654.6439386882
"20168",29877.0614728629
"20169",71048.258025152
"20170",90647.3911036919
"20171",51213.0051301775
"20172",81285.9187786092
"20173",51479.4935030042
"20174",102007.743834897
"20175",64000.2907086111
"20176",101887.525519786
"20177",51925.1012793683
"20178",87341.6774676661
"20179",74868.6324141693
"20180",66023.7916831589
"20181",19002.9153464965
"20182",87194.7746530437
"20183",52622.647565146
"20184",49429.1005945714
"20185",73167.2502979756
"20186",28230.4466701641
"20187",43271.2622092069
"20188",68646.8220447017
"20189",63731.4853527594
"20190",42320.0098774044
"20191",123012.471258837
"20192",84312.6806479319
"20193",127070.13129368
"20194",86217.4098350887
"20195",43161.9108900276
"20196",54682.2413861232
"20197",88007.4528696457
"20198",68006.9766902756
"20199",69059.2062779146
"20200",103638.841514653
"20201",50538.0580495575
"20202",60127.3404358739
"20203",49292.2988590433
"20204",48443.1662378907
"20205",33413.7777223662
"20206",76423.1740034155
"20207",73898.6572142698
"20208",54648.750951906
"20209",72348.4248151793
"20210",51923.7297423981
"20211",98039.2374437374
"20212",95594.3385707479
"20213",109075.960264397
"20214",88265.763079557
"20215",89014.1515250014
"20216",58735.4239688763
"20217",110254.443709299
"20218",50351.6287214186
"20219",127972.1604987
"20220",37196.3300009324
"20221",103159.592387831
"20222",61613.6183876377
"20223",49932.7325685622
"20224",26606.8151192298
"20225",36736.7176356719
"20226",51643.1631112214
"20227",35485.2182914943
"20228",88360.372631135
"20229",102302.102654289
"20230",46384.3398763869
"20231",57035.6479833051
"20232",61101.7029444232
"20233",28690.2349203276
"20234",71768.3252038562
"20235",63688.0870066584
"20236",44289.6712413761
"20237",38418.5251865226
"20238",43477.4830219874
"20239",50754.2429614202
"20240",68177.4336138084
"20241",35928.8780533735
"20242",79990.5315328227
"20243",33859.6982507078
"20244",57340.2459396368
"20245",37951.6095723164
"20246",46175.790253444
"20247",96817.5460885317
"20248",58532.2785310499
"20249",53079.0579038864
"20250",47216.2664689379
"20251",61441.581141879
"20252",70609.6383656851
"20253",47141.448098283
"20254",114940.621244434
"20255",33042.4783890319
"20256",57964.8169280961
"20257",65823.7519026388
"20258",80600.7855229263
"20259",48609.2170284234
"20260",63522.1198194433
"20261",40942.7676687212
"20262",51879.4322399648
"20263",86225.7766378686
"20264",37241.1159059073
"20265",83341.7695164607
"20266",77827.1083773464
"20267",36654.3899436172
"20268",54586.7807782041
"20269",53650.9531102644
"20270",73667.6361325862
"20271",31109.3598544544
"20272",137943.886228567
"20273",42798.2836262099
"20274",39188.12181106
"20275",111414.970554212
"20276",67038.2825182425
"20277",46943.4544950386
"20278",56808.500880925
"20279",60311.4610024874
"20280",62733.1834839691
"20281",81703.3253956137
"20282",62607.5099035336
"20283",61730.4436882226
"20284",101184.063509259
"20285",84974.9340826576
"20286",64788.3760224003
"20287",44537.6520655533
"20288",83701.4568917627
"20289",62011.9276671013
"20290",67491.3946227618
"20291",44851.7212206514
"20292",75802.5464159467
"20293",52559.3862828268
"20294",61200.6797108967
"20295",53719.3401109015
"20296",70674.8013457482
"20297",100160.281600269
"20298",124943.68134899
"20299",49066.5908202248
"20300",81836.7102135503
"20301",85105.3074449287
"20302",34716.5182896535
"20303",27515.3501682895
"20304",59132.1899030946
"20305",109898.81083494
"20306",54016.9800768052
"20307",74196.8372570861
"20308",54391.0250939016
"20309",55746.6946684292
"20310",96348.6864060149
"20311",52532.029863812
"20312",68694.4544221013
"20313",36540.0038870385
"20314",72760.7725185268
"20315",68574.5351283541
"20316",82485.5315623693
"20317",57442.4588209499
"20318",60082.8723595648
"20319",136920.043262923
"20320",154274.144092398
"20321",49166.8400525862
"20322",41151.5092044098
"20323",46259.7362832972
"20324",31875.5426567734
"20325",142263.476918495
"20326",47351.7134163787
"20327",60412.21746205
"20328",126894.86788849
"20329",44118.5859442388
"20330",52632.0396508596
"20331",60052.1002119065
"20332",89114.1160693694
"20333",67464.6877185236
"20334",161599.001227643
"20335",55445.689075214
"20336",40692.2841351879
"20337",85386.738091585
"20338",35519.6949879851
"20339",73912.9939984539
"20340",30956.3899915548
"20341",138135.070571015
"20342",54040.276937178
"20343",26267.8190438982
"20344",40741.9658829393
"20345",88296.1128403196
"20346",65477.6940908277
"20347",35780.05382626
"20348",49263.1797327001
"20349",90902.9488737247
"20350",35764.9289993158
"20351",71323.5931405305
"20352",37814.8393973225
"20353",68577.9604443196
"20354",70231.5371146983
"20355",44917.6734600822
"20356",85998.2238630509
"20357",36823.53173936
"20358",67104.947939957
"20359",86500.7771029184
"20360",123687.903263511
"20361",31931.4735901652
"20362",33969.0807342934
"20363",85664.316723937
"20364",33019.3803274281
"20365",42115.2539153931
"20366",44149.8379180879
"20367",72014.5670728938
"20368",36135.7799394632
"20369",53940.6159872004
"20370",65278.1133268395
"20371",88196.8918980571
"20372",60789.0956175355
"20373",35002.5417348719
"20374",20215.0541286963
"20375",74352.8142268925
"20376",119965.797449412
"20377",44519.5527219427
"20378",71922.2186737643
"20379",47716.0610655766
"20380",123076.665142845
"20381",57224.5885646213
"20382",50962.9226769768
"20383",98514.9820334355
"20384",45759.8183892778
"20385",34070.8073776596
"20386",84497.4852816261
"20387",89822.6393567087
"20388",60702.7675906019
"20389",48132.7697248117
"20390",74927.0888306547
"20391",50619.0863423131
"20392",43233.4923505056
"20393",65554.3687471689
"20394",46170.3544291374
"20395",60222.7340422291
"20396",89252.1607804337
"20397",25898.3068393586
"20398",41944.403210323
"20399",103966.448560802
"20400",65568.0040205612
"20401",98285.7665039374
"20402",79313.286765428
"20403",78941.258802491
"20404",31385.4449131052
"20405",89271.4393337946
"20406",69845.4652321335
"20407",51819.1284339914
"20408",37583.7326705515
"20409",64829.0576058897
"20410",59296.9809813617
"20411",63288.4179402673
"20412",38560.0155572777
"20413",44914.97894552
"20414",73009.3259380779
"20415",56035.0144809439
"20416",78684.6557762903
"20417",73687.4918258812
"20418",52825.3629213323
"20419",62321.7323754907
"20420",60173.5842250635
"20421",52266.4517336146
"20422",19277.0329448437
"20423",70918.3730295503
"20424",116385.650033624
"20425",81692.5274891238
"20426",61028.5396852498
"20427",77588.3314883671
"20428",41747.0940291313
"20429",43570.6739796967
"20430",148750.807394896
"20431",64429.1810859261
"20432",59741.5008657837
"20433",102210.166389814
"20434",78030.9349947062
"20435",111023.95147546
"20436",38651.3260858142
"20437",107867.101426543
"20438",74245.1579579375
"20439",56657.6261629851
"20440",103651.013358881
"20441",63944.8017661591
"20442",70413.4302576814
"20443",51121.4611727496
"20444",70062.5797615907
"20445",28004.3951882692
"20446",88165.9046270473
"20447",74989.8762321524
"20448",45718.4482278052
"20449",27783.5015303201
"20450",38834.0694921194
"20451",73897.8248820426
"20452",124146.818346622
"20453",117235.898477499
"20454",87046.2863191627
"20455",48122.3631123397
"20456",77319.904935331
"20457",49064.9118243543
"20458",43727.2211503432
"20459",47012.7796777942
"20460",60978.0692331469
"20461",54990.3779482771
"20462",43736.7498965085
"20463",72567.461977244
"20464",54459.031169965
"20465",46330.7438800715
"20466",48440.387857318
"20467",147795.624996201
"20468",47880.0837677801
"20469",56970.3274626121
"20470",56543.234184332
"20471",125018.508842446
"20472",39193.9146330665
"20473",57214.1909649216
"20474",73736.8779579777
"20475",41736.7591464585
"20476",21014.748005699
"20477",45359.9749476526
"20478",42034.476899072
"20479",53860.3091914319
"20480",96320.4920492092
"20481",92550.1825301194
"20482",167285.687921802
"20483",97754.8787012032
"20484",62422.8244644067
"20485",68947.8171981889
"20486",54628.6700867868
"20487",71650.2234098347
"20488",65983.5074398974
"20489",53888.5957596555
"20490",51599.1259987299
"20491",47340.0179280483
"20492",47801.5280492896
"20493",72105.575026816
"20494",40488.7574400032
"20495",89857.6733468667
"20496",34847.0409126519
"20497",73380.1487999571
"20498",53147.0775782687
"20499",154953.682611169
"20500",44572.9958767278
"20501",91014.1909792212
"20502",85680.4344869421
"20503",60109.0083092464
"20504",48486.0650892567
"20505",75569.2934761684
"20506",50991.1808311624
"20507",20635.8529165216
"20508",51969.1042412721
"20509",19621.4198718155
"20510",42797.6843529695
"20511",49387.2335040982
"20512",119673.300108307
"20513",66719.9842132602
"20514",66983.1649006607
"20515",30604.8802953416
"20516",53907.2405226168
"20517",54577.9461121815
"20518",137589.244148606
"20519",70990.8414085587
"20520",47557.466984631
"20521",24394.6784441449
"20522",30849.8173500696
"20523",42892.2481843756
"20524",47702.1391567186
"20525",81123.8501915661
"20526",90982.960937913
"20527",66886.355691317
"20528",47704.8872522295
"20529",34398.6183163063
"20530",49635.7090603555
"20531",77498.3079131699
"20532",47191.8175000952
"20533",49885.3636879828
"20534",136033.680201183
"20535",48894.2980949886
"20536",75202.283739261
"20537",46504.104381094
"20538",50512.5805915045
"20539",79461.8177514957
"20540",45234.8286216784
"20541",49721.4874823808
"20542",118750.682763313
"20543",94843.4085240243
"20544",60251.3970500106
"20545",55507.3616549757
"20546",53712.6719412872
"20547",53379.1689719985
"20548",77919.6457377162
"20549",52253.5376801426
"20550",80213.2454560928
"20551",70347.5372730072
"20552",68190.427904825
"20553",59275.4614184001
"20554",67250.3706017857
"20555",61516.050444367
"20556",46607.2300485927
"20557",77519.7634891215
"20558",68286.7338407502
"20559",38619.7828302311
"20560",101872.270128868
"20561",64437.8381286338
"20562",46077.2786638461
"20563",114268.865776861
"20564",43378.7583190648
"20565",86175.9203215399
"20566",53694.5981418338
"20567",64069.7047659148
"20568",58823.8832903056
"20569",73451.0197860299
"20570",78070.9076086482
"20571",78739.657355467
"20572",69193.7152432598
"20573",25143.7758713408
"20574",58552.5297458192
"20575",75265.8438323394
"20576",74577.8422660607
"20577",43061.7982124839
"20578",67610.9538509065
"20579",36844.566123845
"20580",34760.7713017652
"20581",65400.8827575489
"20582",32936.033150204
"20583",79765.9146857048
"20584",68842.8007347767
"20585",78483.1602266881
"20586",54217.3376095503
"20587",86467.0203986847
"20588",41788.8828479578
"20589",53634.2143143349
"20590",79809.5306946433
"20591",90066.9520776683
"20592",35596.5670898185
"20593",143129.666359178
"20594",50497.1250907889
"20595",27595.2192970075
"20596",78487.0825524071
"20597",79790.2647745345
"20598",45801.3621625271
"20599",47539.9502878834
"20600",33954.849698263
"20601",101649.794472086
"20602",78704.3791518633
"20603",26341.9890904903
"20604",23491.5741845867
"20605",81026.5974685665
"20606",33571.5716029924
"20607",41717.8128873804
"20608",45199.7556353111
"20609",32542.7083311574
"20610",85685.9008193817
"20611",65539.4363418316
"20612",36280.5823594468
"20613",49528.2856698957
"20614",214633.463139321
"20615",45352.2412089185
"20616",44085.146057057
"20617",96145.1072253299
"20618",58827.2461218004
"20619",23239.3187523666
"20620",99949.7078990946
"20621",81154.6774047799
"20622",67963.2565915881
"20623",30489.5282948377
"20624",30604.7430817486
"20625",54344.6099702232
"20626",81546.3026270513
"20627",59186.7907868377
"20628",86846.4785882231
"20629",47820.833593269
"20630",39073.8050862133
"20631",82349.9027101251
"20632",34502.8035178786
"20633",66764.3993845278
"20634",66519.0624770689
"20635",51057.2096654923
"20636",42566.0585302536
"20637",31015.0290673122
"20638",41280.1283138146
"20639",53104.1213737455
"20640",60542.773295589
"20641",55956.3283575478
"20642",34938.4666572107
"20643",48290.9512811357
"20644",65907.3973862951
"20645",120352.474968892
"20646",80970.6731329667
"20647",39580.1836955519
"20648",40772.8669401018
"20649",71064.9808539659
"20650",89000.7379301729
"20651",95943.4858867195
"20652",42252.3361316114
"20653",40141.7621733327
"20654",46707.7734906625
"20655",45565.198645206
"20656",55452.2130241884
"20657",75144.3750716617
"20658",57517.8124647668
"20659",36059.7712008987
"20660",79615.9438649553
"20661",52850.1952161597
"20662",73231.5088649254
"20663",31553.0309297293
"20664",106533.203419463
"20665",53994.404711672
"20666",64488.9636007415
"20667",106239.161756735
"20668",77842.3795134429
"20669",99720.33763197
"20670",54057.9741056357
"20671",73631.409475247
"20672",77368.0488144579
"20673",59916.9785463054
"20674",25520.4282452056
"20675",54110.029241057
"20676",38328.424091947
"20677",69615.1618329698
"20678",25481.7353946954
"20679",67978.9797337274
"20680",52732.7915321967
"20681",80183.6383743548
"20682",127922.748757447
"20683",64448.2613249559
"20684",42687.3442104349
"20685",70812.0793228471
"20686",192016.863370949
"20687",31853.7289551932
"20688",28371.1447599669
"20689",94976.0573744421
"20690",42343.3876614768
"20691",67563.4016850714
"20692",36019.5280066117
"20693",82479.3059379752
"20694",55041.4782385502
"20695",54487.2600228212
"20696",31879.2902143339
"20697",56981.6728363794
"20698",57285.4846365128
"20699",52865.6694892408
"20700",36047.3477225961
"20701",61608.4666215416
"20702",64397.7931738653
"20703",26880.0395860314
"20704",57632.6357436606
"20705",45764.8710774396
"20706",29101.7841849193
"20707",74579.3214435965
"20708",55205.5936885554
"20709",142508.279415842
"20710",21941.8663682858
"20711",27597.597505273
"20712",66758.5027899275
"20713",83775.8593506853
"20714",55485.049944702
"20715",26807.3620037703
"20716",36495.0930433338
"20717",54208.4626785471
"20718",70423.002976056
"20719",88752.2044628443
"20720",39303.7669885663
"20721",65707.2964590783
"20722",121022.539559221
"20723",54154.9476005237
"20724",35250.3138926817
"20725",49996.7870417673
"20726",65594.1938164621
"20727",86635.144744526
"20728",33763.8133074993
"20729",184096.360460652
"20730",35652.8693616202
"20731",63815.3340565949
"20732",48607.0026848574
"20733",44952.4551390452
"20734",39540.0523441583
"20735",46232.5930757281
"20736",114508.455365133
"20737",73936.4278231528
"20738",92821.3767493067
"20739",72966.226868077
"20740",111326.735425111
"20741",66537.0197012017
"20742",71456.5942681422
"20743",81874.7438465764
"20744",63275.4729706034
"20745",101744.64944499
"20746",58422.0045444236
"20747",28570.2369452714
"20748",199374.327065482
"20749",91072.7576348071
"20750",43055.8301223083
"20751",54087.0508845937
"20752",61137.5501216489
"20753",77635.828457104
"20754",64450.6212870704
"20755",41949.3546333065
"20756",54770.6153079178
"20757",50916.0343662363
"20758",36605.0295602989
"20759",44883.0877796591
"20760",30714.2892376013
"20761",76538.0625624267
"20762",58132.2410816819
"20763",53806.4827790149
"20764",38227.015653902
"20765",37616.3860564997
"20766",77643.5189161811
"20767",34448.0397087763
"20768",58764.5067158041
"20769",95654.1051668981
"20770",51144.1389964491
"20771",70816.4196127951
"20772",54108.9152835746
"20773",46747.5145928576
"20774",36884.2811515175
"20775",27512.9483409748
"20776",60302.3620137708
"20777",48616.1405814138
"20778",85374.959433706
"20779",39687.7461765566
"20780",115261.004649982
"20781",58809.8732257606
"20782",48430.6865544998
"20783",44106.1404825241
"20784",66466.8134360378
"20785",98637.5892247055
"20786",51577.9643885359
"20787",59116.7488517035
"20788",68692.0937693849
"20789",63528.0463573571
"20790",91714.8085613587
"20791",64394.7329046456
"20792",55837.1582883069
"20793",91628.64955853
"20794",72591.0888653926
"20795",128768.858066586
"20796",64674.3950918795
"20797",36811.4346661908
"20798",97760.3729355013
"20799",77889.6579175732
"20800",65735.1365124172
"20801",79721.8326109783
"20802",77558.4246771487
"20803",35310.6002227855
"20804",71451.1936387445
"20805",56587.1206764752
"20806",49227.8180690421
"20807",42087.9702183416
"20808",72501.9925167196
"20809",88246.7895582841
"20810",46208.2029732563
"20811",28427.0717246113
"20812",44376.0658344541
"20813",53677.4351215965
"20814",51542.6393828634
"20815",84420.1828006001
"20816",59210.1387987777
"20817",102192.440193918
"20818",56827.8586609737
"20819",53571.9976227882
"20820",50073.5981363812
"20821",61505.2408852851
"20822",66543.2421147742
"20823",39223.6393299151
"20824",171428.387681874
"20825",121395.304570758
"20826",67035.7750568983
"20827",74565.4021876501
"20828",38751.9082760001
"20829",64309.5309288044
"20830",62544.4175045825
"20831",41036.5662153749
"20832",37566.7998495212
"20833",39947.0433862681
"20834",52254.6065735374
"20835",46754.0109115015
"20836",48705.5941897674
"20837",58499.4646214297
"20838",113822.141559435
"20839",116739.95106682
"20840",156623.863981864
"20841",68676.90836624
"20842",103191.876509513
"20843",112412.418071705
"20844",61904.9721150766
"20845",85740.8572971203
"20846",46982.9766725691
"20847",40601.949167239
"20848",83797.1898842746
"20849",85331.5372618336
"20850",51286.2426954402
"20851",100109.628462437
"20852",41799.6420837624
"20853",76368.351024124
"20854",72414.7497802879
"20855",70230.8408925219
"20856",72134.7902550829
"20857",36805.9320122577
"20858",62735.4772405329
"20859",38095.3709927113
"20860",55120.9685676719
"20861",48872.1469881824
"20862",25119.5362272485
"20863",30389.7308575341
"20864",100882.679245947
"20865",60105.4930052052
"20866",55123.1554488195
"20867",52562.0665115689
"20868",48156.6673073803
"20869",44109.9893195092
"20870",40830.5971603744
"20871",54422.8226689956
"20872",41464.949056194
"20873",60293.928645761
"20874",51180.2327151289
"20875",82549.9743454613
"20876",41166.0139571557
"20877",48927.0305857401
"20878",48635.8383658263
"20879",88490.1694149173
"20880",58252.957531801
"20881",59642.8729823407
"20882",30831.7355662073
"20883",65949.8643113917
"20884",122287.603439858
"20885",57077.8271549196
"20886",91120.4658197817
"20887",74995.6074914551
"20888",26906.3640299282
"20889",29536.1758185052
"20890",94952.0524679079
"20891",27141.8441693332
"20892",79103.7893535678
"20893",88496.7216178062
"20894",78938.4526286842
"20895",36742.4860238094
"20896",105612.092375303
"20897",99369.0125780375
"20898",100536.788410292
"20899",43945.7412960028
"20900",68039.9391574074
"20901",69037.9280187671
"20902",48287.3572643644
"20903",47992.2282457923
"20904",63010.8243037424
"20905",38142.3127921873
"20906",40951.8386094703
"20907",104271.798757175
"20908",97201.5059598177
"20909",51004.9435121692
"20910",66782.0596356388
"20911",35917.3119928264
"20912",68769.5113811907
"20913",129301.755104852
"20914",80870.780809616
"20915",74667.5629768136
"20916",50271.0462690781
"20917",38251.4474934925
"20918",35835.5018469034
"20919",97003.7094282219
"20920",58373.871412184
"20921",117210.601137497
"20922",68752.7474551118
"20923",67906.7430779243
"20924",39759.0316926957
"20925",38523.4710432092
"20926",89184.0741495741
"20927",97313.8242032411
"20928",58632.475163137
"20929",38834.5359214836
"20930",83697.6931290524
"20931",105310.806084739
"20932",51546.8667655542
"20933",41052.5271642382
"20934",45703.187781351
"20935",93031.8307655607
"20936",94421.4642900648
"20937",35353.5969693612
"20938",53606.7599140192
"20939",46462.1513705906
"20940",52162.3508883887
"20941",88215.8298706455
"20942",53970.6099893385
"20943",97653.1466434594
"20944",80560.2036774474
"20945",77136.7326186918
"20946",76778.7668851702
"20947",62965.0733089383
"20948",53285.7950171199
"20949",90330.5769596267
"20950",120174.999544618
"20951",97274.6220240694
"20952",73343.0526222442
"20953",37532.0571683446
"20954",33557.6134068878
"20955",43749.4852554032
"20956",44525.2648048123
"20957",38647.2105293185
"20958",78867.5047746385
"20959",64437.0584912023
"20960",73435.7460241319
"20961",52767.604963568
"20962",60145.0240280398
"20963",53977.258761956
"20964",61733.9462837759
"20965",177027.847731017
"20966",47923.2877950719
"20967",104782.989398841
"20968",73410.7623423226
"20969",102765.101199564
"20970",22790.1720266538
"20971",64916.9385971812
"20972",54865.9599400919
"20973",45607.5705206412
"20974",48039.1091285838
"20975",126599.507299491
"20976",59471.0171913199
"20977",56341.1167418123
"20978",47046.7377526231
"20979",80170.0763060258
"20980",133129.171429067
"20981",63139.6257061013
"20982",79574.3358172103
"20983",100076.630054327
"20984",89043.4879441394
"20985",22021.7512288617
"20986",23448.939721225
"20987",101216.256130781
"20988",26629.8543087282
"20989",60644.3425562545
"20990",72646.1569807013
"20991",28070.6826035509
"20992",55311.2390838191
"20993",71055.1074901711
"20994",56967.6873213995
"20995",109779.832639328
"20996",85602.9660309212
"20997",49156.3853260808
"20998",38950.755305834
"20999",76724.6669911005
"21000",64102.3081876822
"21001",88973.7686918177
"21002",42517.5839502455
"21003",63871.0482815594
"21004",39978.4335666295
"21005",67550.7863497879
"21006",78095.0054416908
"21007",52261.4566520306
"21008",64213.745847227
"21009",37313.8379999327
"21010",73352.0483969213
"21011",95243.7088248991
"21012",35566.2435828357
"21013",82926.5658061743
"21014",105451.93315117
"21015",43015.419978408
"21016",31477.1876877499
"21017",64419.149998327
"21018",73113.8826959281
"21019",85278.2175906604
"21020",55341.7933825177
"21021",31617.7658734157
"21022",34098.7961075827
"21023",57397.2891732601
"21024",64771.3471065474
"21025",58213.0945186799
"21026",62351.4025860634
"21027",31694.1895173078
"21028",67940.7954885401
"21029",98638.8174956743
"21030",133586.165410904
"21031",60200.3420028632
"21032",60435.3786931988
"21033",36861.1619097919
"21034",39247.4807336792
"21035",71654.8869782649
"21036",123583.928351228
"21037",30116.3947934074
"21038",35772.9579344301
"21039",50889.084161449
"21040",91447.9720606645
"21041",84688.6557348687
"21042",33388.0651335271
"21043",56765.0107223596
"21044",45465.2124408346
"21045",51403.2513135435
"21046",79786.4543319805
"21047",87269.0204869987
"21048",122768.178410295
"21049",47194.1456533548
"21050",58569.0346958262
"21051",68169.0686181365
"21052",114889.959347632
"21053",53428.3046111092
"21054",50474.14316009
"21055",53020.3148612672
"21056",47225.9524087062
"21057",79975.7327096019
"21058",51608.5020893017
"21059",37115.7315151574
"21060",50245.673052246
"21061",46376.026689534
"21062",79203.7252693618
"21063",54717.8664602463
"21064",61610.0560970651
"21065",38156.3870996618
"21066",57901.392007554
"21067",48628.3421243409
"21068",56950.012236166
"21069",54851.6729913186
"21070",57148.1523535192
"21071",75803.4805629694
"21072",109298.882900335
"21073",60233.9923907366
"21074",58606.4783298735
"21075",67982.5853719108
"21076",181753.367341161
"21077",88007.1246276884
"21078",52164.176165425
"21079",44975.4123542083
"21080",49795.139636046
"21081",68620.2297516316
"21082",77294.5893613108
"21083",79590.6249942314
"21084",59783.2764062116
"21085",50319.4767562348
"21086",73547.745322896
"21087",31015.9661731251
"21088",48762.5187439102
"21089",26936.7213553521
"21090",56796.7930333634
"21091",41415.8862087367
"21092",47455.3273632765
"21093",48134.8858112638
"21094",36956.8239279789
"21095",68581.9924495108
"21096",62317.0716303491
"21097",40160.7523060407
"21098",82919.2283911763
"21099",55310.8486240103
"21100",83154.5590820267
"21101",33329.0601808638
"21102",53630.7284862551
"21103",94420.6583937895
"21104",40772.3419671285
"21105",68950.8220914333
"21106",86426.3405533188
"21107",68008.5119724103
"21108",25241.5168171995
"21109",45192.723324618
"21110",139158.057336769
"21111",75912.3616301462
"21112",117870.548717758
"21113",38270.1137513348
"21114",81755.373233457
"21115",69691.8350909198
"21116",45066.5247460692
"21117",36159.3702294865
"21118",49920.2646036412
"21119",76827.7408871232
"21120",61181.002578855
"21121",37221.2256936705
"21122",35263.3797086338
"21123",25963.1234880681
"21124",102530.659139117
"21125",57787.3776394436
"21126",85603.3058154162
"21127",113868.685604482
"21128",52960.4808162511
"21129",70469.0524404353
"21130",68485.6434526367
"21131",85599.8013459924
"21132",48855.8985224439
"21133",79294.622899045
"21134",69968.1542108173
"21135",89491.0488732837
"21136",48360.0041094723
"21137",57934.5323486784
"21138",61827.4888608696
"21139",57869.7006333336
"21140",68173.0264902544
"21141",51337.8463551686
"21142",123336.000348828
"21143",50552.6395010573
"21144",61151.8539810457
"21145",43622.1827646066
"21146",74785.3012798159
"21147",63072.5276923563
"21148",74253.5412758276
"21149",46877.6967624021
"21150",49597.4471792099
"21151",73393.7392231845
"21152",42090.0824196397
"21153",43697.4072847215
"21154",45080.8090023319
"21155",67390.2393848006
"21156",28441.660092707
"21157",32675.2821921278
"21158",49931.4375184031
"21159",33214.2837897156
"21160",38118.5077964582
"21161",64465.2262599055
"21162",82288.1676706581
"21163",52812.4254009897
"21164",73131.9431733036
"21165",60837.3793084205
"21166",116086.739193368
"21167",58081.7359481969
"21168",104251.698618443
"21169",58016.8272921387
"21170",123208.061985561
"21171",32196.5910998399
"21172",87715.8274589925
"21173",79262.5435243588
"21174",36558.5736765982
"21175",63377.6976104997
"21176",104885.68042458
"21177",56400.6386945396
"21178",50805.3634909385
"21179",38220.0787776539
"21180",47912.4978195772
"21181",78956.4970345866
"21182",64292.0296285797
"21183",85423.9209806754
"21184",68967.2967172771
"21185",43043.9540736876
"21186",63852.6831286233
"21187",73162.258732563
"21188",90848.8020813217
"21189",52822.7208441632
"21190",106737.816461255
"21191",110144.514330045
"21192",65310.3837985917
"21193",55969.2722368096
"21194",55716.6388288315
"21195",74071.6856952101
"21196",45173.9366181595
"21197",129026.267123575
"21198",51611.6188360916
"21199",99370.8348648106
"21200",53119.5075959069
"21201",51590.6715582823
"21202",69999.0819182378
"21203",25073.3304681073
"21204",24578.6426080593
"21205",57943.6896150704
"21206",36797.1511831032
"21207",54009.4105670427
"21208",77569.0148234416
"21209",85327.8653725845
"21210",70185.752723972
"21211",87327.9996900721
"21212",37870.0737292448
"21213",58484.0818966796
"21214",75901.6318025405
"21215",75629.1343970722
"21216",64584.8739980399
"21217",31543.0382861117
"21218",125343.562716257
"21219",103954.600129491
"21220",99620.2512427214
"21221",57515.9895139977
"21222",33480.0521030537
"21223",39792.4183609118
"21224",41139.745739125
"21225",54383.5782068834
"21226",51437.6543451142
"21227",70614.7223097402
"21228",32757.4892471732
"21229",66359.578900053
"21230",43165.1432592058
"21231",47808.4516131965
"21232",33789.5843336485
"21233",35171.4463966572
"21234",85444.9867433126
"21235",65262.3474815575
"21236",41567.5857111062
"21237",68381.3899195173
"21238",69954.9870939614
"21239",57640.784554374
"21240",30178.1879820495
"21241",104625.342188433
"21242",55900.6611103742
"21243",51660.1627246951
"21244",32502.4477907592
"21245",52460.8746016138
"21246",61777.6498291307
"21247",37141.4656087282
"21248",68419.0928477328
"21249",43940.2064322361
"21250",46380.9144309584
"21251",99064.5088935996
"21252",70588.2505108578
"21253",68958.2484593836
"21254",78052.9069795714
"21255",54090.8336074558
"21256",58175.3937624325
"21257",49177.6896828154
"21258",74732.6658297637
"21259",74935.9332838889
"21260",78342.1850720719
"21261",72253.7781294684
"21262",28873.8119605055
"21263",90799.9981692743
"21264",37370.890266104
"21265",81040.6312538713
"21266",69019.3978404042
"21267",51370.3582348896
"21268",45317.5634310769
"21269",166433.701630031
"21270",78726.6549945591
"21271",44633.5020982649
"21272",40935.1339319097
"21273",57966.729339054
"21274",64895.7657924821
"21275",83354.5049926594
"21276",113561.281925743
"21277",43891.1166701434
"21278",38816.403947229
"21279",40201.4967718812
"21280",21763.5065450213
"21281",63286.3447064853
"21282",97048.1343660698
"21283",47190.4322535958
"21284",48190.9428259574
"21285",91350.0278473109
"21286",113158.192310725
"21287",44158.7936575056
"21288",38097.5507504522
"21289",64891.7839074113
"21290",37809.0853590694
"21291",59107.1744859381
"21292",90487.3457339296
"21293",75653.1223177341
"21294",62458.0396756698
"21295",37497.8787596869
"21296",101180.950994064
"21297",29159.6269635656
"21298",78456.3246369486
"21299",42815.991466313
"21300",82555.8674218028
"21301",66799.4204938453
"21302",60988.5611415849
"21303",45745.4620066742
"21304",63622.3109070904
"21305",133394.722258953
"21306",106162.077621888
"21307",56590.0319009376
"21308",75145.2084978663
"21309",72713.7264316695
"21310",106989.247399117
"21311",35860.4665002102
"21312",68600.9399598911
"21313",41666.7074891185
"21314",83669.8827530373
"21315",70100.2526488495
"21316",58789.618743161
"21317",78754.6262363425
"21318",52292.0657834645
"21319",57778.8861924099
"21320",181537.96043194
"21321",38134.88012901
"21322",104231.276168521
"21323",105274.771435036
"21324",53712.8770951041
"21325",114362.923244264
"21326",64693.2180589951
"21327",59510.7091548558
"21328",66320.2175178356
"21329",39077.4982609185
"21330",63680.4028630785
"21331",80874.3768010309
"21332",66753.6694364491
"21333",23677.1921613945
"21334",38786.3725036892
"21335",126934.800797552
"21336",67151.8886967357
"21337",32739.4945447182
"21338",42700.4458439623
"21339",19034.0914015591
"21340",61451.256443522
"21341",29573.7551607019
"21342",45747.97033861
"21343",83604.8675175805
"21344",56183.7558176189
"21345",69187.1592292184
"21346",64242.0775144373
"21347",55365.3031584408
"21348",96921.4974913745
"21349",63660.7905884658
"21350",57597.4438695141
"21351",70469.7816162004
"21352",73511.4482570004
"21353",58993.2458140455
"21354",76775.4117668532
"21355",45905.6141944232
"21356",42890.8538807233
"21357",109965.485720691
"21358",65071.3307407407
"21359",67261.8140769657
"21360",42653.5573179386
"21361",40737.5675528174
"21362",55112.6763410361
"21363",72712.3962551141
"21364",71166.205731908
"21365",107966.910031614
"21366",73356.1451704082
"21367",112579.072749076
"21368",48166.2141784182
"21369",34237.1880964253
"21370",49323.3919463528
"21371",100801.544140273
"21372",104012.884564025
"21373",76026.0055301458
"21374",85492.4759445065
"21375",73148.1153358929
"21376",46978.7001761092
"21377",56552.3040240734
"21378",44120.453418756
"21379",84523.5576804043
"21380",70211.7440076748
"21381",98783.8711563401
"21382",48386.6678094525
"21383",73202.4479722455
"21384",58645.9442878372
"21385",37389.8193635573
"21386",82733.1331109075
"21387",23437.4152629134
"21388",55995.2173642957
"21389",42222.4599536748
"21390",63387.1428503112
"21391",63214.9056161832
"21392",56863.5504260967
"21393",102116.458324559
"21394",67528.5547499739
"21395",64966.1798499353
"21396",48417.1864790713
"21397",69442.7642555963
"21398",75170.5121279516
"21399",39530.2980451446
"21400",51191.140480376
"21401",76657.1967979506
"21402",76985.6062808881
"21403",97027.617774038
"21404",59350.1210095041
"21405",61494.8839439386
"21406",30130.1539274076
"21407",48358.5857709525
"21408",48142.3898706602
"21409",31285.7601446585
"21410",103675.162700408
"21411",68424.6469996172
"21412",63500.3781910495
"21413",44519.3853923977
"21414",134891.076534794
"21415",78502.8752684358
"21416",83010.647119793
"21417",66915.555215868
"21418",34604.2894286122
"21419",79978.2239445774
"21420",59626.0681646829
"21421",67737.4999036483
"21422",40851.2121952284
"21423",41096.398741864
"21424",51786.9207281862
"21425",106862.205124492
"21426",120858.893640357
"21427",54331.6691225167
"21428",51933.5800760661
"21429",37680.1575488966
"21430",71495.3209007006
"21431",46017.4194150203
"21432",31426.3548027129
"21433",77815.6795371113
"21434",48128.3296966211
"21435",82500.2744859354
"21436",58419.9720984408
"21437",29066.5893637715
"21438",47681.1521513131
"21439",49502.0697480199
"21440",37966.7933150874
"21441",73518.4567418596
"21442",51253.4015357521
"21443",59620.0028951787
"21444",63303.7543605879
"21445",62127.8181919539
"21446",71008.4125712503
"21447",65680.8119081894
"21448",46795.215464691
"21449",46399.6310554077
"21450",62571.1424909987
"21451",43156.2420084408
"21452",57596.8400527941
"21453",44832.840470275
"21454",59532.0916713449
"21455",79354.8837804916
"21456",77999.3283044987
"21457",60726.4884708674
"21458",35245.9826403087
"21459",49400.1683080848
"21460",45754.8248890604
"21461",92781.4204212525
"21462",50516.5401113157
"21463",49907.0262691128
"21464",88932.6428291541
"21465",129081.431305139
"21466",66522.8834754937
"21467",72555.2058296818
"21468",81968.4664684204
"21469",149440.591123771
"21470",74569.8001040773
"21471",62035.9841054012
"21472",82383.8149031405
"21473",40495.4465034797
"21474",60212.3538028352
"21475",127560.03483642
"21476",45698.7248098621
"21477",47035.8829213208
"21478",95577.6379712939
"21479",60959.6853202112
"21480",72174.8834043085
"21481",49991.0773088142
"21482",87999.6751540029
"21483",60197.5647344406
"21484",69202.3653261168
"21485",50970.0826402495
"21486",63641.3556468276
"21487",41720.2277201467
"21488",88407.4825483035
"21489",50468.4852379285
"21490",83259.7381059727
"21491",52599.2327994549
"21492",32489.955252794
"21493",88591.2667150175
"21494",55427.2190060846
"21495",31403.1186327339
"21496",64040.7552364816
"21497",31105.4130613397
"21498",90545.1980564582
"21499",62803.4731015501
"21500",145865.553335256
"21501",53439.4456859414
"21502",70418.3930924407
"21503",118512.957703005
"21504",77934.0732174909
"21505",46086.5955697985
"21506",64546.2343214989
"21507",129050.762990079
"21508",43089.4808988284
"21509",50888.5861566835
"21510",88641.8248050841
"21511",54253.9836428126
"21512",39108.6089881267
"21513",99240.0634321617
"21514",131966.09803564
"21515",157433.524460586
"21516",40699.1493078606
"21517",61575.5701897026
"21518",84140.2058054632
"21519",46087.7567332084
"21520",60573.6744321817
"21521",67845.7124446317
"21522",187180.86420036
"21523",69256.1954728977
"21524",59274.8289355102
"21525",44321.4308501103
"21526",62347.2984637096
"21527",66214.8450533692
"21528",70609.1103082201
"21529",50547.9123987539
"21530",36210.7059376358
"21531",74986.3056381446
"21532",66296.6904975622
"21533",37068.5998689959
"21534",31380.8906783316
"21535",99689.4289242869
"21536",61426.2330081373
"21537",55574.0509794928
"21538",95959.7246441711
"21539",129275.85428588
"21540",30468.3284799081
"21541",29655.8082298814
"21542",72139.7330828536
"21543",74619.0341305395
"21544",91067.7084596247
"21545",70657.7993189923
"21546",105496.811067479
"21547",104019.110048134
"21548",54626.1217231022
"21549",147184.149138156
"21550",64554.9593266395
"21551",42012.1794719261
"21552",63256.0452111706
"21553",26335.1430560857
"21554",42978.4599217967
"21555",121295.776619926
"21556",36915.2715266666
"21557",48102.9042280903
"21558",33028.7850469936
"21559",72488.5305022249
"21560",46376.3499767904
"21561",77927.5612921822
"21562",51294.7081929481
"21563",45518.7068222469
"21564",110414.974099488
"21565",115046.918496393
"21566",46812.4900382936
"21567",25347.1186000567
"21568",82466.9427281021
"21569",66236.9861721955
"21570",22279.7691965049
"21571",82106.3473003461
"21572",72374.2676248023
"21573",137070.802114866
"21574",92386.201856826
"21575",29174.51553895
"21576",110702.510160806
"21577",85778.5591217643
"21578",66453.0189225538
"21579",86972.2708301774
"21580",114537.977664915
"21581",48955.8999060545
"21582",47866.0669968932
"21583",89676.7248778534
"21584",22521.2748512913
"21585",68609.7878278155
"21586",81511.2550509178
"21587",36760.0167486573
"21588",77774.5411450121
"21589",49244.8715040361
"21590",53867.9487789116
"21591",59193.5265287174
"21592",124327.926000663
"21593",76817.7438036673
"21594",49038.8617386745
"21595",42460.2657308585
"21596",44699.3037181239
"21597",38894.2351641085
"21598",64750.1562319541
"21599",66210.607889039
"21600",50276.6563511444
"21601",53088.9775868512
"21602",72252.0051282826
"21603",132492.592751137
"21604",58616.0205704412
"21605",32911.0899555772
"21606",129762.188492537
"21607",43091.7915685564
"21608",29991.475387136
"21609",133365.040621791
"21610",48166.2675515525
"21611",100166.235038822
"21612",60893.9347711438
"21613",43422.6119187707
"21614",37162.5302021145
"21615",29456.4000049854
"21616",65262.6615706373
"21617",35873.4847603558
"21618",57771.2454139683
"21619",70801.4768437535
"21620",85384.5391466698
"21621",48782.4503940987
"21622",93008.1601062947
"21623",58675.1507608716
"21624",69668.6166043672
"21625",72979.9567857495
"21626",70531.537519163
"21627",50806.0186753396
"21628",61691.3099869171
"21629",68021.3883378115
"21630",54235.5437329512
"21631",30074.6167184644
"21632",33117.9897468657
"21633",46859.3190685296
"21634",45236.267989169
"21635",89108.0999604919
"21636",58997.9090020139
"21637",73189.592697546
"21638",51990.7481474734
"21639",115934.747724487
"21640",69550.9506310833
"21641",99765.0284834575
"21642",42489.9733053109
"21643",85899.0088267409
"21644",54873.8061374396
"21645",34634.198785849
"21646",44293.8933642028
"21647",69962.9597105666
"21648",48619.8324971227
"21649",79555.0234875148
"21650",47589.2215729714
"21651",81529.7121014337
"21652",64600.1069350291
"21653",97124.3506629881
"21654",64751.2080606647
"21655",75159.0061116578
"21656",86068.2018975939
"21657",44840.6288098989
"21658",116288.832862469
"21659",62435.6643313079
"21660",35687.8682144809
"21661",54068.3603480152
"21662",49641.1070293673
"21663",73443.5713707081
"21664",92770.2589986507
"21665",52136.2939576565
"21666",61139.2455635233
"21667",36823.2820235359
"21668",86683.761903522
"21669",52083.875728364
"21670",79828.3922419129
"21671",115114.894646844
"21672",41773.1937810343
"21673",63719.4934849974
"21674",98917.271042737
"21675",35397.523256671
"21676",41445.0596544206
"21677",26163.9745799003
"21678",43311.2303308553
"21679",55690.3448793135
"21680",91728.2205330369
"21681",82599.642011153
"21682",54816.9252474568
"21683",62530.1590853241
"21684",58112.8589261972
"21685",61240.5170537672
"21686",32962.4300056015
"21687",38666.4036137778
"21688",35308.2473103215
"21689",50385.7948477718
"21690",57471.6558945555
"21691",147766.883500729
"21692",115301.597302256
"21693",61328.3806597318
"21694",37145.7345628719
"21695",65541.1554069997
"21696",27741.5882331838
"21697",56357.2428356242
"21698",70759.7504034591
"21699",66497.7868541826
"21700",64209.6363324108
"21701",50443.725475537
"21702",45841.4345398032
"21703",29206.8688610332
"21704",53000.0557187148
"21705",66454.2790843051
"21706",99532.6716803211
"21707",49889.0995049134
"21708",79224.642637406
"21709",109547.977901024
"21710",74900.8694894601
"21711",43001.0924919825
"21712",52808.9816673433
"21713",73936.4800893949
"21714",37058.5316748139
"21715",69873.8920884578
"21716",75661.3759241052
"21717",107805.447533094
"21718",74786.4164413896
"21719",58611.8169482825
"21720",74747.7808956511
"21721",104686.384213714
"21722",33989.7121633307
"21723",53850.0659936605
"21724",89174.229046459
"21725",124802.255052619
"21726",106399.013054785
"21727",71523.839172054
"21728",59559.1995298553
"21729",56577.6178422057
"21730",95123.0507781755
"21731",119782.452636136
"21732",50636.183936484
"21733",63886.2665161099
"21734",54224.5525772482
"21735",35907.9042620498
"21736",42340.7188418312
"21737",69358.5018308085
"21738",65504.8659349408
"21739",29146.0878110052
"21740",63758.6986196491
"21741",61000.0785403304
"21742",50440.0694742892
"21743",31232.7757755738
"21744",54978.8954300112
"21745",54527.2134778512
"21746",49896.1131601931
"21747",58150.1614118086
"21748",47472.9216203866
"21749",45071.2952379688
"21750",75171.5286752681
"21751",62406.2278819974
"21752",80591.688500865
"21753",56204.0634072356
"21754",60173.9168353937
"21755",62075.4934169716
"21756",67991.7334986018
"21757",94612.2905909807
"21758",36996.6284049431
"21759",59022.6754847533
"21760",73045.1607315508
"21761",53075.3503073286
"21762",67941.2697996761
"21763",59958.7589978948
"21764",48836.4446577893
"21765",67262.3982766352
"21766",77344.865461535
"21767",50977.4202712142
"21768",70268.4643765966
"21769",33811.9753926887
"21770",78151.1376585966
"21771",52794.7272548909
"21772",44794.6103586651
"21773",81465.5468439925
"21774",101593.534521884
"21775",45790.1916909158
"21776",81278.7775693255
"21777",57100.5216049927
"21778",73155.3055254026
"21779",42537.7434832306
"21780",88719.8292894907
"21781",119425.682362842
"21782",55820.6985176717
"21783",57338.6048313171
"21784",68222.8750748244
"21785",82582.4684247783
"21786",61055.6782540167
"21787",49859.3465881059
"21788",84599.8102529442
"21789",32200.4586630152
"21790",36740.1189048087
"21791",37168.3673028061
"21792",59220.7641162768
"21793",47444.065349144
"21794",60501.7840726837
"21795",73985.9762102966
"21796",52492.3566729757
"21797",47959.2138315019
"21798",57763.4267685765
"21799",30900.7553127243
"21800",102991.148284612
"21801",49863.011734377
"21802",63274.3114206329
"21803",66348.9389058748
"21804",60690.9680381524
"21805",41978.3900128336
"21806",31741.0393210704
"21807",58381.4109824277
"21808",92178.5853285302
"21809",98469.6065995059
"21810",43053.1812508871
"21811",88288.0882228467
"21812",76874.6257688772
"21813",91372.7346920075
"21814",50032.1083498044
"21815",104570.5591317
"21816",45402.6370916235
"21817",136320.178068629
"21818",38777.2604363536
"21819",70577.5482788483
"21820",54681.4780274003
"21821",162323.765036729
"21822",31784.2856441843
"21823",58533.7767420499
"21824",56403.0503749855
"21825",55301.4954552451
"21826",98028.5565903945
"21827",72875.835179695
"21828",46528.9748598672
"21829",54751.7098531664
"21830",49832.5273514047
"21831",38274.6543134005
"21832",154888.048693261
"21833",54028.4430825872
"21834",96681.0855458389
"21835",106841.131858313
"21836",33639.6045244143
"21837",80225.1902717164
"21838",43365.2312139408
"21839",44232.8928606259
"21840",51172.7679612132
"21841",86983.0035538536
"21842",65289.6061503987
"21843",96660.3564032172
"21844",59256.0274678772
"21845",42299.5443403971
"21846",41317.9288229575
"21847",77363.7771141083
"21848",57710.9213452856
"21849",82524.3062031807
"21850",69468.0985503089
"21851",40948.3928393682
"21852",35876.2085017876
"21853",79402.568427945
"21854",74869.2855705963
"21855",59541.9918451061
"21856",53566.944792738
"21857",95775.6708192444
"21858",48134.311530944
"21859",76962.486952997
"21860",115067.296132179
"21861",44618.8073374946
"21862",65484.6873535662
"21863",42501.3220533132
"21864",45850.3308246004
"21865",29380.0259938579
"21866",65186.1069295853
"21867",62767.4833893394
"21868",72540.3506200133
"21869",69680.5423749445
"21870",48373.4934484607
"21871",74435.1297676577
"21872",59228.1377738105
"21873",45287.3340450341
"21874",61070.0717996454
"21875",50208.0164556122
"21876",48188.907075451
"21877",38325.766353638
"21878",63923.083195902
"21879",43533.5730303581
"21880",84654.5509714115
"21881",39779.9971988493
"21882",78065.2937447245
"21883",97580.7306733826
"21884",66697.7085174814
"21885",113499.237893597
"21886",45982.3718773256
"21887",93282.7293158076
"21888",92992.3478806652
"21889",132827.282082222
"21890",41527.9038531994
"21891",38734.5585005583
"21892",64546.0230472845
"21893",49852.4319743277
"21894",130470.301147781
"21895",66892.6382663456
"21896",70876.9708105179
"21897",90594.6725841977
"21898",24150.43011425
"21899",22913.3278246843
"21900",43734.9576276124
"21901",106509.731361204
"21902",49429.0602161188
"21903",26571.4597842167
"21904",96894.5843420416
"21905",57311.1765479465
"21906",73004.3503752943
"21907",74089.4637734822
"21908",90175.8004802986
"21909",83521.7080545268
"21910",31536.3140035127
"21911",61220.3442908044
"21912",73361.9603717176
"21913",27481.4638359296
"21914",32584.4002061821
"21915",26319.8580910117
"21916",42930.7029557209
"21917",47854.3023271966
"21918",56873.2161440376
"21919",37207.5886278951
"21920",98819.0525950046
"21921",134394.932320028
"21922",44143.2613157573
"21923",54809.0570622273
"21924",64355.7502094809
"21925",71747.2536058698
"21926",35185.6386571192
"21927",133047.847170619
"21928",34677.5436682584
"21929",44335.7514711163
"21930",66808.0627889705
"21931",61157.801300153
"21932",89714.4667456247
"21933",80152.8752711746
"21934",81902.3425463874
"21935",58193.3448447323
"21936",42180.2630002259
"21937",40756.6052753543
"21938",44365.2348368051
"21939",75764.2057768812
"21940",82310.4656583042
"21941",61804.3153664875
"21942",64951.1364836379
"21943",58474.5764262658
"21944",50231.8662950133
"21945",34369.6922078632
"21946",38444.6930285119
"21947",76121.4408859046
"21948",131780.299146491
"21949",60491.5048295229
"21950",41210.1956925567
"21951",79420.1925441174
"21952",61822.4594787118
"21953",89423.2480431882
"21954",60732.0826489753
"21955",70687.7817015353
"21956",28547.8834814914
"21957",76992.9854648013
"21958",42397.2482626315
"21959",52531.7015797293
"21960",30071.0170775363
"21961",134483.281810149
"21962",40506.6060604637
"21963",49282.7395257945
"21964",82351.8333962054
"21965",83110.1764991477
"21966",55203.1382619603
"21967",52671.1781141559
"21968",76984.340421674
"21969",73380.1640673273
"21970",86028.374028232
"21971",85152.06054529
"21972",125230.444040186
"21973",78298.9285112101
"21974",36142.218648588
"21975",44596.1365535859
"21976",107185.270950919
"21977",39084.0138275731
"21978",133742.761059971
"21979",35527.7858546454
"21980",63690.2090564198
"21981",53933.9300663368
"21982",86058.6613083507
"21983",30888.6772398887
"21984",59227.7593224613
"21985",147005.239110982
"21986",99834.4534730514
"21987",53115.8167849041
"21988",42446.2070507961
"21989",45199.7093748465
"21990",53044.5144488525
"21991",79479.3901544347
"21992",54223.4694172683
"21993",78083.2245771117
"21994",63613.5528935959
"21995",87824.1369201797
"21996",95296.4965540139
"21997",101847.67879277
"21998",47297.0631380297
"21999",55528.7596973306
"22000",87766.1698880732
"22001",86521.2022632983
"22002",108549.384509166
"22003",51402.4189965639
"22004",63856.974322269
"22005",35223.594705533
"22006",150459.030848383
"22007",33217.5100527845
"22008",43846.8756628112
"22009",22783.6104676361
"22010",47586.7452830418
"22011",116375.846633628
"22012",59552.2805407199
"22013",74199.9400368176
"22014",58832.2292525234
"22015",31838.9885722579
"22016",62625.1464288723
"22017",114301.332104024
"22018",45992.8336477072
"22019",55954.5245720659
"22020",49971.0088423663
"22021",130509.329756338
"22022",54367.7052815123
"22023",67174.3218963356
"22024",45038.2503116073
"22025",69269.4023842466
"22026",49602.049710893
"22027",37033.3871453189
"22028",49725.7856294672
"22029",77520.6194700763
"22030",40444.7375255637
"22031",37024.9425043776
"22032",82095.7094090259
"22033",73764.2927386438
"22034",81399.4079566909
"22035",94673.4372607725
"22036",82144.4255411941
"22037",110997.801704078
"22038",19875.5596396568
"22039",68720.2804126732
"22040",75746.3034160417
"22041",111308.031191685
"22042",52140.8691379689
"22043",98689.3376012694
"22044",39106.5331830201
"22045",194592.299433412
"22046",77949.2192221772
"22047",71369.5488895877
"22048",168906.567906519
"22049",92544.5552925134
"22050",45961.1763096087
"22051",51889.8929159783
"22052",38645.2248464556
"22053",72052.3020848862
"22054",65099.1088462457
"22055",41821.5326224798
"22056",50196.4437974543
"22057",37600.4009681044
"22058",43977.5053730224
"22059",78763.2007578381
"22060",51774.4703572121
"22061",80209.0879135782
"22062",70223.0792648493
"22063",101399.299559029
"22064",55824.9340612818
"22065",54679.4915788267
"22066",32091.4997202239
"22067",39904.0929296263
"22068",85123.2665444943
"22069",87412.815683739
"22070",48078.4573868937
"22071",39042.7235958325
"22072",62144.8763903149
"22073",89415.6245229603
"22074",51940.1168967213
"22075",173100.432852054
"22076",46528.1192088125
"22077",38912.1693366744
"22078",56367.9129173321
"22079",42584.5467640804
"22080",87895.4428317325
"22081",54435.6840609922
"22082",42207.5570975384
"22083",74005.7732383904
"22084",81890.5272916512
"22085",60297.2396364579
"22086",48810.8352935033
"22087",61636.9142965618
"22088",91863.3963757491
"22089",89881.1978996818
"22090",49575.4143155016
"22091",27147.681057744
"22092",72089.6715929145
"22093",78120.4910094848
"22094",29881.0566462501
"22095",47449.1798397478
"22096",46522.6398732512
"22097",35718.0232864425
"22098",55652.1426662746
"22099",29502.4294257836
"22100",98371.6125406733
"22101",75079.5913201579
"22102",37144.0837656849
"22103",24521.8847935487
"22104",42897.0154148533
"22105",85924.7567657006
"22106",40299.6029518582
"22107",56372.2701267663
"22108",84485.2015561067
"22109",66910.2974586813
"22110",76910.9367941432
"22111",42111.8980918944
"22112",71942.130668331
"22113",80813.4129607499
"22114",61925.9146921367
"22115",71508.1332076644
"22116",56391.8924873009
"22117",53018.4144598716
"22118",52109.6795568605
"22119",77976.6617835773
"22120",37668.0489245671
"22121",29756.4580244626
"22122",53222.5328097227
"22123",26484.0788686227
"22124",73012.8051898546
"22125",27945.3318305637
"22126",84713.2131335653
"22127",59842.2970083442
"22128",102669.972810643
"22129",69110.6994590198
"22130",72089.7601793548
"22131",44255.58511871
"22132",61864.69457561
"22133",36049.6285670882
"22134",60425.6222290016
"22135",39449.1280826924
"22136",109849.592229415
"22137",52495.2504857643
"22138",52208.5713860774
"22139",27424.6536610937
"22140",63572.9015818007
"22141",115509.47090688
"22142",72897.2327041132
"22143",45356.3897460524
"22144",67900.8258270089
"22145",61753.6214774989
"22146",70833.4796601383
"22147",99479.3217570208
"22148",66404.5970596366
"22149",62451.8853356876
"22150",63661.4105678536
"22151",63419.2364091791
"22152",125077.894479996
"22153",58803.1853374625
"22154",49541.6250718931
"22155",66190.3207072332
"22156",90453.2920050903
"22157",61651.8454484888
"22158",91708.2148653218
"22159",55913.7365333512
"22160",85565.251027682
"22161",49940.013176572
"22162",48063.2812439198
"22163",37616.1587767598
"22164",39125.0819755047
"22165",122494.178810211
"22166",33299.442010604
"22167",58585.8055444255
"22168",56111.8037646445
"22169",39146.9662114131
"22170",63396.3877240025
"22171",70272.9254493536
"22172",49774.9369980411
"22173",48895.7366610343
"22174",75212.3249134793
"22175",48315.4781740532
"22176",58174.8916653408
"22177",48340.7567595702
"22178",35488.1542622537
"22179",59295.2184188281
"22180",45380.57545037
"22181",49584.3851867577
"22182",77352.7742201872
"22183",77948.2897249088
"22184",151136.893559847
"22185",55440.4859867023
"22186",49822.9052804906
"22187",135826.124073568
"22188",44985.3777611941
"22189",68010.2317150819
"22190",76771.7625318448
"22191",59276.7115253418
"22192",44084.5792582992
"22193",68196.686062771
"22194",43240.5917257543
"22195",51683.5162587361
"22196",82657.0363670379
"22197",52250.0085770886
"22198",117727.5715707
"22199",65141.7645228344
"22200",43064.0221540126
"22201",45770.5845446483
"22202",61656.4924769149
"22203",34075.8043001127
"22204",68118.6988477467
"22205",48829.3040334932
"22206",42767.8920843709
"22207",23717.1318594266
"22208",49192.7134518808
"22209",37065.073934917
"22210",61386.1404080234
"22211",79832.1350691865
"22212",57916.7048994196
"22213",62269.7501735608
"22214",45816.073651532
"22215",75161.8858149035
"22216",49372.9936780591
"22217",75260.9315875014
"22218",107340.280555064
"22219",46458.47686376
"22220",55839.4007602044
"22221",42265.3902036104
"22222",32196.4987087204
"22223",85686.0573640583
"22224",49250.4310228776
"22225",41744.9583923972
"22226",27399.3094765836
"22227",103818.994607794
"22228",89440.651000164
"22229",52826.2664934426
"22230",103394.3209082
"22231",41622.1507899612
"22232",36757.8879947069
"22233",25049.0600649233
"22234",79720.3249594609
"22235",44586.2396152915
"22236",42083.2799293107
"22237",76563.749756657
"22238",59316.1945080373
"22239",53914.7739411905
"22240",69215.5918667866
"22241",80336.1797197719
"22242",84599.5021945406
"22243",104689.086523693
"22244",36452.4062486223
"22245",61936.9622307093
"22246",84692.584600798
"22247",108150.080320746
"22248",57525.3439074668
"22249",58690.5931205515
"22250",65015.1775666499
"22251",43822.1869560902
"22252",47871.0658633525
"22253",138496.17794164
"22254",70834.6398015051
"22255",94399.8549375118
"22256",67589.7931430184
"22257",81262.3276189395
"22258",41975.0416008882
"22259",51810.1859328749
"22260",54799.7770481191
"22261",55816.3061209694
"22262",56883.2573840492
"22263",66175.4013836728
"22264",60934.5936346575
"22265",36781.3728640328
"22266",45418.4204496291
"22267",56583.31834652
"22268",67368.3479737076
"22269",119277.676700919
"22270",111717.799930212
"22271",53853.1536595694
"22272",63871.6489185345
"22273",70963.1451479633
"22274",49723.1353238601
"22275",56052.7959987785
"22276",48997.4640279137
"22277",97950.7405509048
"22278",112122.671882747
"22279",41050.2151299743
"22280",30925.9896394505
"22281",38570.8543669668
"22282",55355.5416261897
"22283",36200.1477729899
"22284",94764.8810295842
"22285",65970.6607114679
"22286",51894.1672054987
"22287",65590.1552962836
"22288",27593.8818134807
"22289",59592.8273582319
"22290",31664.1069760911
"22291",95747.1991016648
"22292",32252.447416671
"22293",81821.8974469455
"22294",54207.3696450161
"22295",89536.3658311636
"22296",24472.9110637828
"22297",73336.1659264715
"22298",74613.8160015396
"22299",37041.8568883396
"22300",48900.8704565367
"22301",64095.0642643181
"22302",60001.7495010181
"22303",48534.5448221876
"22304",74804.3324733553
"22305",78548.2672524751
"22306",67955.3487643576
"22307",47544.9482263328
"22308",47928.1052985773
"22309",43809.669445036
"22310",29117.7959536018
"22311",50428.3060157377
"22312",138086.528187932
"22313",107960.132096035
"22314",68099.0876660162
"22315",140154.679396791
"22316",106274.964003705
"22317",80270.3385740169
"22318",46755.5636269296
"22319",61921.0449697101
"22320",27015.1438861822
"22321",44033.9899424433
"22322",90692.5865920854
"22323",35167.9186359048
"22324",22951.4689184773
"22325",103786.229883407
"22326",85914.6594459374
"22327",82834.4705079148
"22328",55669.2042854522
"22329",87229.6549112391
"22330",107778.963251936
"22331",32666.8121084739
"22332",69720.1804743743
"22333",49245.0118257707
"22334",48157.5936863682
"22335",53550.9452615799
"22336",87969.4040232682
"22337",76960.7084728646
"22338",117802.134347136
"22339",56642.5985781514
"22340",79861.9144314469
"22341",156659.511881711
"22342",39589.0814300727
"22343",92243.7564786516
"22344",81991.3414342778
"22345",35446.4496171305
"22346",73837.6224133883
"22347",63462.2344956551
"22348",42759.5305853121
"22349",66353.5677622907
"22350",51735.8115150235
"22351",67418.1796724573
"22352",36106.6463257448
"22353",66299.5616992998
"22354",51799.8873340924
"22355",83511.4692969596
"22356",29291.6497809372
"22357",52414.8345002088
"22358",53395.8521036834
"22359",50564.7817917631
"22360",64619.5043710357
"22361",74644.8005675323
"22362",48841.3471901507
"22363",44816.5008866773
"22364",58965.5305977102
"22365",47195.4440628816
"22366",120925.692148719
"22367",69267.5787241302
"22368",55474.1471329341
"22369",64336.6105289833
"22370",70274.3300510267
"22371",66679.4658977551
"22372",22066.3888440537
"22373",72112.7343575609
"22374",50888.8777492337
"22375",122974.861652527
"22376",69746.8012095538
"22377",65662.0804332958
"22378",59882.8114135293
"22379",28056.2403263605
"22380",68060.0603220928
"22381",66546.5076670689
"22382",54383.4641994438
"22383",38724.2711015698
"22384",31791.8892841794
"22385",74422.9511788766
"22386",149710.121853951
"22387",75684.2854232712
"22388",66766.6925343644
"22389",74464.2760819593
"22390",92865.8790519165
"22391",55899.0626099113
"22392",48647.2256008579
"22393",81436.3530413556
"22394",36652.505627578
"22395",123590.688030936
"22396",76755.4556125022
"22397",151122.611676146
"22398",37469.957796259
"22399",69913.4906144019
"22400",71111.4551677326
"22401",87830.3826713609
"22402",42961.7486243245
"22403",106075.828259809
"22404",58316.4044099638
"22405",82271.7441005948
"22406",71255.8565578165
"22407",59655.4861478271
"22408",59454.7958479469
"22409",27499.7865451684
"22410",56523.6811189686
"22411",79393.9964818252
"22412",25126.7390753815
"22413",59290.0598239072
"22414",76582.2255427304
"22415",65163.7899881301
"22416",144412.853878221
"22417",57841.2605250412
"22418",55905.4827763548
"22419",76147.8511367974
"22420",39437.5554731206
"22421",78562.2451160642
"22422",50649.6662222949
"22423",30956.4494336671
"22424",76344.5936608833
"22425",90124.7063992442
"22426",93496.9439847447
"22427",24328.2044770028
"22428",35843.9121228597
"22429",53545.2563478199
"22430",88969.4487775916
"22431",47306.4229751624
"22432",56931.1110230173
"22433",40955.3857273932
"22434",58110.6267437017
"22435",62861.6444882368
"22436",86373.1364293473
"22437",43927.655034805
"22438",36977.8124193851
"22439",63536.1123696554
"22440",39384.7418164517
"22441",93562.0307784015
"22442",34678.4260981703
"22443",45023.1322748978
"22444",46797.4819492594
"22445",48170.1402056133
"22446",44758.1578600004
"22447",112484.16936384
"22448",29149.1135186672
"22449",79942.8942967136
"22450",147838.238680667
"22451",33180.563583602
"22452",63197.8820051815
"22453",79259.039551159
"22454",29140.0310940611
"22455",88783.8223358203
"22456",46190.6378780101
"22457",47981.5702766385
"22458",87548.2358078213
"22459",47183.6726892093
"22460",81530.002662012
"22461",80324.2858249337
"22462",41895.1115220601
"22463",100127.089298324
"22464",112628.596421987
"22465",142057.019127311
"22466",49956.977145366
"22467",46190.2079062192
"22468",52199.8057155766
"22469",88174.8392868703
"22470",46757.0877166086
"22471",85040.6053929014
"22472",36092.4164771958
"22473",97158.9225371075
"22474",85021.6063674272
"22475",39758.8051807852
"22476",46449.5603493748
"22477",63337.092962015
"22478",96423.2900353558
"22479",49432.0113237687
"22480",134935.134560878
"22481",104391.784029647
"22482",36765.6425459996
"22483",62354.1936390445
"22484",64183.4808063619
"22485",89004.8673840943
"22486",67686.4295981341
"22487",58534.5169959155
"22488",64819.7219069538
"22489",58267.1339099604
"22490",52527.2166289787
"22491",61876.8870689159
"22492",106313.550808808
"22493",70899.8060103791
"22494",57888.2656920374
"22495",30992.1374487667
"22496",60208.1628070155
"22497",42265.1812529906
"22498",50327.5653480413
"22499",35530.0154394592
"22500",59370.9794676111
"22501",98784.5770725277
"22502",54468.4136814077
"22503",75067.6378284325
"22504",107439.571675409
"22505",106634.884895684
"22506",79918.8585714785
"22507",40323.8810699427
"22508",37806.8361241558
"22509",29609.8994772263
"22510",53550.4031887432
"22511",59705.057053928
"22512",32348.9700550673
"22513",53338.2821870421
"22514",70133.2148778038
"22515",28275.8992989856
"22516",107031.324114945
"22517",75222.1775611398
"22518",55683.3718906346
"22519",29879.4293879507
"22520",58585.1697385461
"22521",107288.39150028
"22522",67217.1461096619
"22523",39223.6054077162
"22524",61085.1656069356
"22525",85887.1254070112
"22526",45044.2393504139
"22527",66781.6063064418
"22528",32297.4155025446
"22529",62207.4890511055
"22530",47680.637975087
"22531",84454.8993246791
"22532",58428.2044144387
"22533",37661.9333408354
"22534",39086.2321162492
"22535",68161.6968519798
"22536",33212.4548152579
"22537",42995.06960603
"22538",89856.8335438887
"22539",55471.6626804132
"22540",67252.3213148707
"22541",52162.905924248
"22542",65266.3484316048
"22543",77689.7005960386
"22544",47937.7675118234
"22545",94961.8225392296
"22546",63676.1871053959
"22547",41496.554336856
"22548",26355.7940429504
"22549",72740.8754893571
"22550",57865.9811259967
"22551",81932.0636836141
"22552",83676.4872015891
"22553",42964.1910611902
"22554",40270.7335357523
"22555",43368.2906438851
"22556",67116.5061302199
"22557",44713.0137674645
"22558",65284.3251260954
"22559",124393.183317015
"22560",137296.845520087
"22561",91985.4594548925
"22562",54089.1329210956
"22563",73831.7489821734
"22564",54455.808358065
"22565",32334.864484218
"22566",48608.0072182239
"22567",194477.430634141
"22568",15511.5914844859
"22569",51086.0933986431
"22570",51435.1385091381
"22571",38159.9024732051
"22572",87399.5544708974
"22573",86026.9275654151
"22574",51416.8815960603
"22575",29977.5540637411
"22576",66232.5951450238
"22577",75847.5170556259
"22578",47646.9792417333
"22579",107433.144432763
"22580",57102.0508186717
"22581",62663.122115988
"22582",65837.673978092
"22583",54233.1201047642
"22584",116951.915208023
"22585",60183.2777575442
"22586",37512.2787167764
"22587",101209.683263855
"22588",43392.1405360474
"22589",115304.904294983
"22590",88001.5355130054
"22591",28021.5744426677
"22592",52251.7856346944
"22593",111324.595094048
"22594",53548.3129638671
"22595",58938.6567555697
"22596",60737.2240976341
"22597",125193.619676679
"22598",44184.0342956432
"22599",91267.4689271658
"22600",54261.6623010812
"22601",83353.9558373053
"22602",47769.0337460461
"22603",26659.7441513203
"22604",57012.3304699755
"22605",84612.8659290409
"22606",15221.206943632
"22607",103497.706838712
"22608",38236.1464529574
"22609",88607.6676861073
"22610",81070.7449472282
"22611",48848.8115457724
"22612",58776.786125267
"22613",52718.2629726236
"22614",98602.6104488296
"22615",50149.6173048443
"22616",62798.0156752932
"22617",43146.0764919668
"22618",91901.5911933902
"22619",87290.7054785041
"22620",45785.9456329014
"22621",36506.6596513726
"22622",96344.68281383
"22623",98135.9651980452
"22624",47281.7402050496
"22625",33366.1691905934
"22626",38339.3531715227
"22627",99546.5017950159
"22628",42042.3855761458
"22629",72003.2586873615
"22630",95992.63889565
"22631",76660.7423174183
"22632",46878.7407816947
"22633",52831.6562780437
"22634",84195.889978833
"22635",124717.507536335
"22636",46092.9977032854
"22637",33777.1673954743
"22638",39154.7383486871
"22639",129135.776152945
"22640",85087.2025026083
"22641",42246.4075973687
"22642",60719.3300278037
"22643",116548.900152591
"22644",70172.8241086594
"22645",101258.514426455
"22646",75211.768801421
"22647",99179.5108744122
"22648",47642.2842429438
"22649",37440.9622080581
"22650",51611.1815808268
"22651",106609.555944657
"22652",58765.685516143
"22653",59693.1267033693
"22654",63618.9931815488
"22655",28744.1115673991
"22656",74554.9553955151
"22657",47649.6211311028
"22658",86310.3981814443
"22659",42917.7669291993
"22660",46621.315534733
"22661",73863.6816843355
"22662",72130.9243533676
"22663",55100.9046890736
"22664",67369.3347856041
"22665",55919.6731633799
"22666",87559.436997638
"22667",90317.8365721344
"22668",57832.7507668175
"22669",46281.0937113411
"22670",75846.9182402036
"22671",62671.062767243
"22672",86498.051133371
"22673",41447.3680350268
"22674",46254.8430488328
"22675",88348.1919804365
"22676",87797.8406750165
"22677",81644.8406344445
"22678",42115.2257207681
"22679",44817.1166582437
"22680",48697.8878480415
"22681",87072.377928159
"22682",38611.427128681
"22683",67352.2860721499
"22684",65875.2246807676
"22685",41214.0341397769
"22686",37965.9033616623
"22687",57239.1223642273
"22688",104410.580084706
"22689",39596.1548350412
"22690",59860.9554742105
"22691",82390.7549951263
"22692",73650.7300656144
"22693",74554.4636367061
"22694",47992.0652388887
"22695",70929.390581058
"22696",63566.655733726
"22697",114802.851665863
"22698",37931.1157737136
"22699",65969.9233722547
"22700",44482.2922133051
"22701",74088.3394845712
"22702",31321.5380665434
"22703",67602.0192546518
"22704",82958.4906714574
"22705",69377.072249902
"22706",37132.866046034
"22707",102034.251965417
"22708",46796.7549444723
"22709",72616.4548471911
"22710",63940.1830130657
"22711",57955.2542647708
"22712",29775.997195103
"22713",60815.5746296901
"22714",61612.4594992001
"22715",80999.4700033975
"22716",80354.7134520292
"22717",80017.0951529145
"22718",109854.400935285
"22719",83414.6995141088
"22720",76689.756753744
"22721",39944.396582868
"22722",35071.7483765024
"22723",37550.6811584605
"22724",50782.7860524453
"22725",71018.6629227035
"22726",109370.742196919
"22727",74214.9602284484
"22728",53098.6530520892
"22729",60134.2383094965
"22730",36328.4652891516
"22731",39027.8006237866
"22732",109043.074029936
"22733",55404.6554031642
"22734",84771.9799323912
"22735",51577.9241220067
"22736",43363.4828076305
"22737",65641.01706406
"22738",74604.3114453304
"22739",83947.3977149636
"22740",34882.7499438252
"22741",77532.4703809351
"22742",60385.9131523669
"22743",73363.5010515506
"22744",73376.2671123981
"22745",67826.1900061356
"22746",114435.630742541
"22747",77539.6047941233
"22748",66506.2815398094
"22749",52724.5303513736
"22750",86810.4170059261
"22751",155666.917428118
"22752",69324.6558503873
"22753",56463.781466172
"22754",70273.6642251465
"22755",82102.0767535317
"22756",46061.8756927602
"22757",151051.824688112
"22758",73675.1274058517
"22759",82726.2724065725
"22760",43970.9594422208
"22761",35028.3238043646
"22762",61060.0219938731
"22763",126439.228727206
"22764",23707.1964893305
"22765",42148.7148930794
"22766",65948.7164897862
"22767",30602.0511970458
"22768",42341.2679922125
"22769",44865.4834565223
"22770",41651.8995636048
"22771",34464.3999762353
"22772",97304.5716287702
"22773",36903.527973338
"22774",78183.4822724687
"22775",31022.1464724724
"22776",57768.8129038981
"22777",78728.6801470442
"22778",30929.9942075704
"22779",70621.664356536
"22780",46830.2273049961
"22781",53698.6805712427
"22782",80926.1509154037
"22783",72641.9957192746
"22784",36435.741018971
"22785",80914.9176689303
"22786",44753.2653161251
"22787",37796.0159525747
"22788",106262.362034596
"22789",99655.6088579555
"22790",41355.8241227031
"22791",45173.0985658943
"22792",58658.682323498
"22793",133247.324820052
"22794",28060.3475951729
"22795",87762.5987780889
"22796",76468.6768275257
"22797",99941.6416709027
"22798",131456.111235193
"22799",41331.33404703
"22800",38833.3463683927
"22801",72284.2546232173
"22802",64716.3197998411
"22803",52677.9854385402
"22804",44346.8343517037
"22805",48328.4194902607
"22806",43816.3124442903
"22807",42004.2578027663
"22808",78416.2393471105
"22809",66914.9421098342
"22810",55387.9473918727
"22811",127515.762668742
"22812",96304.6118426924
"22813",41926.121519383
"22814",48086.6621627608
"22815",33470.7198149931
"22816",56571.5099604385
"22817",64492.6124306854
"22818",53011.0200292719
"22819",29732.7763472524
"22820",55098.6544348219
"22821",57295.6379735055
"22822",76026.6454008669
"22823",105974.620651809
"22824",58633.883531708
"22825",65862.3245557544
"22826",89886.2420477584
"22827",60185.451087176
"22828",54346.6962265957
"22829",59512.395136626
"22830",58318.6192929565
"22831",110898.680595118
"22832",67670.1951523865
"22833",50535.570003713
"22834",54088.5513996747
"22835",59475.8632794528
"22836",56570.2532726858
"22837",49630.3336210343
"22838",40630.5673987358
"22839",70512.3416002578
"22840",73682.9170405563
"22841",68427.4131618888
"22842",132410.25639758
"22843",68325.0908545078
"22844",117835.94310325
"22845",68537.2883214955
"22846",64240.5375556689
"22847",44532.7817627194
"22848",39550.9950127364
"22849",48524.4744798925
"22850",40632.4227425081
"22851",81392.7133952063
"22852",54669.4443094158
"22853",88247.5708726098
"22854",72673.0072659134
"22855",73226.5369120619
"22856",26985.3426331043
"22857",30684.7653443995
"22858",58555.2706486786
"22859",111893.768633407
"22860",42324.979129124
"22861",66186.2730375448
"22862",48677.9364920986
"22863",70468.6597166505
"22864",63655.2211763033
"22865",48022.5048373641
"22866",92674.6155964808
"22867",87599.0905507803
"22868",47516.6978340344
"22869",53678.8254721269
"22870",32779.6319089985
"22871",50432.5870911438
"22872",86913.601550562
"22873",58266.8231465505
"22874",53451.2447348561
"22875",40515.7377761483
"22876",38862.0338328965
"22877",55999.6052778697
"22878",90633.2747137258
"22879",43683.8930810609
"22880",55728.1008464717
"22881",71011.3989791616
"22882",95625.8403199893
"22883",35283.3563990485
"22884",87323.5379304891
"22885",56370.7885215128
"22886",95732.1655384416
"22887",31032.3959025715
"22888",43295.3709173382
"22889",41756.9651403556
"22890",85931.8526391824
"22891",63328.5136766158
"22892",55990.3457459364
"22893",84228.4682014045
"22894",59425.9650575636
"22895",86409.1331688089
"22896",57301.8485040942
"22897",51238.3606390419
"22898",82600.6652581189
"22899",42172.4288637782
"22900",67720.8118605836
"22901",139656.568300327
"22902",83070.1015197053
"22903",75840.1267569172
"22904",16961.0838638885
"22905",58711.2440976071
"22906",26064.6990596199
"22907",97033.0850563586
"22908",65171.1368588911
"22909",56571.1274476447
"22910",36714.429998634
"22911",86288.2654124975
"22912",63449.8762149262
"22913",17532.1759155686
"22914",36454.6119469676
"22915",89030.108842952
"22916",40820.9377693777
"22917",88849.7395774742
"22918",117766.388365472
"22919",65240.4995036443
"22920",49803.2156129923
"22921",33853.1649590658
"22922",64712.5900775142
"22923",32794.3039194623
"22924",57948.0746198113
"22925",81843.1315394009
"22926",96397.4327309239
"22927",141405.420758109
"22928",57975.4526724692
"22929",70654.0225690468
"22930",59664.7809601203
"22931",69033.1792552884
"22932",77256.748752434
"22933",33052.2940313215
"22934",52030.752858297
"22935",50140.2127652364
"22936",48400.8213104527
"22937",70936.9482350996
"22938",183804.299297394
"22939",60255.2640258437
"22940",50669.2892647096
"22941",44141.2668087348
"22942",56876.4222648777
"22943",54544.8161804021
"22944",81448.3754369746
"22945",79958.3727716527
"22946",107912.106757661
"22947",62297.316505199
"22948",83778.8131962867
"22949",47081.5916182087
"22950",59646.5551957577
"22951",38373.6821727365
"22952",60530.4778717558
"22953",80974.8330986813
"22954",89429.8356251933
"22955",44550.2317330169
"22956",36949.6322190397
"22957",50078.6560668018
"22958",88362.3406986781
"22959",56258.8910000379
"22960",148706.579812565
"22961",29381.1594467326
"22962",54445.9482967683
"22963",94889.9899803666
"22964",48714.4082011393
"22965",37191.8332074159
"22966",30372.0834773492
"22967",25607.2125295885
"22968",127406.136437273
"22969",68272.3207633467
"22970",86565.3123122005
"22971",48242.4935128114
"22972",55634.490399546
"22973",175899.54964099
"22974",73762.4358334352
"22975",56223.7769797091
"22976",49892.0345986561
"22977",21369.451674877
"22978",52720.2720116362
"22979",54542.6263322934
"22980",69526.946680122
"22981",45153.8832957878
"22982",102381.554354074
"22983",66658.579297102
"22984",73934.8202940645
"22985",50415.6690069565
"22986",74220.7503342156
"22987",92819.2766691878
"22988",43652.4191109605
"22989",74793.0138421474
"22990",72986.0755673471
"22991",124582.396517766
"22992",78261.3224997021
"22993",75971.915831014
"22994",31420.9384152825
"22995",87650.2913597882
"22996",47872.0043609509
"22997",57266.5545557179
"22998",34912.0196787943
"22999",59167.5603813348
"23000",73590.3765897848
"23001",86621.9891871893
"23002",42211.4479738592
"23003",128191.577146245
"23004",83167.6095349631
"23005",102060.190146226
"23006",92844.2293161458
"23007",41835.8056030133
"23008",64190.9457899501
"23009",57197.8388158176
"23010",44141.0871905706
"23011",88476.6277957475
"23012",67425.7741407352
"23013",26005.1118948035
"23014",78347.2680485399
"23015",62588.9524746054
"23016",31827.229275302
"23017",37469.149658749
"23018",58878.7276776375
"23019",33222.5489942978
"23020",49746.7458840404
"23021",43047.5749118366
"23022",48951.1628941126
"23023",107051.018382751
"23024",121173.682237236
"23025",58913.2072178187
"23026",70398.2770694747
"23027",64955.2779436467
"23028",26270.8341013797
"23029",40161.1451170104
"23030",69127.2657217315
"23031",57679.6476145334
"23032",58619.8770776192
"23033",94598.3048169376
"23034",96736.3937016519
"23035",54038.4064693479
"23036",62548.5864861304
"23037",23319.1432310055
"23038",58810.5444805741
"23039",92769.9392431519
"23040",78949.3598132778
"23041",59083.9961978577
"23042",52884.5935113149
"23043",48287.3971909647
"23044",39270.4006008539
"23045",26589.0101092209
"23046",74358.2027602494
"23047",51689.3600257105
"23048",52679.9311993815
"23049",84291.6885543832
"23050",64183.5070079996
"23051",39245.3122597969
"23052",58996.2921091179
"23053",46266.8987528608
"23054",60840.6873489376
"23055",83557.6005158997
"23056",126647.166578119
"23057",31364.2213470637
"23058",89308.832154053
"23059",53095.5766517518
"23060",59998.3482396199
"23061",68224.3723706621
"23062",56774.3313387976
"23063",44649.8015272373
"23064",71390.4035075278
"23065",103534.185589024
"23066",51275.9747239533
"23067",52388.3207702389
"23068",61959.5709056471
"23069",90641.7295447265
"23070",104747.595824182
"23071",60321.5773907531
"23072",156880.525998539
"23073",62560.2845499398
"23074",72837.1885828173
"23075",105127.595869914
"23076",35935.5494439874
"23077",98899.9907362347
"23078",74121.8008312438
"23079",30876.0356258996
"23080",99423.5999303801
"23081",50437.1627617566
"23082",47708.3012346947
"23083",94820.7631841801
"23084",54382.7842497069
"23085",65529.3698072289
"23086",76970.6385739358
"23087",125768.378514027
"23088",52445.7796763187
"23089",47205.9698189119
"23090",114744.868273874
"23091",66773.3811667678
"23092",90013.6463189826
"23093",35076.8528279034
"23094",59076.8361835479
"23095",139603.765731985
"23096",39590.4469465749
"23097",116033.755554622
"23098",84916.1052341067
"23099",94686.6927891542
"23100",82409.4652772176
"23101",87132.4847441685
"23102",55925.2663197093
"23103",63066.2412770877
"23104",48589.1410228558
"23105",86161.4427655888
"23106",82954.3038004075
"23107",57167.2289641079
"23108",32540.300106292
"23109",151626.675235352
"23110",30215.6872990437
"23111",56781.2797676573
"23112",118308.500964057
"23113",49948.8266630932
"23114",88340.8588527149
"23115",56263.7513448679
"23116",66155.1049540793
"23117",26162.4944826959
"23118",28008.1585528263
"23119",59553.3345533103
"23120",52259.0948822607
"23121",41198.0854813237
"23122",79084.1452056808
"23123",84556.6039158151
"23124",48674.3616655825
"23125",59643.285921822
"23126",23704.8399529126
"23127",42359.1667177855
"23128",72426.1188061239
"23129",43439.5100751313
"23130",91721.6432846184
"23131",25977.7514920221
"23132",126934.308733624
"23133",73952.2166753684
"23134",50131.1738356389
"23135",67321.911973612
"23136",73856.8037529925
"23137",52773.5820679421
"23138",125836.983237267
"23139",47608.7235864529
"23140",52803.2592356021
"23141",87334.9975786961
"23142",67903.6352486802
"23143",56532.5077391795
"23144",53083.7222955791
"23145",55693.2878240473
"23146",33230.0086190323
"23147",52116.9990245607
"23148",49018.7915614799
"23149",28656.642026454
"23150",71934.9410268954
"23151",59258.1287523449
"23152",46696.7885843267
"23153",62324.2521114537
"23154",32077.9967552312
"23155",95924.1966174154
"23156",54234.7109733388
"23157",54485.8587233618
"23158",57375.7287887897
"23159",103678.333550711
"23160",72910.8240458494
"23161",52899.7914195066
"23162",62402.6784862704
"23163",88549.3547183582
"23164",98232.4776743144
"23165",42300.3316098335
"23166",49783.810186826
"23167",41595.0149533179
"23168",84295.4247949662
"23169",24089.6461853861
"23170",103977.044173968
"23171",72814.7171391299
"23172",56198.576975617
"23173",150669.778292716
"23174",46577.7655371768
"23175",51807.8037104377
"23176",41909.8307730768
"23177",87161.9814907687
"23178",90523.9422909998
"23179",113970.891939134
"23180",52783.3268713792
"23181",67941.5572373289
"23182",44327.6440784975
"23183",45085.1277354365
"23184",90271.3862464957
"23185",50375.8139709683
"23186",81867.3902821488
"23187",19527.0259608194
"23188",65500.7800884645
"23189",36086.846426141
"23190",101868.255235571
"23191",42828.8723716343
"23192",61911.861954073
"23193",40416.7445404783
"23194",35546.9695703316
"23195",65909.2529372438
"23196",46733.8098451621
"23197",87533.7342055736
"23198",43445.4124948028
"23199",53322.8549645244
"23200",56287.956525835
"23201",76442.6365590102
"23202",58669.0415838116
"23203",94505.6752456773
"23204",80639.8869318035
"23205",63199.1520026005
"23206",82692.8926166057
"23207",59352.1821601162
"23208",62849.3720509771
"23209",32845.3172178517
"23210",42978.8295727223
"23211",67619.4646694075
"23212",78528.4061794802
"23213",82278.7160396062
"23214",52273.1647178498
"23215",44984.9232781186
"23216",145335.971525305
"23217",52537.3392948407
"23218",66780.7631485686
"23219",38024.4729834229
"23220",72651.0540198286
"23221",41742.8512363518
"23222",16537.2483418146
"23223",95391.818296391
"23224",33831.9426127805
"23225",65558.8227591325
"23226",105145.148819532
"23227",34563.7907433207
"23228",85324.9095072909
"23229",110322.942750685
"23230",63993.4978986676
"23231",69230.2825944803
"23232",52112.1233278496
"23233",97309.8443103718
"23234",58083.4901625512
"23235",33238.1110401323
"23236",54249.5248380477
"23237",45907.9378753506
"23238",65295.1047218301
"23239",78303.6798789318
"23240",62326.1394831518
"23241",85223.6145710624
"23242",87640.7966842818
"23243",140532.550097271
"23244",38051.6012779899
"23245",92801.7070111817
"23246",90719.6894139587
"23247",49043.7917204858
"23248",53365.0987214867
"23249",38326.261661597
"23250",53504.0341163729
"23251",53027.5534738103
"23252",37157.6897843355
"23253",65272.8061366394
"23254",64470.4656859814
"23255",43153.321103947
"23256",93611.3551070795
"23257",66357.4353434859
"23258",21907.2108787855
"23259",66349.3229926554
"23260",78275.2712136145
"23261",109675.704621812
"23262",53130.2333786944
"23263",64257.9657088101
"23264",54137.2316861482
"23265",90579.7380670168
"23266",56260.0462818038
"23267",45428.1067757028
"23268",41817.6210454326
"23269",110213.103618093
"23270",69777.4676164333
"23271",59970.2139832949
"23272",49318.4333728744
"23273",70138.6354909298
"23274",66393.6471202366
"23275",81200.514007347
"23276",62057.8126912572
"23277",63084.8161005513
"23278",54464.9583668452
"23279",31362.1489401217
"23280",88304.8286024503
"23281",74842.990058557
"23282",64395.3539612607
"23283",94436.9550750724
"23284",110574.104964491
"23285",43182.2904259092
"23286",60013.2542122594
"23287",32137.3339172122
"23288",83274.8206717361
"23289",44950.1747647301
"23290",174612.377377702
"23291",24779.5122255794
"23292",75104.3353352936
"23293",129072.199506023
"23294",82566.4183852714
"23295",77734.8258027288
"23296",67172.1046327544
"23297",73522.4854436437
"23298",39557.3041114368
"23299",95879.2787384149
"23300",115694.924778357
"23301",48616.0286943913
"23302",41495.7314317589
"23303",40971.433841163
"23304",108159.278436489
"23305",54584.0773368245
"23306",91701.8648854627
"23307",70863.7074159078
"23308",51720.7523844163
"23309",58627.0735070658
"23310",36572.7447839381
"23311",37931.8077158629
"23312",118317.385878314
"23313",73043.6691199231
"23314",27766.9912906034
"23315",79487.3326787066
"23316",56887.9028610902
"23317",71733.2933095322
"23318",75623.9465437918
"23319",23211.2199054153
"23320",90127.5242817071
"23321",71619.5415625842
"23322",87087.6066899615
"23323",48774.5471240122
"23324",110237.792611378
"23325",116649.414126949
"23326",85176.0105624271
"23327",84857.9346106344
"23328",64123.8769507538
"23329",36410.4895665936
"23330",43089.1724800188
"23331",107637.952533553
"23332",43467.1852579313
"23333",217081.402543386
"23334",37827.8201016
"23335",109561.518038493
"23336",53690.9272728532
"23337",31994.0280002562
"23338",38601.866936427
"23339",43164.7005950442
"23340",32758.40171144
"23341",49195.096606632
"23342",84446.8787902044
"23343",58662.7936806103
"23344",54806.5182011311
"23345",84739.6731216769
"23346",40201.8877338864
"23347",39718.4930303967
"23348",53734.1602669799
"23349",88056.3630591359
"23350",30941.9833161314
"23351",45701.2454641217
"23352",44402.0258096619
"23353",95928.8978835823
"23354",87321.2223171638
"23355",65062.8871831741
"23356",36565.5522066401
"23357",61599.0172192992
"23358",67788.7407778792
"23359",91447.0966679416
"23360",23500.7254051158
"23361",47501.134758268
"23362",59309.5820630924
"23363",92559.6705750562
"23364",72206.5639902985
"23365",70575.7645736486
"23366",73939.0363589356
"23367",78422.3866681822
"23368",39677.898014671
"23369",53794.8175114214
"23370",64761.8714987301
"23371",48804.3412441349
"23372",50495.6632278982
"23373",69918.589166422
"23374",90382.1533260186
"23375",63788.5204935799
"23376",38210.738461825
"23377",50333.3701986385
"23378",83730.7197288991
"23379",83328.8195468087
"23380",45047.5042054539
"23381",44102.6275635169
"23382",43311.22141673
"23383",52667.9716340743
"23384",51088.3868465117
"23385",68257.1363400885
"23386",71230.057853329
"23387",43010.5078266875
"23388",29697.4544335452
"23389",82270.6693355997
"23390",75523.0061353627
"23391",66681.8825477046
"23392",52207.489837558
"23393",35081.027742716
"23394",99319.6896198474
"23395",39077.7513735605
"23396",71177.5410365468
"23397",65789.5339314288
"23398",86531.7376478831
"23399",30477.6696270121
"23400",71618.926004761
"23401",60662.4389895753
"23402",71983.4326836546
"23403",77976.4458549628
"23404",62279.8969987571
"23405",106152.117687901
"23406",34340.0552928284
"23407",41159.8641918674
"23408",29305.668866004
"23409",58565.0922394395
"23410",46320.6456918534
"23411",111576.059744088
"23412",75824.7602647819
"23413",51527.2327882773
"23414",41786.2853597876
"23415",64976.562180618
"23416",47414.8318966725
"23417",59438.3757754106
"23418",73015.9835059307
"23419",23622.6576077028
"23420",55564.1096176376
"23421",93795.2945738763
"23422",49347.4529398833
"23423",129307.107621705
"23424",44637.118610712
"23425",65743.2678442383
"23426",85090.1870039898
"23427",46912.6404907929
"23428",55557.7203285092
"23429",36956.2004399191
"23430",58037.9252146458
"23431",40277.3332958019
"23432",83670.9261340125
"23433",50564.4257840166
"23434",131862.859352241
"23435",52210.6525473356
"23436",29238.7315038383
"23437",124468.416115141
"23438",29689.6978311821
"23439",46250.8047206192
"23440",53133.0765137885
"23441",47817.6908963987
"23442",207354.411824026
"23443",48339.3685499395
"23444",73572.5886674182
"23445",65635.4426354124
"23446",60265.5589969312
"23447",35320.5664997024
"23448",66584.7079087735
"23449",82376.8189724496
"23450",60864.084164583
"23451",74488.8405581755
"23452",38671.6056424195
"23453",64357.2220939028
"23454",80206.4419603955
"23455",36790.3868643971
"23456",46705.5286231293
"23457",27231.1540550357
"23458",66599.4450397223
"23459",48550.3582078519
"23460",111205.678144907
"23461",97949.6548473017
"23462",70730.7312784053
"23463",62170.014302649
"23464",38272.2785298065
"23465",92927.6845997522
"23466",84720.2912087702
"23467",94526.0079105426
"23468",77088.736148244
"23469",101427.385650041
"23470",50114.1618218413
"23471",67971.9917564693
"23472",41135.4851740455
"23473",65356.5691894136
"23474",39723.8272877897
"23475",44974.1548888851
"23476",76254.4851141733
"23477",50550.3613884871
"23478",65227.6509851063
"23479",88568.8293156162
"23480",69758.6469202505
"23481",84047.016876939
"23482",60903.9958719593
"23483",41953.8701976364
"23484",57719.622137681
"23485",82200.196746689
"23486",72756.1355636361
"23487",40086.2291870308
"23488",52360.3917436996
"23489",52609.9574309795
"23490",48161.5296664503
"23491",36597.5830635458
"23492",64793.7944805633
"23493",51805.9707430695
"23494",40842.911782129
"23495",68066.8736470491
"23496",40461.0064306024
"23497",55975.2888465801
"23498",29680.6247276138
"23499",120557.447964825
"23500",153086.032813122
"23501",68139.5756176001
"23502",80332.6430744429
"23503",65455.3007251416
"23504",59907.1304533068
"23505",77548.1400275727
"23506",83782.958653912
"23507",73316.0036033939
"23508",75128.2107945518
"23509",59151.3212232688
"23510",54778.7228846223
"23511",23609.407245313
"23512",52998.9304354284
"23513",35829.6513203638
"23514",58146.3610755348
"23515",64947.7593184054
"23516",65048.0693593091
"23517",85249.2388672989
"23518",46693.8350793839
"23519",44849.3703726846
"23520",38790.3794037218
"23521",41289.9204141948
"23522",39296.6177003645
"23523",29302.6005038297
"23524",35031.0846433287
"23525",65675.6410615712
"23526",76160.2544298077
"23527",97492.8093750467
"23528",52882.3886150645
"23529",53138.079100701
"23530",66782.855194578
"23531",62776.151780159
"23532",89102.5614463087
"23533",33363.4522428543
"23534",44743.4865167448
"23535",26819.4802841289
"23536",85160.4769479691
"23537",82658.2459818939
"23538",89494.8919017037
"23539",84380.4110982211
"23540",92933.7163570512
"23541",38178.5877134732
"23542",49255.2838669466
"23543",76330.9178927868
"23544",65795.8827665514
"23545",81134.3706140645
"23546",93503.3694600923
"23547",28407.6989495285
"23548",120512.893872963
"23549",91543.4244773129
"23550",42121.8176797543
"23551",46211.6266032839
"23552",35472.1554756043
"23553",70734.487164814
"23554",54432.1164738961
"23555",49529.2805550096
"23556",87200.0480309119
"23557",52933.8633921055
"23558",96009.0427683529
"23559",39867.3785441304
"23560",35969.8864932849
"23561",63019.9106721096
"23562",85569.4127592546
"23563",38963.4638144368
"23564",39711.517222345
"23565",60699.0955940116
"23566",49806.9578363797
"23567",33644.6168071918
"23568",36648.1397023853
"23569",91711.957018442
"23570",45148.6195761001
"23571",38876.8019808785
"23572",49718.9378341086
"23573",76022.9531281135
"23574",130744.814330117
"23575",75291.4328891014
"23576",88196.5773143288
"23577",36031.7756230243
"23578",38586.8929370031
"23579",136030.964886095
"23580",54651.8713050251
"23581",34890.043510934
"23582",49625.6029802997
"23583",79874.5265839852
"23584",74767.4840703099
"23585",104289.376304779
"23586",91673.2106417915
"23587",35341.0127921301
"23588",62046.5792216398
"23589",42240.6140484858
"23590",27850.7071561109
"23591",29300.8487524269
"23592",43388.2189294813
"23593",77321.0220456591
"23594",91478.4847973297
"23595",42718.1945500135
"23596",40695.2132976915
"23597",43178.0262738477
"23598",39579.0184590357
"23599",83158.6241079102
"23600",72624.1413372417
"23601",62776.9169318657
"23602",68428.1303244213
"23603",26450.6834595829
"23604",40537.907905401
"23605",48837.7519237792
"23606",51954.7709958748
"23607",25001.9001664454
"23608",66195.1400660626
"23609",45056.2839681306
"23610",54712.6006438678
"23611",27492.371628213
"23612",51535.3782935554
"23613",129351.963923436
"23614",114714.344253599
"23615",36131.3099533577
"23616",73203.3317411135
"23617",66460.1614275544
"23618",74297.9142595537
"23619",42712.0296461245
"23620",49565.2409239689
"23621",59956.3174971239
"23622",64848.9511352547
"23623",41243.2994342649
"23624",62845.4071666434
"23625",39581.9095861002
"23626",117133.53586922
"23627",122704.847918358
"23628",75473.0992835573
"23629",29215.1198447035
"23630",84585.3203589133
"23631",46938.7345046952
"23632",57515.7031010067
"23633",72646.6772121133
"23634",65526.3296635252
"23635",59975.0772065764
"23636",64523.5395160792
"23637",77825.497599739
"23638",39913.4355267806
"23639",47326.5339873545
"23640",60083.7788163248
"23641",36039.1613802435
"23642",89878.5165663173
"23643",125371.167968476
"23644",55134.6337920246
"23645",73108.4472481328
"23646",70562.5568684865
"23647",68757.8687819395
"23648",34326.3315632476
"23649",74387.3494764279
"23650",95465.2471853534
"23651",48999.1899801889
"23652",97352.9956339477
"23653",46113.1296380111
"23654",50135.9866133051
"23655",58447.8317968887
"23656",54031.5366872388
"23657",121521.748301408
"23658",29037.0411581247
"23659",42635.9698748833
"23660",29143.7732368387
"23661",73781.1237101687
"23662",42873.1856756649
"23663",56335.049778207
"23664",49343.735287075
"23665",69347.1736899555
"23666",67644.8952879868
"23667",63824.2577260066
"23668",57505.8049614267
"23669",67507.5844915542
"23670",83973.0161038426
"23671",60321.5648437133
"23672",40135.2593475894
"23673",39439.1288162738
"23674",28123.4746105762
"23675",60581.2802375046
"23676",40864.9639792459
"23677",162755.129662964
"23678",181190.127408972
"23679",75613.964397956
"23680",46997.8303495988
"23681",54211.4948810515
"23682",77700.2931826308
"23683",48355.2583183581
"23684",55582.3817680122
"23685",49784.9253816942
"23686",63450.3659628451
"23687",54678.2924675723
"23688",55314.821605868
"23689",153415.108775747
"23690",54654.1693624137
"23691",42913.434663814
"23692",27807.7572810097
"23693",31739.7542027199
"23694",43584.4670592989
"23695",87252.3121474214
"23696",67732.3889888327
"23697",29686.4522342545
"23698",70010.2894223452
"23699",112585.483488526
"23700",38795.3477654822
"23701",48838.5538235924
"23702",43460.2997497119
"23703",59463.8101982195
"23704",51868.3550483375
"23705",49616.1146466002
"23706",87024.9166775566
"23707",56628.8200324641
"23708",49143.1583409931
"23709",32659.0662120789
"23710",71528.0431588651
"23711",88156.9600098561
"23712",67545.109862067
"23713",61699.9731175501
"23714",49080.4821338481
"23715",113986.212096303
"23716",95538.4344585712
"23717",79860.1449261202
"23718",60716.9828356615
"23719",56764.081068742
"23720",28261.0165376715
"23721",42911.9138563815
"23722",68216.161940864
"23723",37637.5302282217
"23724",62976.2016500168
"23725",82450.0675590862
"23726",34469.3205349032
"23727",90673.9413863963
"23728",84205.4680999792
"23729",36650.7977871014
"23730",78791.8280049177
"23731",68071.539485837
"23732",57762.349335411
"23733",52534.1818274069
"23734",62231.5639502599
"23735",49922.9238434326
"23736",62928.0618222153
"23737",58942.2716227776
"23738",45861.3413703217
"23739",42008.3033136951
"23740",109554.980103385
"23741",61933.326045319
"23742",76293.3959676905
"23743",86929.3401936426
"23744",110453.150289237
"23745",34561.9853020288
"23746",43482.3491202973
"23747",65269.7218833123
"23748",60867.8037028142
"23749",31329.4675916502
"23750",66700.6882305842
"23751",31865.0497734597
"23752",39440.4383042075
"23753",46485.2531417145
"23754",85368.5223346592
"23755",99984.3304195874
"23756",67895.9681946559
"23757",118512.383566498
"23758",54402.662202111
"23759",57028.2574259088
"23760",141852.211864773
"23761",31492.3866073007
"23762",48080.3918660327
"23763",47151.5254865739
"23764",56835.0646273009
"23765",57353.6678753967
"23766",80438.5944463495
"23767",28417.0138907804
"23768",52962.1060102302
"23769",87130.1926242863
"23770",55145.0092763949
"23771",35808.019257525
"23772",54060.0846457682
"23773",60636.7372862286
"23774",45609.7867131679
"23775",41369.777534615
"23776",74967.8741470953
"23777",85517.8914278521
"23778",52389.3986736302
"23779",49062.680968913
"23780",96047.499661112
"23781",49659.0444597547
"23782",58280.9548833541
"23783",80077.7627132815
"23784",32651.3483897288
"23785",55015.9112097572
"23786",101639.692910066
"23787",85416.2985559733
"23788",41148.1403384262
"23789",37858.7876446071
"23790",38812.3340995117
"23791",33110.082879021
"23792",42788.293933191
"23793",53676.0895411993
"23794",58704.2339143238
"23795",70694.283084638
"23796",43803.4217711216
"23797",65729.9245486543
"23798",56419.0598176998
"23799",46457.8089834688
"23800",68789.1715338553
"23801",52465.3513795504
"23802",57373.1324110437
"23803",47850.0064331924
"23804",31669.6201625649
"23805",73028.9982104242
"23806",59074.14005614
"23807",30145.6622600487
"23808",55257.1490339157
"23809",44451.5039040337
"23810",54364.9299361889
"23811",83344.1293366238
"23812",64758.7133799427
"23813",24704.9928132069
"23814",142741.201732409
"23815",34820.5874026707
"23816",112140.576382109
"23817",52172.9611942581
"23818",68083.8354551496
"23819",102769.765688808
"23820",100450.030461547
"23821",48182.477562248
"23822",50472.2630725314
"23823",87738.3691026919
"23824",89382.9314340011
"23825",29367.6188491129
"23826",53964.5906289519
"23827",31675.4973196956
"23828",24449.5255674685
"23829",108230.492857867
"23830",133593.32670041
"23831",47747.340597666
"23832",43617.0223242462
"23833",83363.8761742718
"23834",132660.860144879
"23835",64139.2739755021
"23836",68624.0669587806
"23837",32363.9775916326
"23838",46174.0371915247
"23839",51907.0892222705
"23840",41262.5133166085
"23841",47488.2356811868
"23842",45979.1304453911
"23843",46658.8237304128
"23844",49452.8144825142
"23845",107753.098079558
"23846",123791.249710164
"23847",30754.0869841628
"23848",85173.2009380524
"23849",107767.417288015
"23850",68446.4995175282
"23851",37181.8658236549
"23852",80504.1169643439
"23853",46263.9324480583
"23854",43445.8443914698
"23855",59787.308347334
"23856",48545.1201975428
"23857",67422.3427027166
"23858",48503.5180079227
"23859",50449.0308281067
"23860",70052.7094278993
"23861",126750.214898812
"23862",44091.4603237161
"23863",70484.1591993511
"23864",28449.494572187
"23865",103868.547198057
"23866",67236.9875855804
"23867",58671.0213018701
"23868",50728.4630086261
"23869",110228.522868177
"23870",66506.679879019
"23871",99766.309023889
"23872",52055.4353353526
"23873",64507.3172038558
"23874",58083.1792274571
"23875",42471.3320706716
"23876",42185.8262323302
"23877",78242.6137400192
"23878",51017.4278680601
"23879",56964.2412610556
"23880",77296.9480195405
"23881",53465.2683457893
"23882",120459.464387024
"23883",111890.143637459
"23884",40290.545204641
"23885",66196.3714420729
"23886",92226.6774809514
"23887",79076.9528776206
"23888",76156.4538347607
"23889",44472.9175488031
"23890",73520.9256914372
"23891",32322.5760978674
"23892",56048.2010968564
"23893",43018.6306019505
"23894",54825.4196849531
"23895",41413.9565639717
"23896",64148.6184218652
"23897",56797.07235612
"23898",93331.7356385931
"23899",24622.3777860568
"23900",21696.535283085
"23901",40774.4647049825
"23902",31473.8240001813
"23903",59415.6875962416
"23904",115437.583693188
"23905",46447.1793207671
"23906",65597.4205733426
"23907",17907.2411131453
"23908",77755.3343964624
"23909",61095.4963056656
"23910",35454.6993259155
"23911",110851.996592126
"23912",36056.8977620681
"23913",93730.7614818412
"23914",58203.2649323725
"23915",88342.945173556
"23916",74335.0791147855
"23917",47653.5344704699
"23918",67737.5362166983
"23919",82838.3341591277
"23920",43184.0078327168
"23921",56500.0846894626
"23922",57640.2203325237
"23923",140133.217307503
"23924",41716.4862768497
"23925",36998.2091361266
"23926",43740.2679043376
"23927",76920.514952381
"23928",73369.1483921112
"23929",27700.1435291273
"23930",31883.9531002838
"23931",34146.5725680045
"23932",106015.933541246
"23933",84360.4231809773
"23934",55469.2404798257
"23935",40775.7157102236
"23936",38740.4066826951
"23937",72485.0397319607
"23938",42968.42791358
"23939",28534.2930196535
"23940",48677.2779271019
"23941",43000.9082163028
"23942",33355.144259745
"23943",81624.6581816626
"23944",76729.3770073128
"23945",38754.3076278463
"23946",69283.9102933308
"23947",97572.1030422841
"23948",85570.3868997044
"23949",80989.1147494414
"23950",29917.3215052928
"23951",103326.230576433
"23952",98669.7059923929
"23953",76700.3991891098
"23954",78584.1723337969
"23955",42677.3424722403
"23956",62854.5811718047
"23957",42873.124757171
"23958",79740.3402997292
"23959",47723.9404459555
"23960",97079.8720808454
"23961",44307.6619435128
"23962",106807.565672028
"23963",36144.2952762105
"23964",62972.4601219482
"23965",63059.2202763294
"23966",66144.1808913556
"23967",157292.668394137
"23968",63368.6620058244
"23969",38145.0858396064
"23970",45201.7027587901
"23971",46084.0312240198
"23972",64227.8162421866
"23973",52286.9671634094
"23974",33658.3764467436
"23975",60705.8657511529
"23976",63408.7835978117
"23977",50547.7229007144
"23978",88554.1258740703
"23979",56532.2961624849
"23980",67523.0511022394
"23981",84334.0316446993
"23982",29075.6740394679
"23983",61869.6078497386
"23984",119266.065703355
"23985",42213.8978738532
"23986",50522.308995384
"23987",96584.6085405148
"23988",59330.8445231745
"23989",39420.6600042062
"23990",52951.733449098
"23991",100144.596744402
"23992",72674.9046463294
"23993",99856.7806614501
"23994",88653.7008787692
"23995",95090.5857219921
"23996",76088.866014359
"23997",41461.5835349639
"23998",60521.837522027
"23999",75831.5257647408
"24000",36860.9486112279
"24001",36134.704151586
"24002",87175.5263853502
"24003",31148.9818046892
"24004",59440.5682338039
"24005",83928.9373243254
"24006",47430.2417029535
"24007",35215.9528517175
"24008",22024.0302866265
"24009",43941.9878382543
"24010",67366.5167041467
"24011",77376.0365806617
"24012",48152.4183298226
"24013",46098.5944265652
"24014",65788.9517105025
"24015",31294.41729329
"24016",46206.4646954159
"24017",75002.3707008313
"24018",61507.1944122728
"24019",50617.5352175194
"24020",91092.7451123749
"24021",28345.372894056
"24022",70887.1077401446
"24023",51107.1071891847
"24024",46224.3511092035
"24025",86888.3922568247
"24026",65173.4761137048
"24027",53027.5597276316
"24028",65359.7663666733
"24029",88635.6647283209
"24030",61524.9502430956
"24031",69177.0543661601
"24032",34576.2468718412
"24033",51641.9040609758
"24034",34970.7292019823
"24035",50823.105165445
"24036",46086.8787852923
"24037",53151.2692647371
"24038",55199.7541355189
"24039",52688.5292045395
"24040",73285.4346699698
"24041",60135.3354754002
"24042",52797.8487814596
"24043",58376.1381053078
"24044",102438.709633201
"24045",51573.2138280129
"24046",48714.6970347346
"24047",50254.6029537365
"24048",82806.0491072098
"24049",36563.4151411279
"24050",19213.749265698
"24051",131859.30386479
"24052",105735.012554724
"24053",70682.8705407272
"24054",68629.443430545
"24055",51901.97348349
"24056",78537.7999808478
"24057",242356.44438232
"24058",19784.172854441
"24059",38398.697254133
"24060",102885.713624586
"24061",45434.0174179368
"24062",77597.5641959344
"24063",111727.233057253
"24064",87211.3384415632
"24065",64311.8881558591
"24066",43523.5117908823
"24067",53509.4214018582
"24068",92317.2957060811
"24069",69767.8685889036
"24070",64857.337406737
"24071",88184.9348441186
"24072",48609.9079804196
"24073",40734.7780718237
"24074",57920.019515379
"24075",112008.764642483
"24076",41798.5885699524
"24077",47740.1763372375
"24078",160542.137725435
"24079",78317.0679546136
"24080",55854.6716844552
"24081",73126.7545405386
"24082",56325.6889049605
"24083",77189.7505018801
"24084",68549.2923406843
"24085",53770.3572832373
"24086",97800.1736835582
"24087",72262.3387789492
"24088",47704.3068824005
"24089",41255.8750433984
"24090",108196.315998336
"24091",33927.0347730028
"24092",37427.7208186185
"24093",44753.4920624328
"24094",51632.5745902715
"24095",115592.334857676
"24096",45444.7147487295
"24097",120650.761171516
"24098",51480.930483767
"24099",52411.2833621579
"24100",80787.7566711922
"24101",48776.5839307856
"24102",61142.8184059118
"24103",59745.4655580423
"24104",88104.4573143585
"24105",62817.0988059443
"24106",87839.2353830378
"24107",30316.5861897484
"24108",66280.0873047644
"24109",38452.4659887282
"24110",46654.9364009661
"24111",40936.1278255088
"24112",46942.6042787682
"24113",91224.3455615302
"24114",102532.176347054
"24115",37219.485135018
"24116",34277.6274796536
"24117",55307.0263691139
"24118",35805.7357151852
"24119",63643.878148999
"24120",82612.2951958227
"24121",83086.6565620457
"24122",64261.9157740695
"24123",70064.0561548706
"24124",77963.2579429323
"24125",89497.5720217653
"24126",69065.341410372
"24127",111665.390146113
"24128",57012.5384132306
"24129",63625.0649956429
"24130",57105.4883496488
"24131",76704.2774995348
"24132",44755.7874266008
"24133",45389.3654695058
"24134",97769.709708333
"24135",148659.891928457
"24136",48795.2904826145
"24137",47383.4127766005
"24138",84562.8177475127
"24139",90363.3999306149
"24140",30877.9498978773
"24141",47183.8524436536
"24142",71388.2212459028
"24143",125461.054353354
"24144",56427.4819730016
"24145",23762.344310151
"24146",61211.8136656061
"24147",78026.7851444365
"24148",75295.1434671642
"24149",30256.7347435999
"24150",108668.291906975
"24151",62544.0789239243
"24152",24911.3618909755
"24153",47285.1885900479
"24154",107161.063574096
"24155",36086.0473685533
"24156",30371.9709097051
"24157",162442.02429662
"24158",73943.9425831387
"24159",39873.6698517125
"24160",96265.3993805005
"24161",25731.0279944144
"24162",61008.433395096
"24163",54012.7783851813
"24164",66127.968449149
"24165",94660.6711895866
"24166",26538.0067795628
"24167",47097.0889476331
"24168",65304.4520704659
"24169",39148.3012299636
"24170",36357.8375403056
"24171",43423.9717925437
"24172",52708.4983461316
"24173",36467.5686995084
"24174",27779.8626504174
"24175",39626.754277635
"24176",161619.375770794
"24177",127974.768050188
"24178",73522.6487050773
"24179",40228.319076048
"24180",86982.2059908317
"24181",49097.0750462839
"24182",85210.1228444478
"24183",64096.1887599898
"24184",64046.7392121606
"24185",41564.3018576502
"24186",53110.3560025248
"24187",46140.3153868437
"24188",93161.5627121678
"24189",83053.3305135897
"24190",54532.3444673729
"24191",48697.5170140256
"24192",186034.776244403
"24193",130744.002237479
"24194",38394.9290073476
"24195",85151.3558941766
"24196",55978.0970851047
"24197",40015.6701901047
"24198",62913.2779254043
"24199",86730.8969213298
"24200",45138.4871533781
"24201",55276.6942986005
"24202",53166.2278537081
"24203",52930.0643557723
"24204",49796.9063508967
"24205",61193.462586652
"24206",94390.6190049008
"24207",44379.5232431829
"24208",263023.554353833
"24209",79619.6913616611
"24210",45435.3946479646
"24211",93554.9051503976
"24212",59975.3307560395
"24213",19991.1705100887
"24214",96685.3496659608
"24215",84385.1776396017
"24216",61888.1654549395
"24217",99004.800832511
"24218",65710.3080808671
"24219",36998.7600864923
"24220",34275.9254197653
"24221",41065.9796050868
"24222",27700.8460009632
"24223",73614.7936121064
"24224",57956.3385739236
"24225",84791.3163419608
"24226",39183.1103979192
"24227",76021.7198329937
"24228",31363.5100950136
"24229",111588.416740535
"24230",17932.4921256023
"24231",92843.9255368754
"24232",27951.7339567979
"24233",122425.745320624
"24234",33375.733770202
"24235",34998.9278746637
"24236",80449.9170067659
"24237",83807.9507706943
"24238",111389.189485553
"24239",129989.320757188
"24240",41348.6193737555
"24241",123131.229915064
"24242",56265.5336629442
"24243",50840.3569137666
"24244",39593.5733277336
"24245",44072.7474852934
"24246",56557.4851450078
"24247",50009.3587170625
"24248",111342.299668103
"24249",68851.1157307605
"24250",67542.2685940582
"24251",43612.5183453667
"24252",65496.6905978374
"24253",51167.3457604177
"24254",21726.7237164431
"24255",47161.503857845
"24256",51130.3552237352
"24257",36756.0407697876
"24258",55355.415013721
"24259",72564.7260324292
"24260",104167.129382915
"24261",103120.565619368
"24262",139639.223225004
"24263",67181.9545948203
"24264",67775.2778249197
"24265",43503.5950836409
"24266",57652.8701090938
"24267",41243.2089659646
"24268",57951.0360346511
"24269",46469.0750825623
"24270",40565.6137336061
"24271",68131.0918726793
"24272",53467.5941214422
"24273",61736.8647505446
"24274",80550.7704656493
"24275",74327.8523570172
"24276",81102.9423600212
"24277",33340.1442930622
"24278",81488.0651301866
"24279",37921.1383914586
"24280",168295.414567627
"24281",54495.9493079552
"24282",41970.3190992618
"24283",34093.0393195338
"24284",109186.908172949
"24285",26493.9890827699
"24286",58031.5341812115
"24287",129745.440582711
"24288",60602.8140169385
"24289",81529.9669166043
"24290",59351.9191239034
"24291",44370.8032315887
"24292",27934.0127019336
"24293",60538.0693666147
"24294",58977.1533554079
"24295",48277.9530530041
"24296",57572.5472464086
"24297",57290.6153254916
"24298",49507.8463261078
"24299",40228.214640605
"24300",75394.6065551889
"24301",107905.827916263
"24302",46857.3327162136
"24303",56342.2038933373
"24304",62983.3677053398
"24305",56622.5701025928
"24306",105757.696034442
"24307",60253.1369762214
"24308",48033.4631671888
"24309",83719.0032155554
"24310",88277.6466390351
"24311",59131.2460443739
"24312",47547.6668287801
"24313",63837.0218421465
"24314",49935.8406439741
"24315",80168.5897847719
"24316",48424.0288700394
"24317",65800.1387140445
"24318",57722.1029368065
"24319",60487.0605455696
"24320",32696.7340350407
"24321",53373.1268774182
"24322",52662.3353785501
"24323",44297.0438140554
"24324",43566.6286874025
"24325",100547.203810068
"24326",118147.609087914
"24327",103186.531489141
"24328",86174.7053617752
"24329",83821.6805763324
"24330",52565.0840047023
"24331",52848.7662289848
"24332",130876.31083599
"24333",59277.1567803936
"24334",76012.8174999228
"24335",50549.8102775033
"24336",53775.5633285508
"24337",35717.9322976242
"24338",31520.8332224502
"24339",103272.150130623
"24340",21323.8482920314
"24341",15849.3667846976
"24342",114190.963201564
"24343",109651.446778447
"24344",44290.1646927151
"24345",29729.7648031748
"24346",41160.9541249642
"24347",30384.5144783364
"24348",75266.5317981254
"24349",79635.788372131
"24350",44585.12364392
"24351",87946.2901835356
"24352",87373.6074099223
"24353",35875.7405435562
"24354",91618.4261467453
"24355",55236.9771061703
"24356",82345.8287292546
"24357",40747.3331632381
"24358",38624.5265276269
"24359",39659.3592443234
"24360",70403.3414169837
"24361",46126.8400429188
"24362",88050.3422578948
"24363",78373.1406147229
"24364",65566.748993756
"24365",78425.115372109
"24366",46367.065196141
"24367",95279.7198942703
"24368",137892.522729731
"24369",32917.1546462796
"24370",56616.2691675497
"24371",72875.8685940649
"24372",67330.8806523418
"24373",74126.3407508739
"24374",111646.05116917
"24375",75898.1746693931
"24376",64450.0259445132
"24377",55339.8692281334
"24378",53202.1845578823
"24379",63006.7514169823
"24380",127778.689576152
"24381",113583.581065164
"24382",98837.5394721255
"24383",120798.802820782
"24384",84659.9235248068
"24385",15891.2958284289
"24386",74466.7826824068
"24387",75935.9137853051
"24388",73705.544003187
"24389",46246.2623812238
"24390",70417.0373947592
"24391",34705.4536427888
"24392",70739.0276768533
"24393",58893.0780877236
"24394",81315.3103552677
"24395",68603.6260580657
"24396",45465.5990273874
"24397",87366.6799127432
"24398",35699.7487691633
"24399",42704.0394280449
"24400",79682.6858815192
"24401",25007.5174715645
"24402",55460.5773826126
"24403",63316.0299713997
"24404",136064.865751971
"24405",58830.8136662155
"24406",104232.920282391
"24407",89791.1299797371
"24408",87967.401071009
"24409",93981.8306726117
"24410",70818.6009791454
"24411",58301.0562193205
"24412",62347.4875867653
"24413",63300.9777257807
"24414",55714.6748404012
"24415",66031.6012199988
"24416",59646.2820646317
"24417",71016.9041905305
"24418",82769.2257632615
"24419",47155.7419377297
"24420",76276.296650452
"24421",70536.9193263494
"24422",137314.170147287
"24423",75401.9350305624
"24424",111057.638673268
"24425",50236.9592984312
"24426",86443.0412576185
"24427",89399.7293566851
"24428",75329.1722638573
"24429",55466.9969513338
"24430",52538.3863365284
"24431",127292.911082449
"24432",67808.0359584685
"24433",63801.1009629036
"24434",61192.7433205792
"24435",47751.962813138
"24436",59567.3865145086
"24437",40899.3966149089
"24438",92921.3619492085
"24439",56411.132328956
"24440",55756.574907992
"24441",74436.7991599751
"24442",40370.156987729
"24443",45171.6804880344
"24444",38009.3060328902
"24445",61571.1626916609
"24446",55233.6658819794
"24447",69836.4598541703
"24448",119910.69988523
"24449",65617.803993917
"24450",49374.9518129443
"24451",56044.7433016819
"24452",116696.405335131
"24453",126581.297823436
"24454",78045.6749257609
"24455",33276.0490067626
"24456",85236.8254024702
"24457",53979.6616426416
"24458",45414.3017944128
"24459",24704.7105022025
"24460",99450.2521199666
"24461",38600.4248053913
"24462",60059.1660855262
"24463",69195.1664383348
"24464",68377.1960483228
"24465",24262.6693651246
"24466",84118.1447315043
"24467",47468.8631463412
"24468",57127.0006512866
"24469",67762.3005915516
"24470",70040.7453050602
"24471",98411.9733952435
"24472",161365.020786131
"24473",113959.538558352
"24474",110699.010178555
"24475",59394.7954062446
"24476",32231.3880475886
"24477",61699.9163543665
"24478",58931.2263697295
"24479",82577.8275196813
"24480",97360.3071565569
"24481",79342.1355739034
"24482",31390.5133413221
"24483",33217.9182543646
"24484",63089.5402968247
"24485",168812.821210448
"24486",66577.0429483831
"24487",77895.3168877571
"24488",57881.6346866731
"24489",44181.5805189926
"24490",120041.170755823
"24491",51022.4956010732
"24492",58116.2846718643
"24493",51897.1099269812
"24494",49174.1894340784
"24495",38624.3524372575
"24496",45022.0145358172
"24497",110015.394712031
"24498",38927.1901125822
"24499",65826.0854687036
"24500",42207.2653884327
"24501",44987.2582942348
"24502",40910.2955261924
"24503",40117.5800909082
"24504",46768.3445299567
"24505",54269.992976483
"24506",76868.5307043461
"24507",40792.6414919822
"24508",45601.1795487819
"24509",52479.9822351339
"24510",44539.226659332
"24511",95140.2388761104
"24512",58947.1166917281
"24513",73878.3031696472
"24514",121141.282869411
"24515",78982.9251497069
"24516",42071.9671415771
"24517",58433.2807785752
"24518",42578.1335962899
"24519",42125.2285966203
"24520",88631.0199327272
"24521",70305.4655043049
"24522",48277.004894754
"24523",51835.2891682306
"24524",63325.4988299529
"24525",41376.439485061
"24526",44430.5855449702
"24527",66442.9631015086
"24528",73179.6458163555
"24529",149295.771465937
"24530",32973.9337515365
"24531",29087.7287012257
"24532",69131.53696488
"24533",28707.4850713216
"24534",47772.3513039029
"24535",62452.0736601398
"24536",57165.8110617913
"24537",31297.9528526888
"24538",86886.4259074108
"24539",60950.9022406085
"24540",40561.6979195972
"24541",119895.960135376
"24542",45759.113342493
"24543",74046.8689403981
"24544",60723.0317192314
"24545",44555.6443283038
"24546",62615.7279510536
"24547",32088.9401203386
"24548",74395.8237315749
"24549",55632.5403274672
"24550",70595.2078143742
"24551",76643.2700599997
"24552",49112.4150907874
"24553",70779.9089032136
"24554",68524.2895809587
"24555",51393.0224946712
"24556",33527.3111978177
"24557",26746.5031918498
"24558",62889.0068977281
"24559",50040.8537949836
"24560",31739.5096202993
"24561",62876.0775149511
"24562",114920.819166638
"24563",36521.2066347724
"24564",93539.8201726804
"24565",71307.7696558938
"24566",61857.0076265308
"24567",117003.610131398
"24568",69768.2971606796
"24569",33798.7609482391
"24570",56975.1361488343
"24571",29033.2186664093
"24572",56703.6721012031
"24573",72362.009455528
"24574",82092.6922429741
"24575",28715.4286798755
"24576",58060.9552976135
"24577",56192.3372615992
"24578",63529.9403384389
"24579",90616.4985537845
"24580",90579.1422458843
"24581",98244.4911054335
"24582",38586.4274165648
"24583",137740.599595089
"24584",91314.7494948021
"24585",82256.2825962109
"24586",56104.1993443983
"24587",55164.7963818661
"24588",30109.1791090166
"24589",40049.1301555057
"24590",49241.8724822723
"24591",47975.9741209991
"24592",58124.6173294626
"24593",47426.6846260107
"24594",57218.102828256
"24595",49528.0211164586
"24596",29314.1472925618
"24597",87199.3143008695
"24598",87673.1337855487
"24599",33723.4085138489
"24600",109616.372106284
"24601",117070.326596187
"24602",133490.776615153
"24603",73011.517467215
"24604",44520.1071289505
"24605",50725.1934247437
"24606",49520.1920062284
"24607",100202.094019169
"24608",59596.0654975008
"24609",56923.0183247905
"24610",18765.0189523222
"24611",72546.7630686987
"24612",31163.4350317962
"24613",27867.4924830007
"24614",48237.667451205
"24615",39816.5239450869
"24616",157523.153350947
"24617",79978.7923341033
"24618",69064.8718707598
"24619",83462.3622273608
"24620",75679.9614308864
"24621",38756.0468253318
"24622",73759.5695216713
"24623",43364.2380005331
"24624",50533.0993604908
"24625",106279.405723726
"24626",119593.058811182
"24627",73607.4557897575
"24628",60030.15813297
"24629",83003.8222537434
"24630",90761.439017235
"24631",54976.5727830541
"24632",95278.4715479603
"24633",100912.150131602
"24634",73373.8117194573
"24635",97513.7572699884
"24636",72865.0545874976
"24637",70697.0907311298
"24638",127040.960873011
"24639",212664.63125382
"24640",55739.6448420081
"24641",79053.7321510414
"24642",34570.4550600134
"24643",82314.5282713498
"24644",60080.790982985
"24645",79692.1908025051
"24646",87625.6650937433
"24647",75982.5868454995
"24648",51926.4744982347
"24649",60426.9389668674
"24650",73845.628366656
"24651",94271.0219605141
"24652",50005.0865474758
"24653",186492.932716136
"24654",38784.5275083189
"24655",106013.664602211
"24656",41103.1770207294
"24657",69875.9870940552
"24658",41370.6751736347
"24659",90850.7394727016
"24660",126363.101536649
"24661",38643.8727391785
"24662",30438.4574412884
"24663",92143.3306632096
"24664",74705.9834997382
"24665",58566.4859987945
"24666",66369.4236351578
"24667",44344.8377927379
"24668",91435.9152090499
"24669",83078.0871745877
"24670",53274.8104906484
"24671",92607.9267860085
"24672",44051.2133373403
"24673",50372.6793748662
"24674",69742.9262888437
"24675",44345.1295711803
"24676",71325.2843276995
"24677",111339.207573498
"24678",50155.9756212919
"24679",81844.9759326821
"24680",63420.507004155
"24681",75069.3729257153
"24682",86871.7166658392
"24683",77354.0130245483
"24684",84729.7465195362
"24685",38760.4006248757
"24686",26467.5828749589
"24687",74556.4743550309
"24688",57667.7512206689
"24689",43343.4718170247
"24690",38262.682169508
"24691",71703.8480707856
"24692",51943.7202603769
"24693",48526.148058327
"24694",85769.9384272038
"24695",95479.3570367517
"24696",122175.026479885
"24697",75531.30342052
"24698",54712.2424375471
"24699",52953.9090442862
"24700",60864.0295542616
"24701",148172.124378845
"24702",71625.2495462634
"24703",60678.9541217283
"24704",91075.4052892909
"24705",34072.8047749151
"24706",67141.5516044477
"24707",87229.9492506637
"24708",62349.4248051044
"24709",36635.1528048889
"24710",68443.4313423609
"24711",61451.573847888
"24712",50049.0361640564
"24713",52562.752341004
"24714",28570.3179422813
"24715",91070.9504594478
"24716",102013.733667172
"24717",105733.760973712
"24718",81888.4573514299
"24719",100650.141720046
"24720",36315.4841337358
"24721",74832.9416088881
"24722",71956.0944634802
"24723",96087.5705756637
"24724",38902.4104962272
"24725",57672.7091628347
"24726",42915.6346621166
"24727",33015.7691953184
"24728",203120.887225491
"24729",82274.8887954106
"24730",88890.8272999882
"24731",53924.6763670329
"24732",36072.1930353819
"24733",81653.7693238948
"24734",59428.0692432973
"24735",67575.777789607
"24736",103346.972379598
"24737",77455.6907416196
"24738",49628.2840060183
"24739",69990.6078891142
"24740",73924.0913526409
"24741",66392.2056484236
"24742",56849.1397499842
"24743",99879.4658866077
"24744",111883.608938173
"24745",39708.2439443508
"24746",54838.548711089
"24747",29341.4380649709
"24748",34863.0848958972
"24749",63975.7916418094
"24750",40799.1730458253
"24751",72423.6494267197
"24752",61758.783769335
"24753",22250.5496135044
"24754",69644.0911943726
"24755",36796.8127335949
"24756",65302.9346238919
"24757",51470.9492329992
"24758",29457.0016323378
"24759",32566.944147131
"24760",66123.070164758
"24761",66958.4359643444
"24762",45876.2975555466
"24763",53187.8949623442
"24764",88510.9643209032
"24765",39947.3704316202
"24766",28727.6412802954
"24767",86987.181449068
"24768",92306.056375444
"24769",23445.446161569
"24770",92141.5546662814
"24771",103315.338769021
"24772",91209.5202550122
"24773",122015.300420504
"24774",55812.3200391032
"24775",71455.1219412186
"24776",79303.100593594
"24777",61312.5387781717
"24778",92517.0416324111
"24779",34985.8138903913
"24780",64719.0598916682
"24781",92975.3372591019
"24782",67106.6939669877
"24783",50726.0025175786
"24784",62656.7334836429
"24785",39279.9105192673
"24786",60894.1759171761
"24787",88323.2863788307
"24788",97922.139194686
"24789",66489.1996629802
"24790",67750.9404718373
"24791",40200.2737203067
"24792",47151.4133337654
"24793",52764.8783488306
"24794",30430.4502177943
"24795",109456.631103974
"24796",95300.3769749274
"24797",61756.1143752495
"24798",70268.8080172604
"24799",19404.7284678255
"24800",74375.515267586
"24801",60580.7368800785
"24802",134361.406080042
"24803",62124.2450615905
"24804",52981.2682192526
"24805",93565.4761216593
"24806",48637.4906269046
"24807",28530.8519833117
"24808",137079.392030169
"24809",82677.271035455
"24810",68090.0062948724
"24811",57904.7431170778
"24812",42652.0466088308
"24813",63847.3224530837
"24814",74742.0226264358
"24815",75054.1331654025
"24816",71211.0477633478
"24817",60163.2557884996
"24818",49124.6996102631
"24819",41404.1335544501
"24820",42693.0287775181
"24821",47974.3412737399
"24822",80941.2615586778
"24823",63474.2121513872
"24824",68647.856955126
"24825",88728.2124036044
"24826",32228.5793300161
"24827",76319.9995547435
"24828",29542.7228667078
"24829",170052.065075549
"24830",78478.2219480091
"24831",67355.3989249626
"24832",67865.4471171904
"24833",38152.977404428
"24834",58226.2509971279
"24835",37852.0977084625
"24836",78128.4241097802
"24837",96346.3860334288
"24838",71585.8550633315
"24839",48722.2378459367
"24840",60812.1337913021
"24841",32207.3319943204
"24842",53403.7258821109
"24843",67973.0017138838
"24844",35044.3041262924
"24845",40815.0987769635
"24846",48540.2020774729
"24847",74184.0153432544
"24848",123884.350766599
"24849",56581.0102644883
"24850",59624.7060198895
"24851",43534.6294636228
"24852",77299.8175033387
"24853",77115.4623507359
"24854",52809.1415617702
"24855",49613.458739787
"24856",95421.2254975417
"24857",72891.8473599683
"24858",45622.4287884831
"24859",23600.3914092753
"24860",53468.7505433438
"24861",69515.4413229396
"24862",35012.4076971487
"24863",83972.3015035323
"24864",106732.876624107
"24865",118738.65495098
"24866",78639.1995529899
"24867",72403.7248000425
"24868",56326.1703916941
"24869",109591.959943409
"24870",35594.0738899171
"24871",68254.5966950775
"24872",71055.6552734181
"24873",95993.4400393229
"24874",52858.9981796506
"24875",131026.753916984
"24876",53876.1240583189
"24877",61289.0392378564
"24878",98319.640369344
"24879",70905.7251047007
"24880",91498.1892314687
"24881",46508.8589345512
"24882",48198.0531688939
"24883",137730.00247444
"24884",30145.3991533149
"24885",29660.5720373481
"24886",97204.3084028166
"24887",177710.140560531
"24888",63425.085920796
"24889",42655.2222676184
"24890",78430.0012811652
"24891",114682.050485881
"24892",25335.7133489886
"24893",46298.5929818202
"24894",114864.43466148
"24895",71127.1170527587
"24896",98198.6120875851
"24897",93202.5378225641
"24898",25976.5116557196
"24899",125009.770777312
"24900",41458.1801002576
"24901",39328.0753168621
"24902",89461.8773907374
"24903",93821.8641824113
"24904",109874.318293925
"24905",87356.3623170689
"24906",74487.768469422
"24907",77112.2003015862
"24908",51458.5146366782
"24909",51186.0874653165
"24910",82785.9168469883
"24911",34614.3269763996
"24912",68420.92993175
"24913",114473.197137242
"24914",97245.6855655511
"24915",69739.747982867
"24916",47683.7248853613
"24917",58144.3115692735
"24918",107307.499481525
"24919",60783.7578922764
"24920",53627.0684496901
"24921",57689.0217384915
"24922",65864.9464763493
"24923",49515.9172556195
"24924",22218.2517156992
"24925",82761.4907775103
"24926",76562.1141180944
"24927",58775.279845737
"24928",47911.0652398631
"24929",42940.0949998528
"24930",62200.7031951577
"24931",63464.1026285621
"24932",132472.42307131
"24933",78384.5535737532
"24934",51009.1568629081
"24935",93952.8331144612
"24936",46986.6689299578
"24937",51993.6811823878
"24938",24459.2281947124
"24939",100589.148904017
"24940",86347.4442324657
"24941",102167.063806742
"24942",83490.3023436564
"24943",74852.2047541396
"24944",69427.6742559258
"24945",72703.8624977988
"24946",30259.1259079087
"24947",41635.1206325612
"24948",61954.3420091535
"24949",50559.8457877595
"24950",34386.5765450736
"24951",75309.0650675752
"24952",45925.0056088266
"24953",42997.8831767086
"24954",56765.6887662203
"24955",106636.647883217
"24956",74670.5988596265
"24957",66524.9725997764
"24958",118311.074599708
"24959",51026.3580668127
"24960",90386.3524152386
"24961",79618.5232034325
"24962",130793.884699672
"24963",40968.0974706767
"24964",59585.5665391907
"24965",69988.2516096256
"24966",82991.8948219587
"24967",39329.9951077731
"24968",50662.9372373702
"24969",89495.2614889053
"24970",51214.6416548604
"24971",33785.5846930497
"24972",45494.9296590221
"24973",52036.0036725343
"24974",83399.1210900946
"24975",112466.312535531
"24976",42027.0774934734
"24977",46828.8872426529
"24978",77915.733078549
"24979",33185.6671722777
"24980",51134.5516287865
"24981",48940.8091889228
"24982",55250.1430695033
"24983",35104.841947248
"24984",30406.2034281194
"24985",67473.9742353644
"24986",51441.2728906255
"24987",38927.080032176
"24988",101962.214109946
"24989",38872.3389292173
"24990",51639.8558332726
"24991",29451.4089305035
"24992",86543.4763799593
"24993",84323.8483565748
"24994",41031.0791389545
"24995",174121.077801256
"24996",52854.2152770048
"24997",56664.9241155132
"24998",31554.1990726484
"24999",65766.2147330189
"25000",81081.0905757321
