"","Estimate"
"1",7023.24442736738
"2",6201.44593631778
"3",7192.57377841167
"4",10300.9402915813
"5",4625.7255369321
"6",8944.90239500573
"7",6775.04429901591
"8",5389.49903870394
"9",8012.6809517859
"10",11123.9740477159
"11",7971.26754960171
"12",5134.73712493849
"13",5934.39344105702
"14",5909.7616333858
"15",9750.66762188703
"16",7688.52138776454
"17",7991.66809723801
"18",9718.98219717655
"19",6396.61335478443
"20",4306.40723916402
"21",6646.70192234387
"22",6532.95961385323
"23",7245.83798640408
"24",5834.48041385766
"25",11214.174079232
"26",8410.33402255358
"27",6809.81820073944
"28",11228.4393062644
"29",5643.23898983895
"30",5699.83251774664
"31",4611.88893461056
"32",6673.83670652567
"33",8396.25901998893
"34",7727.24627435986
"35",6224.11275962558
"36",9726.18726850374
"37",8237.9123918156
"38",7280.28642894769
"39",4983.66176785071
"40",7348.24316398173
"41",5039.46297310971
"42",7758.91359101963
"43",8400.92464104498
"44",7730.14546734849
"45",6449.71991360341
"46",4981.53931490865
"47",8125.48059561789
"48",8082.17935706422
"49",7612.4978489638
"50",5660.33124372455
"51",7878.14214280479
"52",5413.37255283494
"53",8407.66902828163
"54",7149.66384411762
"55",8111.37277857815
"56",7099.6087892569
"57",6787.78832575708
"58",8157.70782105399
"59",7102.73880905377
"60",5515.06912973147
"61",5932.62830466712
"62",8013.08294762026
"63",9777.66309567344
"64",6734.55070120839
"65",7864.38674328537
"66",8590.64205694948
"67",5621.48043865798
"68",7838.2168573771
"69",10406.9360906887
"70",6455.43803367276
"71",8194.71669039227
"72",7537.12561248621
"73",5451.33391583683
"74",5332.34307447612
"75",7378.48915312392
"76",8531.58567506495
"77",8155.65993401597
"78",8632.11975513204
"79",6660.50299390434
"80",6462.74009330813
"81",7470.4331826819
"82",6636.41775633997
"83",8048.22648352186
"84",7913.16334139006
"85",8151.48027833032
"86",6777.04018425796
"87",7106.13947873332
"88",5673.93195153709
"89",5014.84856224092
"90",8628.43234871918
"91",5107.35567328703
"92",9581.54610570946
"93",9746.42002485137
"94",10390.8665189589
"95",9666.84780906383
"96",4420.08723790905
"97",6141.74658257481
"98",7027.08897475605
"99",11709.0632030412
"100",5339.2911693744
"101",6109.07448700652
"102",8318.51402726578
"103",5650.00553816961
"104",8931.92388476785
"105",10138.9418664612
"106",7691.14522663807
"107",7842.45879090151
"108",6527.67221840074
"109",8365.98601013809
"110",7021.89733181491
"111",4600.29012069379
"112",8702.80191529225
"113",6177.91270860522
"114",6981.01388561281
"115",7709.83585933711
"116",6718.82850208699
"117",10608.5384920917
"118",5983.13042954258
"119",7010.10054047381
"120",5637.13136087225
"121",7365.62507502154
"122",6079.11492571325
"123",6695.30690090656
"124",7422.990828893
"125",6547.87912004595
"126",4424.6110970705
"127",9171.5216221434
"128",6945.62953407671
"129",7569.02529517709
"130",8887.57567479601
"131",6321.48567771574
"132",7492.83556179696
"133",7536.57258757696
"134",6990.32284396993
"135",6984.98106307699
"136",9949.60162620273
"137",7780.38917959497
"138",8997.56925187313
"139",6632.86057559243
"140",5470.71817156169
"141",5781.31321316963
"142",6638.90692875028
"143",6388.45239809373
"144",4560.35150823322
"145",6244.18134515565
"146",7581.49735069867
"147",6570.52460308243
"148",4983.89519436875
"149",10048.0176996554
"150",7294.99767589269
"151",9138.67115481604
"152",6547.68214359671
"153",7111.7597901986
"154",9215.40217624386
"155",8198.66372978278
"156",6216.30502833589
"157",7763.85411263496
"158",4545.72155350274
"159",5856.41955665498
"160",7886.34284742869
"161",5816.97636638867
"162",8340.06899413496
"163",5679.04844192112
"164",6282.8862584224
"165",7381.369322331
"166",5050.97511971452
"167",7699.41743125978
"168",5398.88123144732
"169",7429.63512946176
"170",7503.24845499322
"171",7855.66598334377
"172",5585.30572620877
"173",7202.34521751031
"174",5128.16404351396
"175",7228.23480499699
"176",4546.71641633415
"177",8119.22631713724
"178",9917.05128270105
"179",7031.69561554927
"180",6233.57817904783
"181",6305.79388104997
"182",8441.68912279516
"183",8629.0811420495
"184",7575.72622305193
"185",6626.74331583113
"186",7851.43887585142
"187",8063.99167331967
"188",6051.84702304984
"189",8139.94539032384
"190",7637.59012550218
"191",5479.159391421
"192",8509.30620027628
"193",6014.23756755612
"194",7412.10597468582
"195",7083.29137302607
"196",7235.49381783969
"197",7702.55679056392
"198",6325.19538536264
"199",6386.14615164323
"200",8668.6622201363
"201",9085.00256301861
"202",7337.10039339093
"203",5695.920159049
"204",6105.31125727613
"205",6124.33388663485
"206",6809.36834835976
"207",6180.03862187051
"208",5522.72459065193
"209",5810.14988917707
"210",5500.64193309566
"211",7422.75179459634
"212",6708.83885311982
"213",5552.35077905959
"214",6668.30616970731
"215",5582.90885842951
"216",8561.98248233352
"217",6692.02559863396
"218",7858.42360363113
"219",7506.061276607
"220",7728.00669715938
"221",6902.04547769766
"222",7268.86626344474
"223",4705.60126808178
"224",5601.06678729235
"225",6554.8657347944
"226",9157.56529452386
"227",9463.71897136327
"228",7790.98337330063
"229",7684.31844021737
"230",5732.94756829828
"231",6259.73622040327
"232",10404.3194071812
"233",7220.92239708274
"234",7602.32852202396
"235",6333.33896151731
"236",7035.30658057471
"237",8149.12680829317
"238",8064.45752411844
"239",8560.86790884867
"240",4758.1520750075
"241",8066.74372027207
"242",6864.0532654105
"243",6926.17442705005
"244",6505.05609195402
"245",7536.56997649907
"246",6750.61010078139
"247",7568.57877647083
"248",7691.21479712101
"249",6286.01045179546
"250",4672.34786101737
"251",8854.69966598776
"252",5972.5638552026
"253",6588.72023748536
"254",8719.69389812714
"255",7028.80230495821
"256",6523.74553118194
"257",6793.7229176044
"258",6313.56332995038
"259",8726.77408345881
"260",8008.06735359308
"261",7809.04445862384
"262",7376.51797840332
"263",6137.16245925765
"264",5953.64530153216
"265",7139.43993223876
"266",5253.46714216366
"267",6414.60251254052
"268",7510.7038893794
"269",7314.25705128087
"270",6258.24367914767
"271",5539.76410706848
"272",6338.43769866834
"273",9847.02564517673
"274",8505.15551496188
"275",7927.36551516893
"276",8328.94298040333
"277",5444.7427006795
"278",6020.3265432783
"279",9587.95641203854
"280",5696.92590622275
"281",8508.61892240028
"282",6831.63451457851
"283",6498.97499330835
"284",5462.20408876623
"285",4506.30845497498
"286",5937.16145844799
"287",5169.22221338264
"288",5846.00911071763
"289",6497.46884225708
"290",7846.09328183763
"291",6697.26342705089
"292",4149.75158771263
"293",6278.23848379922
"294",6909.97675745172
"295",7147.66825454947
"296",7435.1021937774
"297",8171.40735384915
"298",5223.32541958549
"299",10213.6462750691
"300",8675.30737693551
"301",7012.57667331198
"302",8299.32027212701
"303",7160.44188778081
"304",6184.06426080436
"305",8321.10117510494
"306",6805.28602207126
"307",7017.50740471377
"308",6021.06860737134
"309",6219.03581534492
"310",5371.61019636853
"311",9945.11218144815
"312",9692.60895357102
"313",5123.95193232463
"314",6661.56464280935
"315",4949.62755898439
"316",6517.69584899462
"317",7270.51759078245
"318",5719.92539974159
"319",9188.72434362271
"320",7505.84740649053
"321",9004.15759583219
"322",8751.35185419148
"323",11609.6719829128
"324",5715.38315112245
"325",8090.81362601112
"326",5800.83790636417
"327",5805.39433941697
"328",7502.34912798175
"329",8272.46105601898
"330",7652.95931028724
"331",8768.41784162376
"332",5531.04426503326
"333",7188.0646351
"334",6826.83243656953
"335",7380.49459404736
"336",9769.68055183772
"337",9817.78764141291
"338",5055.65664234045
"339",4793.42811618314
"340",5782.18288484224
"341",6541.92992072662
"342",8823.27859396621
"343",4058.84349134463
"344",7738.86202612079
"345",6488.45107561151
"346",6392.55337975533
"347",7837.2320596329
"348",7950.66471145995
"349",7572.66728002929
"350",6220.97819656062
"351",5768.98205509988
"352",9901.73450308625
"353",7266.07817922437
"354",7634.88341028249
"355",4531.82697014952
"356",11587.3300356622
"357",7304.95900189163
"358",5919.95196648509
"359",7022.50841084795
"360",6427.93918568004
"361",7147.03046390822
"362",7821.1840678016
"363",7360.11003011192
"364",5556.4076056882
"365",6288.55284333873
"366",7546.23136752066
"367",7442.66517256458
"368",8161.25543010258
"369",4909.31378442572
"370",8359.97629278763
"371",6290.73772679589
"372",6936.77354081899
"373",5577.6423915256
"374",8626.47100396945
"375",8505.71595066033
"376",9241.75719575331
"377",6816.60508744745
"378",5596.44836074378
"379",9648.91627904109
"380",7234.18296511864
"381",9781.72734175573
"382",5536.36286295735
"383",9614.01172330689
"384",6495.95835008672
"385",6477.24870605657
"386",4744.02958210405
"387",6857.92266775589
"388",7793.29348536799
"389",7812.27912838273
"390",6512.60386527114
"391",7250.41444081424
"392",6909.5108176697
"393",6915.05427397257
"394",7698.95685623074
"395",7471.32539223367
"396",8205.78616962855
"397",6088.36526314612
"398",7692.55507903112
"399",6152.54945794892
"400",5922.54702626196
"401",6429.55266599185
"402",5898.24667497277
"403",9642.79776494363
"404",7988.28300631197
"405",6291.93361526324
"406",5728.98771094217
"407",4939.75384201778
"408",6020.69595304328
"409",6399.16569030805
"410",9123.08035589324
"411",8517.28453076051
"412",6283.16890497695
"413",9289.17942962336
"414",6655.4682590029
"415",6827.02333297392
"416",6765.62993674237
"417",9147.97833881681
"418",6794.63442367873
"419",7420.90325255991
"420",5880.07027595804
"421",6392.31023249191
"422",7110.26334715035
"423",6886.84509649308
"424",9071.00471096162
"425",6525.01551009519
"426",7984.63390404254
"427",10446.4053917799
"428",6978.6355811119
"429",5335.51663222145
"430",8472.92027596429
"431",7403.36875153652
"432",5647.81677438158
"433",7757.34353892044
"434",6289.54405658685
"435",7264.8107871022
"436",9503.31619106771
"437",5436.89318787001
"438",7505.27253574768
"439",7909.34061066451
"440",6873.88102368208
"441",6168.68459180889
"442",6725.12114829546
"443",7717.31327680293
"444",6475.38345664912
"445",7899.96574119293
"446",6436.94517457343
"447",5280.90592841447
"448",8185.34895617742
"449",6884.85414325749
"450",7693.84066641473
"451",4969.19369182037
"452",5863.1209282433
"453",6547.63020353621
"454",7196.50265090963
"455",7576.27255257767
"456",6085.95631196811
"457",6050.51734785083
"458",8806.14416087706
"459",5092.1889744032
"460",7454.8355448758
"461",9137.09344354742
"462",6378.25456592486
"463",5325.60372047195
"464",7540.48743060398
"465",7679.4387607224
"466",11124.4760796853
"467",7650.18221323134
"468",5941.36804889504
"469",7515.70235855417
"470",11702.3411665485
"471",7404.1721024306
"472",6475.42219462917
"473",7786.48163778411
"474",6944.36716567217
"475",6578.71232731776
"476",7962.65536176587
"477",7932.17973401185
"478",5134.39665703181
"479",7900.46280398495
"480",7522.87758047013
"481",7249.6229558935
"482",11939.402991189
"483",5796.19159113881
"484",10219.5107249618
"485",6243.98991752431
"486",11036.3391607523
"487",5135.62949653194
"488",5638.12380739061
"489",7458.58074430621
"490",6919.15373672919
"491",6068.39603589899
"492",7093.5199086853
"493",8549.83019141511
"494",6134.4930508153
"495",8304.02867586458
"496",7347.92190038634
"497",6406.17890406772
"498",5988.46481419862
"499",7630.43579948752
"500",7336.36139942845
"501",8459.10043869076
"502",10341.9848184077
"503",6737.19159260725
"504",5890.57123146685
"505",6180.74450673969
"506",7405.27733065634
"507",9916.926052039
"508",8138.5766075074
"509",8016.39731019296
"510",6969.63318599476
"511",4457.27496236248
"512",5810.19698266103
"513",6893.28397246459
"514",9096.51035580164
"515",8720.45360567564
"516",6359.53920148132
"517",6501.27982019556
"518",5586.16070295573
"519",8278.9683115115
"520",8240.38645749514
"521",6705.69487741959
"522",5934.55741290403
"523",6376.48193546051
"524",7345.84938149509
"525",8191.32723577489
"526",7657.56588880317
"527",4654.72383412075
"528",8040.20806401056
"529",5426.46262707705
"530",8846.79191096916
"531",9579.9610079653
"532",5524.11384771804
"533",6520.32949614367
"534",7140.99811016027
"535",5481.61048091355
"536",7763.02861897337
"537",5248.88129020992
"538",8057.42645206261
"539",5840.02959219048
"540",5889.46027901213
"541",8558.62076591253
"542",8162.56816638208
"543",6026.51703625287
"544",7421.73075798822
"545",7700.83596270225
"546",5885.81839757431
"547",6968.50620974963
"548",7590.18692528997
"549",8428.39609161628
"550",6044.84504720709
"551",6752.04230412233
"552",5927.39816761361
"553",6595.27267751834
"554",7349.89366050294
"555",5586.77057676549
"556",6566.19438168767
"557",6670.49505844611
"558",5651.54047892901
"559",4941.91219868693
"560",7615.48686596539
"561",8644.49060563842
"562",6876.63927538119
"563",5150.14939363641
"564",6983.19433274393
"565",5251.96120049488
"566",8839.4142896276
"567",6910.68392984972
"568",9426.1866557967
"569",9478.42866982683
"570",8934.15591079081
"571",6414.1858620943
"572",7450.31979411915
"573",6695.79507365926
"574",6706.82636572132
"575",6081.42899241733
"576",8067.39363494638
"577",7588.63996785172
"578",9450.01609939566
"579",7581.45829546212
"580",5245.7358740009
"581",7580.86843083209
"582",6014.01940000645
"583",7570.95392411786
"584",7491.84725945051
"585",4730.72185427002
"586",8221.08016811901
"587",7407.12499838991
"588",9244.72885788807
"589",6826.65906282759
"590",6935.97747994699
"591",5930.3892555481
"592",6055.38782090827
"593",5962.38970420531
"594",5353.0342469567
"595",4770.27189761414
"596",8423.75702694183
"597",7470.22208389391
"598",7608.07643436657
"599",10017.4594819984
"600",7022.87787314588
"601",8952.83885632279
"602",8352.29825024016
"603",6300.11400149328
"604",6339.95088167743
"605",6248.28971395727
"606",6366.11999179836
"607",8033.70426883131
"608",7828.34637311246
"609",7720.36918553112
"610",7618.56955804552
"611",6856.80548968182
"612",5439.56121220796
"613",9611.91529134344
"614",9556.11732573308
"615",6747.2750537701
"616",5716.43825324844
"617",6165.36839550436
"618",7329.3436580407
"619",8247.94867133721
"620",5661.43567244151
"621",8495.23909643535
"622",7465.9322638621
"623",6199.96709543122
"624",7439.74484785253
"625",9940.34589187547
"626",5771.98323126248
"627",5532.78630173801
"628",12494.0203120538
"629",7936.89604133929
"630",7581.82076290198
"631",8397.52382418992
"632",7552.03176842058
"633",11663.6718696933
"634",8399.44903231952
"635",7675.91627704232
"636",6554.42141936938
"637",5427.10524668278
"638",6788.85267983661
"639",5866.81898875779
"640",5690.8455685425
"641",9541.90366538099
"642",9417.46735912691
"643",6943.5164710397
"644",6514.92896108648
"645",4031.21591979144
"646",5469.32216147047
"647",6509.59698183673
"648",8398.83209438543
"649",8065.4206790205
"650",5154.95026163934
"651",7533.61254491275
"652",6798.33176361183
"653",8252.68915199587
"654",6582.86907536404
"655",8036.09955592927
"656",7821.93394687158
"657",5143.79146412957
"658",8483.45401422164
"659",7363.28541041997
"660",4474.36767522527
"661",5007.93699379431
"662",5734.46068354771
"663",7451.85045631681
"664",6270.28974250161
"665",8007.19673138306
"666",6994.79445792679
"667",5613.24677291962
"668",7199.95602353224
"669",6916.38618265845
"670",5665.40459918113
"671",6861.50309742295
"672",6233.2705973551
"673",5825.53723492584
"674",8061.21855193505
"675",5686.73099978811
"676",5709.73672475203
"677",9346.87953557611
"678",8961.65414122503
"679",9614.26844391923
"680",6438.43211423902
"681",6349.06344919456
"682",7164.87208274267
"683",5995.44842640607
"684",10111.2692320619
"685",8720.09984538234
"686",8566.03644483923
"687",6471.55104644284
"688",7535.90714821647
"689",9846.9166540944
"690",8207.49993579211
"691",6807.87456931703
"692",11237.2102256665
"693",7127.73984920704
"694",7445.4001511678
"695",5661.27969125835
"696",8302.97812498966
"697",6341.24885870461
"698",6791.98125975026
"699",5156.61493118917
"700",5344.98331009983
"701",5711.5806089243
"702",8513.21884830375
"703",6091.37208572883
"704",6969.11392633715
"705",11516.8272015102
"706",7699.8890988749
"707",8712.16732548431
"708",6936.79806579499
"709",7004.66161129919
"710",7688.91993953704
"711",5983.42871719804
"712",9802.95773445101
"713",11704.7918212259
"714",7606.96104856159
"715",7229.39929537073
"716",7166.15867182033
"717",6258.6701840141
"718",8259.97804644675
"719",6924.89710984516
"720",8735.25072049774
"721",6906.87446979464
"722",7071.14891104188
"723",5386.07779571711
"724",5752.95725530715
"725",9073.41978110806
"726",9833.5002384529
"727",5314.40889303453
"728",6954.77071903514
"729",5754.17319908499
"730",11528.5951157836
"731",6747.00972449451
"732",6899.1909308029
"733",4894.52548851932
"734",7823.5543674641
"735",7799.20345708645
"736",5976.71047715038
"737",6939.33353213725
"738",9421.4688138753
"739",9348.23060410881
"740",7966.47832847799
"741",6882.76802580003
"742",5763.864308634
"743",6668.44459838593
"744",5824.36163104826
"745",7776.09080768588
"746",5693.52177122433
"747",7942.91731112891
"748",8705.75274940654
"749",7755.17102125213
"750",5685.36318837762
"751",9535.80645790093
"752",8988.96381123646
"753",5845.04381063684
"754",5960.05857502701
"755",6381.06757451856
"756",6666.12311327303
"757",6568.86676996089
"758",6839.67287657733
"759",6096.48460261587
"760",5352.63018757536
"761",5935.81929535132
"762",7023.83538886253
"763",9354.57511702425
"764",12453.9190461019
"765",5795.38065545244
"766",4994.04502008063
"767",7898.15912563454
"768",7803.95158023472
"769",6949.24542394072
"770",6474.3114957129
"771",5858.40930169969
"772",7375.18968130588
"773",8873.28037413336
"774",8658.09923022623
"775",6698.72921217213
"776",4533.80509106688
"777",7455.67284473693
"778",7586.93805814784
"779",8459.44342263599
"780",4794.73222853368
"781",5644.76617848928
"782",7598.56507249989
"783",5664.79062309476
"784",7116.1563658616
"785",6668.68784046171
"786",6621.42053923867
"787",11966.3798969965
"788",6746.73702618631
"789",4218.55877271829
"790",7155.22142147841
"791",8185.88444738437
"792",7404.1184398122
"793",8364.30297289047
"794",7143.1781404072
"795",4479.85136856011
"796",6241.90441687724
"797",8802.47843913489
"798",5493.62537602676
"799",7348.18592902665
"800",8737.81961201533
"801",7085.34931567479
"802",5472.66267291712
"803",6977.54236444537
"804",4907.01172752889
"805",5146.77254906325
"806",6434.68683778911
"807",6466.8468682773
"808",7327.32771939508
"809",8041.26097513654
"810",9047.36238262877
"811",7840.38213162173
"812",9130.55444680002
"813",8610.230210424
"814",7430.82885422024
"815",7258.47034759317
"816",7024.20100845759
"817",6696.72619100474
"818",6950.01934127204
"819",6523.81078152471
"820",9537.10764245491
"821",6399.58816072275
"822",8931.55780929898
"823",6389.74028139887
"824",5462.1789275633
"825",8241.99314929552
"826",12833.9233024002
"827",7647.30426742111
"828",9452.16940651937
"829",7410.39633069414
"830",6137.11849860803
"831",7436.44319926612
"832",6002.18592691569
"833",7975.8226327365
"834",6271.03474849052
"835",6973.03999198763
"836",6768.48442469707
"837",8025.56744202434
"838",5424.20841284275
"839",6445.31382556376
"840",6167.99970222356
"841",7553.14277137071
"842",6631.84489849483
"843",5930.7827855404
"844",5841.42402753002
"845",7449.3963056801
"846",6027.15947136666
"847",7592.64062089453
"848",5999.5393797592
"849",6288.06379594164
"850",11202.033572424
"851",10204.2415503493
"852",7501.06786262592
"853",7100.09622491165
"854",7042.57142769697
"855",7879.83503886549
"856",6965.10386625562
"857",6542.58165099103
"858",9530.79773561717
"859",8515.55548436855
"860",7531.24827614456
"861",6296.03315447226
"862",8254.49628912122
"863",4658.34659783242
"864",6911.71709877861
"865",5814.98723264362
"866",7013.32166414415
"867",7608.6513830172
"868",6092.61232115134
"869",8726.15503152638
"870",7234.05208254106
"871",8682.45054964026
"872",6327.26879918272
"873",5543.43555152093
"874",5978.48853783836
"875",7195.06181686811
"876",7137.76203903556
"877",6222.25362920412
"878",8352.25264900006
"879",5551.27235449887
"880",9097.50863194091
"881",9254.35957914533
"882",6783.57790527815
"883",6049.65046350984
"884",6596.83831479425
"885",6268.96394895938
"886",6288.79085035771
"887",7869.08095378612
"888",5385.12020611209
"889",7075.65760966315
"890",6929.56971086802
"891",6054.06252784368
"892",5222.15359099341
"893",7310.11341003108
"894",6925.76513647921
"895",7918.31513717703
"896",7156.79789573797
"897",7675.07491906318
"898",4894.73520299771
"899",6444.55167722194
"900",5336.97569274643
"901",8276.69948530636
"902",9140.87502894641
"903",9493.45196385829
"904",7268.16850299846
"905",8349.98867501711
"906",7189.2609481801
"907",7290.73839710685
"908",7594.13544293167
"909",5647.0735428699
"910",7745.72549852051
"911",4787.09565675816
"912",10693.717114515
"913",6286.45346071713
"914",6686.11255051385
"915",7336.16194492242
"916",5732.58476274087
"917",5575.18961995044
"918",6683.02855530596
"919",6538.00583740257
"920",4293.94544300465
"921",7313.20512139509
"922",4836.06854804112
"923",8780.08027084765
"924",7471.26240662766
"925",7728.91246900363
"926",6718.94098284344
"927",8685.29523589039
"928",6115.48735411056
"929",7785.7035831464
"930",6655.34017424395
"931",6902.06059707406
"932",8955.75211936083
"933",6980.42210482476
"934",7178.20624781419
"935",9061.30352767475
"936",7143.92226679285
"937",8325.89310332652
"938",9174.44819727363
"939",3918.35552840001
"940",8017.00222434527
"941",5984.21601945888
"942",5685.49278094581
"943",9096.11614663903
"944",7331.87222015096
"945",8265.53565284353
"946",6167.79769254935
"947",7037.65183930845
"948",7729.58058231772
"949",5951.76757502292
"950",10018.2254536932
"951",5893.51320970695
"952",8789.6007139332
"953",7147.93736902334
"954",6768.56098327337
"955",8783.76737381162
"956",7717.54679199794
"957",10561.0674050008
"958",5425.28751725489
"959",9191.3280601861
"960",10908.1673601229
"961",9819.20095876595
"962",9552.97344060445
"963",8495.6929101692
"964",5878.25695862296
"965",5510.13454760516
"966",7554.12830610077
"967",9220.20080615576
"968",9381.73123025639
"969",5802.94385966867
"970",6027.69541998077
"971",6633.91346566047
"972",5758.14835797487
"973",7914.96552892554
"974",6812.71183325808
"975",7317.85002518958
"976",9864.87577887353
"977",7573.77637856555
"978",7517.11592640015
"979",7969.29131179059
"980",7722.04065544825
"981",5741.0885125626
"982",7704.56360386228
"983",5689.65309145148
"984",9844.05946004723
"985",5670.34620750867
"986",5048.59154758617
"987",9247.49345215134
"988",6994.66027227237
"989",6437.37337053815
"990",9098.10098479413
"991",8993.16336806995
"992",8104.25257770474
"993",7397.29842625548
"994",6102.96676224425
"995",7444.35997019568
"996",8469.27626587905
"997",8291.91878386737
"998",6273.00764465526
"999",8817.52825850156
"1000",6483.37627560244
"1001",5225.97322944761
"1002",6166.8943158298
"1003",8343.33119842826
"1004",7368.85261030807
"1005",8497.22725189264
"1006",7189.23845920369
"1007",8249.46626552454
"1008",5583.72394384712
"1009",8643.55977663591
"1010",5403.58619530596
"1011",7986.95612803445
"1012",6985.13040492552
"1013",6801.31402675098
"1014",6313.13235946176
"1015",7325.69395614248
"1016",7621.50636545382
"1017",8235.58488337176
"1018",6670.08527706672
"1019",6919.81638582384
"1020",8936.9495549243
"1021",5579.36833943074
"1022",8025.56499745975
"1023",6099.40964055624
"1024",6560.72789341644
"1025",6676.13551354323
"1026",7912.92515379341
"1027",5408.53745236417
"1028",10849.8150338174
"1029",5411.96250747821
"1030",6826.50832511875
"1031",7681.03752077357
"1032",8255.45475768924
"1033",7379.59717980243
"1034",5259.17197142533
"1035",6717.9471441726
"1036",6653.38317910902
"1037",4758.64314876272
"1038",6059.17021632324
"1039",4960.11854670474
"1040",7671.49628652622
"1041",6091.13512663458
"1042",7538.28637638665
"1043",6183.78739494936
"1044",5177.34367205296
"1045",6318.56610771625
"1046",6608.17818375072
"1047",7334.8174646018
"1048",5321.78248883442
"1049",5256.42252502597
"1050",5427.56780545604
"1051",7947.03834980451
"1052",7801.17915114107
"1053",6397.37806605334
"1054",7822.08650907748
"1055",6441.56448050886
"1056",6782.10389567873
"1057",5625.62220502372
"1058",7989.16009697191
"1059",8746.27766774983
"1060",8626.99492352795
"1061",7955.39992211139
"1062",5770.00145859599
"1063",5965.56263457793
"1064",7809.52318181075
"1065",6992.71548810463
"1066",5717.37590285181
"1067",7122.63579390949
"1068",8585.26708822525
"1069",9606.1659089196
"1070",5780.49423447104
"1071",7815.48094016599
"1072",5765.06425204312
"1073",8494.18177491127
"1074",7311.35390126864
"1075",7175.37086152372
"1076",4563.7202774208
"1077",4544.49293343781
"1078",5626.21013482631
"1079",7530.29964784329
"1080",6793.73361004257
"1081",8117.80056963246
"1082",6144.81949261266
"1083",9130.38780678624
"1084",6611.29430237507
"1085",9206.25147502112
"1086",7921.11280556844
"1087",7186.89975162625
"1088",9550.24952899703
"1089",5097.35576438657
"1090",8339.8388673776
"1091",9957.51658761167
"1092",5793.42685342797
"1093",6304.69728827658
"1094",7253.36660845976
"1095",4991.0679951796
"1096",11147.5494780932
"1097",4979.42543845736
"1098",7439.08504907126
"1099",4119.98534411739
"1100",8110.69668315623
"1101",10000.5818609668
"1102",5320.82263305627
"1103",6133.85281019727
"1104",8760.38646310477
"1105",6811.33474968484
"1106",8480.0654329992
"1107",8163.90081464143
"1108",7368.91424024459
"1109",5974.30638802422
"1110",6535.26616696653
"1111",5794.3838876027
"1112",4819.46108765185
"1113",8624.92973765935
"1114",8661.21695048578
"1115",6721.44943448713
"1116",6796.86265973746
"1117",7949.78143269275
"1118",7479.32757744011
"1119",6179.61063652248
"1120",7654.97580304634
"1121",6949.48798004889
"1122",6644.28753794174
"1123",8404.60405969678
"1124",9625.9392562492
"1125",6468.42269483239
"1126",7052.93190389067
"1127",9084.06220636465
"1128",10031.1301068788
"1129",8461.60038406716
"1130",5906.83797165772
"1131",5215.47953113484
"1132",6911.44711425154
"1133",6636.08292122101
"1134",7402.47638536907
"1135",6434.15418347478
"1136",6868.51806927825
"1137",7279.78454374687
"1138",6398.41394179721
"1139",10377.2221685859
"1140",6436.85432845431
"1141",9059.14487472999
"1142",7133.14401617612
"1143",8924.86198943755
"1144",6618.50713234867
"1145",5638.07948375484
"1146",7890.61070144218
"1147",8921.66150315884
"1148",6393.62716870462
"1149",8480.90225591203
"1150",7076.07559131304
"1151",8502.10310497652
"1152",6767.55487485248
"1153",10923.749240008
"1154",7495.95666992704
"1155",5380.32444856055
"1156",4469.97784167924
"1157",8727.49068701751
"1158",9008.99876250051
"1159",4764.58274903667
"1160",5747.03852098791
"1161",6710.36391437959
"1162",7517.35746228989
"1163",6642.17683905625
"1164",7739.12029049608
"1165",5785.25748897159
"1166",5902.66518379777
"1167",7949.87495097087
"1168",5998.9791494723
"1169",6270.27782521439
"1170",10431.551961513
"1171",7829.55964654879
"1172",7356.51397073845
"1173",7844.87818267736
"1174",10493.0357700043
"1175",7587.11154300693
"1176",8995.71538637212
"1177",8426.30645321691
"1178",6093.6298851716
"1179",6200.85462183095
"1180",7222.08676619876
"1181",5062.59892443196
"1182",7124.83429929382
"1183",4438.35329039187
"1184",8887.71906337605
"1185",7855.07744230754
"1186",6056.61887897123
"1187",6737.59843331638
"1188",5722.17013602765
"1189",5209.62804570164
"1190",7346.55194721091
"1191",8722.15665511551
"1192",6054.70071306588
"1193",8189.11867527218
"1194",4575.55966492331
"1195",5679.89780416936
"1196",6305.67396857056
"1197",6607.89342582835
"1198",7959.90467017866
"1199",7916.76200045663
"1200",6050.94148796862
"1201",6427.63735097998
"1202",6499.16965915653
"1203",5986.56146872593
"1204",8572.31305379935
"1205",7625.8070446844
"1206",7997.83499659069
"1207",7413.21417571459
"1208",6878.7538367693
"1209",9594.23399449525
"1210",5914.50625183454
"1211",7680.58327370562
"1212",5560.91036387502
"1213",7794.4883971207
"1214",5976.71210426459
"1215",8477.36863634429
"1216",8554.32727239044
"1217",5618.28065784793
"1218",8079.76765135138
"1219",7558.22603854844
"1220",5290.81483258129
"1221",8891.65272166975
"1222",7405.50922503799
"1223",8518.13484858619
"1224",6350.90225811583
"1225",6659.08325514153
"1226",11923.5541109877
"1227",7822.67875410816
"1228",6486.23879162738
"1229",9710.91828525443
"1230",9136.67861519136
"1231",7613.94832504478
"1232",7855.9696458549
"1233",5513.05389386866
"1234",8303.48806049709
"1235",6494.79768601951
"1236",8109.19554763197
"1237",8732.97126573165
"1238",6725.69985274975
"1239",5853.91482982835
"1240",8935.09561466533
"1241",6158.31996248918
"1242",5297.99981491895
"1243",9129.39976996415
"1244",7699.01123405928
"1245",8357.60879949171
"1246",5041.23084534859
"1247",6699.11365760948
"1248",8723.09298845309
"1249",8561.7276152557
"1250",5999.00350471366
"1251",8523.47966513498
"1252",6639.31082753051
"1253",8845.57478009936
"1254",6919.34858335686
"1255",6663.76248714072
"1256",7329.25867788448
"1257",4480.45630623392
"1258",6198.10283432462
"1259",6101.21515390293
"1260",6639.05803323345
"1261",6073.64626382086
"1262",8289.51789493231
"1263",8097.68173752505
"1264",8532.36102573277
"1265",6071.6360298823
"1266",11557.0520619736
"1267",7644.80341138946
"1268",7611.90442339119
"1269",5803.76625209266
"1270",5505.55821900627
"1271",7314.13474204456
"1272",4600.48897798221
"1273",7794.9568734323
"1274",7764.18429135679
"1275",7129.62097946266
"1276",6210.05759779329
"1277",5786.45998243913
"1278",8024.22947914212
"1279",7452.77036181084
"1280",8976.8109068324
"1281",8512.18335650649
"1282",8317.83041803943
"1283",6402.88536149098
"1284",7372.91092029194
"1285",8999.71205711415
"1286",6073.25658856133
"1287",7895.76169452432
"1288",7846.65748785674
"1289",6724.30030090971
"1290",6738.75484191476
"1291",5751.43035689318
"1292",6220.38837205546
"1293",7023.97953339842
"1294",7457.90126802461
"1295",6070.55363894798
"1296",6613.05857635816
"1297",10280.6835546863
"1298",8863.80717787834
"1299",6216.38776491747
"1300",5176.87158043015
"1301",5375.84535338869
"1302",10085.867849502
"1303",7217.79627195948
"1304",6998.08007437002
"1305",7288.72822433653
"1306",8488.33407456891
"1307",6739.076326011
"1308",8589.96851454389
"1309",6905.94951902816
"1310",7651.06817235074
"1311",9493.09563946689
"1312",5104.49005143373
"1313",5434.28645531553
"1314",9801.11057256505
"1315",9117.68986851695
"1316",5863.83583655078
"1317",7720.72565767168
"1318",8220.57223705796
"1319",7217.26296425743
"1320",8120.79146330505
"1321",5303.9375773953
"1322",6485.79471513638
"1323",7294.86716066074
"1324",6530.91445125427
"1325",5684.41343578918
"1326",10818.9773794182
"1327",6731.60348165034
"1328",6622.6794360197
"1329",6625.04077016593
"1330",6788.55685043242
"1331",6971.13384062769
"1332",8514.67160472914
"1333",7948.58685686835
"1334",6408.84862291509
"1335",10085.8729508921
"1336",7690.01713185732
"1337",5916.46366418997
"1338",9968.7224013538
"1339",6358.42437091048
"1340",6877.06024592757
"1341",4991.66379194394
"1342",7609.18627903599
"1343",5214.71059514173
"1344",6937.05434084576
"1345",9904.94075033756
"1346",8413.57080115597
"1347",6834.22951580463
"1348",7884.41391201587
"1349",6121.55232411791
"1350",6658.38530758423
"1351",7830.16171991529
"1352",7156.43162709435
"1353",5856.90583300364
"1354",6571.48341450962
"1355",7755.94615111585
"1356",7193.67995808708
"1357",9382.60454973695
"1358",7417.71060303962
"1359",7599.34848150487
"1360",9762.00957776115
"1361",6311.81696632396
"1362",6451.73866508178
"1363",5495.54131007503
"1364",6807.09970268614
"1365",7727.13165272208
"1366",7953.89348995641
"1367",5593.20972451459
"1368",7225.64306024301
"1369",6646.1949844784
"1370",5166.12238282535
"1371",5570.73467223894
"1372",12194.5400730224
"1373",8047.18713121118
"1374",5736.94355329663
"1375",8052.15523869117
"1376",7849.44632256753
"1377",6972.27696646403
"1378",6772.96187202572
"1379",6386.1326726224
"1380",6194.97603467121
"1381",5598.2803752881
"1382",4889.25941559914
"1383",6787.61845240699
"1384",7090.38571504782
"1385",5035.38121448979
"1386",6724.98893187575
"1387",5294.18446764644
"1388",8556.82176347243
"1389",7236.35965730444
"1390",8412.13892547816
"1391",10517.9731968926
"1392",8955.8386840983
"1393",5788.18855905705
"1394",9814.74043096721
"1395",6632.81849879048
"1396",7024.58869123439
"1397",7848.81098895188
"1398",4684.23338427135
"1399",7813.10507806649
"1400",9231.21686480599
"1401",11963.1373777947
"1402",8077.3810663701
"1403",6528.8120298158
"1404",7027.32554714102
"1405",6638.85258444631
"1406",6728.05842731043
"1407",6858.09822390546
"1408",8026.81962948871
"1409",7293.10500975766
"1410",5633.52153205836
"1411",5716.69984284999
"1412",7082.76053130779
"1413",10894.5297764269
"1414",8325.35352462342
"1415",8997.19696864949
"1416",8782.43706355145
"1417",6663.39759086367
"1418",4551.11659030009
"1419",6652.30412899373
"1420",8375.94264463869
"1421",6961.26030341884
"1422",6654.74078618231
"1423",5584.66408596766
"1424",9737.62904553962
"1425",7424.29289825678
"1426",6020.4278741864
"1427",8244.65630368638
"1428",5261.74843192419
"1429",5781.94099608592
"1430",5475.96589494027
"1431",6189.30868708772
"1432",6135.82229833182
"1433",6159.88361232237
"1434",8046.10392415017
"1435",7898.21745222335
"1436",6533.2098930364
"1437",6495.54083798578
"1438",10325.9813595778
"1439",7840.4647612096
"1440",9391.17349796138
"1441",7078.875537446
"1442",5161.64348157176
"1443",5316.38677020187
"1444",6136.2713801253
"1445",7625.23125340515
"1446",6975.15469004196
"1447",6597.46652592765
"1448",6844.07856974007
"1449",6851.78267349723
"1450",8592.76905808157
"1451",6194.66703638027
"1452",8189.26933180683
"1453",8225.99240802649
"1454",7433.03680620149
"1455",9450.26469675045
"1456",6876.09724498415
"1457",9775.15048695849
"1458",10041.188507661
"1459",8854.78367136612
"1460",8581.53258452389
"1461",6743.67982935687
"1462",9023.82567234262
"1463",9099.21377992307
"1464",6794.40211469605
"1465",6186.90573926116
"1466",6171.46879286619
"1467",6633.78203753606
"1468",6286.78398569013
"1469",6904.13173848691
"1470",9158.19031971175
"1471",6829.04627944094
"1472",7249.4254443251
"1473",7929.05645790975
"1474",6733.39989936612
"1475",7533.75529420029
"1476",8433.29670402916
"1477",6898.3965145534
"1478",6476.62175157651
"1479",7270.19754630801
"1480",5828.76104082187
"1481",5957.30742828128
"1482",6430.35623028879
"1483",5955.82057528932
"1484",5688.53500949405
"1485",5995.03956404195
"1486",7519.83628603335
"1487",6833.99962492008
"1488",7582.90557089363
"1489",5751.83667003676
"1490",7276.78740269431
"1491",10173.8131148765
"1492",6989.59100912601
"1493",7114.23610770563
"1494",5822.26334150867
"1495",5372.84354953028
"1496",5432.0664506412
"1497",8431.80115498109
"1498",6593.06518487037
"1499",8526.22567368838
"1500",6439.42041847895
"1501",8166.40856535367
"1502",5413.62696587945
"1503",7890.35219501587
"1504",8650.05184399215
"1505",6087.4077094257
"1506",7756.11893036122
"1507",6626.45009937238
"1508",7299.69033276624
"1509",7754.33535863821
"1510",8420.05992034746
"1511",7246.38113246093
"1512",6083.96002854757
"1513",6263.20130157324
"1514",4819.81836726717
"1515",8473.02021493609
"1516",5313.54919740917
"1517",5254.72166728043
"1518",8699.7017303094
"1519",8826.95028257193
"1520",7253.68068436893
"1521",6876.72021548503
"1522",6830.55321211101
"1523",8784.09482029763
"1524",5731.72854791595
"1525",9033.86413136803
"1526",5861.20431217755
"1527",7677.48330181345
"1528",5307.33107776219
"1529",10635.3292069856
"1530",7083.31614364067
"1531",7504.32066395293
"1532",7615.68972559674
"1533",7421.38639285836
"1534",8187.11150820515
"1535",8790.0527490816
"1536",6503.00381632784
"1537",8941.71125862774
"1538",5185.24677780267
"1539",8001.45218338223
"1540",7369.66807666021
"1541",7910.64106333574
"1542",7572.61225035533
"1543",7857.93742364778
"1544",7473.15019699448
"1545",6060.92532995963
"1546",7219.32828361728
"1547",5259.36650679542
"1548",6052.58687446139
"1549",7015.05798788943
"1550",6293.58404761501
"1551",7043.15216283686
"1552",8371.10669325699
"1553",4732.24261704278
"1554",6391.65442560932
"1555",9924.28602145741
"1556",7456.38221142323
"1557",9890.36862420123
"1558",6803.89049177666
"1559",10458.9980638284
"1560",10454.1568430424
"1561",7107.49065238494
"1562",9454.63494261299
"1563",6857.62241363778
"1564",6262.73335744583
"1565",7333.5498644688
"1566",7100.4843156634
"1567",9116.84714799454
"1568",9627.0681895788
"1569",6772.46053114966
"1570",8103.83131107279
"1571",6634.04276326723
"1572",5129.50471612514
"1573",5609.95557115976
"1574",9171.76986795915
"1575",9445.4532246663
"1576",7597.93229026703
"1577",9109.14936314425
"1578",9605.00198777969
"1579",5436.3242716
"1580",5090.37701358937
"1581",5585.44001199358
"1582",7257.00522774494
"1583",7878.00623149095
"1584",6804.11125879909
"1585",7687.34539589248
"1586",8440.00656470122
"1587",6999.35560172835
"1588",5731.06214569113
"1589",6026.44659260033
"1590",7874.74888151925
"1591",10383.684898207
"1592",5728.90443587478
"1593",8207.41312992174
"1594",6548.85572008395
"1595",6548.08194148324
"1596",5644.35851893929
"1597",9556.3682753857
"1598",8355.3383594077
"1599",8373.64914784226
"1600",6403.87017055392
"1601",5391.43632994934
"1602",7019.79339070607
"1603",5965.18169156442
"1604",5714.90874392138
"1605",7761.41442982267
"1606",5951.95479476189
"1607",6827.42976980666
"1608",7257.92411622411
"1609",9567.62138917838
"1610",7120.08803865694
"1611",7332.53912799571
"1612",5679.61375419309
"1613",8385.38205888844
"1614",8101.22486446718
"1615",8137.45020660761
"1616",5203.47891767444
"1617",7285.1544980782
"1618",6805.52787892286
"1619",7361.30827028905
"1620",5906.97369476337
"1621",6806.73653189465
"1622",6869.62162933634
"1623",7746.58779214649
"1624",6354.43351858169
"1625",5708.32255335108
"1626",6073.04685200123
"1627",7197.76963611977
"1628",7174.24338764588
"1629",6402.03334204434
"1630",5758.41741036665
"1631",6345.85547001332
"1632",7946.81151706541
"1633",6467.90252239986
"1634",10194.0706629219
"1635",6846.60296338068
"1636",5029.27625102715
"1637",7602.88037124432
"1638",5976.55301736237
"1639",5884.8855973651
"1640",6817.88313721332
"1641",7480.38511107411
"1642",5751.69149521747
"1643",6362.19758621352
"1644",7255.14779209511
"1645",8664.76706683941
"1646",7070.49450760833
"1647",5599.51500876556
"1648",6331.88438132399
"1649",8493.88480891413
"1650",9973.90791216209
"1651",8039.34566822366
"1652",6446.80417457804
"1653",6720.90848388977
"1654",10651.9133225611
"1655",7184.11032295456
"1656",6244.07470058843
"1657",7553.47068388041
"1658",9408.24489765275
"1659",7327.46734506353
"1660",9484.81307476776
"1661",6182.89557306725
"1662",7561.86660915561
"1663",7418.68656065569
"1664",6577.34830997825
"1665",5045.87674734224
"1666",7474.32332191731
"1667",7392.84403469742
"1668",10139.012523102
"1669",6140.03035749287
"1670",6440.60390448892
"1671",5751.4179305487
"1672",7311.93925672638
"1673",6957.05452118501
"1674",7208.37989928546
"1675",5984.14002386629
"1676",9614.69032554655
"1677",7400.19802560414
"1678",7258.4757406042
"1679",8883.06595735577
"1680",9185.37766499876
"1681",7580.3621380283
"1682",8504.46900672406
"1683",7037.54073430276
"1684",9090.06859277415
"1685",8394.85927808581
"1686",9355.74073705389
"1687",6142.94018139547
"1688",6982.84248297797
"1689",7056.5680852243
"1690",9301.98274040113
"1691",7481.08908349548
"1692",7537.13378565252
"1693",6721.51211306811
"1694",6107.40537059861
"1695",5646.36913238565
"1696",5300.5696441672
"1697",8188.84802632258
"1698",4437.68195115227
"1699",5718.32157000939
"1700",6344.53415813315
"1701",6637.29899721229
"1702",9156.61521797848
"1703",6814.01830852748
"1704",7188.39937604989
"1705",6225.34250686114
"1706",6194.20475289336
"1707",9144.62536868205
"1708",4530.12235639513
"1709",7422.5082818213
"1710",4653.89608688231
"1711",9859.38760490129
"1712",5448.71376678225
"1713",7284.25727897183
"1714",6468.84718409088
"1715",7019.24259291011
"1716",5958.58844163571
"1717",7642.96784126908
"1718",8369.85084210242
"1719",10590.0945278989
"1720",5556.86593589226
"1721",5480.15337709048
"1722",7150.79538486124
"1723",7399.51095165112
"1724",10408.4165115262
"1725",6867.90786058817
"1726",6563.83094156308
"1727",5836.90533458332
"1728",8086.11330378701
"1729",5947.17952339885
"1730",6016.70776517012
"1731",8439.53868852228
"1732",5455.85373371679
"1733",6344.03573544391
"1734",8060.17627291966
"1735",8000.87106079169
"1736",5209.53460141615
"1737",8311.04995001784
"1738",6782.47902368418
"1739",6413.52976118998
"1740",7535.7810317105
"1741",8459.87793747355
"1742",8252.75082299625
"1743",7107.81997723367
"1744",7595.58093609817
"1745",6385.27601982332
"1746",6952.34420553091
"1747",6712.5450041164
"1748",7949.54968648254
"1749",6669.52871679497
"1750",6692.25216542765
"1751",5478.08024058613
"1752",5147.24008808899
"1753",7952.17771681596
"1754",5382.27814046304
"1755",5900.2718571784
"1756",8983.52892624926
"1757",7262.42418815262
"1758",5727.18187257215
"1759",6869.13767545902
"1760",8992.23602282479
"1761",6728.32509495965
"1762",7797.58478364283
"1763",6731.48607381572
"1764",7404.71352707519
"1765",7248.73560923272
"1766",7652.24877952755
"1767",5936.84976210675
"1768",7514.12293154404
"1769",6670.97163173599
"1770",6606.42037755814
"1771",9599.54211251906
"1772",6249.00931866478
"1773",6059.8993700391
"1774",8175.32613893337
"1775",5382.8649371629
"1776",8423.17561218939
"1777",6163.94940214136
"1778",8586.78459197222
"1779",6713.45318101515
"1780",5863.25471831631
"1781",6712.64057234935
"1782",5314.09960791936
"1783",5406.01329501354
"1784",6069.4800768293
"1785",7274.14708068123
"1786",9618.63457677797
"1787",8596.06303127305
"1788",7952.359670476
"1789",9620.21125536506
"1790",5408.9749700076
"1791",6086.65726562765
"1792",7695.38422863983
"1793",8703.67005480296
"1794",6780.46734560747
"1795",8235.6006719948
"1796",7081.11839804621
"1797",6956.52948872561
"1798",6815.70938853631
"1799",4577.54545238032
"1800",6965.66055441245
"1801",4978.29250157203
"1802",6158.72554314149
"1803",6504.27425178632
"1804",7170.54944734677
"1805",6350.54767565767
"1806",8373.55084335036
"1807",6625.16284353636
"1808",7538.65703282959
"1809",6157.9268913665
"1810",6316.99046009176
"1811",7168.95115019918
"1812",5385.79670041824
"1813",4557.07396873665
"1814",6105.70916170122
"1815",5962.02032674481
"1816",7738.66230326693
"1817",6332.58935061227
"1818",7661.03073833427
"1819",5331.105718923
"1820",5171.3835312624
"1821",8458.45582210778
"1822",5463.09198576373
"1823",8108.46822923014
"1824",5877.86804394245
"1825",7884.46343257386
"1826",6299.93482554211
"1827",9736.69889292787
"1828",7190.96561587787
"1829",9021.97597093014
"1830",7184.98006274835
"1831",5876.09855874436
"1832",4580.4261034652
"1833",7549.76682798275
"1834",6151.63098113475
"1835",7380.35145905788
"1836",9329.2264956399
"1837",6898.71808994401
"1838",9583.84543797337
"1839",7905.3385901451
"1840",5652.94125261597
"1841",7785.57173324484
"1842",7111.98615562253
"1843",5668.30422041586
"1844",6036.91464544921
"1845",6436.90373643385
"1846",8003.37510078943
"1847",5371.64155620167
"1848",7026.19801383609
"1849",7019.44082069971
"1850",5182.25041295431
"1851",6641.91853318262
"1852",8366.03094119151
"1853",4813.93426421563
"1854",6702.19515703914
"1855",7094.95343952681
"1856",6655.7227267832
"1857",5727.63004683611
"1858",5848.28084023007
"1859",4638.44647707069
"1860",6564.48171656564
"1861",6963.60268610946
"1862",7822.97189035085
"1863",8058.61234264723
"1864",7844.22377494784
"1865",7832.280195319
"1866",8080.73930389567
"1867",8858.42963357747
"1868",5877.93399274866
"1869",6496.12693609728
"1870",5802.90302216828
"1871",7438.31591767547
"1872",6773.73594593345
"1873",8608.18727063308
"1874",7087.65737282463
"1875",6103.36032926551
"1876",5625.09346301976
"1877",8265.4890888441
"1878",7403.42888714845
"1879",6062.9144805558
"1880",8372.68696027504
"1881",6807.67907533402
"1882",8641.03868605409
"1883",9883.21079480249
"1884",6600.19316316698
"1885",3915.15856157457
"1886",5999.34309175501
"1887",7024.32920939332
"1888",6205.6405659776
"1889",6734.554078847
"1890",7345.22548528329
"1891",4257.60791236289
"1892",7865.67589222483
"1893",9800.14922455474
"1894",6645.93431731206
"1895",5961.95085200839
"1896",5759.71982905167
"1897",7508.3786911745
"1898",5718.00013039604
"1899",8715.88931490918
"1900",6258.39196410519
"1901",8656.77507466713
"1902",7264.7147372282
"1903",4322.05698050393
"1904",4261.58988527832
"1905",8668.8136737965
"1906",7922.69349864565
"1907",8621.20721005062
"1908",7654.76366734158
"1909",7111.47262663013
"1910",6906.35083863794
"1911",6286.8266197983
"1912",8356.23109296002
"1913",6317.5351700156
"1914",8656.33880247127
"1915",7161.36567115681
"1916",6224.89345120777
"1917",5483.57750132077
"1918",7912.0357333481
"1919",8489.45571053419
"1920",7391.27843016693
"1921",8096.92132789572
"1922",7592.60665753814
"1923",7305.26246709841
"1924",9115.9679214772
"1925",9116.58086477974
"1926",7071.88353403409
"1927",7721.57098944916
"1928",6778.6368354685
"1929",7181.57338151121
"1930",7755.38000604028
"1931",4407.09115636943
"1932",6733.64424502238
"1933",6703.62732326865
"1934",6980.34675291356
"1935",5062.60149210982
"1936",5474.05101159732
"1937",6748.80404474096
"1938",8895.44511082166
"1939",7067.40633863967
"1940",5582.75210259112
"1941",5809.7838072151
"1942",6150.34727275721
"1943",4779.37908905485
"1944",5771.67570958508
"1945",7671.3000611795
"1946",6362.84847958439
"1947",6463.18736889246
"1948",6067.65168253918
"1949",7536.39251755267
"1950",6202.45032750446
"1951",8164.16025579789
"1952",6464.3691165519
"1953",8565.20760509923
"1954",5235.89049080451
"1955",5047.56222660759
"1956",5788.37566502017
"1957",7827.58149029302
"1958",7733.64491258387
"1959",6705.30340247215
"1960",5636.39282604938
"1961",7898.61991950624
"1962",7835.01147116365
"1963",6447.87824373588
"1964",5961.03782107196
"1965",6921.69495346828
"1966",6882.10786099903
"1967",7259.61515985858
"1968",9155.21995748252
"1969",5607.83588922449
"1970",7890.04626727725
"1971",6908.19156962611
"1972",7706.6809279465
"1973",5654.09215454316
"1974",5438.47539471288
"1975",7009.19967735323
"1976",8796.52817617878
"1977",5953.62678603503
"1978",10030.120878055
"1979",6616.99674302416
"1980",7665.32780831848
"1981",7544.91783140113
"1982",9105.55284410315
"1983",7155.3093503186
"1984",5749.53563749192
"1985",6086.36098924081
"1986",5505.9139285919
"1987",6055.4181188399
"1988",7402.64316114837
"1989",6551.75164013976
"1990",6370.7590167026
"1991",8357.74028135456
"1992",9089.91903206862
"1993",7302.36936787542
"1994",6951.69063074521
"1995",6031.75056286578
"1996",9685.07990893463
"1997",7745.42449421106
"1998",9565.16813324261
"1999",7246.59611957878
"2000",6504.45276461432
"2001",5043.98392570629
"2002",7302.98544595138
"2003",7668.11106058368
"2004",8622.01675393928
"2005",6153.52663827714
"2006",7219.10257000647
"2007",8588.26324259455
"2008",6976.81120535517
"2009",8799.86204640332
"2010",8461.96593662738
"2011",7262.45683056456
"2012",6165.51675190554
"2013",7438.06185305859
"2014",6416.20964497524
"2015",7142.4324473723
"2016",6053.12979080177
"2017",5309.9089221354
"2018",5412.06591555493
"2019",5545.88649013132
"2020",7960.44075641284
"2021",7680.94684586107
"2022",6128.30090114147
"2023",7645.0345790263
"2024",7297.76779055484
"2025",5833.7039394447
"2026",6258.35925404185
"2027",5716.50403461277
"2028",6941.06108597581
"2029",7645.55839072271
"2030",7118.59785924608
"2031",7249.38767413964
"2032",8976.58427757983
"2033",8070.17983981295
"2034",8090.11418548233
"2035",7729.12525801087
"2036",7731.8948103553
"2037",4142.05709324345
"2038",6120.06506779651
"2039",6177.83765726704
"2040",7279.29002602536
"2041",7401.45370225379
"2042",7587.51748743317
"2043",5416.47733549692
"2044",8008.79180900568
"2045",7812.75310328632
"2046",5768.98974206384
"2047",6419.58157349992
"2048",7730.6913298118
"2049",6329.25266788201
"2050",6581.81796924501
"2051",5197.89279926631
"2052",8593.76384067955
"2053",5539.58165625547
"2054",10657.5893139529
"2055",8048.03116820578
"2056",6031.10487562352
"2057",6584.15289473451
"2058",9851.44033757734
"2059",7985.96427310534
"2060",7274.22152188161
"2061",7629.14138721568
"2062",7542.04098372355
"2063",6973.17944545519
"2064",7374.98663384704
"2065",4481.43977653125
"2066",8209.56067490726
"2067",7202.11554946543
"2068",9435.12658439674
"2069",7556.08852523804
"2070",7515.07254372345
"2071",6878.38373324803
"2072",9821.60639869221
"2073",9294.58446031155
"2074",8299.50460153827
"2075",6421.89524741237
"2076",5961.27953916813
"2077",6633.41358528242
"2078",7067.88463700268
"2079",7134.95893743564
"2080",8483.87462014909
"2081",6447.52882003812
"2082",5303.72719398478
"2083",5728.80031088546
"2084",7246.37707471538
"2085",6214.27012377874
"2086",6352.23747955688
"2087",5225.50139229656
"2088",6798.81068031883
"2089",3911.71540546235
"2090",7423.63224476366
"2091",6833.64904284335
"2092",8495.58961449604
"2093",6191.61777422788
"2094",6640.91129688087
"2095",6455.42516046609
"2096",5522.97713020838
"2097",7249.63390986056
"2098",7284.09476255535
"2099",6503.7429028649
"2100",9986.1930264123
"2101",7090.89786975991
"2102",7749.24976468201
"2103",7582.78529783042
"2104",8976.84998723107
"2105",8100.50179618306
"2106",7244.34581037365
"2107",5881.40818272272
"2108",4377.53448311294
"2109",7004.2367714444
"2110",6365.91061238063
"2111",9085.5620515754
"2112",5617.35667537133
"2113",7384.92474582666
"2114",8080.08180423547
"2115",8951.9679490248
"2116",5368.71659241098
"2117",6871.24610069225
"2118",7310.77105890801
"2119",6760.84121919633
"2120",8234.83619754194
"2121",9096.17328216186
"2122",7044.21538889997
"2123",7632.39478041024
"2124",6867.78073197988
"2125",13424.1109707206
"2126",8855.73144054576
"2127",5545.38437229689
"2128",6289.16516265213
"2129",6848.86224484361
"2130",5860.96428007162
"2131",8280.66683956248
"2132",7714.63623655522
"2133",6871.04404255173
"2134",8353.41260583805
"2135",6867.14694636495
"2136",9965.96284438201
"2137",7295.77482521544
"2138",6465.16421253141
"2139",7863.92225962961
"2140",6946.14355418435
"2141",7522.34832051884
"2142",8069.436754364
"2143",6925.4085469391
"2144",8868.62542825485
"2145",5805.15836173883
"2146",6258.11147922977
"2147",7362.00500228385
"2148",5186.91434871933
"2149",5689.58877541855
"2150",5547.89400696739
"2151",5718.03236884339
"2152",6406.11332967438
"2153",6486.8319168127
"2154",7290.16247776609
"2155",7661.10851387251
"2156",6702.4864540549
"2157",6887.04469818406
"2158",6055.33566264499
"2159",6418.03460126683
"2160",7086.21470966042
"2161",8230.70457445913
"2162",6581.95716541523
"2163",5025.47216344022
"2164",5670.07026920892
"2165",7552.73051126915
"2166",4840.55335845219
"2167",5774.0964758625
"2168",6665.86998641438
"2169",7034.47229176972
"2170",8095.14483682155
"2171",5759.27577956803
"2172",4816.50341776226
"2173",7189.66312211628
"2174",6844.74514621659
"2175",6153.90459425009
"2176",8908.63134283393
"2177",8318.33928067576
"2178",6407.27353942152
"2179",6499.79737874355
"2180",9608.54590157507
"2181",5891.5809623461
"2182",5821.02967995366
"2183",8087.43319022609
"2184",6187.11306489694
"2185",6571.33064511352
"2186",5750.14169418947
"2187",8323.23453506862
"2188",4872.91266815406
"2189",5168.74302533923
"2190",8363.89587456593
"2191",6143.67196410589
"2192",7681.33259106552
"2193",7972.26442708655
"2194",8133.42349443627
"2195",6845.9124441649
"2196",10268.2969836907
"2197",5903.81702185352
"2198",6106.34950063487
"2199",7387.66837358139
"2200",6553.42574374577
"2201",6820.8809162361
"2202",5859.89943595279
"2203",7704.64127247054
"2204",5311.22551667182
"2205",8977.54710499755
"2206",4036.99977461949
"2207",5864.79618995534
"2208",8333.10079753819
"2209",9563.11926209994
"2210",10606.8368990202
"2211",7054.26006346681
"2212",6130.22541927716
"2213",6583.17224672162
"2214",9917.25334895006
"2215",9527.71533048829
"2216",5373.48158854174
"2217",6272.54379207717
"2218",7268.57044473677
"2219",5061.19475039661
"2220",6674.60461570594
"2221",6302.03710165218
"2222",6807.84789846418
"2223",6411.02685054353
"2224",7957.63749363743
"2225",8570.44851171341
"2226",11019.8953535768
"2227",5275.95367837243
"2228",8491.36757028738
"2229",6604.92114672519
"2230",7655.4118773213
"2231",6860.94064967199
"2232",6304.25726142389
"2233",8999.33329721979
"2234",9837.09831840303
"2235",6463.90168646101
"2236",7491.32157629864
"2237",6396.02458796459
"2238",8426.21213407579
"2239",6882.19320383758
"2240",6360.50678494128
"2241",6203.10652540137
"2242",5651.99420956443
"2243",9174.52148401305
"2244",4963.82906751287
"2245",9709.08360647449
"2246",7407.33414706874
"2247",7133.28617349344
"2248",7312.74346131475
"2249",8679.90729300793
"2250",4901.09353781258
"2251",8149.70019085131
"2252",8472.80988044908
"2253",6347.53867579729
"2254",7976.17153037375
"2255",5989.37432668188
"2256",7160.61022089685
"2257",7172.61959584224
"2258",6412.31181029728
"2259",8164.69936995349
"2260",6487.06445187532
"2261",6707.24849661305
"2262",8120.31386092003
"2263",5874.49530608114
"2264",5329.47575450052
"2265",5583.88793004425
"2266",6804.6597244067
"2267",8761.99476346222
"2268",7056.71082948496
"2269",5243.11782153494
"2270",8614.38143018866
"2271",7074.33314713081
"2272",5368.3955797415
"2273",5680.24075917127
"2274",6727.22277674467
"2275",5038.29271006902
"2276",6011.22600683129
"2277",6595.77766832878
"2278",7585.66451860058
"2279",4635.89662496751
"2280",5711.17343849095
"2281",6225.8103131459
"2282",8950.57448903052
"2283",6745.45979171569
"2284",7901.61055066111
"2285",8518.37551424269
"2286",9245.17303479276
"2287",8830.68467266926
"2288",8434.30887365927
"2289",8114.13754745826
"2290",4786.88673724619
"2291",6278.99010171628
"2292",7317.64354063344
"2293",6999.68375571621
"2294",7683.24790909357
"2295",5738.03867262959
"2296",6157.13244306851
"2297",8917.63871094856
"2298",8190.751332757
"2299",6555.33928534641
"2300",7649.59308968542
"2301",6816.76354775617
"2302",8066.37549389249
"2303",3823.24721085053
"2304",10997.178874781
"2305",6569.19922444139
"2306",9639.94371755744
"2307",5346.67802398233
"2308",6305.3038776482
"2309",7419.89313480357
"2310",5469.23044862087
"2311",7282.36539787317
"2312",5714.31084127131
"2313",6260.51341314635
"2314",10444.0841411636
"2315",5938.73727730562
"2316",9721.98277098737
"2317",6844.98023982793
"2318",5197.21105497628
"2319",6340.84529138765
"2320",6297.40405854129
"2321",5261.15892444107
"2322",7163.36972609472
"2323",7663.901023139
"2324",7085.6570669236
"2325",6041.37322607847
"2326",8645.26238545032
"2327",8272.91364640535
"2328",7157.01131462165
"2329",7881.13647572112
"2330",6608.94293884562
"2331",8162.46216852454
"2332",7192.46126966292
"2333",7547.56694609148
"2334",5409.18184077719
"2335",8418.61838894591
"2336",7496.47751513393
"2337",7174.18033457867
"2338",8563.09244956165
"2339",8008.040037494
"2340",9216.77707086359
"2341",5438.82977013929
"2342",7574.5469123786
"2343",5585.47144168637
"2344",5105.1805204367
"2345",7577.30220447475
"2346",5885.60976292375
"2347",5734.75038036234
"2348",6256.03035547186
"2349",6654.51886532141
"2350",7590.20619735195
"2351",7232.39832005484
"2352",11188.7377545617
"2353",7191.45438451321
"2354",10103.0659993652
"2355",5283.66719446866
"2356",6594.02459618956
"2357",8836.4241789477
"2358",6023.10019163167
"2359",7057.47332904507
"2360",5573.75400497672
"2361",5471.33217736687
"2362",8374.67190539632
"2363",6415.9289427358
"2364",9873.1682110921
"2365",7999.06549031787
"2366",5974.79849113101
"2367",8099.04161579702
"2368",11656.0292345485
"2369",7483.49659397893
"2370",8979.60839064515
"2371",10698.1258199879
"2372",7150.49105082605
"2373",9910.16245764696
"2374",5166.90648467841
"2375",6869.02473872867
"2376",8338.17217258132
"2377",7044.9653908086
"2378",6262.29973408636
"2379",7282.96747258727
"2380",9186.91793900711
"2381",6117.83860153216
"2382",6671.88411845395
"2383",6639.6089536704
"2384",5398.66775111942
"2385",8587.22539453534
"2386",8113.26345190967
"2387",6912.58667509085
"2388",7280.70363554172
"2389",7452.80069912793
"2390",6549.78580960614
"2391",7739.00299497714
"2392",5113.97621409632
"2393",7906.95681841471
"2394",9434.37874403964
"2395",7112.6771661315
"2396",9110.95404040509
"2397",6292.49424864843
"2398",7597.36709089619
"2399",7982.80102250415
"2400",8533.9524022739
"2401",5142.51577933903
"2402",8177.27904722277
"2403",7047.05134889781
"2404",6997.52531552236
"2405",6341.05203568177
"2406",7664.19814184771
"2407",8246.847762574
"2408",5761.34883939153
"2409",7647.36568282082
"2410",7589.36584771838
"2411",8550.54003025164
"2412",7174.26248726458
"2413",6823.09786684652
"2414",9614.15113120229
"2415",6318.60286599832
"2416",5941.70789784331
"2417",9711.68560494614
"2418",6714.08864567257
"2419",6364.32494891014
"2420",8144.3856857065
"2421",7871.44619887686
"2422",6315.54544554059
"2423",6400.23761618957
"2424",5368.94358972243
"2425",7195.33832715072
"2426",6435.20291322829
"2427",7375.51776996111
"2428",7105.8083965481
"2429",7066.47576265217
"2430",9939.26777888701
"2431",10886.9773642099
"2432",8013.6379358757
"2433",6178.52939860148
"2434",5539.66154936393
"2435",6020.1891517316
"2436",7972.07875355691
"2437",6902.14209826047
"2438",7879.57342588909
"2439",6679.80433156747
"2440",4617.86049535627
"2441",5311.27281181071
"2442",7986.50365926612
"2443",7521.48805173386
"2444",7152.93475867563
"2445",5020.885221458
"2446",9020.87041166017
"2447",5593.79140751188
"2448",5436.63472315535
"2449",4949.60519934132
"2450",7257.21712111509
"2451",9310.2634714493
"2452",6590.56760012378
"2453",7798.82775578329
"2454",9835.59359630345
"2455",6910.59545896813
"2456",9441.08052125323
"2457",6899.92424968238
"2458",6876.60175136944
"2459",7277.88715812501
"2460",6216.43508898953
"2461",9177.94812313974
"2462",8198.51578649284
"2463",7038.7386197127
"2464",6165.68284490201
"2465",6856.962462887
"2466",5177.38115450287
"2467",6547.07303778844
"2468",7051.52993349661
"2469",6463.07191087605
"2470",5536.40089294725
"2471",6986.53454560724
"2472",7312.08854463067
"2473",6153.16037461307
"2474",6523.18332011771
"2475",5614.09944250673
"2476",8176.49520430257
"2477",7193.64493125989
"2478",7725.67645761552
"2479",7884.00370879492
"2480",6814.59865254991
"2481",6127.75275809971
"2482",10315.5257069242
"2483",6853.2039579186
"2484",6806.41269587987
"2485",7528.07750769708
"2486",5459.06851333271
"2487",6429.4041020611
"2488",8637.19400792278
"2489",5843.08677124974
"2490",7201.21119892558
"2491",7362.28920611939
"2492",5744.29559337489
"2493",7133.52656756822
"2494",5710.60665198334
"2495",5824.34799859744
"2496",5473.96590987945
"2497",6884.98232404756
"2498",7825.24952172995
"2499",8036.61011235365
"2500",6402.52629960973
"2501",6124.59228146455
"2502",6914.74489060345
"2503",8450.46975412378
"2504",7379.18689393745
"2505",7544.78030238286
"2506",5532.26061838996
"2507",7447.9218123501
"2508",7433.46028803967
"2509",7285.47219559083
"2510",8931.56150806135
"2511",9037.93592399883
"2512",5370.64956074242
"2513",6667.49368506038
"2514",7053.3001088561
"2515",6437.20966060129
"2516",6436.05243053868
"2517",8626.63803966337
"2518",5822.22600236211
"2519",5740.34686198222
"2520",7221.35936923149
"2521",5577.53990394037
"2522",6668.51181459499
"2523",8549.04026745776
"2524",5975.52661595262
"2525",4672.66080871403
"2526",6910.13142060732
"2527",5197.77995306853
"2528",9604.50673068876
"2529",6537.9100079432
"2530",7247.26649789113
"2531",5660.51880184455
"2532",8762.34590297519
"2533",5906.67455557035
"2534",7027.50184578252
"2535",6116.55004553378
"2536",7485.74356458205
"2537",5526.84242196543
"2538",6889.52085026331
"2539",5277.05983881175
"2540",9482.74883169552
"2541",7170.95672655161
"2542",8357.050685234
"2543",9825.06850601522
"2544",6005.78344678973
"2545",6015.37852440149
"2546",6762.73545809163
"2547",5986.76325465977
"2548",9308.91272450225
"2549",8890.22559141858
"2550",5826.77622128674
"2551",7041.72463113269
"2552",5666.44035976901
"2553",7899.50052871017
"2554",7047.58180800672
"2555",8179.41584199901
"2556",9308.72313848586
"2557",7608.6327564017
"2558",6036.88314854274
"2559",9016.61179556656
"2560",6643.32633660854
"2561",9790.30694166286
"2562",9813.76817287402
"2563",9350.9869386214
"2564",8216.61868679155
"2565",6342.85993542688
"2566",6955.52063838997
"2567",5413.82802441261
"2568",5744.31799910507
"2569",5065.89042948762
"2570",5888.04560544019
"2571",5902.25822958038
"2572",7011.13334018564
"2573",7830.07443710074
"2574",8473.12980691502
"2575",8258.8960659369
"2576",5833.49149249674
"2577",5941.67331631524
"2578",6483.6418548787
"2579",8149.69095190166
"2580",9411.3280432874
"2581",9478.66862651705
"2582",9523.37326202285
"2583",7550.3733492115
"2584",6663.4464839652
"2585",5023.69051974038
"2586",5392.82945751121
"2587",5528.05595823522
"2588",8715.14107927118
"2589",4418.76362382436
"2590",8397.05233752477
"2591",7880.02348382046
"2592",5056.2790375569
"2593",6781.0725595666
"2594",5508.61566853832
"2595",6796.51184717235
"2596",7352.02319016046
"2597",6701.8951632045
"2598",7992.05547586137
"2599",9317.03996923173
"2600",6728.4227165513
"2601",6796.99840960421
"2602",6386.5292918794
"2603",10338.7081369969
"2604",6604.24697272545
"2605",9258.79853949712
"2606",7211.47241397374
"2607",6290.89562439926
"2608",7610.30795452697
"2609",7368.71490728533
"2610",7879.03638809958
"2611",12328.6412127166
"2612",6675.24722274982
"2613",6514.70619684076
"2614",5452.62930543824
"2615",7183.78241556605
"2616",7183.42928575042
"2617",8810.07204678638
"2618",10375.8574068048
"2619",8228.27322863535
"2620",8002.67086257311
"2621",6777.71258938056
"2622",7918.74937765844
"2623",7023.80769423112
"2624",7666.12400466553
"2625",7568.71201444541
"2626",6064.69010308419
"2627",5378.98587788474
"2628",7276.10271758758
"2629",4813.64054842315
"2630",6785.73589005032
"2631",4639.3423571424
"2632",5549.33289315704
"2633",9595.22490148298
"2634",4833.47986629292
"2635",8867.85981665108
"2636",6942.13289554587
"2637",7062.80113569515
"2638",4712.91030086395
"2639",9728.91414584819
"2640",5192.23436609887
"2641",7623.77369913283
"2642",5891.93480797379
"2643",7710.29253486849
"2644",5795.88753548275
"2645",5944.98593738168
"2646",8571.68744231293
"2647",6278.22829387972
"2648",8087.1225697316
"2649",6888.1796599438
"2650",7133.43767000453
"2651",4753.31100884808
"2652",7460.86771961954
"2653",6800.56004959298
"2654",7955.61071113344
"2655",7419.97783959523
"2656",6911.62301848236
"2657",4702.14151288531
"2658",6830.34053929451
"2659",7477.75758417207
"2660",7620.45122436513
"2661",9958.61724847093
"2662",10226.5219995607
"2663",9486.27550950331
"2664",6511.03659990331
"2665",8874.39101740233
"2666",8205.31834704676
"2667",4783.23056828917
"2668",6771.77735599677
"2669",6944.21078334849
"2670",9509.18470515643
"2671",9141.80765230671
"2672",7633.41827546516
"2673",7806.91565776302
"2674",7173.13005047968
"2675",5524.27712525706
"2676",7398.29222442555
"2677",8599.11060452059
"2678",7520.10265133345
"2679",6148.86984533174
"2680",5490.02868962375
"2681",7087.88947844952
"2682",5695.26051203837
"2683",6272.22935732055
"2684",7735.31987488786
"2685",5723.73008614535
"2686",5895.31759263155
"2687",6627.28085791753
"2688",6461.18446413589
"2689",8140.3583037348
"2690",6830.49349518243
"2691",6106.19714111067
"2692",8225.41978804434
"2693",7091.87914382162
"2694",7938.39774388452
"2695",5737.59358678287
"2696",6325.9050611321
"2697",8359.90507933802
"2698",8037.27616233998
"2699",8738.98531821339
"2700",5847.94097822358
"2701",6361.56449097472
"2702",6436.08172000478
"2703",6030.49512606615
"2704",5331.11714354398
"2705",5787.1852362173
"2706",6980.4217980476
"2707",7262.46084128344
"2708",8404.93256428632
"2709",7449.06891730002
"2710",8793.77117105759
"2711",7196.10948624338
"2712",6896.02100356914
"2713",11592.8044286012
"2714",6527.24125379264
"2715",6724.66341860637
"2716",7171.81393489088
"2717",7032.14113965915
"2718",9316.93186933087
"2719",9062.82792839137
"2720",7737.31262730058
"2721",8034.15211066041
"2722",6814.35473918402
"2723",6599.61709837348
"2724",7672.38521728032
"2725",11102.740428228
"2726",7838.98077123692
"2727",7288.26452929149
"2728",5780.16114880561
"2729",8430.7305465852
"2730",5387.67543973798
"2731",7052.13025555776
"2732",5653.41906547065
"2733",5274.32399316454
"2734",8813.28788392412
"2735",9859.10138882484
"2736",7016.32729402413
"2737",9726.7318877912
"2738",6547.5556093368
"2739",7825.475164345
"2740",6472.49760905394
"2741",5587.61637108002
"2742",7645.2083043867
"2743",5643.17483000211
"2744",5881.06823307554
"2745",5474.00440969923
"2746",7794.42153859635
"2747",7716.62920640959
"2748",6817.01825748138
"2749",9270.36993252047
"2750",6322.11491470129
"2751",9128.70205613877
"2752",7081.2734686604
"2753",5435.10277799619
"2754",7851.70581556977
"2755",5660.48046828437
"2756",10474.9930740458
"2757",11146.660300223
"2758",8590.42323052125
"2759",5620.6560490815
"2760",7038.166596701
"2761",6602.56141736965
"2762",6429.8971186223
"2763",6981.5959583682
"2764",4771.6036925015
"2765",6335.3042326421
"2766",10435.7825901724
"2767",6288.96445654385
"2768",7322.24355577809
"2769",6813.72006189726
"2770",5749.00775988843
"2771",6145.02437380264
"2772",8927.02727250394
"2773",8891.93419957375
"2774",7860.43025172015
"2775",6700.06511543242
"2776",8246.62347496426
"2777",6206.16221920622
"2778",6746.34713359345
"2779",8960.89442213892
"2780",5024.90723814289
"2781",6678.31740335558
"2782",7372.53550539355
"2783",7155.71024421559
"2784",5742.70021305599
"2785",8217.57886523286
"2786",7526.65266047239
"2787",5866.56176612726
"2788",7714.41636422801
"2789",10334.6073029485
"2790",4828.64865037869
"2791",6945.79944168897
"2792",9201.68916501531
"2793",9525.77329892046
"2794",6835.04131751593
"2795",6802.25283376755
"2796",7574.25135192659
"2797",5263.20013697569
"2798",8848.75465899749
"2799",6523.96937777159
"2800",8592.76466773747
"2801",6641.68863921358
"2802",9334.78957689879
"2803",6656.87388883221
"2804",5497.07009739281
"2805",6757.59746213822
"2806",5474.58850966103
"2807",5398.10102571139
"2808",9366.83645900152
"2809",7363.5631685911
"2810",5997.64951551096
"2811",7041.74141832127
"2812",7397.86949440493
"2813",6913.43122460591
"2814",4866.37276680646
"2815",8567.97475575968
"2816",6792.82694784251
"2817",8928.50192860046
"2818",5821.45885387293
"2819",7325.23313641057
"2820",6329.46577270979
"2821",7417.12121384992
"2822",8852.26627515902
"2823",6864.44738345596
"2824",8936.29547716444
"2825",6220.74979082463
"2826",7518.61882565737
"2827",5647.23761097899
"2828",8629.56694946984
"2829",8187.8611948639
"2830",6370.76059050898
"2831",7275.28184951522
"2832",9444.27006683456
"2833",6648.11316827106
"2834",6770.29399306819
"2835",8994.72050589301
"2836",5660.80604585967
"2837",6233.42161916519
"2838",6419.20824706721
"2839",10863.6503084697
"2840",7427.42948198641
"2841",7306.03756441246
"2842",6810.06528237077
"2843",6976.6158713371
"2844",8239.65189735967
"2845",6579.2028556881
"2846",7499.5408705922
"2847",6598.36505696626
"2848",6493.44375660307
"2849",7412.45682672555
"2850",6798.68164411366
"2851",6829.38519713645
"2852",6335.38383379581
"2853",7501.68386254219
"2854",7692.18580611596
"2855",9352.19481316059
"2856",9123.38767131476
"2857",4687.31881344
"2858",6359.2736693617
"2859",6315.31035535264
"2860",8455.5734195349
"2861",6070.05381373965
"2862",8023.19886657775
"2863",6433.52362331095
"2864",7624.01739003463
"2865",7210.93371599512
"2866",8307.07720740281
"2867",6842.30771600051
"2868",6571.3480854018
"2869",8299.77365092947
"2870",7160.19813474001
"2871",7750.34238013438
"2872",4718.61940490573
"2873",8060.98118339607
"2874",8557.65909355144
"2875",7008.9882153403
"2876",7680.73362649236
"2877",6018.3338891169
"2878",9478.31753280862
"2879",7179.50207683876
"2880",6392.65472437226
"2881",5650.05486322769
"2882",7823.30776259806
"2883",9291.87474591924
"2884",7043.08639836629
"2885",8056.15163492388
"2886",10548.2287694731
"2887",8115.39644964999
"2888",7480.57184958109
"2889",7930.50170772201
"2890",6979.94414315469
"2891",8084.41172148748
"2892",5843.84755949226
"2893",8593.86081313509
"2894",6338.96284030178
"2895",4818.96958015253
"2896",6479.20816362425
"2897",5038.61852882944
"2898",6793.79583412602
"2899",7363.79943328587
"2900",7679.03267333506
"2901",8901.11987333229
"2902",9678.20448002497
"2903",5959.55384950412
"2904",7288.81721614459
"2905",8662.25611546996
"2906",8055.30521115961
"2907",7190.96250329593
"2908",7553.713336394
"2909",8023.24487353396
"2910",5324.27402444501
"2911",6023.75894108793
"2912",6323.6835085679
"2913",6247.38276047632
"2914",5336.81507933065
"2915",6809.25126270227
"2916",6034.13923502501
"2917",8068.3122876342
"2918",6435.48108998494
"2919",5641.5519591462
"2920",6766.53945486534
"2921",5280.88528059993
"2922",6644.68879556567
"2923",6388.865802719
"2924",9137.68507647416
"2925",7364.50844884475
"2926",8260.58212878172
"2927",5017.16705449857
"2928",9178.28054095249
"2929",7758.91230070453
"2930",11462.8610212572
"2931",6642.10776220904
"2932",6281.39080587906
"2933",5935.17393241189
"2934",6294.72515894176
"2935",6914.90127206225
"2936",9112.31159942835
"2937",5205.38511355823
"2938",7118.18367936478
"2939",8545.13303239596
"2940",10857.7243708952
"2941",8207.37605138576
"2942",5910.50274079031
"2943",5037.86795475152
"2944",6535.4209431723
"2945",5948.52885586857
"2946",6810.3000514965
"2947",5750.6791295686
"2948",6597.97487250154
"2949",7197.94462698282
"2950",6776.19703722929
"2951",5060.01839879973
"2952",9230.97132581897
"2953",7508.35877191894
"2954",5017.59325323612
"2955",5639.94913854705
"2956",6566.04200567382
"2957",9002.85021388359
"2958",6939.46143069849
"2959",7615.33033221341
"2960",8836.12715413393
"2961",8112.3366362444
"2962",6364.43859386675
"2963",7475.57668499435
"2964",5413.89959680009
"2965",7084.63977560696
"2966",5136.71893753445
"2967",8092.56722284421
"2968",8089.03821215315
"2969",5860.25948413117
"2970",8081.59511877995
"2971",6719.67254525431
"2972",6749.41318403051
"2973",5984.69977326585
"2974",4947.89575123463
"2975",6122.45044427066
"2976",7070.99674843974
"2977",5430.99797567954
"2978",5700.07221594523
"2979",9778.5255555971
"2980",7932.56009231329
"2981",5872.91490690095
"2982",5388.97717534794
"2983",8278.69574628155
"2984",7673.53091536757
"2985",6986.35483452285
"2986",6605.7512092092
"2987",6514.5486171367
"2988",7496.01119371493
"2989",5853.34109898451
"2990",10433.521003071
"2991",7035.35876207855
"2992",7838.31227470473
"2993",10770.8003615121
"2994",8442.22602467772
"2995",6402.23938893506
"2996",6623.52121867903
"2997",6446.84424691904
"2998",7115.3866382274
"2999",6251.36598663449
"3000",4815.96823655847
"3001",8382.45935473245
"3002",6545.79306193324
"3003",7003.45851905912
"3004",8635.66030449096
"3005",6889.65340911142
"3006",6257.20564344743
"3007",9887.72526161434
"3008",6221.31377012628
"3009",4818.7596415911
"3010",5719.9324301732
"3011",8135.24420900879
"3012",5931.57718356074
"3013",6460.59539621462
"3014",6249.09406769647
"3015",6759.6996391298
"3016",7310.78574574507
"3017",7640.58407550883
"3018",8794.14624512747
"3019",7697.96711043892
"3020",7405.67001204512
"3021",6204.93025678342
"3022",8393.33423785286
"3023",7938.11861435644
"3024",7777.22475636645
"3025",7433.12676303515
"3026",9098.43351042821
"3027",8430.50392247524
"3028",6806.68993178591
"3029",6721.77222908639
"3030",5651.42861389493
"3031",7263.1443147521
"3032",5526.30635863145
"3033",8487.33037929662
"3034",5482.19841898359
"3035",5125.23167550069
"3036",7552.28475114375
"3037",10027.5228275396
"3038",7750.91836380969
"3039",8985.54721374785
"3040",7445.50841777734
"3041",7708.54989557595
"3042",6121.14690888414
"3043",8983.85598465096
"3044",5611.29928618521
"3045",5745.30409459648
"3046",5999.1659027756
"3047",4924.11768056501
"3048",7529.49970824688
"3049",5783.43537794015
"3050",6019.16959974803
"3051",9468.97699647547
"3052",6774.50549430815
"3053",6274.25280433255
"3054",5812.20015342322
"3055",5626.10947022731
"3056",7125.7465612531
"3057",9369.81155949944
"3058",9978.73321620579
"3059",8031.75306256573
"3060",9663.68535381189
"3061",10517.97634727
"3062",6645.78919080815
"3063",8433.23044728758
"3064",9868.35195431482
"3065",7441.04640413781
"3066",7341.820201794
"3067",6137.45406627612
"3068",6711.38025537309
"3069",8951.13226763144
"3070",9988.23811124747
"3071",6712.37923743068
"3072",4918.97921855479
"3073",6326.51931988063
"3074",9018.24651633184
"3075",9605.36438495921
"3076",5680.39939031937
"3077",5454.670444051
"3078",6814.09800034459
"3079",6740.97600830253
"3080",7400.88482056526
"3081",6922.50735584118
"3082",8251.58958285357
"3083",8461.0782673537
"3084",5694.3848879492
"3085",7118.94821606689
"3086",7012.03647693045
"3087",9209.12624696402
"3088",6462.11096897486
"3089",5821.96324017161
"3090",6562.00748794717
"3091",6758.72684883146
"3092",7020.12944868196
"3093",7936.57059364054
"3094",6354.47926015602
"3095",5782.78605641649
"3096",7199.99335489198
"3097",8522.7596798543
"3098",9210.87646420914
"3099",7888.7469427064
"3100",9644.40212449147
"3101",7568.64289588851
"3102",9303.9071141601
"3103",5912.4046112639
"3104",5990.14024930975
"3105",6756.8333705885
"3106",6305.24382990355
"3107",6320.78439941261
"3108",5446.33602803791
"3109",8610.26888320991
"3110",7434.04275635497
"3111",5455.28807095113
"3112",7099.9772342948
"3113",6620.63382607045
"3114",6338.25253637244
"3115",4894.73250359451
"3116",8902.66765901057
"3117",9364.17439593879
"3118",8586.10706126424
"3119",6182.65062520709
"3120",7409.51192617819
"3121",8829.18015634629
"3122",5796.66595072104
"3123",9074.92687958418
"3124",7602.18617540526
"3125",11050.2615951423
"3126",6485.6751947649
"3127",7059.05190319041
"3128",8718.88898367261
"3129",6184.81405448579
"3130",5331.71943926211
"3131",9382.41191427629
"3132",8093.28742178004
"3133",6588.75757426636
"3134",7420.85916344098
"3135",5179.8326454704
"3136",7295.17718940248
"3137",8192.56998230698
"3138",5813.51091196041
"3139",7291.33802478299
"3140",5649.92055929808
"3141",5408.42308073389
"3142",8418.9300464028
"3143",14740.5069115466
"3144",6885.40503544227
"3145",8244.9912111074
"3146",7734.15196181394
"3147",8718.66543440518
"3148",6599.13711239887
"3149",5995.34682734139
"3150",4661.08023140038
"3151",6053.97855334385
"3152",8209.24930257124
"3153",7817.15246048878
"3154",7887.16581046798
"3155",4811.94709455312
"3156",6567.79558506379
"3157",7946.93847565029
"3158",5817.57484610081
"3159",7972.32788447785
"3160",7896.11673991689
"3161",6047.17702002341
"3162",7105.85594464611
"3163",7505.00172104961
"3164",8392.98961242934
"3165",8804.69434442204
"3166",6440.00311774445
"3167",7768.90503182573
"3168",9046.82672737696
"3169",7932.65542242475
"3170",7813.44169895169
"3171",7984.86416484
"3172",4452.62466895645
"3173",6351.17160786491
"3174",6798.88832593308
"3175",11341.404322275
"3176",7175.02442056831
"3177",7630.89915970112
"3178",9208.5515325777
"3179",5870.16419684704
"3180",7380.22197156122
"3181",5495.5657783268
"3182",5566.26063185831
"3183",8595.07486516557
"3184",10059.3095177463
"3185",5598.34584081797
"3186",5472.94325296309
"3187",6669.28344803196
"3188",7979.7523332308
"3189",6612.91810621376
"3190",6351.76269663141
"3191",8073.59734934183
"3192",6834.12234430614
"3193",10621.524692519
"3194",8952.84523103865
"3195",4576.0494634914
"3196",5820.48503500541
"3197",6164.27493176655
"3198",7149.85236799908
"3199",12099.752118079
"3200",7660.78781119982
"3201",6446.40629839924
"3202",6282.49351800168
"3203",7852.66134633856
"3204",6065.5790565343
"3205",7717.21221373858
"3206",8616.80506566692
"3207",5161.60173626828
"3208",9610.79454395471
"3209",5273.94283446572
"3210",6513.87438408331
"3211",6248.87859073351
"3212",6367.26996275932
"3213",7269.84949884889
"3214",9770.35643371249
"3215",8278.60806527195
"3216",6357.72997728398
"3217",7429.58311987234
"3218",6349.80148861594
"3219",8251.94082265728
"3220",7629.560229901
"3221",4554.68609977219
"3222",6318.0887083941
"3223",5022.82566529877
"3224",7326.694464723
"3225",5496.08150658084
"3226",6009.53096518221
"3227",6276.19722785926
"3228",7946.87138951632
"3229",6910.45177964738
"3230",7092.04153922843
"3231",10757.248527167
"3232",6127.79696003949
"3233",7374.97213412069
"3234",5463.95036581056
"3235",7501.68000603941
"3236",7901.41721909125
"3237",6188.7282150147
"3238",6544.80696382558
"3239",7261.10423265944
"3240",7175.9656896559
"3241",9559.32885366884
"3242",7401.01156892965
"3243",8026.74738711206
"3244",7512.13621215405
"3245",7099.58676628783
"3246",8129.0886774857
"3247",8461.75415264258
"3248",8108.71741304702
"3249",5263.86605930094
"3250",5747.8556096734
"3251",6433.17753763914
"3252",5172.19722962459
"3253",7692.00791176583
"3254",9902.29370129412
"3255",5788.47338180024
"3256",7599.87830795796
"3257",6846.00203491742
"3258",10427.8960421814
"3259",7926.50026223577
"3260",9342.99542147549
"3261",8070.22432776969
"3262",7304.58968302418
"3263",8126.7494172546
"3264",6677.59112634966
"3265",8897.48058746943
"3266",5961.15918070608
"3267",11852.2777712109
"3268",6102.29758815201
"3269",7020.78738003932
"3270",10005.9139282008
"3271",7464.43526916827
"3272",7206.82641388638
"3273",6487.67401506868
"3274",6382.28500235594
"3275",6873.19470248724
"3276",5207.40318961957
"3277",6582.72482151237
"3278",5387.70280788768
"3279",8274.71954809522
"3280",6788.23838739368
"3281",8071.30726117314
"3282",7290.97388440565
"3283",7839.05720531446
"3284",7391.4152784095
"3285",8303.87125607886
"3286",8713.94950795664
"3287",5631.18648878106
"3288",6401.76178504932
"3289",7091.21639556144
"3290",8423.89561486156
"3291",5566.79126134874
"3292",6449.36407706114
"3293",6902.86659619319
"3294",8078.42342821341
"3295",5696.95411125348
"3296",9123.43728328286
"3297",7427.52739194903
"3298",8845.70196460074
"3299",4884.23567219557
"3300",10844.0656625472
"3301",6336.69735037861
"3302",7776.25889800355
"3303",10755.7793220583
"3304",9168.13471863428
"3305",5510.79951978956
"3306",8968.81090001918
"3307",6355.22974199442
"3308",9644.6719932264
"3309",7054.1594439113
"3310",8022.47785187834
"3311",5564.82467348748
"3312",7756.38803595369
"3313",10589.8312425581
"3314",7126.85208720858
"3315",9937.89344651025
"3316",6838.72235097395
"3317",7490.99718168518
"3318",8361.47090867268
"3319",6992.64055414097
"3320",8042.15656501963
"3321",6698.94484794424
"3322",7051.48969147455
"3323",6969.48808074636
"3324",5883.57237799319
"3325",5770.08363312146
"3326",6914.82639295808
"3327",10005.102287663
"3328",8337.92362954378
"3329",5611.5720958985
"3330",7709.93892869375
"3331",5066.14324477065
"3332",5213.31016867323
"3333",8112.17373453938
"3334",6681.41153773831
"3335",5732.52948957282
"3336",9030.85286572893
"3337",7351.5295595376
"3338",9164.33563794869
"3339",4296.44874534809
"3340",8717.66253838948
"3341",5142.05942395099
"3342",5799.83407587647
"3343",10004.6104688196
"3344",5238.0975795256
"3345",7581.01951302448
"3346",8284.35296135532
"3347",9020.93083202568
"3348",5927.35856649114
"3349",6132.67163819483
"3350",6402.1536026573
"3351",6587.3402775378
"3352",5631.44134358346
"3353",7264.20247623395
"3354",5723.56154843202
"3355",9425.38903363365
"3356",8375.93114916192
"3357",5499.50356104021
"3358",5400.70049646395
"3359",5278.69665590647
"3360",6526.62224234733
"3361",8084.05093933877
"3362",6413.16701619523
"3363",7156.20698389684
"3364",5144.75464369433
"3365",6939.8889547936
"3366",4827.12893228209
"3367",6079.13080842196
"3368",6404.10710502445
"3369",7021.21696456285
"3370",7644.82054301778
"3371",6848.60093238022
"3372",5894.59133801586
"3373",6614.5568629641
"3374",9296.56062804241
"3375",6382.7498058461
"3376",10686.0284154853
"3377",8639.03544850435
"3378",9180.68987170376
"3379",6895.0052764622
"3380",4660.88762328295
"3381",5169.09926108048
"3382",7161.55593364122
"3383",7466.58728323541
"3384",6950.74860062076
"3385",5582.13791879977
"3386",5841.54811049608
"3387",7536.7509824528
"3388",7160.64548085427
"3389",5504.68079330594
"3390",7668.79947306525
"3391",5153.8698175072
"3392",6288.31618753673
"3393",6447.40567236241
"3394",6676.85656414677
"3395",6210.15051755681
"3396",5089.39954052399
"3397",6484.40041268377
"3398",5998.24245783614
"3399",6860.16811194655
"3400",9888.2425701077
"3401",6001.12138269767
"3402",6690.16738681491
"3403",5913.35932613955
"3404",7936.09501186237
"3405",7235.3821988578
"3406",10156.5696538937
"3407",5613.07011128485
"3408",7200.2881350643
"3409",8036.85200374093
"3410",7680.64270909831
"3411",6520.00891590056
"3412",6728.93743098428
"3413",3984.50346669864
"3414",6107.3470105331
"3415",8843.98501215343
"3416",8056.7881098631
"3417",12492.7543013252
"3418",8706.51083015211
"3419",5723.25211338158
"3420",7661.28136169259
"3421",6253.70513613294
"3422",5237.67322204651
"3423",8644.91955466322
"3424",10363.1866388332
"3425",11651.8145938034
"3426",6640.82211320161
"3427",7746.31574932772
"3428",9994.18905847451
"3429",6086.6906298406
"3430",5879.25069252826
"3431",7467.46492059997
"3432",5586.73632857786
"3433",7610.80922948535
"3434",9434.19894786011
"3435",6020.32381083733
"3436",8426.31050127192
"3437",7030.98657590082
"3438",11756.822847118
"3439",10848.2309152765
"3440",6634.33855655789
"3441",4947.19069100519
"3442",6304.20014537934
"3443",7400.32792578818
"3444",7259.67540364152
"3445",6087.52020726859
"3446",9448.78762925787
"3447",9357.1536234976
"3448",7170.60992483713
"3449",5779.08986430531
"3450",6319.74025424571
"3451",10512.5380163465
"3452",7743.02544524341
"3453",8071.88004963977
"3454",7025.20881831437
"3455",10566.1474584894
"3456",8621.5508877066
"3457",6131.92072301132
"3458",5788.25164518412
"3459",7781.10050962063
"3460",10190.7541589671
"3461",6753.96798190654
"3462",7061.7576443747
"3463",6445.3933099479
"3464",5157.81617252522
"3465",6724.03202665856
"3466",4140.30233832339
"3467",7862.69707565874
"3468",6174.45974248492
"3469",5572.37380014097
"3470",6256.86184004664
"3471",5066.62436302915
"3472",8775.8569771088
"3473",9351.78969168742
"3474",8835.474312892
"3475",8318.43894699785
"3476",6699.34853118296
"3477",7157.22174576667
"3478",7116.60526375044
"3479",9690.21586337906
"3480",5099.66883708721
"3481",6141.28423092716
"3482",4807.54754047543
"3483",5882.99303734306
"3484",8378.93636680754
"3485",8503.7688083765
"3486",11814.3619311417
"3487",8609.3358836064
"3488",10292.3735506128
"3489",6094.09735867996
"3490",6541.84537029896
"3491",7237.18020557698
"3492",8701.71005855739
"3493",8114.9495778942
"3494",6700.88731390459
"3495",8056.81923044546
"3496",8698.19176555726
"3497",8471.18629258636
"3498",9087.81202317388
"3499",7176.9550990203
"3500",7602.1596352131
"3501",9314.46401253581
"3502",6366.65554753426
"3503",6696.75820605418
"3504",6138.29658313342
"3505",7533.50093281299
"3506",6265.00010831644
"3507",5853.78158934581
"3508",6076.68230966773
"3509",7694.18538140118
"3510",7271.28918318398
"3511",4268.72731932675
"3512",8878.1672025756
"3513",9315.37493530225
"3514",6146.56256080863
"3515",6510.48715466354
"3516",11683.7096390441
"3517",5394.85430348189
"3518",7522.55364250742
"3519",9197.09833839432
"3520",9909.7999010845
"3521",6348.1644112513
"3522",7082.62447471964
"3523",6692.1197443402
"3524",4666.04374792381
"3525",5792.06059654478
"3526",7561.59483453306
"3527",9308.67896804685
"3528",7138.53284536032
"3529",6012.97955115407
"3530",6939.31961708791
"3531",7348.76545589414
"3532",4656.47412651035
"3533",6133.10309860443
"3534",6164.77346662379
"3535",7481.8127137865
"3536",9180.85234368339
"3537",7335.20783901235
"3538",6573.1215397768
"3539",6008.7216336934
"3540",5831.3179037147
"3541",6097.14572515571
"3542",7712.85209062326
"3543",5374.5780587559
"3544",5347.80763738625
"3545",5860.65840392039
"3546",7517.45428397646
"3547",6755.42228153767
"3548",6965.18236277293
"3549",9351.34833760106
"3550",5002.12892671303
"3551",7429.575632849
"3552",6444.43284446858
"3553",7297.42981603617
"3554",6132.41329002567
"3555",7499.01053491318
"3556",9847.84087457674
"3557",7310.03616664645
"3558",7381.58693858332
"3559",7095.69124116152
"3560",5747.07727999764
"3561",11909.6736799543
"3562",6177.14356415119
"3563",8036.52288294996
"3564",6730.96344263963
"3565",6319.0695929339
"3566",5729.35400414275
"3567",7726.85112625446
"3568",6592.85273259954
"3569",5883.54238455697
"3570",9217.58637101159
"3571",5403.68758615513
"3572",7278.63755148542
"3573",7620.89006705922
"3574",12041.6968530547
"3575",9468.90596687568
"3576",7726.53252460097
"3577",7394.25195279213
"3578",6848.5923844066
"3579",6140.80174771065
"3580",8735.99912138874
"3581",7629.87071700898
"3582",5361.08683594694
"3583",5558.64495156467
"3584",5333.24972780779
"3585",6161.16551554979
"3586",9364.14724186313
"3587",5607.13145147316
"3588",6449.7792252041
"3589",9276.57359574497
"3590",6251.58654563827
"3591",7159.57858840462
"3592",6379.53852864624
"3593",7412.59492629715
"3594",7276.87627586348
"3595",5954.48636680315
"3596",6225.5042557516
"3597",4908.15113264861
"3598",8249.17130040205
"3599",5608.69341395233
"3600",9330.69203405241
"3601",8276.62393716906
"3602",8318.2843891395
"3603",7887.36364416853
"3604",7303.19831009953
"3605",6649.33579716045
"3606",9007.26275520842
"3607",7001.13756985475
"3608",10388.3482652751
"3609",5331.84298105078
"3610",5272.9037778577
"3611",6851.0234960543
"3612",10195.6863267915
"3613",8105.08145387643
"3614",7638.98329233791
"3615",7814.22313497144
"3616",6692.12196963464
"3617",5551.19537756689
"3618",8714.4600319458
"3619",8974.19302200937
"3620",8174.23745196022
"3621",5745.67697932759
"3622",8580.36525254653
"3623",6073.33144297617
"3624",6543.47570921019
"3625",6229.24955692428
"3626",7231.60596463301
"3627",5325.07585594221
"3628",5015.61132283024
"3629",9441.4409703338
"3630",5921.5046316182
"3631",6472.8152015092
"3632",8184.68600908139
"3633",6128.05800915672
"3634",7329.41454396742
"3635",8040.85959635359
"3636",7514.21508929466
"3637",6194.60676716926
"3638",6950.55202761509
"3639",6556.74282002893
"3640",7146.8860929187
"3641",6658.1463878732
"3642",7604.84209356034
"3643",5437.25124205229
"3644",5729.6695390952
"3645",8741.41495808502
"3646",7314.54354497099
"3647",5945.11155693122
"3648",8763.99093538041
"3649",7747.74781792724
"3650",6288.64404593429
"3651",7504.73467715897
"3652",6645.62071505966
"3653",7998.68004355181
"3654",5846.33010133073
"3655",6762.01389503452
"3656",6050.89108342241
"3657",6597.11756559591
"3658",5634.95889031198
"3659",7214.37618405497
"3660",8324.44518443851
"3661",5322.64680650055
"3662",7681.27372185047
"3663",6563.14208158007
"3664",7883.84827213432
"3665",5934.29449962918
"3666",10130.88176586
"3667",5374.05925006483
"3668",6625.87189985983
"3669",8718.75519581599
"3670",7157.07271996578
"3671",5988.68696211382
"3672",6282.12062183154
"3673",10969.9402982243
"3674",7925.63466225264
"3675",6421.85579275905
"3676",6447.19159455565
"3677",6600.80975623574
"3678",6608.50718858955
"3679",7589.48832458755
"3680",7954.60017681679
"3681",6947.54134526526
"3682",7945.65117675322
"3683",8697.58000731505
"3684",6141.46198986935
"3685",5893.0438099055
"3686",7201.35200343344
"3687",5828.0531674075
"3688",6624.54785814916
"3689",9202.66491648225
"3690",8911.31307356361
"3691",7693.3115235416
"3692",5225.96788839339
"3693",5746.17744937858
"3694",6531.55338989792
"3695",7397.52262326584
"3696",8869.32105362147
"3697",8000.90217916944
"3698",6012.16058969778
"3699",7621.44405158788
"3700",5742.59210950739
"3701",9006.46904392188
"3702",6878.7186358102
"3703",5755.04298600737
"3704",8413.91561962464
"3705",6740.85484139141
"3706",8754.4689697769
"3707",5194.45103567221
"3708",7503.44453132591
"3709",8454.41461730194
"3710",10228.5966692956
"3711",5532.31129684599
"3712",6151.22721977214
"3713",6845.64845161233
"3714",5585.81033090132
"3715",8423.88716182293
"3716",13613.6695338118
"3717",6329.08751700088
"3718",8308.92948844345
"3719",6225.54825738433
"3720",5130.68635509326
"3721",4395.11192207814
"3722",6639.44963350691
"3723",5126.58951588007
"3724",6049.70378734163
"3725",7157.87132480282
"3726",8312.76751222564
"3727",6823.24210748649
"3728",6038.08893839776
"3729",6049.54125958631
"3730",5091.70115405545
"3731",7014.96600394475
"3732",8994.9160612249
"3733",8427.28253830291
"3734",6729.3327403499
"3735",7971.42196453182
"3736",5903.99428872243
"3737",6084.91221720548
"3738",6258.72890910263
"3739",7843.70086781273
"3740",6918.52719940858
"3741",5681.18418007624
"3742",5567.42620291626
"3743",8105.62587645008
"3744",10000.5712530526
"3745",8035.15005948513
"3746",7266.59188934279
"3747",6667.40651927893
"3748",7384.39034716914
"3749",8645.69687214411
"3750",6958.76140686577
"3751",6771.68690373399
"3752",5533.65206704193
"3753",7629.52779027484
"3754",5703.35014987978
"3755",6429.79018190338
"3756",6236.06087474609
"3757",6814.33634414332
"3758",6527.55366582904
"3759",5752.34261996928
"3760",6577.58891847903
"3761",7276.36562654826
"3762",6505.08244005958
"3763",9475.94134188835
"3764",8546.00078413264
"3765",7425.42104711445
"3766",8485.75087334454
"3767",6925.3196057911
"3768",6903.89268434915
"3769",8262.09432950814
"3770",6818.21557147883
"3771",6544.76680385958
"3772",6782.29168129265
"3773",6491.26947610021
"3774",6025.00561535892
"3775",5941.97734473265
"3776",7191.15799019753
"3777",6009.73684311006
"3778",9678.41712478871
"3779",7713.78638942608
"3780",9260.09137435049
"3781",6524.72427686874
"3782",7984.21626688193
"3783",7019.87598078807
"3784",6368.60958742611
"3785",4968.31909884889
"3786",6951.47687186038
"3787",6735.63143054763
"3788",5418.46165537349
"3789",7121.07393905268
"3790",5804.63217172381
"3791",7317.69835064173
"3792",10590.942498787
"3793",6100.890368024
"3794",5487.47197255831
"3795",7580.15795048676
"3796",6207.51715157636
"3797",6372.02406071141
"3798",5518.29212352869
"3799",7338.37459077971
"3800",9141.47826830182
"3801",5703.52215270414
"3802",8494.368037527
"3803",8080.48339031845
"3804",7313.38534470589
"3805",7004.83132205877
"3806",8572.03020032524
"3807",7161.1272972595
"3808",5896.11357248303
"3809",6096.35898825928
"3810",7307.01993975797
"3811",6049.65273885225
"3812",8286.4071517664
"3813",7302.12856346769
"3814",6665.38777126875
"3815",7290.47287937347
"3816",7223.23205230415
"3817",6311.14609536563
"3818",7672.4182910156
"3819",7754.84766910695
"3820",5419.39272252955
"3821",9010.204595293
"3822",6102.79431020993
"3823",6320.86513194416
"3824",5808.49617659937
"3825",5857.83447295177
"3826",9508.60783599872
"3827",5880.74222102762
"3828",5689.70101648658
"3829",8739.33265822549
"3830",8185.0638517841
"3831",6118.30547258689
"3832",7317.14627949036
"3833",8207.99708023337
"3834",4831.42007725472
"3835",8279.75649599659
"3836",7990.97624292557
"3837",7699.81850145057
"3838",6040.15070310927
"3839",6270.70336069004
"3840",9592.02697242831
"3841",5414.32781476594
"3842",8178.88312424904
"3843",7580.46040741517
"3844",8748.55186073521
"3845",8057.47739290315
"3846",5816.48098626682
"3847",8490.82765375993
"3848",6780.3520249532
"3849",9439.30852208332
"3850",6146.44413049198
"3851",8137.69236097142
"3852",7642.48940531082
"3853",5479.34558635042
"3854",6593.90668713609
"3855",8252.20693114751
"3856",6793.99971306342
"3857",6333.8655561504
"3858",6126.49146501037
"3859",7739.61965316474
"3860",5892.39494948667
"3861",5984.28455665772
"3862",7876.95819896971
"3863",8400.09283103353
"3864",8129.4591189583
"3865",6281.21360440784
"3866",6411.11835133989
"3867",7706.27122254379
"3868",6337.26662442806
"3869",7658.03756140682
"3870",5232.98886956796
"3871",6812.36314982322
"3872",5287.56176923594
"3873",10567.1997856912
"3874",8307.74005762033
"3875",10534.6125681274
"3876",7004.28746899526
"3877",7294.95211544664
"3878",5040.25989611165
"3879",9773.1700438004
"3880",8734.34007193702
"3881",7511.09372547705
"3882",6980.55944356482
"3883",7548.29059637566
"3884",8213.84446251594
"3885",4729.37232725781
"3886",4716.33566191371
"3887",6595.47505009768
"3888",9506.06799585922
"3889",4839.37785417748
"3890",6746.72952609023
"3891",6362.83478650572
"3892",7022.99604494429
"3893",5573.44644847507
"3894",5841.82347917094
"3895",7658.34868404015
"3896",5220.22097462578
"3897",4884.66706396501
"3898",6184.93337591496
"3899",6453.91197151
"3900",4291.73546669845
"3901",7426.13264279384
"3902",8842.59363896867
"3903",5689.01042276374
"3904",6842.78604802172
"3905",6049.76770813322
"3906",6881.15013485701
"3907",5569.93231828512
"3908",6683.65693616271
"3909",6292.36740057405
"3910",6737.68881464999
"3911",8511.68552177421
"3912",9598.34934530338
"3913",9463.61921913576
"3914",6604.73627041389
"3915",7812.55416022498
"3916",6843.29506562151
"3917",6555.6645844716
"3918",5891.6247639179
"3919",6357.67217506286
"3920",9303.87027448766
"3921",5651.99033151688
"3922",4645.09018374237
"3923",6439.84073722965
"3924",5878.12933178046
"3925",6207.80207068363
"3926",6865.11554900997
"3927",5532.15088136342
"3928",7604.72659704373
"3929",5655.14331400555
"3930",5995.28879535392
"3931",8985.2081188616
"3932",5599.16148974209
"3933",7892.40964314893
"3934",6447.9386401389
"3935",7041.56482845131
"3936",6814.30201258197
"3937",8221.69607477516
"3938",6708.601332059
"3939",5050.67076144533
"3940",9099.55805005773
"3941",5023.57921700606
"3942",8223.45390685237
"3943",7319.58400136111
"3944",7952.49844960675
"3945",7290.02252696166
"3946",8341.36539345783
"3947",8468.60020073415
"3948",5426.61684225965
"3949",5339.77692940397
"3950",7743.42310492234
"3951",5526.04368344071
"3952",7692.78618739104
"3953",5827.39176697234
"3954",8916.61916241977
"3955",5208.77207301678
"3956",8057.01514288932
"3957",8320.37163946726
"3958",7652.4343246405
"3959",9608.99438420595
"3960",8725.35585325212
"3961",7141.90574921979
"3962",6697.30922213696
"3963",7818.43498687755
"3964",7116.95096922303
"3965",4662.38975897111
"3966",5513.37168383943
"3967",9435.62363025198
"3968",4858.51661596902
"3969",9892.73347921058
"3970",6795.06884352671
"3971",8589.05380748992
"3972",5099.60697342448
"3973",8011.02312854316
"3974",6856.42827501838
"3975",6657.08721371548
"3976",6762.5185467655
"3977",13856.3686859641
"3978",6712.45914213457
"3979",8604.30309809133
"3980",8594.38064908717
"3981",5063.92946735571
"3982",6641.4136414378
"3983",7039.36953033188
"3984",8756.27980817547
"3985",6728.53655066243
"3986",6832.74307746437
"3987",7547.36610052263
"3988",6741.57213151499
"3989",8311.68218656309
"3990",7672.96578056074
"3991",5842.03923334824
"3992",7653.96111757804
"3993",6543.01200948632
"3994",7681.18958502342
"3995",6079.03283538828
"3996",6037.7377124932
"3997",7107.46657910811
"3998",9055.17227749348
"3999",7606.36915048592
"4000",5098.60137565378
"4001",10771.1945848401
"4002",8499.47301758392
"4003",9802.71615211024
"4004",6507.42519005367
"4005",7191.07388972143
"4006",8546.71365103477
"4007",7614.30820515141
"4008",6607.73484352991
"4009",7580.87823403382
"4010",6188.47049880669
"4011",7226.63403153973
"4012",9670.79888429089
"4013",5497.57350874915
"4014",6657.48364126308
"4015",6357.29629934275
"4016",6827.32643485883
"4017",5001.72560047189
"4018",7689.26614615639
"4019",10323.2314863324
"4020",6904.03876454605
"4021",8152.69245677051
"4022",6021.15692231734
"4023",7896.16061836667
"4024",6466.6711572586
"4025",5806.1025291127
"4026",10077.1215055352
"4027",7982.12839080043
"4028",6932.11518059448
"4029",6432.71776595775
"4030",5781.52010332953
"4031",7829.80303550911
"4032",5150.33829481804
"4033",5541.28056303574
"4034",7123.20040872601
"4035",7480.57334740959
"4036",8143.5761090991
"4037",5476.32244871904
"4038",9916.24538659243
"4039",7635.20565659629
"4040",9320.78763683335
"4041",6906.500335502
"4042",10494.9746399777
"4043",9975.75967725414
"4044",5471.96997247455
"4045",10146.7549341977
"4046",8297.23262242945
"4047",8360.81390482645
"4048",7159.76820164697
"4049",7530.52867092115
"4050",5822.7093438153
"4051",10860.7734887242
"4052",8169.68867079986
"4053",6865.23079688945
"4054",7258.53041602532
"4055",4651.92564648666
"4056",6101.49166914705
"4057",6938.49272415559
"4058",7481.08687641282
"4059",8011.24668371653
"4060",6454.44931029618
"4061",10804.4868921589
"4062",9666.06515071172
"4063",8441.80984156994
"4064",5444.339637941
"4065",7528.8405143911
"4066",6716.83769198014
"4067",5660.8574011012
"4068",5911.21589786278
"4069",6911.70991482952
"4070",7342.49176266977
"4071",9447.33251566222
"4072",6786.04925292241
"4073",7474.47624525513
"4074",9082.35856227303
"4075",5993.74965185859
"4076",6167.65475904285
"4077",7688.19101126823
"4078",7614.78076972599
"4079",12721.4946829223
"4080",6680.82654692505
"4081",9881.70404803237
"4082",8020.43231014997
"4083",6464.20897672069
"4084",7094.55550713861
"4085",6040.76617549374
"4086",8595.32645594953
"4087",6420.9695164962
"4088",7406.77849411335
"4089",6711.55285894625
"4090",8077.21825524935
"4091",6473.01318970148
"4092",4652.63096786783
"4093",6008.03509719034
"4094",5460.71149828155
"4095",8541.61272059546
"4096",6352.68708010414
"4097",5549.81476214524
"4098",7902.55572456287
"4099",6945.97706283469
"4100",4858.93741280976
"4101",7472.67705048935
"4102",9903.63021377015
"4103",10492.5885215893
"4104",7350.10686273501
"4105",7185.62050730994
"4106",7414.04036901127
"4107",5889.60694869612
"4108",9592.03889784589
"4109",7466.8042527141
"4110",8370.55246752148
"4111",9327.78121354187
"4112",6174.81876611922
"4113",8839.36663862135
"4114",6016.88485035757
"4115",9002.01683486326
"4116",5969.07989217152
"4117",10061.6452429957
"4118",7125.93332545421
"4119",7810.76912158144
"4120",6029.08299341244
"4121",7616.07998416652
"4122",6971.16383652602
"4123",7121.31071564411
"4124",7650.22334812542
"4125",6399.68626386224
"4126",6097.19982222867
"4127",8318.16179961949
"4128",9306.15115255042
"4129",8344.62503013871
"4130",8420.45603671379
"4131",7687.4383887713
"4132",6652.19966542876
"4133",7227.84406297213
"4134",9319.38782119662
"4135",6834.70759401713
"4136",6681.43740038874
"4137",8637.39070833219
"4138",8594.42994662581
"4139",7910.66056180543
"4140",7070.47061049847
"4141",9061.84805440641
"4142",6772.85393086342
"4143",5505.7864584942
"4144",8802.00481497386
"4145",6241.228106628
"4146",8551.57152467722
"4147",6493.12963048552
"4148",7440.2355960767
"4149",7191.73385962536
"4150",9710.80465777017
"4151",6970.41377757712
"4152",9796.79082791901
"4153",7737.45572368683
"4154",7983.91233092138
"4155",7559.35008715104
"4156",8503.68853905283
"4157",7189.20829696567
"4158",7605.04548548857
"4159",8511.07378658023
"4160",7827.28872397896
"4161",6401.40557809229
"4162",7290.85357090404
"4163",7377.81180081206
"4164",4019.33419573183
"4165",7047.51887877381
"4166",5764.2698758892
"4167",6137.53616015349
"4168",6277.73549448401
"4169",6508.5827712063
"4170",5933.0435365746
"4171",8416.90291380019
"4172",5974.00315911909
"4173",6710.29654894514
"4174",7440.53172985238
"4175",8600.06523158281
"4176",7798.45701974292
"4177",8427.00268536264
"4178",7121.89425563171
"4179",5537.40982198693
"4180",6907.89835518815
"4181",8661.60313320726
"4182",7221.6289038139
"4183",7923.9040832795
"4184",4857.67759180569
"4185",7756.93091511005
"4186",8692.60541311712
"4187",10659.9710885191
"4188",8105.9429644364
"4189",8411.67577856387
"4190",7543.60245266528
"4191",11517.3028047859
"4192",6601.41311538556
"4193",8810.51261271807
"4194",6137.04519737918
"4195",6958.90970593234
"4196",7836.71721731023
"4197",7314.48455557126
"4198",6682.00328484335
"4199",5489.75350443357
"4200",7196.53940448466
"4201",9481.19210623037
"4202",7245.577675129
"4203",7174.00976632464
"4204",7647.15881041251
"4205",6413.28485096335
"4206",7774.51740987058
"4207",9867.87308614893
"4208",7512.97212793632
"4209",9117.88662558734
"4210",6112.57310474891
"4211",6506.05016720118
"4212",7281.12858682716
"4213",5275.6501455285
"4214",6665.47591923404
"4215",8185.81131832818
"4216",5803.60634215578
"4217",6789.28026567076
"4218",6785.04000069437
"4219",6332.91100845048
"4220",8229.56669975193
"4221",8059.34940197739
"4222",8868.69270960401
"4223",5943.90628746873
"4224",6225.61511228231
"4225",5856.00397554873
"4226",6552.28893097947
"4227",8907.51605879264
"4228",7166.05235174761
"4229",6586.74318039121
"4230",10384.5777991319
"4231",8833.34035368726
"4232",7234.09832334792
"4233",6436.85123191349
"4234",6195.51345452808
"4235",5263.33911917721
"4236",8337.92255143797
"4237",5881.24072985082
"4238",7268.24687222014
"4239",7184.56386181076
"4240",5650.26181806671
"4241",7317.35639589998
"4242",4876.45219859088
"4243",6469.67537267957
"4244",7741.6422113038
"4245",5841.96036585001
"4246",7247.9768145978
"4247",8049.48507747308
"4248",5817.77871287043
"4249",6616.87774557331
"4250",4910.25089658495
"4251",7012.85459887589
"4252",5935.24543516557
"4253",5643.08634759614
"4254",5810.15037933783
"4255",7229.50085838338
"4256",6180.91773322616
"4257",5599.24537675676
"4258",4295.51997649814
"4259",6446.11424036273
"4260",6072.70709270793
"4261",7384.0420484543
"4262",8061.84065731841
"4263",7888.53437429776
"4264",6643.58845163373
"4265",8136.6686572551
"4266",9125.16997132329
"4267",5915.30348055328
"4268",8130.68724959177
"4269",6810.61215076304
"4270",4427.71956426144
"4271",7780.56955076831
"4272",7948.91435793354
"4273",7218.06466711816
"4274",7536.25817515944
"4275",7357.38966761768
"4276",8659.02739812211
"4277",8265.40735219206
"4278",7440.94112442827
"4279",6123.79318730476
"4280",6865.16789494781
"4281",11204.4970056001
"4282",5343.5176944248
"4283",6924.78947627283
"4284",7606.36117373879
"4285",8107.54984597859
"4286",8159.19170758774
"4287",6008.17469079857
"4288",6987.67271445092
"4289",7890.76587416814
"4290",6228.72152378413
"4291",7115.03386193847
"4292",7260.67641345678
"4293",6375.31966968111
"4294",6981.6104845826
"4295",9626.39366161424
"4296",5680.5324012397
"4297",7029.50507481627
"4298",4701.58312957596
"4299",5748.55559270337
"4300",5881.04066645485
"4301",6629.51279017405
"4302",12375.4440829633
"4303",7944.00464483603
"4304",8708.5797779895
"4305",7671.01804295966
"4306",5789.9157037224
"4307",9511.76234439531
"4308",8362.96356882139
"4309",8674.46953157046
"4310",8972.04896917231
"4311",5037.31278616031
"4312",6739.31746716627
"4313",6804.39449145814
"4314",7469.32636524719
"4315",7343.12573043329
"4316",6135.86320847311
"4317",6077.10107291334
"4318",6560.75267294614
"4319",4697.67336391168
"4320",6518.70673669415
"4321",8343.40796019395
"4322",6503.95445295902
"4323",8555.1810873152
"4324",5951.59022990854
"4325",6393.41659904626
"4326",7600.90774706974
"4327",9182.80074678615
"4328",8094.43795687537
"4329",8251.21675188056
"4330",5864.79566247857
"4331",10492.7350635677
"4332",7827.22035087648
"4333",6239.97928995204
"4334",7713.56711126027
"4335",6483.43066528225
"4336",7108.81283026621
"4337",4604.94997657734
"4338",7049.28084869393
"4339",5802.40477919844
"4340",7645.67047520204
"4341",6724.31542938688
"4342",5354.47389107369
"4343",9225.70199207022
"4344",10655.2658734495
"4345",5431.63617179657
"4346",6434.30883143195
"4347",8189.01452255789
"4348",8098.08236950671
"4349",6580.73383763798
"4350",7089.83110953593
"4351",8492.04223021489
"4352",6325.77023955333
"4353",8415.86292944857
"4354",9841.5302303186
"4355",7502.67623586644
"4356",6337.82601680134
"4357",9175.66201684577
"4358",10705.6417531336
"4359",5439.92499600541
"4360",5683.69645148775
"4361",6290.92960010059
"4362",5703.96851714144
"4363",6605.33240345769
"4364",8097.58295748536
"4365",6764.75264308676
"4366",6609.95746202363
"4367",7372.92954055652
"4368",7221.92273876719
"4369",6376.10597234762
"4370",5786.4698752031
"4371",8096.89072500663
"4372",5309.62682355972
"4373",5484.28927748277
"4374",6458.872632515
"4375",10163.1980253192
"4376",5693.09196054931
"4377",7052.03923481747
"4378",6468.73655175937
"4379",6190.92296502539
"4380",7161.6199928204
"4381",5025.6383665269
"4382",5624.63631809464
"4383",7090.12945136014
"4384",6370.49821702443
"4385",4709.49194756819
"4386",6498.75461559841
"4387",7922.02038497416
"4388",6636.44146518651
"4389",8649.63559540681
"4390",9633.06695535826
"4391",5614.04185093013
"4392",7126.74036607407
"4393",7527.2051781188
"4394",8778.13036877043
"4395",6336.58033776355
"4396",7396.2045882401
"4397",7122.69889760031
"4398",6586.84584859919
"4399",7409.99418395188
"4400",5951.64815299916
"4401",6496.58124572427
"4402",6172.25836502493
"4403",6162.74764502304
"4404",6335.96886208646
"4405",6602.51191042406
"4406",10218.1702355415
"4407",5524.62858958958
"4408",7479.60062424464
"4409",7363.2229628849
"4410",7507.22584566581
"4411",7884.63189992595
"4412",6437.44221114558
"4413",7809.06822039975
"4414",6976.43431601199
"4415",5766.73600255579
"4416",8346.6945788656
"4417",6445.61675568835
"4418",9309.84647649461
"4419",5996.46621986322
"4420",6934.53053521142
"4421",5340.55286246473
"4422",10809.6271059747
"4423",9206.10836756213
"4424",7171.22286317669
"4425",6578.56006977676
"4426",7714.9281834983
"4427",8553.07877539456
"4428",8236.87967345226
"4429",6958.71768575318
"4430",7260.95073830013
"4431",6692.97973899356
"4432",7113.02761043324
"4433",7648.0923940053
"4434",5617.48042579802
"4435",8255.52430753051
"4436",6420.32986620855
"4437",6696.74199189461
"4438",9974.43592612591
"4439",5019.12157645356
"4440",4743.71856960964
"4441",7510.44765442714
"4442",6566.05291265526
"4443",5553.74364340984
"4444",7246.81705603771
"4445",5947.90281210353
"4446",7319.74563670317
"4447",7268.07572882276
"4448",8353.98868855489
"4449",8188.26573708192
"4450",5309.077480577
"4451",6233.74072060479
"4452",7496.82368545152
"4453",7687.66933765773
"4454",5102.20134943541
"4455",5360.45204228053
"4456",7561.66054829237
"4457",7406.58120503962
"4458",6651.83124488117
"4459",6487.87457397507
"4460",6775.10152709243
"4461",8797.52089118319
"4462",7177.47610173629
"4463",5533.98263725532
"4464",7850.05533963619
"4465",8497.70334862688
"4466",6813.17562518403
"4467",5409.23231275358
"4468",4897.95938077307
"4469",7025.26772427145
"4470",7122.7634513768
"4471",7127.49964553647
"4472",7129.30538408813
"4473",6499.27390501047
"4474",6573.84923165806
"4475",5743.01197517052
"4476",6370.07943387482
"4477",8472.64958008683
"4478",7716.70280007729
"4479",8757.77094194214
"4480",8578.21160364609
"4481",6003.81135139511
"4482",6503.47628955796
"4483",4698.04277807004
"4484",6805.49782541576
"4485",6812.62386549689
"4486",5013.09857447214
"4487",6768.01097890988
"4488",7063.57910961453
"4489",6764.2777469334
"4490",7240.30524035878
"4491",10915.479486013
"4492",8573.1510256171
"4493",7717.06175855163
"4494",7003.04994239
"4495",8497.34861824533
"4496",6336.58190992902
"4497",8410.89290997923
"4498",6854.49805845251
"4499",7736.50587268272
"4500",11457.8456555617
"4501",6403.3741945189
"4502",8210.53322444892
"4503",6781.90410782963
"4504",6501.12478789266
"4505",6553.3808366448
"4506",5951.44509983007
"4507",8829.29081033514
"4508",7193.45244355199
"4509",5624.05982651244
"4510",6012.57543339452
"4511",6293.42859018424
"4512",6035.68657445305
"4513",6826.50473203112
"4514",8091.61919480915
"4515",7546.15818433241
"4516",9150.8541260557
"4517",8007.86855932221
"4518",5669.4686105482
"4519",6675.33218331175
"4520",7543.71981904479
"4521",8951.16203542531
"4522",7935.43133294993
"4523",5268.19768114912
"4524",7297.35387792484
"4525",6826.1110863161
"4526",6361.89511183937
"4527",6795.42693465538
"4528",6457.9493903779
"4529",6001.59916896353
"4530",7938.95199854029
"4531",6419.14117487326
"4532",9215.24834817436
"4533",5495.16382626948
"4534",7138.22665378935
"4535",10564.3590619437
"4536",9351.05980612759
"4537",8629.75972772554
"4538",10277.7207234388
"4539",7393.30118533829
"4540",6280.86524309203
"4541",9284.98313172452
"4542",5242.83251235348
"4543",7274.72663570269
"4544",7471.35585827266
"4545",6965.54138861328
"4546",7417.84363481887
"4547",8087.09060470275
"4548",7856.51941866565
"4549",4510.74109217276
"4550",6120.34661511769
"4551",8618.68358597455
"4552",6366.59385568462
"4553",8732.50058042277
"4554",7555.56406304992
"4555",6264.86397217876
"4556",6377.35395522146
"4557",7829.33697519412
"4558",7243.32032887788
"4559",7357.4718765784
"4560",5646.99959165856
"4561",6639.79716933591
"4562",5510.09913669456
"4563",6623.03151724805
"4564",7475.05465298953
"4565",7960.29176211333
"4566",9417.38723551407
"4567",8108.90890622386
"4568",7751.09018984625
"4569",7289.71113655307
"4570",6116.51588995666
"4571",8092.57517788871
"4572",6475.5608614029
"4573",8728.96907826287
"4574",7780.61071909329
"4575",6257.48341132832
"4576",8667.77794954581
"4577",11751.285971668
"4578",6446.56647156645
"4579",7829.85565725229
"4580",7006.32312688256
"4581",11194.827558482
"4582",5347.44483070594
"4583",7401.22138232661
"4584",10251.90162583
"4585",5582.04545089403
"4586",4827.30525361043
"4587",5603.53400467835
"4588",8916.62142371401
"4589",5082.78308909194
"4590",7272.63451688696
"4591",7302.07459949899
"4592",4869.27797449567
"4593",6897.24951881261
"4594",9954.05566584741
"4595",6735.56234818953
"4596",6068.91748453123
"4597",9143.99133271399
"4598",7612.18728815903
"4599",6359.69553319955
"4600",7034.84525932226
"4601",6223.83567343888
"4602",7084.75499774521
"4603",6062.22544692432
"4604",9524.98755629181
"4605",6318.76744016188
"4606",6386.01289639734
"4607",6189.00575336926
"4608",9294.22690906647
"4609",7134.47878501225
"4610",10334.488038196
"4611",7777.50447520154
"4612",6581.32683821712
"4613",5941.61552728967
"4614",6347.09748874348
"4615",9748.54516017234
"4616",6802.35599555192
"4617",6297.8398820833
"4618",7094.39983055075
"4619",7344.73062455631
"4620",8622.8587461583
"4621",6761.91229583323
"4622",7206.40783292641
"4623",6765.47675108207
"4624",9459.56764858991
"4625",7107.38011021089
"4626",6900.13645509729
"4627",5077.82803179292
"4628",6841.32773968969
"4629",7617.49270225466
"4630",8145.15286150222
"4631",4415.99330462635
"4632",4938.67648940605
"4633",5664.56129126928
"4634",4243.41530279707
"4635",6416.08532642719
"4636",5696.93172137908
"4637",4991.71449868655
"4638",5132.5743010169
"4639",6859.73359628973
"4640",6466.48159631102
"4641",5037.74095995899
"4642",4849.75143483758
"4643",7757.04938809541
"4644",7655.93804439427
"4645",8055.49849171109
"4646",5884.82371492846
"4647",6482.07284212977
"4648",9725.21350540858
"4649",8522.49494221655
"4650",7612.33066375422
"4651",6267.55509705402
"4652",9276.10564464614
"4653",7233.33603953074
"4654",5745.49546349247
"4655",5450.56159598343
"4656",8434.68144647458
"4657",5267.87386180057
"4658",5037.34137070158
"4659",7278.13493550528
"4660",8859.66921115788
"4661",5667.01291663585
"4662",5773.46847264229
"4663",8312.85531817038
"4664",7197.46046008065
"4665",8636.02184405723
"4666",5456.07230472502
"4667",6344.76621980907
"4668",6799.82744288467
"4669",7942.13052483114
"4670",6880.54055543731
"4671",5409.71817986726
"4672",7445.30914481281
"4673",5753.97204237741
"4674",8516.52859784671
"4675",8531.42662969894
"4676",5058.82591537113
"4677",5200.17499358488
"4678",12051.1718809249
"4679",4790.2671714055
"4680",7728.49856107917
"4681",7259.03656377954
"4682",8990.52528509709
"4683",7188.11383255012
"4684",7087.54726215274
"4685",8300.94880129702
"4686",6169.283159697
"4687",6237.25745663615
"4688",5454.181030192
"4689",7233.10906886804
"4690",6475.04485287149
"4691",6806.85782163528
"4692",7724.57269856722
"4693",6642.30320575697
"4694",7309.60417735995
"4695",5598.13027954345
"4696",5988.95532659105
"4697",6593.9767250486
"4698",9775.0648141074
"4699",6639.45370780006
"4700",7772.20625148038
"4701",6406.67577689771
"4702",6295.6709943211
"4703",8417.07170921795
"4704",6105.85454027102
"4705",7080.44052370252
"4706",7730.56162629429
"4707",7512.04487575255
"4708",6600.85576140054
"4709",8891.49338184445
"4710",7782.64703467734
"4711",7860.55954605964
"4712",7276.35334932083
"4713",5470.47803924626
"4714",5444.1415705357
"4715",6356.07457492201
"4716",5481.47351376023
"4717",9320.39663931126
"4718",7916.64452580815
"4719",7513.70198151013
"4720",8180.42767255949
"4721",8410.4571258475
"4722",5647.00995981399
"4723",5926.71534618822
"4724",5365.59921265034
"4725",5825.55942805054
"4726",6928.88935753271
"4727",6387.56777666352
"4728",6225.10317326877
"4729",5280.50248349877
"4730",5850.21734006564
"4731",7691.967019252
"4732",6082.39149617475
"4733",6120.84721347872
"4734",8508.48172550095
"4735",5086.06668791844
"4736",9102.06848133505
"4737",6223.94884652103
"4738",10062.6081376412
"4739",10808.9578437443
"4740",5109.81498818372
"4741",8823.42389124386
"4742",7508.91318823653
"4743",5977.61956417575
"4744",9907.93913680969
"4745",7421.27765702705
"4746",7408.71619172824
"4747",6786.95077435329
"4748",6635.24425827532
"4749",9233.97556878203
"4750",9519.5896004038
"4751",8708.43525110397
"4752",11136.1891255097
"4753",6555.02582837548
"4754",10007.7355041905
"4755",5505.05984658262
"4756",6011.90409943602
"4757",7516.8748591687
"4758",7196.51513045369
"4759",5470.25093423554
"4760",6855.1568495432
"4761",4997.10823811013
"4762",6875.66622012958
"4763",6299.48167566057
"4764",6843.10632014927
"4765",5480.00416296416
"4766",5474.29552982744
"4767",9416.73521305063
"4768",6291.28870004338
"4769",6756.9698681633
"4770",6167.6233565624
"4771",5689.54909369302
"4772",6317.77601183822
"4773",5004.43701861424
"4774",7969.11595478175
"4775",8779.85359091864
"4776",7960.13059100467
"4777",7333.3924596796
"4778",7025.48754939299
"4779",4806.85662893456
"4780",7510.54059692814
"4781",8272.96026322997
"4782",5709.10924116012
"4783",5704.68124513952
"4784",7730.01930500388
"4785",6148.05722507179
"4786",6970.5000218582
"4787",7561.97229107246
"4788",6805.00506878414
"4789",6944.94797734371
"4790",9859.42703727075
"4791",5901.92741523415
"4792",9401.22393647646
"4793",6968.08225333532
"4794",8587.92304746523
"4795",6002.28171889817
"4796",9878.7204620182
"4797",8826.31532775142
"4798",7751.2646487544
"4799",7174.58299777688
"4800",8193.50917337477
"4801",7498.46502821448
"4802",6383.35127418659
"4803",6686.39726461879
"4804",10097.9566736946
"4805",6302.74865249731
"4806",7126.0252773964
"4807",6395.97821325233
"4808",6614.54928116875
"4809",6580.63791263034
"4810",7020.82564480125
"4811",7948.98425852124
"4812",6775.66956599307
"4813",7181.30272576814
"4814",8152.79649696493
"4815",7004.89456557135
"4816",7769.50063894019
"4817",6153.05710469211
"4818",6149.39654259873
"4819",6393.94603464876
"4820",9826.52437556485
"4821",9246.42892666688
"4822",6426.35698057433
"4823",7697.51796899982
"4824",7877.87915645187
"4825",8413.70714806482
"4826",6180.93953894429
"4827",10236.5406110313
"4828",5240.57316109381
"4829",6599.50866392951
"4830",6648.02836721864
"4831",5344.28575416494
"4832",7631.07486714779
"4833",8206.89986104228
"4834",9268.98904333632
"4835",8030.86339937253
"4836",6066.23450477253
"4837",8060.45678762675
"4838",6366.08522498964
"4839",6132.7243070792
"4840",7083.19472682411
"4841",8368.1918360424
"4842",7799.68369177276
"4843",7192.9874841081
"4844",7614.95089879444
"4845",5085.59082896622
"4846",11753.5102289269
"4847",7266.77848222182
"4848",7480.90569082552
"4849",7065.54913716957
"4850",7444.92571475016
"4851",5531.54536991202
"4852",8929.14951852849
"4853",5151.88804788347
"4854",7451.16145743555
"4855",7031.17046860593
"4856",6373.20903690174
"4857",8613.01855554442
"4858",5299.81508561928
"4859",8762.13835335939
"4860",6991.23432704683
"4861",7919.67135777247
"4862",6409.49970149157
"4863",10136.8352348877
"4864",7253.56955701793
"4865",9121.19103147297
"4866",5816.18112777929
"4867",6274.42440267588
"4868",5598.56389043485
"4869",6470.02507825789
"4870",6188.66684895503
"4871",8970.29460761098
"4872",8630.67216606012
"4873",7506.44488975475
"4874",5803.60758660958
"4875",6079.07473756101
"4876",6717.71894909282
"4877",5762.4751127736
"4878",7388.69488884794
"4879",6318.53558505532
"4880",6329.03115680555
"4881",5117.40860318623
"4882",7261.22465439421
"4883",7541.59865021219
"4884",6572.29834822199
"4885",7492.04482028321
"4886",7685.79817004706
"4887",9130.68809945824
"4888",7018.24551241383
"4889",6696.63774897753
"4890",5416.48640592831
"4891",9232.06067877422
"4892",9471.97327047267
"4893",7320.57660748604
"4894",8006.24234142232
"4895",7215.00155334341
"4896",6821.72281126449
"4897",5780.29743555852
"4898",6306.95136367468
"4899",6775.31214016643
"4900",7189.50866040837
"4901",4786.19570862569
"4902",9450.42552287593
"4903",7407.55144730362
"4904",7966.82826375005
"4905",7608.53746180403
"4906",9929.10255014927
"4907",7409.37094090195
"4908",10857.5452298217
"4909",5793.35995115893
"4910",6215.92718790481
"4911",6085.05785672202
"4912",8445.93344595205
"4913",5656.93571612801
"4914",5890.27913785382
"4915",8116.94719195922
"4916",6850.91728209992
"4917",7123.23253717081
"4918",8499.92763058201
"4919",6497.84609592534
"4920",10448.8839200524
"4921",8117.68983820806
"4922",6493.56031382026
"4923",8920.50556723972
"4924",10473.9594751029
"4925",9102.2788177282
"4926",6213.72397345534
"4927",7663.67630377505
"4928",7649.1861917116
"4929",6505.2959329035
"4930",7936.84477599159
"4931",5956.55389424677
"4932",6286.44165471767
"4933",6907.24211517784
"4934",6538.62234868084
"4935",6466.36669144269
"4936",7665.5316780209
"4937",6996.4283179531
"4938",6859.70325284061
"4939",7469.33888223511
"4940",5932.01547875416
"4941",7462.70727206095
"4942",5543.70347231731
"4943",6642.35036518455
"4944",7469.11520241811
"4945",6112.40747609665
"4946",6297.90661826734
"4947",4932.26703649423
"4948",6923.75651066169
"4949",5673.32427330273
"4950",6152.75804853069
"4951",7920.95332557834
"4952",8988.43090316711
"4953",8991.64581192507
"4954",7263.30171329332
"4955",5481.33757618609
"4956",9372.84246716866
"4957",7207.9375373001
"4958",8088.29561210041
"4959",5730.64398537309
"4960",6943.60110220608
"4961",7826.13245124843
"4962",7272.59403559632
"4963",6300.45530452663
"4964",9977.10194468355
"4965",7545.60692582808
"4966",6529.69178932047
"4967",10006.4649615827
"4968",6900.50174821705
"4969",5420.6358735457
"4970",7261.33189510925
"4971",5531.24439881162
"4972",5742.76867805813
"4973",5800.71881518876
"4974",8223.5919807329
"4975",5328.25821595086
"4976",7034.30478407778
"4977",6599.45835837595
"4978",7030.19832078393
"4979",9140.43433344117
"4980",11861.5232792664
"4981",6945.57039197541
"4982",6539.77007160152
"4983",6702.36164653819
"4984",6825.97630144862
"4985",5965.00491836129
"4986",5909.71644851228
"4987",6493.0107861761
"4988",7777.80944903705
"4989",7436.80406674561
"4990",6749.03363519893
"4991",8902.85853084882
"4992",8289.47147996566
"4993",4340.92662076516
"4994",6636.2956106309
"4995",6353.27865173161
"4996",5614.58204764766
"4997",6361.90214229628
"4998",7816.39793609587
"4999",7244.36170963414
"5000",6840.51392183085
"5001",8735.9100458143
"5002",5326.43762747912
"5003",6204.84026342847
"5004",7114.13331849601
"5005",3899.24122365574
"5006",7586.06679265674
"5007",6636.35092904194
"5008",10776.5873958512
"5009",5762.60679619627
"5010",7808.80659889389
"5011",7500.91888395925
"5012",4995.19928312557
"5013",5638.24864772085
"5014",11656.2804065638
"5015",4683.77908215012
"5016",6292.09014830433
"5017",3958.61075385867
"5018",8384.31796442804
"5019",7099.33236640578
"5020",6153.95099532819
"5021",6386.76960110599
"5022",7406.21797159936
"5023",7616.64101005567
"5024",8593.14389521991
"5025",6951.54249412311
"5026",3984.31262901977
"5027",8685.72014185928
"5028",4852.4041009647
"5029",6144.78239633456
"5030",4371.03111354665
"5031",4726.60013436935
"5032",8437.67860642636
"5033",6614.78431415139
"5034",7664.57119485633
"5035",6748.86944109621
"5036",4692.92846302346
"5037",6160.56858512371
"5038",9326.45746799453
"5039",6588.18468268634
"5040",5744.05833252033
"5041",8254.15740390716
"5042",7269.01755551833
"5043",9659.21296176923
"5044",5689.63488365133
"5045",5298.1224650345
"5046",7692.4664496504
"5047",6023.63244359437
"5048",7552.07352431221
"5049",7456.24310665975
"5050",8504.80198269101
"5051",8911.8192635891
"5052",8720.82906396155
"5053",5285.39937837285
"5054",6197.9536030905
"5055",7399.16827202213
"5056",5643.82600313897
"5057",7285.7363835866
"5058",7386.97809581124
"5059",5176.86310869484
"5060",6192.69816766912
"5061",5026.75273687037
"5062",5358.56793677739
"5063",5785.6910594572
"5064",7554.7319544177
"5065",7340.13382071858
"5066",5448.04913242136
"5067",8115.27660726774
"5068",9676.18930538475
"5069",6336.28218963106
"5070",5753.73894487207
"5071",6454.26048417803
"5072",6671.51104906782
"5073",7805.28067575952
"5074",9335.19660338867
"5075",6138.83812877584
"5076",6941.1416580582
"5077",5331.72815829964
"5078",5668.31938732535
"5079",7652.63075491318
"5080",6953.79886320391
"5081",8794.33957697851
"5082",8338.888614431
"5083",7018.7513642416
"5084",5199.29626239656
"5085",6533.75968034985
"5086",5269.93591561974
"5087",5229.04960774235
"5088",7658.62783280697
"5089",8513.01443502311
"5090",10507.2155640488
"5091",10973.0333007124
"5092",5913.8461400834
"5093",9251.94963538578
"5094",7540.34751497406
"5095",7187.06038220581
"5096",7120.85756977753
"5097",7393.96656666158
"5098",6222.88510427486
"5099",7373.92063075486
"5100",7038.99143342626
"5101",7889.32418262746
"5102",8423.01857465816
"5103",7635.18279872931
"5104",6616.32847319376
"5105",9981.11228221419
"5106",4197.02175847657
"5107",7001.9807080019
"5108",7297.80926873773
"5109",6983.51572901739
"5110",5061.17052063619
"5111",8203.8540677133
"5112",8285.74000103947
"5113",7877.651007961
"5114",7308.00221129419
"5115",7355.68853291201
"5116",7173.69563995294
"5117",10204.3741704739
"5118",9480.79577831973
"5119",5645.30976276502
"5120",7340.5804870564
"5121",9213.98120564357
"5122",6787.82648362802
"5123",5739.54180090714
"5124",8427.93750757973
"5125",6105.44157943329
"5126",7093.76957871053
"5127",6268.68442012475
"5128",7806.16884646216
"5129",5162.64998529005
"5130",6834.17446219285
"5131",7391.37482145245
"5132",8339.79684240273
"5133",6924.51998317516
"5134",5471.68000447082
"5135",5109.7117317337
"5136",5365.06436323628
"5137",5037.83311368141
"5138",4835.34196230374
"5139",7316.03446435221
"5140",5790.54649563642
"5141",6422.99799081692
"5142",4363.24635518934
"5143",6947.16721727813
"5144",6568.51055725406
"5145",6596.69298743545
"5146",7112.63879874005
"5147",8378.00439822085
"5148",5194.85770050177
"5149",6476.35881354459
"5150",4506.44349323924
"5151",6525.4172667891
"5152",6602.4245132504
"5153",8427.20398444259
"5154",6135.1401792954
"5155",6385.5288515597
"5156",7568.75854663947
"5157",5723.34022185441
"5158",6651.579529193
"5159",8330.09400274332
"5160",6952.2006468062
"5161",5803.91494179675
"5162",6441.21433681757
"5163",6921.05919332282
"5164",4523.52937672354
"5165",5974.35948927756
"5166",8577.84881682447
"5167",5851.40841374662
"5168",7761.90249112907
"5169",7633.63340852428
"5170",7046.58871301403
"5171",5361.20325228479
"5172",6277.84433186434
"5173",4837.3085032718
"5174",6216.27102845848
"5175",7400.01777525127
"5176",11538.2516137273
"5177",7606.22797746196
"5178",4075.82417474291
"5179",5461.13446864622
"5180",8785.47234087601
"5181",5578.93763991556
"5182",5943.83874677878
"5183",5328.5624386382
"5184",8247.29239895975
"5185",4819.17228630998
"5186",6199.79743372595
"5187",5249.98418115112
"5188",10791.2363345011
"5189",6944.17825354048
"5190",7645.32962244777
"5191",8289.19829373346
"5192",8004.32028706019
"5193",5267.27907531095
"5194",6137.35138064107
"5195",6602.10578171544
"5196",6610.14764708969
"5197",5693.35422174455
"5198",6874.99888408842
"5199",8344.27173140744
"5200",6914.43915984719
"5201",5386.42873381381
"5202",6174.53045121333
"5203",7568.79856325517
"5204",5428.61305116979
"5205",5731.20135597637
"5206",7229.84203475448
"5207",5786.0676443728
"5208",4729.14841344945
"5209",7743.06396924932
"5210",7971.05380583488
"5211",8372.59411446023
"5212",5208.56705640241
"5213",6647.88195019181
"5214",5138.43664198359
"5215",6972.22355673818
"5216",6652.12884538113
"5217",7907.11921756161
"5218",3513.01727044685
"5219",7799.18942310971
"5220",8118.76177828144
"5221",6933.11264565497
"5222",7265.35438713225
"5223",9292.28948419284
"5224",6201.70375522771
"5225",7064.61234857519
"5226",5430.24929770153
"5227",6400.43551359563
"5228",6210.03136932909
"5229",6095.79730911623
"5230",7289.54399927758
"5231",6450.90913228173
"5232",7477.96957461518
"5233",6982.66163092388
"5234",7147.71416979305
"5235",4898.08185331184
"5236",7776.43061381213
"5237",5606.5203920841
"5238",9405.3645195926
"5239",9449.64309068545
"5240",8461.78410376195
"5241",5735.28650553036
"5242",6142.01831089902
"5243",6687.34517429447
"5244",8701.92018106768
"5245",5813.82525275377
"5246",7118.27267329451
"5247",6600.11340447484
"5248",6602.11667998643
"5249",8625.71797503908
"5250",8202.39547893875
"5251",6654.86716091897
"5252",6324.97072169393
"5253",7546.07668033532
"5254",7324.4727583982
"5255",8118.91903201246
"5256",7543.05724402005
"5257",4877.28200814875
"5258",6286.00595657609
"5259",8908.54089234003
"5260",7580.14732534465
"5261",8572.28344534141
"5262",6297.65232592386
"5263",8012.95899827027
"5264",9933.11810722012
"5265",8182.04339579319
"5266",10132.1592689151
"5267",4925.34519773679
"5268",6863.77715469309
"5269",8543.75856880049
"5270",6833.55650251726
"5271",5884.16259582628
"5272",6724.58247968349
"5273",6263.15665340412
"5274",6951.92979769922
"5275",5735.9958600317
"5276",5738.27987530434
"5277",7551.8227781011
"5278",6878.05906404881
"5279",6695.31419595769
"5280",6851.38569757566
"5281",7089.677772418
"5282",6104.78003970387
"5283",7411.6036577924
"5284",5639.01636215247
"5285",5715.92660957608
"5286",6945.42507206817
"5287",8383.9750623671
"5288",6702.01142165508
"5289",6597.34753396757
"5290",7869.91865403151
"5291",5892.22282628148
"5292",7349.3653021969
"5293",7739.08944187736
"5294",8903.89134986021
"5295",8270.47869875631
"5296",7364.5287702211
"5297",4747.24623247149
"5298",11330.0945006721
"5299",7761.39307425708
"5300",8406.43696484727
"5301",8026.56188329463
"5302",6398.87107961909
"5303",7273.28352318822
"5304",7560.34376296249
"5305",9542.42312148087
"5306",6954.42973895707
"5307",11142.6866294883
"5308",6461.90515786749
"5309",10146.8074719553
"5310",5490.26562229603
"5311",7012.70372483606
"5312",6256.28378596767
"5313",5961.33573114678
"5314",9054.51140108921
"5315",7542.48747008511
"5316",5694.39615324046
"5317",8527.27823162535
"5318",6371.83828998237
"5319",8051.11443595566
"5320",9132.63477145935
"5321",6848.02116248264
"5322",6164.84382742361
"5323",6561.17433323099
"5324",8216.2876884787
"5325",11131.5544076681
"5326",4398.82537403573
"5327",5750.36720287352
"5328",6021.35448720045
"5329",5380.2390803997
"5330",7004.43097166683
"5331",7954.61253251071
"5332",7063.92936017427
"5333",6870.00565323508
"5334",7403.65206150693
"5335",5891.47621124198
"5336",6988.55165667278
"5337",7920.62574338328
"5338",6611.86567798591
"5339",10120.7812677602
"5340",6579.07914986494
"5341",5758.59299597614
"5342",7118.3876356478
"5343",4655.64927475727
"5344",9815.55636377786
"5345",8412.14018575846
"5346",9262.94321648809
"5347",10635.8623486492
"5348",8132.19403339037
"5349",5030.4716057496
"5350",6421.13139242154
"5351",5532.85062174998
"5352",8181.15026002967
"5353",5458.0951827812
"5354",8946.35418476442
"5355",6077.87255409659
"5356",8145.41192226188
"5357",4845.89554720688
"5358",7463.22218115957
"5359",13118.0690900618
"5360",7835.17749240199
"5361",5957.4244818067
"5362",6984.09543941728
"5363",6630.57868923934
"5364",7706.03251531737
"5365",8448.26395111247
"5366",8429.01019239871
"5367",7219.13705456231
"5368",6196.86691972223
"5369",8038.58757666394
"5370",3498.28118491958
"5371",5268.54384168585
"5372",9338.27334606513
"5373",6637.16908845745
"5374",8833.73795594254
"5375",5745.86944626485
"5376",7749.72513375061
"5377",6467.06578265022
"5378",8106.30491129583
"5379",8386.03378811237
"5380",6316.07379508363
"5381",4795.46179373262
"5382",7730.1632175846
"5383",11114.5470852196
"5384",5735.21085610462
"5385",6569.08569541863
"5386",6689.67323596642
"5387",7447.10159114889
"5388",7930.90972903402
"5389",7067.06026543208
"5390",7005.54950207107
"5391",7034.4300029335
"5392",6162.73324561896
"5393",5972.04955223424
"5394",5056.11027712073
"5395",7634.04291299758
"5396",6491.715168616
"5397",8583.96059314924
"5398",7629.61188535677
"5399",9168.84400936662
"5400",8732.9676776071
"5401",6815.25215789281
"5402",6099.49997188837
"5403",5138.13124972965
"5404",7226.63776793212
"5405",5622.97208528657
"5406",9773.09385658104
"5407",6344.57496637088
"5408",5326.5413176674
"5409",11413.0510942707
"5410",5080.53056985208
"5411",6515.25414008801
"5412",8074.06894234356
"5413",8315.39208839504
"5414",6819.31920955003
"5415",8239.6936674326
"5416",7807.76332724295
"5417",6915.80218052656
"5418",6442.07849910053
"5419",7451.86177450495
"5420",8221.63739671707
"5421",7482.05774029706
"5422",5594.65195678216
"5423",8358.34716999465
"5424",4419.09845687359
"5425",7706.96874384551
"5426",9341.17985848576
"5427",9569.98701855175
"5428",7649.48692486745
"5429",4566.01660316852
"5430",10532.9356489172
"5431",7519.89963033539
"5432",7552.98225038628
"5433",7710.64655662954
"5434",6766.20271248867
"5435",9065.67514627043
"5436",8939.45600760074
"5437",8477.26493698734
"5438",6046.14986152452
"5439",9341.53645246059
"5440",7840.94341066471
"5441",6876.68367657993
"5442",6375.19393913849
"5443",5777.9329296263
"5444",6778.48464016873
"5445",6071.59620357145
"5446",7092.61216252543
"5447",8149.21217276225
"5448",7093.57335871787
"5449",5337.12968291157
"5450",7814.00595807692
"5451",9021.8687653132
"5452",5093.21001931077
"5453",6506.5919386808
"5454",6778.7073237827
"5455",7315.11978518922
"5456",6146.5451911337
"5457",9332.70769487801
"5458",8846.41284339058
"5459",8227.97607632201
"5460",5337.65458887108
"5461",6818.47522783688
"5462",11551.2044371959
"5463",6938.34788275278
"5464",8490.98742796298
"5465",8608.74046981196
"5466",5589.30843898724
"5467",7721.49737837299
"5468",7848.91374397681
"5469",8356.80972934097
"5470",8403.53551067675
"5471",6557.79843612605
"5472",8037.21681916679
"5473",8632.26668788834
"5474",8457.12308484783
"5475",6375.40665732042
"5476",6648.94251827092
"5477",5693.79809522766
"5478",8321.36690507325
"5479",8037.75536302117
"5480",7124.72642667132
"5481",6114.17371504464
"5482",4953.99438098872
"5483",8573.32834752087
"5484",6840.3480125708
"5485",7850.31698379125
"5486",8616.63314685241
"5487",6660.69698175596
"5488",5637.2477131522
"5489",7638.53873182995
"5490",6362.86217058824
"5491",6159.48155459013
"5492",6906.52212921844
"5493",8350.0887652403
"5494",6799.09965037518
"5495",6212.55386021204
"5496",6228.21042236661
"5497",9371.90761649514
"5498",5891.32524057188
"5499",5644.58041988301
"5500",9007.30661419227
"5501",8124.72398296761
"5502",6353.60960674481
"5503",7920.36176609078
"5504",7751.13347158609
"5505",5224.23102893568
"5506",7541.91071060106
"5507",4704.20444925222
"5508",8364.24247193897
"5509",6909.26841178356
"5510",4768.35854448666
"5511",6114.26807849978
"5512",7458.38171183608
"5513",10538.8187758955
"5514",7155.66753649527
"5515",8305.9785912965
"5516",7063.24307959751
"5517",8046.22130204056
"5518",10005.1137902542
"5519",7402.83387798876
"5520",7829.04383012619
"5521",6046.78552748617
"5522",7007.35092862468
"5523",7179.142717218
"5524",6423.39848129917
"5525",7416.63999710642
"5526",6162.75110901648
"5527",5108.20667088353
"5528",6034.76892949048
"5529",6182.97631078165
"5530",6591.64195613245
"5531",5736.13684279555
"5532",8467.8012662341
"5533",8170.86733855756
"5534",6845.61874342325
"5535",10247.3718382634
"5536",8543.99226895045
"5537",8720.06558587815
"5538",7056.17695927518
"5539",6014.69584468581
"5540",7432.81635430317
"5541",7715.45264338519
"5542",6620.02691582065
"5543",6180.20779940321
"5544",5313.81270495764
"5545",7692.38492581478
"5546",6677.49291928343
"5547",6974.54732354163
"5548",6529.93929026158
"5549",6599.62702402577
"5550",6162.07493552381
"5551",8425.66321986074
"5552",9031.51687430627
"5553",5121.92202194421
"5554",7621.15826455775
"5555",7247.23117094357
"5556",6895.14317644103
"5557",5461.1771652375
"5558",6792.64696866297
"5559",6704.14850539206
"5560",8116.67944274889
"5561",8938.20576648008
"5562",4972.84018044349
"5563",4944.42734501262
"5564",4815.08509621023
"5565",8406.42933724641
"5566",5356.0392260617
"5567",7417.37401754129
"5568",6188.98009579297
"5569",5898.20279269206
"5570",5986.91783907302
"5571",7265.99317452764
"5572",5918.42314522931
"5573",6507.18938850413
"5574",5494.15742694308
"5575",6969.39074381583
"5576",5308.62014004222
"5577",6424.36950861085
"5578",5386.71685520089
"5579",7575.30711536686
"5580",6974.59008954854
"5581",5948.77983606328
"5582",4906.85664446069
"5583",7362.2703412743
"5584",4837.71081040652
"5585",6710.48726961714
"5586",7002.63709621701
"5587",7767.45014915434
"5588",7882.8749577941
"5589",5729.27012389035
"5590",7998.81644986272
"5591",5246.69519225464
"5592",9656.2718226693
"5593",7417.91455832049
"5594",8567.75546576839
"5595",8439.0213355732
"5596",7433.03634755025
"5597",6024.77176564442
"5598",7307.64465747273
"5599",6000.79548248652
"5600",6006.34656175462
"5601",7088.14655604754
"5602",6986.74150821139
"5603",7439.6153683864
"5604",8283.35903589809
"5605",7842.00929398855
"5606",7914.46890730614
"5607",6797.84100680345
"5608",7364.60891920964
"5609",7934.60171822695
"5610",8564.19078213037
"5611",6564.44971668044
"5612",5516.62680958933
"5613",8400.63430900899
"5614",8732.39443540875
"5615",7356.54408427951
"5616",6386.43530884976
"5617",6130.31430054834
"5618",5425.55188590112
"5619",8019.54846658401
"5620",7240.41840454669
"5621",6699.50528308444
"5622",7327.39467347286
"5623",9680.50467652733
"5624",7053.73844705786
"5625",7603.51620705023
"5626",8143.21362521949
"5627",7855.98408403027
"5628",8969.33119928366
"5629",7816.17975503951
"5630",7323.81735107512
"5631",3932.05181446269
"5632",7094.38929183469
"5633",5788.10612731022
"5634",7643.46852399279
"5635",5475.81434043747
"5636",8397.62358454422
"5637",8482.75068151187
"5638",4745.10250733873
"5639",6562.39091167866
"5640",9988.43848691913
"5641",8437.56712453121
"5642",4939.27382609069
"5643",7350.59601244547
"5644",11025.4901504864
"5645",5420.41025210348
"5646",6170.94318583683
"5647",6616.39702784792
"5648",8637.04390711681
"5649",4197.9043462165
"5650",7312.42529791203
"5651",5264.04117267624
"5652",7413.45674332688
"5653",7238.69963139542
"5654",8548.01486998458
"5655",6956.7564390682
"5656",6841.93768678231
"5657",6610.43968378387
"5658",10031.796854732
"5659",5724.68515885155
"5660",9822.40773504102
"5661",8170.39702018
"5662",7870.67470830687
"5663",8537.03625166465
"5664",6375.27860294856
"5665",6908.14822432645
"5666",8830.74917872008
"5667",6250.36515756239
"5668",6559.59144603945
"5669",6669.89848231779
"5670",8792.91016673874
"5671",4420.07534032502
"5672",10002.2005316785
"5673",9409.27220580044
"5674",7603.78250136779
"5675",6880.48473806567
"5676",6944.7804895267
"5677",7974.13281572103
"5678",5108.44536766537
"5679",8318.03638546007
"5680",5294.49663869152
"5681",6400.55192336078
"5682",7303.87161005312
"5683",5788.28530328782
"5684",7562.67468589472
"5685",6802.5249929715
"5686",7205.72340902257
"5687",7902.93173485804
"5688",5650.74520014411
"5689",8837.87314538463
"5690",6427.52847482287
"5691",5500.42801933422
"5692",9100.09308992853
"5693",8519.44745747446
"5694",7599.67423138063
"5695",8405.39048850222
"5696",5810.80063690784
"5697",5558.39836478563
"5698",4807.62121776805
"5699",7627.88539491158
"5700",5833.9209261078
"5701",6588.99040216922
"5702",6160.36615004771
"5703",4739.52253965162
"5704",3633.8978754188
"5705",6864.95280728968
"5706",5936.57103433524
"5707",5922.16868317274
"5708",6974.89499470617
"5709",9904.43612773791
"5710",6484.0221024014
"5711",7472.24030179347
"5712",7297.12788532726
"5713",6190.88355820795
"5714",6395.65336415601
"5715",7079.8692143635
"5716",8946.86447675225
"5717",7453.14582961836
"5718",7307.81437009628
"5719",6959.91863873752
"5720",8829.55471438749
"5721",6973.86810477319
"5722",8829.09083210977
"5723",7327.57326897433
"5724",7246.01346288952
"5725",5434.20190381754
"5726",7205.56663148747
"5727",10068.1070336684
"5728",7144.76664198362
"5729",5944.67396020593
"5730",6753.32922373037
"5731",6694.77038425153
"5732",8362.31400402137
"5733",6228.68543563602
"5734",6328.14189221082
"5735",8272.80199348214
"5736",7626.99192241131
"5737",7176.62414798056
"5738",8126.59520437492
"5739",8172.98744632763
"5740",8442.39235059089
"5741",5265.72364827171
"5742",8321.16445566467
"5743",8944.14850459203
"5744",5822.18967329594
"5745",7525.86410872245
"5746",6686.33758548131
"5747",7488.04469554639
"5748",7310.137636195
"5749",5951.35628077255
"5750",6624.86783951691
"5751",5868.4904719662
"5752",7361.34016465729
"5753",5559.83633833459
"5754",9145.13506518672
"5755",7548.30604942434
"5756",6556.32563748018
"5757",6745.3208934701
"5758",7200.73223983314
"5759",8950.58773350199
"5760",7738.7934388952
"5761",7380.19798793684
"5762",7552.47648460822
"5763",9026.14008057632
"5764",10813.7300920073
"5765",7377.91263956001
"5766",10144.2384809486
"5767",6574.15833729658
"5768",6347.93648171361
"5769",5201.41617363998
"5770",6675.25882463743
"5771",7661.67888534637
"5772",7558.7449111342
"5773",4306.01124246768
"5774",5938.38011339282
"5775",7525.27685057539
"5776",7639.63202355574
"5777",6613.05801779161
"5778",6870.94474892911
"5779",9315.63526446764
"5780",6869.55967892699
"5781",8112.87443684805
"5782",10034.1392203736
"5783",6610.09520784017
"5784",6851.41117814052
"5785",6341.3396884402
"5786",10807.9973221132
"5787",6277.08164615779
"5788",7437.71110730621
"5789",8580.26687835652
"5790",8553.7921749343
"5791",7032.75537092712
"5792",7023.12580224781
"5793",7677.60771963761
"5794",8592.16990220547
"5795",6620.95566375235
"5796",6604.95806591491
"5797",5626.09370737637
"5798",7083.09412523925
"5799",5637.1483588186
"5800",8328.50205311461
"5801",8143.6545594425
"5802",8350.4235399489
"5803",7499.31627425931
"5804",6444.88992281306
"5805",6192.53394596862
"5806",4682.788967006
"5807",8545.37161589685
"5808",6034.3216603218
"5809",6228.56873642469
"5810",6139.30870084996
"5811",7295.58109056003
"5812",5055.31319971374
"5813",5506.79316293853
"5814",6090.08355430938
"5815",8318.19949814451
"5816",8741.2334936778
"5817",7492.40050917787
"5818",5481.23227335102
"5819",7057.21112823799
"5820",6154.11054482423
"5821",8189.7255253977
"5822",7881.16855396287
"5823",9467.94121809399
"5824",6223.34294615544
"5825",7275.7878306747
"5826",7037.45448647044
"5827",7949.12277177958
"5828",6621.60650308813
"5829",6762.54582730363
"5830",7240.14647284802
"5831",7034.56642466453
"5832",9091.89514778659
"5833",7010.56269248889
"5834",6990.88280822374
"5835",7155.95526886687
"5836",7970.27123435188
"5837",6514.46524388712
"5838",5649.9712494273
"5839",8419.1950883364
"5840",8173.04737519977
"5841",5959.60464571495
"5842",4593.38627610196
"5843",9754.49925810214
"5844",8950.43114337052
"5845",7332.6587565425
"5846",5938.0926319652
"5847",5495.9758041014
"5848",8661.86908418958
"5849",8691.50123287732
"5850",8850.82190387569
"5851",8069.51814496788
"5852",6990.64634006305
"5853",10120.331927341
"5854",6899.17373186199
"5855",5463.0619209476
"5856",7940.34654524346
"5857",6522.96751782373
"5858",6426.81862185944
"5859",9054.96513829989
"5860",11184.7462291299
"5861",7662.46715343371
"5862",7203.49188537018
"5863",5338.68515064653
"5864",5533.39409339534
"5865",7371.85577957943
"5866",6811.53294475558
"5867",6903.86804469897
"5868",5118.01882584894
"5869",6591.57873428919
"5870",7912.1617776446
"5871",7462.38363351773
"5872",6848.80258452646
"5873",7236.16510932333
"5874",8174.74342091211
"5875",8869.07999581188
"5876",8460.562732123
"5877",6672.78139329469
"5878",6352.63892767601
"5879",5889.78530065489
"5880",7155.2812189554
"5881",7026.68397343555
"5882",6339.87638857297
"5883",6144.58103481989
"5884",6790.26737849689
"5885",8273.57143387892
"5886",5994.49350876614
"5887",5866.96633243707
"5888",5924.70151258997
"5889",8339.96845542758
"5890",8970.08747304831
"5891",9734.77220153973
"5892",8383.76959109991
"5893",8694.7415596418
"5894",7350.77369104992
"5895",6975.00384382746
"5896",7899.34283194191
"5897",4878.57502833311
"5898",7178.78091202238
"5899",6989.76584484622
"5900",6532.85931811874
"5901",5513.6830134272
"5902",6879.00919481762
"5903",7330.1825106572
"5904",7335.56501322183
"5905",8907.00262497285
"5906",8928.61944266215
"5907",7272.05927158265
"5908",8702.28255239373
"5909",7752.4124203168
"5910",7579.90725593123
"5911",8810.14281879636
"5912",6979.45263363716
"5913",7878.67389755712
"5914",5674.05940806952
"5915",8021.5725514322
"5916",7727.28275808874
"5917",8369.61779984699
"5918",8556.80258869822
"5919",8459.56606326288
"5920",6713.18526679394
"5921",5598.72057449279
"5922",7102.76209754556
"5923",5960.23277611472
"5924",5658.66218402574
"5925",8323.63964586003
"5926",6530.12698867869
"5927",8902.23300740419
"5928",7504.66392289619
"5929",9273.91923661639
"5930",6893.29698103283
"5931",7983.41323817733
"5932",6470.65078693191
"5933",6845.54479548108
"5934",7416.76842757315
"5935",7693.69740543988
"5936",6584.15430190789
"5937",7477.23794068439
"5938",3836.23132628344
"5939",5405.44012709541
"5940",5149.67908124436
"5941",7557.96217868444
"5942",5772.93682238282
"5943",7383.68401064279
"5944",8140.26294291856
"5945",6399.86208519543
"5946",10967.2794860877
"5947",4768.13238528743
"5948",5511.42894773827
"5949",6585.83235454782
"5950",6730.32505830811
"5951",7451.09195703602
"5952",8952.95352696012
"5953",6323.24881478608
"5954",7151.36646172474
"5955",6969.8924729639
"5956",5634.63636846481
"5957",6445.2557128687
"5958",6352.4288599527
"5959",5667.10533180912
"5960",5835.72363250044
"5961",5550.92714529409
"5962",8506.97660604594
"5963",10430.1900154984
"5964",5743.96860684043
"5965",7916.34068179391
"5966",7039.71024932053
"5967",5917.35913101515
"5968",7033.27800108685
"5969",8624.55647841203
"5970",8556.35315661997
"5971",7094.24000354409
"5972",5737.76754413308
"5973",10997.919814074
"5974",8247.62461159145
"5975",7479.03917203884
"5976",6384.00262509236
"5977",7111.93738783516
"5978",6495.01696960356
"5979",7650.82320700353
"5980",7898.3806787176
"5981",5564.29761001852
"5982",10177.0019348985
"5983",6655.9322313311
"5984",7311.03244655681
"5985",6581.72850383762
"5986",6211.57796066112
"5987",7254.22642547394
"5988",5500.3089650289
"5989",5708.59648235462
"5990",7367.54286051117
"5991",8715.92183177752
"5992",6666.48366696233
"5993",9366.96601552084
"5994",5709.97224119853
"5995",5520.86472783567
"5996",7209.77520732359
"5997",6323.16094936835
"5998",5662.41848124953
"5999",7552.79974493836
"6000",6457.96087229886
"6001",6370.09945362532
"6002",6427.78728324791
"6003",4934.33153757131
"6004",8640.67419417216
"6005",6283.93420317395
"6006",4962.97402798405
"6007",6741.03521080644
"6008",6531.63753286056
"6009",5434.85436616745
"6010",4946.00048599132
"6011",6582.57801360981
"6012",7283.40000385738
"6013",7481.71462187662
"6014",5750.97793602202
"6015",6421.38155445062
"6016",7897.91860404168
"6017",5694.56894398626
"6018",5537.9053363653
"6019",8868.18534107359
"6020",7308.87370456889
"6021",7390.92276242874
"6022",5961.78583724943
"6023",7708.61033914457
"6024",7182.51586032524
"6025",7735.38436324753
"6026",6261.65885657182
"6027",6814.86116172272
"6028",7043.69635392355
"6029",5421.69474948869
"6030",10199.9996294365
"6031",6528.71112760828
"6032",9734.10440689504
"6033",7664.77110542581
"6034",5756.81876347508
"6035",8398.85426125776
"6036",6144.84847369357
"6037",7408.34506827697
"6038",6603.0483858778
"6039",6341.94406439514
"6040",6933.66555391784
"6041",7154.50117688152
"6042",7282.30065908615
"6043",6658.80652263921
"6044",7422.281859609
"6045",5392.01630975131
"6046",5899.16001631405
"6047",8556.24588165003
"6048",11973.8609037789
"6049",6583.12612854822
"6050",6707.25456429696
"6051",5236.06097376712
"6052",5770.3903406026
"6053",6524.63648912935
"6054",8521.9947656851
"6055",6075.17750274202
"6056",5514.02188657832
"6057",4846.37883012707
"6058",7474.78247468816
"6059",8840.23946077505
"6060",6957.8860855591
"6061",8127.22393234976
"6062",7328.74469245655
"6063",4799.06816240124
"6064",7158.22799312673
"6065",9211.16385474875
"6066",7083.44456821882
"6067",5494.7617064991
"6068",10004.0694014298
"6069",7479.07018767159
"6070",6519.36353653999
"6071",8245.99854630795
"6072",9230.56831974929
"6073",5334.38875207921
"6074",6373.58977981339
"6075",7228.6242931655
"6076",6585.48623116159
"6077",6688.90588500273
"6078",9793.87443976281
"6079",5720.86652959629
"6080",4792.24073379189
"6081",5817.17167896101
"6082",6404.69226121718
"6083",7915.65712415774
"6084",9764.94873113152
"6085",6640.91862773936
"6086",9057.10421624098
"6087",6842.75731044367
"6088",7930.73110021241
"6089",9328.32968765665
"6090",5641.45174235528
"6091",8373.31100165944
"6092",8559.89076892122
"6093",7084.44437099621
"6094",7325.9562751849
"6095",6997.90904679248
"6096",6792.30876103076
"6097",6406.58044548865
"6098",6289.09095107535
"6099",6705.24439641721
"6100",6496.04005168125
"6101",10360.1542434827
"6102",6260.22449430386
"6103",6794.68714286349
"6104",5838.84031980676
"6105",7289.56299371811
"6106",7641.77973123525
"6107",5154.3283770742
"6108",5260.08097424235
"6109",6604.6778127941
"6110",6417.81285218514
"6111",7087.91847853082
"6112",8914.85402140966
"6113",11239.6438349326
"6114",6047.23556837699
"6115",8366.79133423897
"6116",6442.99454880296
"6117",7037.98259506952
"6118",4780.53695301222
"6119",7183.51847433229
"6120",6398.62552395372
"6121",6510.61027873813
"6122",7063.09444372322
"6123",9257.42367598363
"6124",7055.70146373444
"6125",7742.39578490867
"6126",6437.31537797064
"6127",7291.14141808837
"6128",7368.93086469084
"6129",6716.48861380238
"6130",5878.21694340518
"6131",9925.22530867147
"6132",6380.96944555581
"6133",9152.32748735856
"6134",9727.39075611171
"6135",8167.45863753672
"6136",7405.61095670388
"6137",7931.28293865324
"6138",4712.12036622524
"6139",7582.14578211894
"6140",6168.07829607223
"6141",6903.98281204335
"6142",4995.17884665399
"6143",5816.44404232061
"6144",7921.81828874321
"6145",8838.81436007177
"6146",5679.68155351687
"6147",8052.65176056118
"6148",7917.43143848696
"6149",7079.56442416298
"6150",8396.94753926152
"6151",8388.5347536814
"6152",8214.79081497495
"6153",6046.6955628134
"6154",8903.85965208383
"6155",6353.94596739817
"6156",6398.47987786588
"6157",7217.34040062045
"6158",7360.40668539652
"6159",7883.44974962028
"6160",6626.06963032764
"6161",8682.6177408988
"6162",5768.98445995348
"6163",9370.27715447819
"6164",8458.42177683012
"6165",5829.68422715692
"6166",7386.39201932811
"6167",6172.66008151158
"6168",5874.79509244422
"6169",7287.83813388296
"6170",10477.9842581491
"6171",5213.63546926819
"6172",7870.53311194016
"6173",9387.7427466649
"6174",8398.72639739147
"6175",7187.94299382762
"6176",5873.55251537176
"6177",9037.31990229099
"6178",6737.63286627382
"6179",6668.24811358473
"6180",6827.11736891773
"6181",9540.56449876422
"6182",5772.27091229648
"6183",6719.36724143568
"6184",7197.27578588645
"6185",7062.37294552429
"6186",8971.27774940273
"6187",5578.60024676196
"6188",6129.53309451191
"6189",5365.01824520745
"6190",7695.33209434631
"6191",5819.6047481941
"6192",5116.49055089447
"6193",6893.73000261823
"6194",7234.32471607596
"6195",7914.48043874996
"6196",6014.25025416669
"6197",7065.71591650396
"6198",5807.40166222277
"6199",7406.2852734152
"6200",7401.74259311069
"6201",7435.23004678745
"6202",7543.97727477069
"6203",5734.93609170948
"6204",7966.46081804239
"6205",6011.65029915872
"6206",4992.20623956194
"6207",7492.29732733412
"6208",7627.15717273054
"6209",7647.02187952063
"6210",8787.84074893957
"6211",6106.09430926387
"6212",6519.72158328459
"6213",8737.06282444175
"6214",6419.69421714473
"6215",7579.25561902687
"6216",6089.11531778695
"6217",6532.76922865418
"6218",8253.62054349828
"6219",6896.16416541886
"6220",5630.7880780827
"6221",9086.73088873835
"6222",6770.45891374831
"6223",6591.74988747256
"6224",5799.62274656466
"6225",7896.842225815
"6226",8639.00613737892
"6227",5352.4935991148
"6228",5931.98680873792
"6229",8252.23581199849
"6230",7794.95852783561
"6231",6851.07548539585
"6232",7448.49745172132
"6233",6804.65980139138
"6234",4717.57446039304
"6235",8733.47740216512
"6236",7356.6482840545
"6237",6335.11616488324
"6238",9932.84941244641
"6239",7161.76570512879
"6240",7230.5208323845
"6241",7467.37808141094
"6242",6706.27172238071
"6243",6614.13378086938
"6244",6697.47912247924
"6245",7554.04598965197
"6246",6441.53308308441
"6247",6130.95365753555
"6248",9180.44324060661
"6249",6043.0199976807
"6250",6001.43345151784
"6251",6488.84089530002
"6252",6004.5277048171
"6253",9855.50911031862
"6254",7041.62510677013
"6255",9613.82392348283
"6256",6813.15247711609
"6257",5831.62589219372
"6258",8307.2157308491
"6259",8273.2083328925
"6260",6611.99955083212
"6261",6644.09990361992
"6262",8197.40039152384
"6263",7067.54088017149
"6264",6247.67383163706
"6265",5302.27220352007
"6266",6819.02590433184
"6267",5893.10894329798
"6268",8576.06007749683
"6269",9608.5707814598
"6270",5657.78361171371
"6271",8027.20597691963
"6272",6490.15548604412
"6273",5856.8269205415
"6274",6414.75681286736
"6275",5497.84022749399
"6276",7716.7640667809
"6277",6068.42100012961
"6278",9404.71516717856
"6279",4857.00309749506
"6280",6499.06084674931
"6281",8613.79761170872
"6282",6252.5803737937
"6283",8559.85109306687
"6284",7885.66629112014
"6285",9476.5745392562
"6286",5929.94732295588
"6287",6351.43503716255
"6288",6718.16013434365
"6289",7902.34094742351
"6290",6497.39292440897
"6291",6840.98731301364
"6292",10016.7702441248
"6293",5762.25968476029
"6294",6912.35658378008
"6295",7533.67605525695
"6296",5945.17456313366
"6297",5892.28083605919
"6298",4254.69989603585
"6299",5762.26693162449
"6300",5970.38636588788
"6301",7156.46248672036
"6302",9325.85593468335
"6303",6757.21691121679
"6304",8142.36959353875
"6305",7208.11899796648
"6306",5909.00156907372
"6307",8122.55797538693
"6308",6111.92104228661
"6309",8678.76154706864
"6310",6488.4593598339
"6311",5539.54309489759
"6312",7169.11028386235
"6313",9309.74054073582
"6314",9644.74807311888
"6315",5793.04255094529
"6316",9464.47079647264
"6317",5751.60274947556
"6318",7436.99106729916
"6319",6498.65100199716
"6320",5912.7235781125
"6321",8127.19355375848
"6322",7585.33902188091
"6323",6554.6734486912
"6324",5515.80977995836
"6325",6805.18910415708
"6326",5813.48604808672
"6327",6942.58890508964
"6328",8058.17989047663
"6329",7257.50830073264
"6330",8342.79211632277
"6331",5867.95600608099
"6332",7093.33712674311
"6333",5174.46062309811
"6334",6570.42037990614
"6335",6903.72920325167
"6336",6697.86733118007
"6337",8828.57842657218
"6338",6915.43055810833
"6339",7520.58238720501
"6340",9594.31663949948
"6341",6909.07471708987
"6342",9079.57882970275
"6343",7682.16274716337
"6344",6938.72090626734
"6345",7004.08954682287
"6346",9091.09579291059
"6347",6615.84601511584
"6348",6220.55620858797
"6349",9873.20473219233
"6350",9230.93355203997
"6351",7437.02385310951
"6352",7714.88621470747
"6353",6646.13400881587
"6354",6212.17473212925
"6355",6400.34103662969
"6356",6511.98535986484
"6357",5385.96641044204
"6358",8319.07028611346
"6359",8466.35607140774
"6360",6877.3131853628
"6361",7651.68517587055
"6362",6770.76907315655
"6363",6939.6697539181
"6364",6619.81254068482
"6365",4570.10311495947
"6366",8109.25245874373
"6367",5891.75428533815
"6368",6675.07601734535
"6369",7966.51607494943
"6370",7932.40838881996
"6371",15809.6467603963
"6372",7040.70177214689
"6373",8380.33600780461
"6374",6495.98559095594
"6375",5985.16324614208
"6376",6415.07795762122
"6377",4960.22980577773
"6378",6334.85237635804
"6379",5780.32292184622
"6380",5621.15565973822
"6381",8143.82552961995
"6382",5547.57087013898
"6383",6494.80732591192
"6384",7493.69515300088
"6385",6851.40225023306
"6386",8412.29528420148
"6387",8363.42864697403
"6388",8341.03666308873
"6389",6578.47430970959
"6390",9059.84765693021
"6391",5516.92417437341
"6392",7377.77483092977
"6393",9207.6038453424
"6394",8369.77090876976
"6395",8793.77632802818
"6396",6535.95156889361
"6397",8165.6916376786
"6398",5550.99660821583
"6399",4871.27434598504
"6400",5994.69640337517
"6401",7213.51524481109
"6402",5934.20770250852
"6403",5725.88173585002
"6404",6668.2671693979
"6405",6756.32847928931
"6406",7188.10832812529
"6407",7527.05473175147
"6408",8623.2661141632
"6409",6765.01894231641
"6410",9024.06181249412
"6411",6191.27129391423
"6412",5325.54483815554
"6413",7934.19020605881
"6414",5321.47849730047
"6415",8401.03520760123
"6416",7627.75071068806
"6417",6062.90080041817
"6418",8178.60864066317
"6419",6353.85524104411
"6420",6080.77174071994
"6421",9877.81324101934
"6422",9118.41663254503
"6423",5768.13465176326
"6424",9157.98405947631
"6425",8043.72180413368
"6426",7038.27106671011
"6427",4925.7278749436
"6428",7853.45471458402
"6429",6809.86967262588
"6430",7980.89788621289
"6431",6227.1654031528
"6432",9035.37888933897
"6433",5997.19814716751
"6434",6806.95427454201
"6435",4055.19555283979
"6436",5721.24342597626
"6437",7372.1396734997
"6438",6159.75459264058
"6439",7730.7211586945
"6440",7660.13855719194
"6441",6196.98889879374
"6442",6573.4751675806
"6443",8762.10562017163
"6444",6579.29386655323
"6445",6485.87700933845
"6446",5440.00123539079
"6447",6505.41378578704
"6448",6024.23212090077
"6449",5279.41295168669
"6450",6120.40673211001
"6451",6387.46355905381
"6452",7925.01224244096
"6453",5362.88313940152
"6454",6817.15719677515
"6455",6925.36854518559
"6456",5503.88391081646
"6457",8803.62538426368
"6458",6870.2284727598
"6459",9081.26363043372
"6460",7690.7280079742
"6461",6335.36826194246
"6462",7334.15916612857
"6463",8305.50481370443
"6464",5141.26831168621
"6465",4658.87707061211
"6466",9295.7618752924
"6467",8651.31390167243
"6468",6068.7179062578
"6469",7293.41313680468
"6470",7916.55615231879
"6471",9656.08029491851
"6472",8743.765340231
"6473",5724.34609964085
"6474",8206.85902385345
"6475",6834.66566419174
"6476",10279.9585823248
"6477",8917.89388292902
"6478",7525.24645067054
"6479",8166.53266252592
"6480",6275.49922719486
"6481",7064.39815704087
"6482",6821.63924875537
"6483",6473.67337532165
"6484",7522.17105193304
"6485",7450.26629173734
"6486",8937.37492184757
"6487",8556.82700536172
"6488",7022.84060878069
"6489",5844.35939274575
"6490",7686.37423178337
"6491",7085.78636073841
"6492",6324.55515364981
"6493",5942.99442011822
"6494",7301.4875037826
"6495",5765.21533432407
"6496",5677.10705016699
"6497",6792.33379391226
"6498",5942.95121500664
"6499",6793.80239389375
"6500",8151.26363786544
"6501",7525.53579671818
"6502",5806.21351913801
"6503",6213.83614079513
"6504",8549.51330852676
"6505",6806.00538984497
"6506",4685.93306579538
"6507",7276.49543319415
"6508",7312.99107762327
"6509",6205.68333117848
"6510",8194.50948763492
"6511",10234.920231086
"6512",6494.30732800271
"6513",8987.81560784006
"6514",7321.2662363799
"6515",6439.15349440577
"6516",5594.38875581296
"6517",8975.58534654795
"6518",6845.21396591206
"6519",7813.74149415432
"6520",5670.32186659388
"6521",5424.32983452037
"6522",6915.29585796227
"6523",8429.95656625651
"6524",7114.92335200978
"6525",5736.47936393771
"6526",8955.99816109347
"6527",6658.04531622524
"6528",6139.55808413316
"6529",7866.73946833836
"6530",8776.98113693084
"6531",5427.79709235914
"6532",9661.83634187768
"6533",7609.15966174048
"6534",10337.1513802736
"6535",6678.47746315553
"6536",8764.52713849367
"6537",6163.68316771361
"6538",6155.89430749173
"6539",7787.24854205312
"6540",7402.88443103667
"6541",6984.61180180564
"6542",4114.98749958095
"6543",6396.77243683815
"6544",6908.40290420333
"6545",8874.29256190439
"6546",6199.35226063195
"6547",5897.65178297039
"6548",6639.57292715258
"6549",6607.5938005256
"6550",7426.32049118461
"6551",5930.6513638826
"6552",5230.06067402488
"6553",5579.8610788299
"6554",8070.58536774803
"6555",7562.77667167247
"6556",8983.62672159078
"6557",6855.11261503957
"6558",10702.089418842
"6559",5686.35678902834
"6560",7435.52958866422
"6561",5847.93893769306
"6562",7503.13499782633
"6563",7019.97032015885
"6564",5309.98719553421
"6565",6530.81285895445
"6566",6521.76675685643
"6567",7548.04327617474
"6568",6930.78186085498
"6569",6962.01605493164
"6570",9055.57928520296
"6571",6647.93755100143
"6572",6516.34111552506
"6573",5517.81892788203
"6574",6196.73608788666
"6575",6969.79025781345
"6576",5590.77549723808
"6577",6350.29812740392
"6578",5887.72802230402
"6579",6252.09824900361
"6580",6734.02290713374
"6581",6150.15180261338
"6582",7074.01236088763
"6583",8234.23975212965
"6584",7213.63276539256
"6585",7907.82341112337
"6586",6296.10714206843
"6587",8194.9478066361
"6588",6264.74344172461
"6589",7229.34520450215
"6590",7206.57923517039
"6591",10898.3153270524
"6592",4830.554054915
"6593",9495.59841768891
"6594",5455.16880495033
"6595",7375.55974247324
"6596",7894.80048417544
"6597",6851.8693723674
"6598",8104.13948200594
"6599",6843.65643438326
"6600",7335.58943772099
"6601",6985.17125360629
"6602",4813.89473887446
"6603",6162.16109387162
"6604",7309.67084063584
"6605",7322.61363100406
"6606",6587.3657395354
"6607",9614.88657381022
"6608",6353.40301453614
"6609",4615.98048405393
"6610",9430.08030007499
"6611",8382.06254259693
"6612",8463.93572310771
"6613",5273.79756528318
"6614",7312.09913050297
"6615",10263.2945945908
"6616",5885.95938964685
"6617",6509.46975179156
"6618",7199.47871680517
"6619",9809.47940682292
"6620",5044.37712872176
"6621",9076.62054196907
"6622",11628.730015487
"6623",4776.20849096655
"6624",6059.98333922242
"6625",6412.15148909243
"6626",6293.78871939176
"6627",7872.27582627566
"6628",7978.67121288484
"6629",8197.39233557237
"6630",10209.3779280033
"6631",7845.10854808511
"6632",7390.09083981105
"6633",8578.28750744486
"6634",9230.368618195
"6635",7623.80041291897
"6636",6529.23249385762
"6637",6363.37708159325
"6638",9163.33336762003
"6639",5928.44657393198
"6640",7257.31821305197
"6641",7136.71653171278
"6642",6874.09345994576
"6643",7453.8845403293
"6644",7943.87779558539
"6645",6802.13458225161
"6646",6400.45816246045
"6647",5580.65246880653
"6648",9232.86512816991
"6649",5955.28891776651
"6650",6307.59186466539
"6651",8295.04987445612
"6652",8445.9767340448
"6653",6447.91178452664
"6654",5966.67535399036
"6655",8461.27272099234
"6656",8298.88314931291
"6657",8181.73913691066
"6658",9056.1110536266
"6659",9400.36752946323
"6660",6176.51866212824
"6661",8260.96709409191
"6662",7322.80355494264
"6663",6974.82891230246
"6664",5127.94588448862
"6665",8167.09043751793
"6666",7184.66331827987
"6667",7672.5498336666
"6668",7862.92651298156
"6669",5545.01747329204
"6670",7481.45555958816
"6671",6351.13487889881
"6672",6467.68810900352
"6673",7511.60348987285
"6674",7314.47887551653
"6675",9103.35168560137
"6676",7458.73388470128
"6677",6554.44619278649
"6678",7240.20092752483
"6679",7155.88999682439
"6680",7459.67138221079
"6681",6824.36482150641
"6682",7683.64841273199
"6683",7270.90024625618
"6684",6644.89968820408
"6685",7156.8014711818
"6686",9512.92534547788
"6687",8432.26554367681
"6688",8516.01382644148
"6689",8226.91081950229
"6690",5771.15421332489
"6691",9277.84650576902
"6692",7719.02863386009
"6693",5030.96445703232
"6694",6412.43213310248
"6695",6237.23230944856
"6696",10191.9612442742
"6697",6866.18481848118
"6698",5887.76113905829
"6699",10695.721926965
"6700",7095.65660285561
"6701",9218.54923164217
"6702",5618.77106513236
"6703",6565.85785044755
"6704",8479.34354276753
"6705",7774.68624765375
"6706",8696.49268732329
"6707",6520.30516331394
"6708",5867.93923000892
"6709",5602.36133449785
"6710",9966.47283831598
"6711",7089.58072373238
"6712",7952.21333718498
"6713",5866.61717517178
"6714",7563.6019224997
"6715",5354.12394979379
"6716",7095.68514010846
"6717",7354.71712314491
"6718",7212.72911742315
"6719",6678.98724500412
"6720",8127.59745293075
"6721",6154.41891412869
"6722",5928.58782652297
"6723",7621.10122872196
"6724",5153.07114743948
"6725",5579.95179575082
"6726",9155.98090867258
"6727",7833.0617122761
"6728",7344.11845847438
"6729",9044.84934240628
"6730",5918.68210644914
"6731",4935.38540558201
"6732",7317.65123745329
"6733",6088.21151126294
"6734",4874.55896967178
"6735",10220.4706485142
"6736",8006.09854160934
"6737",6250.8556195679
"6738",7456.02292856248
"6739",6389.88671152167
"6740",7937.62960974082
"6741",8061.12684528215
"6742",5946.68213396003
"6743",6922.37378131932
"6744",7489.98065886168
"6745",6638.35925380768
"6746",5416.36539376822
"6747",6023.07062988953
"6748",5058.69014539914
"6749",7511.37135472971
"6750",7148.16846030602
"6751",6115.01815020381
"6752",9802.29858208462
"6753",7684.18220191724
"6754",9041.9186811377
"6755",7503.50234992188
"6756",9179.63845598152
"6757",5833.34294961868
"6758",8176.95497931761
"6759",7007.0977650673
"6760",6824.8362753023
"6761",6070.06317164794
"6762",7487.98241964947
"6763",7724.23029774299
"6764",8121.50461383803
"6765",6442.13346415403
"6766",6772.62626247481
"6767",10343.6181036269
"6768",6631.45655639959
"6769",5775.32936215063
"6770",8284.98905609168
"6771",8202.45360796517
"6772",8137.31746826868
"6773",6177.7691875322
"6774",5395.67770534786
"6775",7654.65948484528
"6776",7344.86355061326
"6777",5669.38593610678
"6778",6308.15798412989
"6779",8053.56464334515
"6780",7088.22642955178
"6781",5881.84141380465
"6782",11764.0106212055
"6783",5835.1156558005
"6784",8272.20302215856
"6785",7675.57314367336
"6786",6802.30190776491
"6787",6908.94973277523
"6788",7262.02578246742
"6789",7102.79779969242
"6790",6879.84189163292
"6791",8154.30782746587
"6792",8678.33163070938
"6793",6611.93287945999
"6794",6620.94700389454
"6795",5998.67571444084
"6796",6971.48963831778
"6797",7937.91472282628
"6798",7499.55311881062
"6799",6603.56314552062
"6800",8251.37460945916
"6801",8037.64394471857
"6802",6871.30486296645
"6803",6250.4492715019
"6804",5592.05583521976
"6805",8163.81215362338
"6806",6406.34191492254
"6807",4671.79037730798
"6808",4990.17653245983
"6809",7253.76981910456
"6810",8091.75296146748
"6811",6689.95923047688
"6812",5363.22767421332
"6813",7856.08241374188
"6814",6690.24037231004
"6815",6087.63534472088
"6816",7064.36676964142
"6817",6793.92973796568
"6818",4721.78791774535
"6819",8128.01402537611
"6820",7735.6782644873
"6821",7089.35698809258
"6822",8861.69995792798
"6823",6912.65005350488
"6824",8223.30631287882
"6825",6591.20016619991
"6826",6425.99788137016
"6827",5632.59619128548
"6828",8896.10734649248
"6829",6335.30195596134
"6830",9673.4078705482
"6831",5559.80680515012
"6832",7242.91413402125
"6833",6759.4976768285
"6834",7044.37834317578
"6835",8872.82642121589
"6836",6572.47430128552
"6837",6569.03778042043
"6838",5943.22805960812
"6839",10585.2744649585
"6840",4513.54711407701
"6841",8303.69023823017
"6842",8234.03740930924
"6843",6550.27082645423
"6844",6922.07003750777
"6845",8875.03786298511
"6846",7093.42802564577
"6847",7520.20217330001
"6848",5667.07372102594
"6849",6487.43908626286
"6850",8348.59660839318
"6851",8449.64695291346
"6852",5869.25620383319
"6853",5782.99303789718
"6854",5052.47329676008
"6855",7338.70274811214
"6856",7105.88868694657
"6857",11599.3672464232
"6858",8243.26237664408
"6859",6664.71053229782
"6860",6927.58279598635
"6861",9401.28483402319
"6862",7482.68310173699
"6863",7110.42241375477
"6864",8010.43394756458
"6865",6542.21476234746
"6866",7187.71397488499
"6867",7425.86684865543
"6868",7820.72163272156
"6869",6683.72374129848
"6870",7492.72524683735
"6871",7118.36831570292
"6872",5981.39042110842
"6873",10776.1779275806
"6874",7741.02411562573
"6875",7900.73543571329
"6876",6336.88575334202
"6877",6604.108756816
"6878",6920.33359345036
"6879",9198.75194030102
"6880",5381.51804837475
"6881",6938.59553135308
"6882",8040.74950793042
"6883",7281.07056285651
"6884",7547.04186366248
"6885",5894.20407335718
"6886",10936.1351458595
"6887",7426.8090168718
"6888",6718.17079856758
"6889",9391.86992959586
"6890",7146.77168581095
"6891",6175.61083024248
"6892",5666.72203805168
"6893",6125.73932978029
"6894",7759.50303176374
"6895",5679.74684286564
"6896",7930.502814759
"6897",7648.17005487624
"6898",5999.82248069343
"6899",6096.83444231309
"6900",8406.91230545092
"6901",8458.96973943436
"6902",7834.90878132867
"6903",7759.808721035
"6904",7521.36760109903
"6905",5448.19641450916
"6906",5753.51289257225
"6907",5750.13113607341
"6908",5983.63231291839
"6909",4794.07407281632
"6910",6553.31665040008
"6911",7679.79159607234
"6912",5960.22755859436
"6913",5768.85457782008
"6914",6988.31749499215
"6915",8212.76831409897
"6916",7497.67022597715
"6917",6703.65041363225
"6918",5207.63596701814
"6919",6065.76019587073
"6920",7589.00234916518
"6921",8225.12947260305
"6922",7835.83408183354
"6923",7104.52056455231
"6924",8278.56469211964
"6925",6877.82094727123
"6926",8126.09179002572
"6927",8918.83379178427
"6928",6085.15906071501
"6929",6470.75739840782
"6930",7834.307117781
"6931",7314.71756650654
"6932",7618.76238634781
"6933",5590.46289155201
"6934",9603.82616793438
"6935",6654.82147595918
"6936",7260.77304954566
"6937",7463.31082073409
"6938",7301.76736841904
"6939",7295.99328930865
"6940",5509.98750231799
"6941",7351.65213344154
"6942",6110.76790998491
"6943",7123.47765649239
"6944",6609.5905727927
"6945",7596.11272384549
"6946",7060.17403027025
"6947",8380.87078424478
"6948",5458.87414987041
"6949",7133.65213611053
"6950",6755.74133624837
"6951",8989.00918460241
"6952",6007.12452947001
"6953",8718.03217711867
"6954",5416.51151067978
"6955",6455.33004093673
"6956",6184.14783760506
"6957",11766.9158843847
"6958",6894.7558611506
"6959",5467.60712235908
"6960",7849.55325745262
"6961",7089.29145889895
"6962",8008.94392662627
"6963",11093.9875439798
"6964",5847.62672886252
"6965",6405.04337525031
"6966",5172.11848378631
"6967",7332.98373427437
"6968",5478.95930792106
"6969",4195.7305506527
"6970",5130.25732062585
"6971",6458.51963545197
"6972",7634.22688992602
"6973",8029.69887315693
"6974",5674.39916059224
"6975",8634.45157595593
"6976",7082.00397767334
"6977",6936.33557726848
"6978",8936.06464176541
"6979",9375.51427225338
"6980",8075.30816774612
"6981",8120.20943989567
"6982",10081.5910912606
"6983",7377.01719680629
"6984",7012.07624891773
"6985",6635.99317189961
"6986",4981.19673933703
"6987",7561.80927384574
"6988",6835.48844884163
"6989",7948.17964442981
"6990",5978.36163215158
"6991",7195.91862440782
"6992",8422.15891648596
"6993",8157.3929385702
"6994",5708.36860634181
"6995",6490.31127561756
"6996",9664.84513617081
"6997",7686.82398436126
"6998",10545.2228624389
"6999",7314.04691506375
"7000",9068.13495454987
"7001",6991.83559112284
"7002",5705.83379259954
"7003",7410.61572722348
"7004",7187.41513299589
"7005",8773.0181966229
"7006",6776.71691453189
"7007",9403.19396691493
"7008",7148.96076697
"7009",8634.94733599156
"7010",9147.29946433332
"7011",7382.68446589878
"7012",6914.72068714206
"7013",6770.3841034639
"7014",7635.58504808634
"7015",9326.53725096166
"7016",6014.14947713641
"7017",6601.18868956974
"7018",8489.86753604532
"7019",4952.21816229878
"7020",8751.75019500182
"7021",9730.30867411831
"7022",5860.59359833714
"7023",5206.78830248608
"7024",5855.60566910781
"7025",6436.02382194643
"7026",5344.12467270073
"7027",5980.49787137669
"7028",4206.87906710937
"7029",6227.89150898129
"7030",4127.42408548117
"7031",6960.18544446928
"7032",7557.03246479766
"7033",5446.35621023566
"7034",6003.54106021662
"7035",6329.22704897312
"7036",6763.08442485974
"7037",5552.22999128877
"7038",9021.81155528077
"7039",6449.40817208319
"7040",7108.31291736457
"7041",9382.25034285836
"7042",8447.47975668692
"7043",8622.85009546782
"7044",5896.15345966145
"7045",7692.50248699819
"7046",8517.82978520859
"7047",6663.84069400513
"7048",6328.49002077578
"7049",7488.11732453923
"7050",5661.42376593997
"7051",6957.63727498085
"7052",5995.7200159196
"7053",9606.58568519906
"7054",8310.14156848715
"7055",7920.90121669789
"7056",7011.02926388533
"7057",7181.35748706951
"7058",8854.09630429608
"7059",6263.37038078082
"7060",8367.30878274713
"7061",5535.11684402196
"7062",6802.10451076858
"7063",5379.29245293243
"7064",7585.40862422595
"7065",7749.19880172955
"7066",6866.42773742727
"7067",6332.14837198647
"7068",6927.93711127813
"7069",6413.18839869034
"7070",7689.87109155449
"7071",7586.15472637194
"7072",6814.39147851137
"7073",10539.7049526344
"7074",4420.65407932568
"7075",9459.55780610638
"7076",4141.46222095946
"7077",4718.99991694367
"7078",6244.77933401063
"7079",7817.02928762071
"7080",9503.27356503814
"7081",6763.58664754961
"7082",7138.23084911921
"7083",8047.84835769695
"7084",7455.09891733852
"7085",5113.20448895712
"7086",5921.59283677763
"7087",5421.74031413569
"7088",8570.55337667563
"7089",9145.20749734141
"7090",6451.93915657503
"7091",6422.3887161429
"7092",9477.67212647275
"7093",6242.92393214462
"7094",7050.0831220305
"7095",6925.40835842968
"7096",8579.55425828239
"7097",4911.30999480676
"7098",6646.55749992714
"7099",6487.11672216557
"7100",6363.91224517759
"7101",6416.46651692712
"7102",4152.15320760973
"7103",5911.59313927469
"7104",7748.03396191474
"7105",8893.08925854492
"7106",7203.27686926878
"7107",10306.6156230369
"7108",7597.1666969171
"7109",5901.09153598207
"7110",5912.85955088727
"7111",7054.33412904975
"7112",5903.39722051559
"7113",7049.01729399918
"7114",9046.92316250708
"7115",7229.91795899011
"7116",6815.6099573545
"7117",5328.86360211659
"7118",9828.63393562225
"7119",6495.16962732671
"7120",6277.01846391324
"7121",4585.94517251515
"7122",5660.8549916734
"7123",6371.36727050014
"7124",6670.890458629
"7125",7296.70722741438
"7126",7627.43684964348
"7127",7007.87002076852
"7128",5862.47780216876
"7129",6772.86569059598
"7130",8850.23891135624
"7131",5467.77593605421
"7132",7708.05975821915
"7133",7978.16978041627
"7134",6358.98654056732
"7135",7925.83694992908
"7136",7162.50899910319
"7137",6716.3216224162
"7138",5054.1761099377
"7139",6547.29706254508
"7140",7491.79837145635
"7141",7075.16147373339
"7142",5936.35343301269
"7143",7730.45160342724
"7144",6729.12054853373
"7145",7925.37641628504
"7146",5560.89347063624
"7147",6740.56395619598
"7148",8032.754113983
"7149",6941.39176644838
"7150",8030.82919390819
"7151",6872.22567889194
"7152",9196.87693537824
"7153",4907.73682634474
"7154",4849.88627524118
"7155",7525.90199717045
"7156",4864.95915300978
"7157",8345.9333995241
"7158",5933.35024198815
"7159",7550.20864387732
"7160",4552.97639094035
"7161",6327.07259473488
"7162",6576.34319425905
"7163",7502.43759175411
"7164",6455.90658044193
"7165",5854.51691450376
"7166",7585.21147269337
"7167",6274.39820392195
"7168",10651.6666077324
"7169",6099.80666087087
"7170",5015.39345725852
"7171",5541.11220913257
"7172",8113.07546439681
"7173",6248.5864333718
"7174",7999.271308053
"7175",8450.84396577732
"7176",7673.48845027667
"7177",5533.01772625659
"7178",7018.275884137
"7179",6906.98529709888
"7180",7846.27705115713
"7181",8601.48137788106
"7182",6254.93806399458
"7183",8217.86415257638
"7184",6609.79318920011
"7185",6920.84070291669
"7186",5917.92139783151
"7187",9855.91063185456
"7188",8331.46683942409
"7189",6926.69513619683
"7190",7563.77817057178
"7191",7913.55601345166
"7192",5444.89035757791
"7193",5958.96161730472
"7194",6604.42622991124
"7195",8383.86867700261
"7196",5664.49695183439
"7197",5836.95648992688
"7198",7341.33981669746
"7199",9134.13663894973
"7200",6707.84194253885
"7201",7069.9756171487
"7202",5660.65342127901
"7203",7519.14531243733
"7204",6512.40397715752
"7205",5505.37736063022
"7206",5092.42060141797
"7207",9226.3990650068
"7208",6047.25742424892
"7209",6078.16026552556
"7210",10772.998733889
"7211",8036.44854003427
"7212",6347.9001961569
"7213",6145.75681539891
"7214",6642.74248969709
"7215",7701.80602730647
"7216",8519.2733089551
"7217",7337.32481688383
"7218",7968.48919701693
"7219",6677.97896304865
"7220",7914.21698156471
"7221",7238.95052724339
"7222",6533.31785679649
"7223",9145.72787099768
"7224",6063.11464591877
"7225",6170.16931931563
"7226",7142.63936264185
"7227",7489.90697234328
"7228",8270.58587396474
"7229",5113.77852187853
"7230",8294.88998092911
"7231",5560.83855223731
"7232",5192.27416153147
"7233",8159.69423012468
"7234",6632.0892477837
"7235",8870.13645809441
"7236",6386.34163383468
"7237",9837.71972229666
"7238",5569.00825910263
"7239",8178.78385359146
"7240",6276.30014277991
"7241",7237.38863168656
"7242",5610.60168281227
"7243",7228.28089019206
"7244",10662.876195898
"7245",5831.5823848161
"7246",8339.59406832575
"7247",7561.43665041898
"7248",7528.94750555421
"7249",9128.59405911278
"7250",7086.77866389919
"7251",7357.07598863122
"7252",6282.59473378796
"7253",6795.19602333474
"7254",5829.43838315381
"7255",5741.32241294035
"7256",8498.15727207199
"7257",5629.7531054741
"7258",9069.83064235967
"7259",5827.27073392556
"7260",7805.82079492186
"7261",7885.75067731405
"7262",8340.02020021609
"7263",6206.24355169847
"7264",5581.85277955249
"7265",6769.59626749501
"7266",5131.38449920332
"7267",6867.57733470617
"7268",7068.36793071283
"7269",7093.70848466174
"7270",6086.01958921259
"7271",4617.05383011553
"7272",6517.24080314491
"7273",5592.37083935278
"7274",8354.22523639672
"7275",8127.08630339579
"7276",5727.77639144458
"7277",8309.21263204178
"7278",10211.4066653986
"7279",7715.13309117027
"7280",7639.41596399764
"7281",8552.56503656541
"7282",6400.4701857285
"7283",8796.07771937413
"7284",6497.83105510822
"7285",6792.29678846644
"7286",9839.46406525184
"7287",6553.51396450206
"7288",5128.93091984808
"7289",6926.28073191771
"7290",5171.30307193057
"7291",7673.92840215156
"7292",6145.94791428957
"7293",5953.40384485348
"7294",5589.16507019148
"7295",8255.77282911831
"7296",8699.72980698857
"7297",7085.65407161289
"7298",5488.55292222647
"7299",7003.35268389533
"7300",11952.7130143477
"7301",6764.26030704052
"7302",9861.51987595315
"7303",7447.33238323755
"7304",9193.22386829342
"7305",7331.25363713402
"7306",7745.33513700611
"7307",7997.62987447592
"7308",5757.08409560901
"7309",6490.18507295251
"7310",5585.29674107534
"7311",6325.99603338584
"7312",5302.86433064249
"7313",7929.13697200135
"7314",5448.92838101465
"7315",5094.95781364549
"7316",6091.89189115918
"7317",8231.32364953964
"7318",8590.59172056202
"7319",9554.13583675155
"7320",6480.06539515307
"7321",9040.76331394872
"7322",6707.60713187005
"7323",7929.20447992169
"7324",6954.08191460143
"7325",6468.09927375815
"7326",9410.07978751526
"7327",8856.57386682776
"7328",7272.32147399965
"7329",7369.70173364875
"7330",7027.48963618148
"7331",9162.26506877876
"7332",7811.61493623476
"7333",8229.60219201252
"7334",7996.47477804281
"7335",5827.12920561385
"7336",7155.1018471304
"7337",10743.6570674887
"7338",9320.57070567167
"7339",7731.43546494711
"7340",5736.98294659011
"7341",6469.34455013418
"7342",5797.52400504894
"7343",7105.53516707927
"7344",6980.75081876117
"7345",7327.61420220834
"7346",7134.73810047631
"7347",7343.60025895218
"7348",8933.89949329348
"7349",5969.87194382309
"7350",6826.47585592918
"7351",6402.80968211236
"7352",7214.05421338922
"7353",10767.788261839
"7354",8475.47936213857
"7355",10262.4590800834
"7356",7698.02837016471
"7357",8572.36751241133
"7358",9119.69018643815
"7359",5209.7142043551
"7360",6919.17389697462
"7361",8814.29557502007
"7362",11158.6323871223
"7363",8047.7406390709
"7364",5579.55793203123
"7365",7613.57287951677
"7366",5858.00695460018
"7367",6999.46406418601
"7368",7230.99193404514
"7369",6786.26821142863
"7370",5102.10569384362
"7371",7647.17482714791
"7372",7423.64654555597
"7373",8516.53380882952
"7374",7841.64233533631
"7375",5737.9819947694
"7376",6605.97370235187
"7377",8252.81096387862
"7378",7347.21787191072
"7379",8037.39012026323
"7380",8161.17343968866
"7381",7914.60847638695
"7382",9076.05787072253
"7383",7190.17281934717
"7384",7132.40935699369
"7385",9662.29317842518
"7386",7952.39252660616
"7387",6786.1849836595
"7388",6614.0479394935
"7389",8943.76328981792
"7390",8635.07605456752
"7391",8528.07082593244
"7392",10313.7692991161
"7393",5244.26291316934
"7394",8822.54421989276
"7395",8399.08582973854
"7396",7443.53240097283
"7397",7916.17973599889
"7398",5355.21502293929
"7399",8662.82092892046
"7400",10367.5677630444
"7401",6371.36617906626
"7402",6490.59349399212
"7403",4892.97007660825
"7404",8915.3040047163
"7405",7339.31044917833
"7406",7119.75640165274
"7407",8076.20216918157
"7408",7606.31586400189
"7409",7337.23308288853
"7410",7454.95092438191
"7411",5367.63148277226
"7412",6379.84186728091
"7413",7585.05039073651
"7414",6724.01877014038
"7415",6062.90280102057
"7416",8536.97080420459
"7417",9578.61109583782
"7418",6564.32428469597
"7419",6971.1496818589
"7420",6813.98385912206
"7421",7718.94656524419
"7422",7510.83707542283
"7423",7397.10101479023
"7424",8931.58347380161
"7425",6449.91350914388
"7426",8635.48075969116
"7427",8121.65745336567
"7428",8130.89020383183
"7429",5870.10530633799
"7430",8662.80433456852
"7431",5517.83521640903
"7432",6085.05745087861
"7433",8069.20547100216
"7434",7960.36729041118
"7435",7022.07002672047
"7436",7598.35360885272
"7437",5843.22170485425
"7438",7764.269555546
"7439",5171.42783408614
"7440",11050.5108551888
"7441",7239.32003656833
"7442",7467.96480282508
"7443",6463.67993193614
"7444",7131.62815345367
"7445",8574.97589386937
"7446",7476.99473016376
"7447",7969.88831811225
"7448",5655.63696519106
"7449",10577.5078687363
"7450",6252.73261189867
"7451",8002.0488861177
"7452",6256.06148135129
"7453",8958.09937079367
"7454",8280.8355780316
"7455",6693.76680279944
"7456",7762.50000550636
"7457",8012.78447348667
"7458",8529.25003623879
"7459",8496.20359626731
"7460",7527.71515042621
"7461",9292.83220746705
"7462",5614.67777064327
"7463",9696.78199957266
"7464",5624.09795980401
"7465",7125.54824072625
"7466",9261.28293279156
"7467",6636.86793442106
"7468",10740.4787295677
"7469",10785.9199549563
"7470",5951.78904272343
"7471",6618.00726816766
"7472",6392.55910858223
"7473",6674.00906966182
"7474",9269.0687338997
"7475",8806.04747290235
"7476",7037.30772742178
"7477",8288.41739617027
"7478",8001.04131007197
"7479",10239.9776315823
"7480",8800.23468779345
"7481",7991.67245352356
"7482",6275.33087224506
"7483",7314.99709697872
"7484",8506.32464720797
"7485",7964.69152005463
"7486",6791.45316329886
"7487",4214.78003916164
"7488",5683.11196629305
"7489",7660.95203367551
"7490",8559.77786524715
"7491",6802.65947506989
"7492",7180.16015341451
"7493",6774.061284162
"7494",8119.24350354624
"7495",5694.84019410788
"7496",5975.51316576846
"7497",7391.00886072706
"7498",6425.7959833613
"7499",6634.99989380556
"7500",6728.15980153842
"7501",6364.43000060253
"7502",7649.94155213534
"7503",7263.15771190996
"7504",9942.67016349628
"7505",7180.11962991195
"7506",8836.3194632879
"7507",6805.78009485913
"7508",6010.0486659444
"7509",6688.98907020275
"7510",7975.69860272264
"7511",7620.3876000707
"7512",5493.24354592904
"7513",6782.87463765414
"7514",4953.10072848352
"7515",6544.64683933573
"7516",6395.03308349984
"7517",8099.22474886752
"7518",5259.65807062209
"7519",4983.08866235943
"7520",7544.71625535045
"7521",5883.51528867302
"7522",5920.35578494726
"7523",6165.57613022702
"7524",8498.83657781845
"7525",5729.69499091436
"7526",5680.59357670105
"7527",5583.33113408027
"7528",5189.00763838756
"7529",9052.53355342502
"7530",6893.80992702692
"7531",7214.93248875796
"7532",7324.76977299695
"7533",6206.86358144923
"7534",6555.48879568311
"7535",5542.88481798449
"7536",5841.39230660925
"7537",5948.27431406866
"7538",6952.71317941585
"7539",5000.08727615985
"7540",6397.88751711579
"7541",7567.1266438823
"7542",7813.85175046865
"7543",6469.85505936652
"7544",5500.53939915018
"7545",7177.33619898526
"7546",7394.71208461501
"7547",6568.24608164019
"7548",7127.57984607256
"7549",5723.34941948897
"7550",6649.93058107899
"7551",9646.75479802789
"7552",5600.65109119196
"7553",7516.79327576365
"7554",7116.60459786318
"7555",5929.20315628949
"7556",5821.92623776113
"7557",6917.11655744048
"7558",5979.99900509111
"7559",6402.54843412441
"7560",5969.09053870824
"7561",7167.76285291409
"7562",4315.64577704118
"7563",5926.68563030482
"7564",7856.20456044254
"7565",6564.26844442236
"7566",10501.6330997482
"7567",7008.94266341915
"7568",7254.25839785846
"7569",8022.1154559854
"7570",8748.44887049755
"7571",6883.36483624961
"7572",7781.53706766217
"7573",8857.80539673886
"7574",7260.58820452274
"7575",10005.3690636465
"7576",9754.97429173855
"7577",7505.61502485071
"7578",9023.74751915671
"7579",5224.20857317774
"7580",7278.86142404581
"7581",5900.59706338027
"7582",5493.2384504981
"7583",7141.88557399444
"7584",7782.64274048794
"7585",6548.492368714
"7586",5981.37203200298
"7587",8149.21938457478
"7588",7399.19923382325
"7589",8678.42289291784
"7590",10193.1037538662
"7591",6172.67337621862
"7592",6158.30629530402
"7593",7173.81437733323
"7594",6371.89150460028
"7595",7410.62473755355
"7596",9139.33452389173
"7597",8519.15593720902
"7598",5608.06848617437
"7599",5932.64770373994
"7600",4837.01681089581
"7601",8908.56204345144
"7602",7425.80264311768
"7603",5213.58124456506
"7604",8059.48436600331
"7605",7229.76681493066
"7606",6247.08870577372
"7607",4982.55558125121
"7608",7979.58045641618
"7609",7501.72696385777
"7610",6968.79840319277
"7611",7798.12004328113
"7612",7916.02499410514
"7613",6262.82690925356
"7614",8950.56911245548
"7615",7927.3394508894
"7616",5472.10076668728
"7617",10833.9052209481
"7618",10847.1355393907
"7619",9342.92144567665
"7620",7106.80169487756
"7621",7446.52901746761
"7622",7253.70564174445
"7623",8382.7444880367
"7624",7569.03319649716
"7625",6280.05667436208
"7626",7248.28209986927
"7627",7666.62798516979
"7628",7339.71375115975
"7629",7362.69383065122
"7630",7387.1245135595
"7631",7259.84923301281
"7632",7348.94250828523
"7633",8144.77265383797
"7634",6718.61847483841
"7635",5110.69954670361
"7636",8547.96300908059
"7637",7155.90095899865
"7638",6500.46870470299
"7639",5331.31253795944
"7640",7209.63671864936
"7641",6191.85201825344
"7642",10460.9394756778
"7643",8074.40699653079
"7644",6820.90922478303
"7645",7891.1021845704
"7646",6765.07518576884
"7647",7393.99761303077
"7648",6741.98821787196
"7649",8905.7805525729
"7650",11397.6021050613
"7651",6740.92907432614
"7652",6377.87991477634
"7653",6271.37667366528
"7654",10466.7795721178
"7655",8298.79668346338
"7656",8686.56967822734
"7657",7552.42106980241
"7658",5821.98043060128
"7659",6158.45244639206
"7660",7558.36789308835
"7661",7145.93288090058
"7662",5100.1171583168
"7663",9248.01884401935
"7664",6039.13132477682
"7665",6179.25850684997
"7666",5153.63886711292
"7667",7097.60342491485
"7668",7539.4321618982
"7669",5707.02877916821
"7670",6590.51195948458
"7671",6701.8345694058
"7672",5985.47611436575
"7673",6537.7374323606
"7674",7489.05234983878
"7675",5984.93361250766
"7676",7514.29881377171
"7677",7845.77903318047
"7678",9389.06193162549
"7679",6430.32777400129
"7680",6441.50555660078
"7681",8785.16682866824
"7682",7229.20015840065
"7683",6543.86916636203
"7684",6608.43547932312
"7685",6870.70268554967
"7686",7064.47284656242
"7687",8122.57994740908
"7688",9374.45594784352
"7689",6441.27501584375
"7690",8210.15852286162
"7691",7376.42315804731
"7692",6077.02390028726
"7693",6780.58580189889
"7694",7219.68245223415
"7695",5008.685569688
"7696",9220.90382052289
"7697",7407.4748554347
"7698",6746.55293180677
"7699",6391.14717866149
"7700",6967.41068425328
"7701",7704.71105967028
"7702",5950.37556961167
"7703",5322.76734808486
"7704",5644.77596962226
"7705",7575.37987951461
"7706",8133.71770854183
"7707",9468.8421190937
"7708",6888.536661542
"7709",5253.89437620327
"7710",6133.25750047622
"7711",6006.47178609079
"7712",6221.47815854761
"7713",4627.59444849941
"7714",8687.28600385941
"7715",7442.33741881645
"7716",5901.83369562954
"7717",6443.23320858312
"7718",6877.40744460119
"7719",8788.50878792819
"7720",7336.62391656287
"7721",6986.11453305225
"7722",6412.75806812176
"7723",6727.75624618803
"7724",4926.5523214195
"7725",6716.6049601814
"7726",7365.38024801751
"7727",11016.2867777334
"7728",7313.24956281834
"7729",9261.68677803058
"7730",7417.58648309498
"7731",6476.68797646374
"7732",9147.45868716479
"7733",6054.3532344252
"7734",4551.09732920965
"7735",8640.72938407117
"7736",8369.60116074914
"7737",5106.83365577373
"7738",5914.62173773251
"7739",6474.69390369549
"7740",5825.8989817439
"7741",6332.61217360781
"7742",7561.39776336262
"7743",5674.13674574427
"7744",5152.11741572749
"7745",8868.6719268541
"7746",5605.33132646904
"7747",8868.74676561223
"7748",7100.26721360662
"7749",9970.81584627972
"7750",5020.10243413667
"7751",7483.60839415306
"7752",6008.95511971874
"7753",7570.08112966212
"7754",9250.28263922487
"7755",5959.20010655173
"7756",7261.75287737168
"7757",6091.59675268745
"7758",6095.0989054602
"7759",6537.3301626006
"7760",8334.97933925218
"7761",5373.56489824517
"7762",5632.42344704953
"7763",10172.4565202777
"7764",6838.92597401406
"7765",7756.51349661462
"7766",6821.62444646925
"7767",6805.78574664901
"7768",6200.81759222868
"7769",5532.64453951933
"7770",7881.19376310291
"7771",6220.52985331972
"7772",7300.30148921092
"7773",7513.41163500275
"7774",6329.57229030544
"7775",6089.00513783532
"7776",9507.90436028212
"7777",8465.87221323461
"7778",7268.42364882553
"7779",9068.09924866402
"7780",12020.8063750996
"7781",7866.73867925852
"7782",7938.27114470673
"7783",6252.61071862141
"7784",6416.90478953532
"7785",8475.51790979964
"7786",7023.13841730885
"7787",6974.57820369882
"7788",6477.2225162482
"7789",7337.84533678503
"7790",7197.34661222389
"7791",7729.89537174406
"7792",5236.00450276536
"7793",7384.4230364993
"7794",7390.45110253108
"7795",9264.96391612954
"7796",5767.83666802998
"7797",4189.65230698066
"7798",6632.78572675915
"7799",6981.42082445544
"7800",6736.62271199288
"7801",6535.72470833663
"7802",7298.18652005911
"7803",8762.9700882641
"7804",8055.08475444819
"7805",8061.71744446981
"7806",7294.19050933946
"7807",4734.19026435075
"7808",6784.31986729584
"7809",8008.40942146482
"7810",6527.97957908473
"7811",7902.16423283816
"7812",9011.102477357
"7813",6456.96381192153
"7814",6790.80031607175
"7815",6502.5231040346
"7816",9619.21394039658
"7817",7570.09721854042
"7818",6857.6310384285
"7819",6415.6887437579
"7820",8230.70810641525
"7821",6457.84536300625
"7822",6945.28383823594
"7823",5092.42759303165
"7824",7125.42818441374
"7825",8221.85759040967
"7826",6769.54935937713
"7827",6178.81399010952
"7828",6608.39024874203
"7829",8979.50443499386
"7830",5313.2209096647
"7831",8394.92357525605
"7832",6800.64410007876
"7833",6415.38930321061
"7834",7266.66224594016
"7835",7235.1287364765
"7836",7426.16534142143
"7837",10004.139862516
"7838",8825.08781111406
"7839",5850.40397350566
"7840",7465.66532162769
"7841",5087.69439792752
"7842",6455.46839675797
"7843",6163.72054071239
"7844",5986.65446307004
"7845",6404.38673928013
"7846",7922.54656053443
"7847",6091.55521947384
"7848",6868.29959610567
"7849",5866.36379154278
"7850",6306.71698895115
"7851",6699.34326342218
"7852",7377.34111653016
"7853",6075.18028505402
"7854",6603.47205935632
"7855",5798.74083330204
"7856",5513.24696720065
"7857",7693.85249502094
"7858",8611.6581723593
"7859",5039.68126689958
"7860",6931.9790445933
"7861",7318.99636488779
"7862",7709.29191665188
"7863",6726.10105876107
"7864",5019.30060170344
"7865",9824.43345886745
"7866",6226.42114163219
"7867",9493.38657397215
"7868",8558.19072955586
"7869",6841.47285312567
"7870",4327.84626376075
"7871",5932.9513858957
"7872",6504.86059689509
"7873",10015.729202134
"7874",7917.73355748459
"7875",7080.4401840923
"7876",4366.94375189969
"7877",6463.29536679928
"7878",10520.9274142997
"7879",5933.21482800974
"7880",6283.18330669495
"7881",8866.32777747467
"7882",8050.50573186719
"7883",7988.77372749153
"7884",7394.05724134576
"7885",4774.15392776164
"7886",12483.6775971946
"7887",11254.1993599533
"7888",6390.63458670772
"7889",9056.20153220232
"7890",9403.01531165394
"7891",8587.74352819208
"7892",7092.62701989432
"7893",5780.05328361707
"7894",8567.18520704046
"7895",8442.99278879158
"7896",7814.01960584278
"7897",11937.6174765358
"7898",6587.00313116644
"7899",8584.50279771794
"7900",6048.37939131817
"7901",7816.24007998019
"7902",6004.23910589075
"7903",5688.78267622431
"7904",12146.0275007274
"7905",7234.25957501952
"7906",7308.77084122508
"7907",5545.94851325353
"7908",5675.1445696988
"7909",6836.05982484907
"7910",7529.88888949425
"7911",6630.16387450251
"7912",6166.46867318881
"7913",7392.28946680527
"7914",6038.72769367911
"7915",6986.26434136067
"7916",8558.55019499815
"7917",6638.00336042221
"7918",5991.11332821451
"7919",9473.60034232795
"7920",5788.62609127869
"7921",6136.89324714491
"7922",6489.49528782353
"7923",9359.78961477427
"7924",8168.13487387207
"7925",6026.04587199305
"7926",7375.54978200324
"7927",5990.68795693772
"7928",6832.64636308787
"7929",8875.0021550837
"7930",7430.88873923868
"7931",9059.98650130915
"7932",8481.56619124584
"7933",8060.48331905472
"7934",5598.57672651384
"7935",5309.05766940678
"7936",7308.83478821332
"7937",9219.83514265164
"7938",6675.24545472883
"7939",5951.90608374739
"7940",6458.88426216026
"7941",8442.87453561661
"7942",6237.33176752425
"7943",6372.85347262299
"7944",6536.31665115648
"7945",7033.13739230871
"7946",6177.15092497352
"7947",8438.57874364853
"7948",4318.61291842311
"7949",8077.57501253472
"7950",8811.29398166495
"7951",6789.70669308678
"7952",7347.0070312948
"7953",5579.58443693891
"7954",6531.89450100924
"7955",9374.8571233194
"7956",6765.51131611825
"7957",8842.91999831032
"7958",5564.16714422642
"7959",7415.27805266145
"7960",5734.44397425033
"7961",7348.37955347429
"7962",7467.49235121524
"7963",6686.67593148473
"7964",9457.6911292042
"7965",7936.36245007612
"7966",6302.63196944517
"7967",5604.6271595312
"7968",6199.92801884736
"7969",6372.15068340213
"7970",6221.30888842328
"7971",7805.93981040916
"7972",7206.56183843433
"7973",7059.4605331405
"7974",5093.23779996212
"7975",10182.2724986798
"7976",8659.09296657457
"7977",8245.02937626574
"7978",8375.8387350386
"7979",6086.11655722326
"7980",6649.72489800074
"7981",4291.04830670555
"7982",5230.53695376896
"7983",5684.52003341317
"7984",8749.70562779236
"7985",5794.49465108565
"7986",4632.12880328513
"7987",7783.30475189402
"7988",6921.63465070872
"7989",6159.20258991536
"7990",6125.87847996322
"7991",8508.23277099634
"7992",5068.49320833998
"7993",5633.23139203131
"7994",5790.76103662273
"7995",5739.95225042231
"7996",6029.43825698018
"7997",8573.95633056598
"7998",5350.47895955277
"7999",7206.53272095105
"8000",6648.72324651472
"8001",7572.87928795279
"8002",5978.47718316244
"8003",4643.57188370527
"8004",6411.84726197957
"8005",8516.8136016315
"8006",7410.0964307836
"8007",7045.1448543787
"8008",6016.7312330856
"8009",6562.38697972745
"8010",5059.09076353496
"8011",5130.02242357695
"8012",10117.0879424861
"8013",7009.20982227797
"8014",5533.87969277376
"8015",6871.49502412237
"8016",4986.06784933376
"8017",6793.48705696355
"8018",6045.01043506194
"8019",8114.55791641214
"8020",11400.6126152325
"8021",7879.14444023483
"8022",6009.9077503744
"8023",6610.06057302743
"8024",11838.4162590273
"8025",4818.03483680541
"8026",5139.97499003732
"8027",5187.91983531381
"8028",6581.96230883403
"8029",6350.92854778483
"8030",5750.60996284387
"8031",9975.90132918195
"8032",6033.08985358001
"8033",8315.38457949816
"8034",5367.39479401344
"8035",8355.50538883526
"8036",8562.06534491089
"8037",7126.64259248962
"8038",5481.08080021062
"8039",7620.21006820843
"8040",6231.80670621407
"8041",8225.252250076
"8042",5705.74077640866
"8043",5091.89137809691
"8044",8695.15662575013
"8045",6245.12037954848
"8046",9475.24074418892
"8047",7366.85353269422
"8048",7116.85784640754
"8049",10395.2570841294
"8050",5979.61276452718
"8051",6494.29110031797
"8052",6365.99014818762
"8053",5495.4445547594
"8054",7564.40569944276
"8055",5830.84955034531
"8056",5366.67953105916
"8057",4598.17281997886
"8058",7167.07356048005
"8059",5528.26770293481
"8060",6438.18671116793
"8061",5410.54893553603
"8062",5828.29899252891
"8063",8651.55214311992
"8064",7378.49809647526
"8065",7721.51780973333
"8066",6126.72330989221
"8067",7220.43742009988
"8068",4513.35304630093
"8069",8642.58260738638
"8070",8924.98952351814
"8071",5780.10843026442
"8072",9017.43326831911
"8073",7401.19697999811
"8074",5483.94576021556
"8075",6920.76681487852
"8076",7312.11015195413
"8077",8583.63808376918
"8078",7070.50162969504
"8079",5571.52021797978
"8080",7236.13801846656
"8081",5877.45609548732
"8082",6103.48126922663
"8083",7366.90967741465
"8084",6873.45992033841
"8085",8297.51029215767
"8086",4730.04875337804
"8087",8533.90142135673
"8088",7214.99614558011
"8089",5877.84486771835
"8090",6793.48130030223
"8091",6012.95867175503
"8092",7518.67654375485
"8093",6583.2064812468
"8094",6566.25824343118
"8095",8248.9244710793
"8096",9759.90418874755
"8097",10516.5969596674
"8098",6522.72157201991
"8099",4833.17843047468
"8100",8772.61141068256
"8101",6452.17078357486
"8102",9107.17348443987
"8103",8089.31869666174
"8104",7081.29718894616
"8105",6642.82561124592
"8106",6707.76607253776
"8107",7105.65477058425
"8108",6501.34133644553
"8109",5852.6279109658
"8110",5428.88013155436
"8111",7693.21688182359
"8112",7369.20249952119
"8113",6911.98360044633
"8114",7836.63476013907
"8115",9962.86226499817
"8116",6065.46184686874
"8117",6674.09051103121
"8118",6760.60608448391
"8119",6496.72205169373
"8120",6216.57731379514
"8121",8975.49047756809
"8122",6011.1426408851
"8123",5774.99759531276
"8124",6012.96188763302
"8125",6116.65971530086
"8126",10305.851240322
"8127",7835.44632424704
"8128",6130.73272186082
"8129",6579.3834933628
"8130",7685.79601921373
"8131",7995.2901578567
"8132",8064.77179464061
"8133",8904.73168470381
"8134",5567.23282384879
"8135",4957.57195047271
"8136",8020.03514219256
"8137",5911.80773296817
"8138",7617.41638340082
"8139",5328.83635293045
"8140",8171.36912573163
"8141",7369.65450354608
"8142",5631.31842805508
"8143",8022.91868325889
"8144",9135.16258809935
"8145",7772.75961325921
"8146",5651.40739128248
"8147",7117.56382247633
"8148",9856.31963160971
"8149",6461.67372014094
"8150",7648.91976182898
"8151",6642.43648410405
"8152",8298.58123751423
"8153",6505.12599290724
"8154",7387.01733807281
"8155",7559.40009370353
"8156",6193.46375783095
"8157",9435.90630649457
"8158",5643.49598460992
"8159",10891.9601254011
"8160",10410.6449310584
"8161",8546.43660459432
"8162",6903.15267928362
"8163",6102.71644164018
"8164",9478.86670085072
"8165",8443.59748835307
"8166",5087.47119290595
"8167",6447.07635583764
"8168",7139.8342225579
"8169",8274.07582702724
"8170",7436.68624987987
"8171",5759.53343751465
"8172",6919.61589842202
"8173",6455.44961247232
"8174",5694.97299438298
"8175",7618.74928437577
"8176",9221.61070889259
"8177",5637.44314914136
"8178",7194.52979092633
"8179",7719.19010715299
"8180",9722.21396215909
"8181",7476.98054989761
"8182",6993.66722591709
"8183",7529.31068093771
"8184",9075.89404670416
"8185",8829.04677024273
"8186",8829.89942665857
"8187",7334.4743521241
"8188",6976.80288415621
"8189",7713.61476962121
"8190",7832.9968471921
"8191",8778.91939220987
"8192",7303.67006193621
"8193",4653.2332272581
"8194",5864.14896947443
"8195",7964.88286335027
"8196",6714.32367986153
"8197",6263.64112982002
"8198",8581.40269264195
"8199",5630.83259739233
"8200",9251.73307893645
"8201",7119.52246145211
"8202",7503.73260560377
"8203",6265.76469158822
"8204",5738.38970564193
"8205",8705.102671792
"8206",7404.16941630639
"8207",5588.59374775563
"8208",7858.71683986757
"8209",9198.71768641876
"8210",5952.07938265034
"8211",6745.82831285464
"8212",6356.46206734279
"8213",7073.2699338672
"8214",4712.34953120324
"8215",6149.06363444952
"8216",8155.46002686894
"8217",6513.39879930119
"8218",5301.18249227846
"8219",5369.72167019668
"8220",8699.18803600185
"8221",6514.31830410066
"8222",8665.89640641862
"8223",7471.10684511532
"8224",7589.4975455789
"8225",6901.31406571469
"8226",4939.48654519815
"8227",7007.19859281207
"8228",6852.23170253469
"8229",4773.60420473606
"8230",7681.71080047517
"8231",8910.6307484612
"8232",6409.2310676937
"8233",5990.47188902487
"8234",5946.21634622958
"8235",6575.61434061621
"8236",6132.70842538781
"8237",4957.32609505768
"8238",8345.02779827421
"8239",8168.93103516204
"8240",10547.2469522869
"8241",6252.79949070058
"8242",7600.36179461917
"8243",6069.9079161394
"8244",4019.30967839048
"8245",8368.92327500392
"8246",5713.7074152265
"8247",7556.10249169837
"8248",6805.64268800311
"8249",6937.63721260627
"8250",6649.82274028758
"8251",10472.6474088552
"8252",5803.63571667031
"8253",6092.02988939599
"8254",6884.70901258176
"8255",6483.75730300668
"8256",7309.98307707592
"8257",6938.89251403953
"8258",6964.01481213284
"8259",6636.53169669325
"8260",5804.85489577434
"8261",5556.1326727963
"8262",6620.28052767003
"8263",7694.45605151662
"8264",6446.67530381724
"8265",7819.30731026182
"8266",6064.0545964864
"8267",12551.9323163974
"8268",6382.53510812021
"8269",6095.22216308872
"8270",7941.51546723395
"8271",9658.03745668401
"8272",6916.55809335945
"8273",6817.0652824138
"8274",6037.3555686858
"8275",7385.21750465136
"8276",8712.70515111775
"8277",6736.05163274324
"8278",6346.24705482314
"8279",6577.08578247523
"8280",7974.98578298042
"8281",7214.79880841267
"8282",7686.20533151325
"8283",5158.86425052876
"8284",6528.89795344537
"8285",7568.36551738167
"8286",9272.24963016341
"8287",6362.31811930966
"8288",6048.78797841388
"8289",5374.01203929976
"8290",7903.52048562629
"8291",5267.23404182153
"8292",6720.17069856495
"8293",6613.57339725445
"8294",7262.0617610534
"8295",4800.92473047694
"8296",12483.3935603823
"8297",7248.58447647403
"8298",5705.32602130526
"8299",7397.37752900708
"8300",8124.56280569186
"8301",5879.59840687299
"8302",10306.9365706213
"8303",6368.0794256392
"8304",6819.0565104337
"8305",8425.01535757455
"8306",7641.86100600771
"8307",5224.3015923472
"8308",8651.87530981446
"8309",10575.3103912198
"8310",6747.63537288287
"8311",6182.44195399334
"8312",9076.23502426619
"8313",7413.00758971277
"8314",7384.5491222198
"8315",9821.18911226842
"8316",8736.72134730558
"8317",5405.85980293786
"8318",8672.93812146505
"8319",5293.1453314773
"8320",6426.49869672822
"8321",7856.53002214328
"8322",7185.77630195549
"8323",6813.88569540807
"8324",8596.3559264041
"8325",7412.90535569718
"8326",6042.09791856601
"8327",6671.06759262319
"8328",8418.37070396497
"8329",7876.94978304706
"8330",6284.3877513339
"8331",8370.02322257988
"8332",5729.67216788005
"8333",7709.05989188284
"8334",9261.73010744881
"8335",9318.11248429741
"8336",9804.51187395693
"8337",7390.81482389575
"8338",8196.40888010088
"8339",6900.28419139568
"8340",8280.8519078606
"8341",5540.56184305595
"8342",8872.73034202884
"8343",8021.3137710196
"8344",5135.74682038164
"8345",7545.85798944237
"8346",7165.47395307428
"8347",6970.35981409599
"8348",6970.80016229174
"8349",8404.74207645215
"8350",6505.68842513694
"8351",7200.47303689036
"8352",5796.11858110071
"8353",6712.23190127731
"8354",8901.34254911446
"8355",8297.10370824358
"8356",5010.74910470495
"8357",6563.54231737152
"8358",7991.5546334969
"8359",8117.36131030089
"8360",6050.93522628958
"8361",6200.81577641408
"8362",7532.91596164348
"8363",7205.6829081177
"8364",8638.33077059341
"8365",5740.82508274477
"8366",6901.10780559085
"8367",9475.37115315046
"8368",7004.46804674468
"8369",7313.0551025854
"8370",7262.06700556858
"8371",7337.81718968914
"8372",5220.49983954624
"8373",8365.07855292797
"8374",7298.60190144571
"8375",5616.68593906119
"8376",10016.8996244532
"8377",7108.24808392388
"8378",7030.97372289364
"8379",7095.91456007041
"8380",8103.97068091151
"8381",10153.9393724658
"8382",6445.40367684704
"8383",6984.99094109179
"8384",8800.58820388087
"8385",5753.67607906068
"8386",6372.66618730495
"8387",9465.62613763658
"8388",7223.27705650924
"8389",5663.07126194523
"8390",6479.10659275179
"8391",6017.58663279127
"8392",9104.84879560014
"8393",7166.58903648892
"8394",6665.46181111704
"8395",10832.8740963036
"8396",6853.57293709843
"8397",9657.50687167707
"8398",7683.71798642192
"8399",7814.79509871358
"8400",6384.19561544079
"8401",10219.3887927311
"8402",6716.99685612646
"8403",10102.9480902028
"8404",9356.34346543027
"8405",6123.63592642122
"8406",6499.00180694979
"8407",6093.46913573346
"8408",6850.19704538556
"8409",10495.5638288211
"8410",6128.1980319366
"8411",9393.7584478107
"8412",6831.0441256077
"8413",6726.32276916645
"8414",7497.21177494151
"8415",4741.74859777723
"8416",4404.36461907802
"8417",6830.82601044539
"8418",7804.00918849818
"8419",8621.37803178268
"8420",6763.23906626683
"8421",6878.97155742608
"8422",6599.17981259111
"8423",6581.19952222034
"8424",7277.97651141804
"8425",5789.0037715335
"8426",8483.0754015146
"8427",6712.17544609135
"8428",6701.77709843892
"8429",8398.0158524603
"8430",7803.69032172845
"8431",5263.72330641938
"8432",7747.9998402198
"8433",6150.72056183039
"8434",5194.49373140114
"8435",5175.91615023416
"8436",9657.47604746342
"8437",8186.28769458615
"8438",10527.5897017405
"8439",6872.53161357183
"8440",7303.03358899849
"8441",5790.30250528409
"8442",6955.49982627656
"8443",6747.56599088196
"8444",9769.52127119815
"8445",6979.1733210009
"8446",9204.50201278618
"8447",6516.82389441102
"8448",6443.01119617201
"8449",8032.64835765705
"8450",6583.69586388924
"8451",7173.99723612513
"8452",6302.4831229169
"8453",5753.73479066115
"8454",6673.41626559665
"8455",7294.77376582975
"8456",5066.30979541146
"8457",4652.11476556489
"8458",8662.953247648
"8459",6562.25218595959
"8460",7343.6978661395
"8461",7738.44483949041
"8462",9086.02507052639
"8463",6301.29358908553
"8464",5258.88037486322
"8465",10118.0569731671
"8466",6538.09277250555
"8467",5621.68945875946
"8468",5548.27491572441
"8469",7490.21090256755
"8470",9302.8280865226
"8471",8349.89361760309
"8472",6510.6915832767
"8473",7916.89743591873
"8474",4602.71657352089
"8475",7082.89078102804
"8476",5547.12893875776
"8477",9797.39547860824
"8478",5361.71457188458
"8479",5648.97130976017
"8480",6787.41912419041
"8481",6506.81031567299
"8482",6181.14986927821
"8483",9031.22353596708
"8484",7370.11220494068
"8485",6956.11671703827
"8486",8405.40980039046
"8487",6117.92060565702
"8488",6072.54321445981
"8489",6451.55790217425
"8490",7280.24875584618
"8491",7146.85022202977
"8492",5489.32494306209
"8493",7074.98553868017
"8494",8746.92972222798
"8495",6508.12401312869
"8496",9699.15975824018
"8497",8062.91652046974
"8498",6189.69097723478
"8499",5968.76088268021
"8500",6451.45793461192
"8501",8589.99906371524
"8502",9973.57777339616
"8503",5869.88716974922
"8504",8488.45646764897
"8505",4492.03904541488
"8506",6022.24112031636
"8507",9512.14369117086
"8508",5722.25470477225
"8509",6548.78018358653
"8510",6134.42212504908
"8511",7039.28607078568
"8512",6908.47639961799
"8513",6603.43136724798
"8514",7551.03000461003
"8515",6475.97757247394
"8516",5165.50555241122
"8517",5340.41509591187
"8518",5495.98477279837
"8519",7208.37259362845
"8520",8093.2617017198
"8521",7567.18063131342
"8522",8282.95211244671
"8523",9336.42560023704
"8524",5169.06498354852
"8525",6323.51781041783
"8526",5435.59714880741
"8527",8850.46188556474
"8528",8763.53313899528
"8529",5722.87322793723
"8530",9394.76565256433
"8531",6793.36699185778
"8532",7401.65636446198
"8533",5981.95664599087
"8534",4090.47861078354
"8535",6930.81989025322
"8536",7209.32088551118
"8537",5314.79272742946
"8538",7666.11259977766
"8539",6842.77956032458
"8540",6754.36357648374
"8541",6748.72636173749
"8542",6471.95043050368
"8543",8822.14415361791
"8544",6003.28607415609
"8545",7235.23285728745
"8546",6327.53872403468
"8547",6025.50003226352
"8548",12998.9513168728
"8549",10598.7117121878
"8550",5675.7660833495
"8551",5630.05160580783
"8552",6015.67202315315
"8553",8805.64515657163
"8554",8611.22291209933
"8555",7294.46732956337
"8556",7320.46299720079
"8557",7017.03236110717
"8558",7271.31917597601
"8559",6879.16488682813
"8560",7237.20476949896
"8561",6948.70416118256
"8562",9010.93072510223
"8563",4720.79606531374
"8564",8445.24983119187
"8565",5964.37690343138
"8566",7631.72727157163
"8567",6298.68194968003
"8568",9119.94490621804
"8569",5779.19988266051
"8570",6606.23327243888
"8571",6857.03592316472
"8572",7358.13143572318
"8573",8377.51253703693
"8574",10933.8049925101
"8575",7583.84767406246
"8576",9489.26616375931
"8577",9621.95192791447
"8578",7149.12659083934
"8579",9101.48059450185
"8580",6544.62872927578
"8581",9588.3592119066
"8582",8516.88759491102
"8583",7192.50200943936
"8584",6134.35861183055
"8585",6633.67533365595
"8586",6426.32005084149
"8587",6873.0299254795
"8588",6603.35372555059
"8589",7971.43556923723
"8590",6658.38357553107
"8591",8620.35637091099
"8592",7637.82233657445
"8593",6085.05389114647
"8594",7904.85406537172
"8595",7272.3736421962
"8596",7957.05122480081
"8597",8793.09802752675
"8598",6684.383402183
"8599",8680.11172714412
"8600",5600.77945508069
"8601",7521.47862387433
"8602",7205.22822529484
"8603",6652.75824727338
"8604",5372.09427672174
"8605",5443.93822571479
"8606",6065.35832721812
"8607",7455.32661490505
"8608",8486.29558908666
"8609",6123.6590708404
"8610",5763.47247825879
"8611",6228.07353041134
"8612",6981.28471660499
"8613",9080.68994336591
"8614",5947.00951903029
"8615",7654.48091140438
"8616",7921.90420675032
"8617",6932.35085894117
"8618",8622.45460784639
"8619",7474.56180721574
"8620",7958.30954000138
"8621",7428.72756019005
"8622",9411.40486365809
"8623",9627.42921680261
"8624",4627.64922006045
"8625",5580.54168049276
"8626",8165.14489087031
"8627",6421.945510777
"8628",5531.73601767446
"8629",5293.33645179999
"8630",9953.91881887908
"8631",8378.22967999001
"8632",8417.36492626028
"8633",6789.09833329993
"8634",7238.76150481683
"8635",8448.86849169581
"8636",6440.60424569455
"8637",10161.1427330223
"8638",5625.07758517942
"8639",5419.21372583541
"8640",9430.10066275628
"8641",7732.47782557692
"8642",7418.56671554026
"8643",5764.57036264185
"8644",7593.46076893957
"8645",7560.02340889422
"8646",6869.80785161065
"8647",6228.62447315714
"8648",9793.43798812342
"8649",8604.48067422772
"8650",5827.91712367263
"8651",6353.82389223496
"8652",8708.32659063972
"8653",8312.2204197908
"8654",7197.07582467712
"8655",10275.4866721956
"8656",6406.74132343501
"8657",8128.50818699206
"8658",6264.71824842201
"8659",3655.08648576148
"8660",8560.9150157414
"8661",5439.37932150957
"8662",5822.1029120999
"8663",6816.01150240923
"8664",8445.09587520293
"8665",6950.63116355205
"8666",7687.48852171434
"8667",6448.0219663331
"8668",6499.78016010573
"8669",4167.36751238676
"8670",7494.86193272284
"8671",7168.60143502617
"8672",8312.97739534721
"8673",6389.82813362397
"8674",6180.4580404345
"8675",7499.73776491839
"8676",8748.46843377567
"8677",6603.438265558
"8678",7521.29896816941
"8679",7647.00291152933
"8680",7967.24972637109
"8681",6863.53272739409
"8682",7429.7396600341
"8683",6581.70418334708
"8684",8284.2026138385
"8685",8026.54114020301
"8686",5722.76277444743
"8687",6470.12062962168
"8688",7177.66726816159
"8689",6448.58073130658
"8690",6396.52276184561
"8691",8706.11123196471
"8692",5420.08567578005
"8693",6079.93428327743
"8694",7306.71265556143
"8695",5510.92724845776
"8696",9198.98557314219
"8697",11154.2171156799
"8698",7602.20696948071
"8699",8693.70091644683
"8700",7990.91819041448
"8701",7690.44463022437
"8702",6440.8147327959
"8703",6128.16053174353
"8704",7213.51349453085
"8705",7337.03992770917
"8706",7551.29815878203
"8707",4869.40650208796
"8708",4972.49525622656
"8709",8287.46758219255
"8710",8277.11197529794
"8711",4791.27031876998
"8712",8530.1364691886
"8713",5224.12709695968
"8714",7369.43776997695
"8715",8042.76193021582
"8716",7843.76468068254
"8717",6819.05482274322
"8718",6049.38878056073
"8719",5519.0872716997
"8720",8906.52276601352
"8721",6899.49971454243
"8722",8585.80223640629
"8723",5978.35739613988
"8724",7561.15328602443
"8725",9453.04026899551
"8726",5622.22546356433
"8727",6872.54587909679
"8728",8400.90640995009
"8729",6096.33082326727
"8730",7779.69144953613
"8731",8566.80291278898
"8732",7480.45372381794
"8733",5733.78354549253
"8734",7705.34301684024
"8735",6647.67913137911
"8736",7716.13646104362
"8737",5357.97997628888
"8738",7444.01035764028
"8739",5117.95770078291
"8740",7352.3042508926
"8741",9270.9518521529
"8742",5330.03342371679
"8743",9826.85017912647
"8744",8421.19595538415
"8745",8062.44581672185
"8746",8038.08094082429
"8747",5468.54073728181
"8748",7155.57509749731
"8749",6643.1531728364
"8750",7749.57402237966
"8751",7374.26418432665
"8752",8836.33770284227
"8753",6222.24372139458
"8754",5357.57427236203
"8755",7887.93710496819
"8756",6342.78695012464
"8757",5286.52274424964
"8758",6079.06284533448
"8759",9372.8394273293
"8760",8680.29902124405
"8761",8942.28352782835
"8762",5629.8881139897
"8763",7570.67554689145
"8764",6143.65903433878
"8765",6522.50794819786
"8766",5102.93949930121
"8767",8153.74540938801
"8768",5964.29328647335
"8769",6210.4587516123
"8770",6325.5737868535
"8771",7697.48119455445
"8772",8269.19432349695
"8773",7260.96617487128
"8774",5493.80951950721
"8775",8398.0861249229
"8776",9468.25516339989
"8777",8937.02441454523
"8778",9112.48602504727
"8779",3916.04048096869
"8780",7386.02868853432
"8781",5612.70351833254
"8782",8868.75814881189
"8783",8024.82384446387
"8784",6346.7840723815
"8785",6661.88144518704
"8786",11691.9365873839
"8787",7349.51223787769
"8788",5463.34549195894
"8789",8182.67815653296
"8790",9169.13314986397
"8791",8230.44200458063
"8792",6307.52841582286
"8793",8303.66341661239
"8794",8263.68869327027
"8795",8128.15253800624
"8796",5357.64205220941
"8797",7095.34619480753
"8798",6152.26673600953
"8799",8261.13607642197
"8800",9247.74035047428
"8801",5563.66842263812
"8802",5851.05686522031
"8803",6538.68772463339
"8804",6419.28751912434
"8805",6109.53344684759
"8806",6820.65815510835
"8807",5654.97602575949
"8808",7713.20945139041
"8809",6950.55254432606
"8810",5212.49029424409
"8811",6046.75373994493
"8812",6199.71329787113
"8813",6624.79016734253
"8814",9673.43927597439
"8815",9162.40716097566
"8816",7299.40634993997
"8817",6781.03306052067
"8818",6966.30891043235
"8819",5826.294721947
"8820",8249.6098649138
"8821",6767.77925029035
"8822",6908.64987510297
"8823",8026.92395028033
"8824",8625.91889030918
"8825",8534.67408701533
"8826",7564.98005332515
"8827",8278.16056873201
"8828",6657.12100785416
"8829",8468.81528545444
"8830",5471.96445211883
"8831",8234.46002461547
"8832",9453.89820933525
"8833",7760.87082042092
"8834",8057.51414956465
"8835",5867.12397475657
"8836",6918.78863284981
"8837",8784.47501070426
"8838",7228.34870080971
"8839",5932.31498534863
"8840",6198.3666482905
"8841",8110.51543291261
"8842",6922.25327924629
"8843",9635.77078014775
"8844",10460.2816851331
"8845",7057.88968667269
"8846",7097.21696556676
"8847",7317.69559275668
"8848",7145.33669709552
"8849",9311.19793827672
"8850",5813.18898272538
"8851",5679.32781415828
"8852",8396.35160102186
"8853",7724.85830509956
"8854",5702.07940793016
"8855",8499.00811893826
"8856",7023.40212536994
"8857",8046.37026724805
"8858",5733.11882370032
"8859",6553.50550786148
"8860",5362.77908787085
"8861",8336.75017720886
"8862",8271.32463034749
"8863",6341.94719687106
"8864",9351.88928701677
"8865",7464.75108213147
"8866",6506.11736321896
"8867",6649.9113298329
"8868",7827.82369548831
"8869",6669.89663946749
"8870",6065.35361409603
"8871",8195.78683015044
"8872",8585.53036050241
"8873",8047.92002915279
"8874",6168.35372565644
"8875",7568.76462155391
"8876",9316.72646071439
"8877",5405.37332389244
"8878",5381.60078853507
"8879",7166.03019340971
"8880",6016.45516707631
"8881",8240.08620217106
"8882",6699.97845243031
"8883",6887.43018482563
"8884",6941.43488320324
"8885",6096.32350129082
"8886",7260.53667814458
"8887",6086.12291490349
"8888",6137.50072009521
"8889",6609.99172937318
"8890",5801.49410592411
"8891",6209.02576092551
"8892",7977.19915911505
"8893",8227.26275467058
"8894",10889.9949160633
"8895",5839.31290649147
"8896",6677.31125864997
"8897",5543.86958533548
"8898",5752.90050047435
"8899",6789.21454156761
"8900",6639.66434783524
"8901",8080.43905508129
"8902",6548.71637712306
"8903",6199.91595120633
"8904",6259.13941308456
"8905",7042.61917906043
"8906",8740.57610927734
"8907",7194.97838280982
"8908",6448.04948915366
"8909",6380.96209256527
"8910",7452.21013487273
"8911",6547.89463805608
"8912",9758.09370674665
"8913",7648.6237753892
"8914",8136.77513233684
"8915",8998.17759472106
"8916",7594.93928777841
"8917",6018.91236455457
"8918",6460.44596249534
"8919",9685.82253975552
"8920",6519.45923911348
"8921",6712.95666630826
"8922",6131.24238917443
"8923",6436.32446544896
"8924",6849.07095892087
"8925",7408.79720826498
"8926",6599.77496545896
"8927",9095.574560739
"8928",7944.66934778079
"8929",9271.04033659376
"8930",6363.52841600569
"8931",6279.97572210798
"8932",7629.79036383348
"8933",9246.96320046552
"8934",5731.81953619157
"8935",6314.84419609836
"8936",6391.08474721518
"8937",8672.61584806947
"8938",10230.0094543016
"8939",11974.2897214378
"8940",9130.62942314723
"8941",9594.5872467735
"8942",9275.00413151416
"8943",6980.51468787384
"8944",8130.8102933208
"8945",5679.96802972616
"8946",9067.16689142383
"8947",6889.29637249606
"8948",7667.75466593103
"8949",8652.28681895057
"8950",4768.35516388286
"8951",11125.0552589783
"8952",7783.66721881998
"8953",8579.14880987211
"8954",6603.68370927626
"8955",6490.92978651396
"8956",7476.72232892558
"8957",8401.3852871995
"8958",6911.12715038237
"8959",8035.66913859236
"8960",9718.25100661508
"8961",6687.00634519907
"8962",7762.88657746969
"8963",5032.98301623037
"8964",9140.22774157315
"8965",7901.04031774985
"8966",9324.31964192065
"8967",7355.23077287362
"8968",7961.70585987211
"8969",5971.03676466577
"8970",8834.70146789931
"8971",7432.29636384091
"8972",8464.46920192534
"8973",6303.3562226425
"8974",7073.5612179793
"8975",5245.25329416712
"8976",8687.60738042606
"8977",4412.51240343408
"8978",5722.15269887562
"8979",7350.63936347345
"8980",6785.50541731785
"8981",5615.05179689804
"8982",7502.1410996322
"8983",6848.6617005326
"8984",5061.00601909481
"8985",6869.4200608037
"8986",7231.64576542057
"8987",6345.22905603833
"8988",7313.17687804874
"8989",6246.52899817497
"8990",6833.32032939024
"8991",6810.41224591321
"8992",6330.44457734317
"8993",6215.67612482548
"8994",5194.20866227231
"8995",8702.164663349
"8996",5388.1225501635
"8997",7975.22242004587
"8998",8387.47435454276
"8999",5594.73788130203
"9000",7938.7578849128
"9001",5458.28614215481
"9002",5892.3684137148
"9003",6745.77133708813
"9004",8018.32892689104
"9005",5580.70197250207
"9006",5221.6922074394
"9007",8160.69542730916
"9008",6272.9408727841
"9009",7361.83543163484
"9010",4041.00159703965
"9011",5219.99538635106
"9012",6777.75622113512
"9013",8639.31216268163
"9014",10071.6619044233
"9015",7974.85215470874
"9016",7548.75522366359
"9017",7358.18579111788
"9018",9322.61416048561
"9019",6033.65343864402
"9020",9871.19352836111
"9021",6110.20521534517
"9022",7220.65869621592
"9023",5344.09932640901
"9024",7341.21830396043
"9025",7438.27783394581
"9026",6395.38539888043
"9027",8226.54870503862
"9028",6184.89412433467
"9029",8642.36139470543
"9030",5504.95808722778
"9031",6728.46642822925
"9032",6985.073729802
"9033",6230.25952715941
"9034",7732.06811773243
"9035",6269.99808591858
"9036",8845.94703863113
"9037",6355.82567218081
"9038",6473.88968530956
"9039",5197.00692963934
"9040",7470.94643813847
"9041",8540.42961051431
"9042",7173.06402707767
"9043",8917.7547986901
"9044",7632.27687302057
"9045",6901.56838100177
"9046",9847.61682522996
"9047",9559.92072515077
"9048",7370.72768723758
"9049",7224.44487393306
"9050",6173.00617047225
"9051",8550.2521416473
"9052",9766.7036801705
"9053",6085.432466365
"9054",6733.38249433368
"9055",8098.43743167062
"9056",6405.05413139597
"9057",6899.0112493494
"9058",9795.11116962712
"9059",7548.39861580067
"9060",8975.80916632482
"9061",4773.00324526631
"9062",5185.11892640216
"9063",4442.50469325643
"9064",6251.21518130909
"9065",6024.90910334977
"9066",8223.36067839435
"9067",9823.07412091033
"9068",6967.21974347349
"9069",7922.99618167826
"9070",7063.29164514534
"9071",6051.28565561431
"9072",7075.00206584442
"9073",6991.96337315406
"9074",4836.64569556216
"9075",5597.61805893494
"9076",5666.93612829668
"9077",7642.50711191399
"9078",4898.2678908965
"9079",7759.65191078514
"9080",7683.483654261
"9081",6698.67600614374
"9082",5742.52359755091
"9083",7919.9976570845
"9084",8987.58095451384
"9085",6244.30678716052
"9086",8175.15740983475
"9087",7172.36884462819
"9088",6878.40371687345
"9089",6198.15622188821
"9090",6307.98971605273
"9091",6296.75455172351
"9092",7400.47441755829
"9093",6994.34824957244
"9094",7146.86897107871
"9095",6498.77195786403
"9096",7003.63909750223
"9097",6549.35519544032
"9098",7049.08490188698
"9099",7081.56677286207
"9100",5997.52280671681
"9101",9899.77497750564
"9102",6962.43078377294
"9103",5023.51402965394
"9104",7469.83741758245
"9105",6183.38643201555
"9106",10800.7442330645
"9107",7055.01628262017
"9108",7446.8875023672
"9109",6321.44944116976
"9110",6291.05333854179
"9111",5155.19198053259
"9112",5417.09838487815
"9113",5823.04876161342
"9114",7707.56485326164
"9115",5507.95078266563
"9116",7956.36143207141
"9117",5898.23044623013
"9118",5187.50892732166
"9119",7663.03039784939
"9120",7440.16055404163
"9121",7021.52877318175
"9122",7701.04296939063
"9123",6800.54077847249
"9124",8628.02812256506
"9125",10204.3297654445
"9126",8429.66529647792
"9127",7017.91983910765
"9128",7543.92160499853
"9129",6767.35035490283
"9130",5198.34168657535
"9131",5210.59244070501
"9132",5878.42952834109
"9133",7708.32251095255
"9134",6703.52418036841
"9135",7936.22121612869
"9136",6823.51939306042
"9137",8016.34967451458
"9138",7000.88137672956
"9139",6886.64291628539
"9140",7134.83884875403
"9141",9066.75027121815
"9142",5493.94446886946
"9143",7857.45631513204
"9144",6183.1299708213
"9145",8068.55054855918
"9146",9138.62803264742
"9147",8068.64166507445
"9148",7694.83982548486
"9149",5261.0192760281
"9150",6314.14179365159
"9151",7075.23513974007
"9152",6955.42719421127
"9153",6392.13686720772
"9154",4502.76626194888
"9155",7290.35520718978
"9156",8176.2813829131
"9157",5195.69253388411
"9158",4481.92470833745
"9159",8445.1719960774
"9160",8694.17650955928
"9161",7095.53243731588
"9162",8365.31895825701
"9163",5065.53022799554
"9164",5657.31347289236
"9165",5918.21608061646
"9166",5617.10595812987
"9167",8746.79368724674
"9168",7568.95514520366
"9169",7536.2727766375
"9170",6611.42507233232
"9171",6080.16881066648
"9172",7570.74094643907
"9173",5872.71860640643
"9174",5381.22697043518
"9175",7217.34170797453
"9176",7556.85142210305
"9177",6875.26983052641
"9178",7071.17211765474
"9179",8428.37920573204
"9180",6132.28021407241
"9181",10264.0537336496
"9182",6222.24583364512
"9183",8136.81134384094
"9184",9115.37823572087
"9185",6955.6145855391
"9186",4725.23615550811
"9187",7713.56355121817
"9188",7897.40446888381
"9189",5533.81424177179
"9190",6518.56233718972
"9191",6181.07164799459
"9192",7532.54868049905
"9193",8424.20149070782
"9194",6319.13543459807
"9195",6592.12761066383
"9196",6632.42382332554
"9197",7916.52789688667
"9198",6610.28025935492
"9199",5506.51980959877
"9200",5634.43372654537
"9201",5594.68880621517
"9202",7461.35429105497
"9203",7396.49080101809
"9204",5763.16321794002
"9205",6981.05215662979
"9206",6404.17316593671
"9207",7874.5429302831
"9208",6745.8577064085
"9209",7747.36275567513
"9210",9562.0733956323
"9211",8749.20358778729
"9212",7151.75301189857
"9213",5711.29642432265
"9214",6500.30912164223
"9215",5459.41914860911
"9216",6058.66325321398
"9217",7828.06464079588
"9218",6972.87810268428
"9219",4277.98005502514
"9220",6245.05021046016
"9221",6508.40580434366
"9222",6401.08878841443
"9223",5695.22999584492
"9224",9073.33779443312
"9225",3679.66469123658
"9226",7062.93058692456
"9227",7093.62441323468
"9228",7456.5676546206
"9229",8557.46053193481
"9230",6948.47300538161
"9231",8412.28902159864
"9232",9526.61569295992
"9233",6973.27074069046
"9234",5919.79334886917
"9235",6910.26830747161
"9236",6756.79756657769
"9237",7373.41018025587
"9238",5267.40288713416
"9239",9886.80491684964
"9240",5777.53035169753
"9241",6998.34844754173
"9242",6262.82220709548
"9243",5665.693896981
"9244",5612.04940833102
"9245",8238.65049634367
"9246",8207.43849400858
"9247",7309.49974709964
"9248",7912.05838977058
"9249",5386.97469641038
"9250",6464.39448396799
"9251",6282.46214370901
"9252",10712.2991152804
"9253",6720.56603909667
"9254",7378.40709956762
"9255",8465.76913499404
"9256",5510.74125821742
"9257",7031.29599796914
"9258",4670.76925144676
"9259",9067.43905132552
"9260",9970.62833608495
"9261",8924.2635041472
"9262",7266.89641943893
"9263",5699.57976667405
"9264",7542.01387462301
"9265",4733.7451324497
"9266",4652.36749036242
"9267",6781.30435450314
"9268",12637.8993992293
"9269",6494.65545640826
"9270",6780.22437336381
"9271",7477.17545946432
"9272",8922.74392334491
"9273",6828.12114572138
"9274",5073.42987297695
"9275",9977.94497497884
"9276",6323.53037046449
"9277",11223.4980769503
"9278",7239.62977319297
"9279",7618.71644523879
"9280",8031.85817704397
"9281",7606.11191100903
"9282",8452.80735507188
"9283",6062.37005641208
"9284",8880.63258078111
"9285",5671.34285170061
"9286",7576.07768559858
"9287",5379.83393508831
"9288",8452.33830816971
"9289",6240.85255671995
"9290",6298.01330341669
"9291",6411.07387878492
"9292",6175.68090878664
"9293",4800.91077028601
"9294",7368.23546277482
"9295",5147.80457151026
"9296",6320.2581037931
"9297",8788.85933583075
"9298",9514.21938020962
"9299",7255.12312692362
"9300",7076.67075050089
"9301",8063.40571520262
"9302",5680.82886017738
"9303",6155.35385249274
"9304",7194.91121325952
"9305",7987.91789318682
"9306",7519.55407665237
"9307",9063.38176931971
"9308",6231.66529411203
"9309",8325.98376291825
"9310",5262.20142608048
"9311",6589.28101379782
"9312",6668.32702331334
"9313",6810.65117459839
"9314",9705.22299305256
"9315",6030.0453742524
"9316",5863.90237165859
"9317",6059.35616580155
"9318",4476.5313862957
"9319",5721.75608271904
"9320",7741.33339575248
"9321",8650.77837463609
"9322",7749.43384995202
"9323",7596.48291951687
"9324",8644.57390149572
"9325",7976.55243309878
"9326",6646.78174200003
"9327",6294.0997454466
"9328",6278.20386576535
"9329",5614.4685060548
"9330",6807.87148193705
"9331",6225.77154839317
"9332",8692.48188902319
"9333",9076.21071194318
"9334",6235.5600781355
"9335",9817.80608967635
"9336",6112.1952015627
"9337",5170.20417599606
"9338",5917.57225294138
"9339",5939.71826767894
"9340",6070.14225105196
"9341",7099.70372672064
"9342",7354.36383200855
"9343",5602.08471104592
"9344",10249.8120403119
"9345",6571.25509576289
"9346",8097.81105689104
"9347",5766.98342175033
"9348",5941.95682937415
"9349",4856.43293465641
"9350",7417.88470535326
"9351",6725.36974596145
"9352",5354.79258381841
"9353",7406.12766672474
"9354",8167.65204567835
"9355",8204.60426876595
"9356",8786.53274845339
"9357",6566.54460437911
"9358",6651.78642058753
"9359",8684.9727365764
"9360",7581.82340561633
"9361",8315.95354127452
"9362",10363.3860848627
"9363",6665.658661393
"9364",6510.63500502559
"9365",9095.82207329044
"9366",7049.05485320859
"9367",11465.7298181966
"9368",10985.0893649207
"9369",8820.9177958276
"9370",8912.02362487611
"9371",8937.43643793362
"9372",7749.24646455639
"9373",9052.96073224623
"9374",7217.29058474731
"9375",9518.76196016083
"9376",7549.48828715421
"9377",9567.12845040765
"9378",7899.71928672482
"9379",9272.2123267055
"9380",5340.66799532294
"9381",7530.83116281479
"9382",6593.14996616692
"9383",8371.4647230091
"9384",9135.93124146732
"9385",7009.80358866744
"9386",5109.5736012561
"9387",7768.3383489997
"9388",8644.61154469859
"9389",7633.96449536126
"9390",4918.58740593763
"9391",8305.63442645183
"9392",8444.706697745
"9393",8814.04677154528
"9394",10375.3622841335
"9395",8445.19441907574
"9396",8977.98906416288
"9397",7845.22822196005
"9398",6326.39970975431
"9399",6766.3802243072
"9400",10058.7944942151
"9401",10538.2792719253
"9402",5686.74300373934
"9403",6079.36242136578
"9404",7933.06859004606
"9405",5035.92886358135
"9406",4558.33700029666
"9407",7411.61858898283
"9408",8480.99167359809
"9409",9081.24961054128
"9410",5349.69264560923
"9411",7869.77765198464
"9412",8076.93650499059
"9413",8111.72399346125
"9414",5080.53947751771
"9415",6444.30610310042
"9416",6151.72538028773
"9417",7741.02529206139
"9418",6537.06452772782
"9419",6804.10825406891
"9420",8501.74926845439
"9421",5167.73506262599
"9422",7823.18785224359
"9423",8054.2752573824
"9424",8897.10949576001
"9425",7245.13988616979
"9426",7957.25874014008
"9427",7006.5189918324
"9428",7700.44024366505
"9429",5939.1530335402
"9430",8066.67920474625
"9431",9123.88195791991
"9432",8856.9999618019
"9433",7430.09951160107
"9434",7716.55588223401
"9435",5260.91641889797
"9436",6545.51725993795
"9437",10411.3279498616
"9438",6032.98094869307
"9439",5326.26808699697
"9440",7526.61136415303
"9441",6451.51289892359
"9442",5994.50627920049
"9443",7846.54503145263
"9444",5933.11677004107
"9445",9093.10068084049
"9446",4912.71758124042
"9447",5844.59057466687
"9448",7374.58648173805
"9449",9041.96273426146
"9450",6883.31822688571
"9451",7870.07558175745
"9452",7344.37276235083
"9453",6626.065398937
"9454",6570.34063957598
"9455",5925.80859673477
"9456",6665.28244950241
"9457",7989.68502785722
"9458",6405.35174319166
"9459",7890.9519598463
"9460",5440.82749960894
"9461",5956.65708184347
"9462",5564.54443047134
"9463",5832.97756831774
"9464",5025.24622180642
"9465",7930.63472858885
"9466",8634.54843920209
"9467",6289.39384681795
"9468",7154.18801895521
"9469",6263.08828270392
"9470",8763.68285484726
"9471",6365.67476998114
"9472",8980.67135642071
"9473",6939.58516347959
"9474",5818.07676356621
"9475",9835.64349466827
"9476",7058.21199993655
"9477",8035.10846958787
"9478",5237.66259957506
"9479",6024.44292111262
"9480",4914.19745967899
"9481",4964.73589548121
"9482",8233.95542830837
"9483",7547.95765681747
"9484",6556.57082977927
"9485",7800.93782927451
"9486",5386.00592357493
"9487",6688.07410996456
"9488",6572.78268211266
"9489",7693.7740974781
"9490",7118.18141790051
"9491",5244.82875269292
"9492",7011.64940517806
"9493",9173.25013782443
"9494",5623.7840821901
"9495",8420.49352465983
"9496",8231.62561016766
"9497",8010.08096320388
"9498",6329.76198585998
"9499",7006.52482378272
"9500",6727.66935748229
"9501",8523.13705478786
"9502",5493.64046622291
"9503",6028.29315581801
"9504",10295.8126786661
"9505",8609.41520294324
"9506",6211.4717729707
"9507",6315.48529886862
"9508",5733.65664920083
"9509",6670.647043065
"9510",7112.31753266488
"9511",4578.85647665148
"9512",7238.62475555203
"9513",7329.42721608278
"9514",6301.14453999229
"9515",6547.20910572215
"9516",7488.76425136867
"9517",6620.43218741697
"9518",8372.17083796118
"9519",6005.09179956187
"9520",7672.09561187583
"9521",6365.11848278257
"9522",9111.98400646988
"9523",6670.33573033827
"9524",8266.12898653699
"9525",5284.68872500299
"9526",8004.5815574775
"9527",11238.5254005673
"9528",7256.54148152904
"9529",9966.71974274358
"9530",9196.72398976369
"9531",11511.696206097
"9532",8004.13104718722
"9533",7956.49819789921
"9534",7402.62725418675
"9535",7870.17281012456
"9536",5720.81160217956
"9537",7452.6104585527
"9538",7539.06301468265
"9539",5574.10708009473
"9540",5817.17757177735
"9541",7729.46847528355
"9542",8532.40591725236
"9543",8831.74404552458
"9544",7970.2469107702
"9545",7016.90677011866
"9546",8194.21637327044
"9547",5242.81717276356
"9548",4705.60049231336
"9549",8078.22145657225
"9550",7679.12827457319
"9551",10351.6635068539
"9552",6552.95238265196
"9553",4336.52794369805
"9554",13477.1646337561
"9555",7778.03457457807
"9556",8626.55123050804
"9557",7370.16142980982
"9558",6367.56689126619
"9559",9286.84371885885
"9560",6120.83079004096
"9561",6522.78892963166
"9562",4940.09630610077
"9563",6226.76038783191
"9564",7095.54365184495
"9565",6296.16954785754
"9566",8470.00685754121
"9567",7849.33325853644
"9568",6141.75848059045
"9569",6658.06858114425
"9570",5754.43751150385
"9571",7190.93652374748
"9572",6011.04463200047
"9573",6336.47578168887
"9574",6999.14435712413
"9575",8903.76465969573
"9576",5028.23401579126
"9577",8357.77574674645
"9578",9035.18564265399
"9579",7711.49991289307
"9580",6471.60374544406
"9581",8909.2057218648
"9582",7192.8223852021
"9583",8408.35209526893
"9584",9409.05633687933
"9585",7518.06958375925
"9586",5735.81652627155
"9587",5051.26066565911
"9588",5973.24295142944
"9589",4435.80054315016
"9590",6660.84895523455
"9591",6760.62213888524
"9592",9633.551041281
"9593",5611.85726517705
"9594",8555.15009126308
"9595",5523.62064680346
"9596",8146.84494254989
"9597",5429.21412604746
"9598",7473.30677351434
"9599",6136.9092144799
"9600",5968.03872839198
"9601",4817.34608205235
"9602",6203.01224719595
"9603",4880.18219657258
"9604",4938.88222804191
"9605",6754.75818151207
"9606",9940.58928778498
"9607",7513.35784684628
"9608",7524.08365368122
"9609",5231.65402102755
"9610",12673.2615598582
"9611",6076.10810101439
"9612",5056.67908564386
"9613",8065.73023433303
"9614",7565.65073361961
"9615",5998.33582793435
"9616",4753.73508732751
"9617",7667.82538054427
"9618",8647.12584632991
"9619",4537.36003293421
"9620",6490.27655594202
"9621",7595.544693102
"9622",5970.53859526332
"9623",7605.99752374722
"9624",6839.22890715374
"9625",7408.60324464297
"9626",7484.95450510575
"9627",8604.93625895628
"9628",5642.95533777417
"9629",5980.08558838296
"9630",7002.79852676025
"9631",6621.16123076096
"9632",6906.90445931729
"9633",5572.86108039257
"9634",7675.08698161674
"9635",5713.95190200169
"9636",7793.37989711861
"9637",6412.08267854707
"9638",9242.38716965046
"9639",7604.24615370786
"9640",5437.1703985636
"9641",7802.940773604
"9642",6478.07509965223
"9643",8623.97397141082
"9644",5927.80053343015
"9645",8276.14083890605
"9646",9310.67347262697
"9647",5176.66582504589
"9648",8032.8474728302
"9649",6986.04703002795
"9650",6781.10052457105
"9651",6520.75999611414
"9652",9237.64544084265
"9653",6538.66786329971
"9654",10770.5345525381
"9655",5382.27301456232
"9656",6666.4916924004
"9657",8513.10155803108
"9658",9128.84203600627
"9659",7717.84023037378
"9660",7633.60549429378
"9661",9781.06744381153
"9662",6624.66572258862
"9663",5619.91350643264
"9664",8250.15387766324
"9665",7211.63461328689
"9666",6805.28367887308
"9667",9111.06734302345
"9668",6673.67456172864
"9669",6679.24952021439
"9670",5811.88574026296
"9671",7466.11602916342
"9672",7644.98237786611
"9673",9520.85521799752
"9674",4864.11063217461
"9675",6597.81722416995
"9676",8046.37921420143
"9677",8183.01587566161
"9678",8132.94220804489
"9679",6474.93265257814
"9680",6314.27162772545
"9681",8580.24127854029
"9682",5964.867086719
"9683",5969.86124339886
"9684",5609.06705782097
"9685",8460.90092862906
"9686",10741.5188627347
"9687",8090.22940185419
"9688",7716.7642062758
"9689",6647.45740781048
"9690",8383.00113770386
"9691",9505.72842002666
"9692",6021.69421089366
"9693",5972.2353497468
"9694",7548.73322487653
"9695",7871.11896650042
"9696",6258.48928721784
"9697",7463.68359782184
"9698",5768.31832621769
"9699",5885.81013683626
"9700",6247.48601121192
"9701",8324.33046865931
"9702",5603.99828635289
"9703",5169.13551297843
"9704",6293.07958342044
"9705",5106.21119973913
"9706",6233.31387230974
"9707",6447.11949568871
"9708",7803.11017863951
"9709",7579.17197017427
"9710",7929.33921682581
"9711",7360.81439741461
"9712",6523.81723144273
"9713",5691.87432441145
"9714",5857.67338017943
"9715",5898.02043532241
"9716",6618.03873914178
"9717",10046.8939503879
"9718",7729.58148481111
"9719",8890.66786174887
"9720",7298.78042363486
"9721",7842.41914639497
"9722",7819.26849988135
"9723",11287.6581421953
"9724",10635.7577927009
"9725",7912.12236850101
"9726",6013.75755097266
"9727",6654.93711387894
"9728",7235.42174074925
"9729",5994.00169628949
"9730",5364.26668767587
"9731",7474.56082481565
"9732",7268.32858009121
"9733",5663.18619920933
"9734",6597.38031240009
"9735",7323.78429622941
"9736",6418.97471019661
"9737",5502.77536241988
"9738",7971.08733762984
"9739",8333.51581628893
"9740",7690.41798618766
"9741",6687.42643584553
"9742",9654.41948090829
"9743",6317.32832735128
"9744",6139.58844271247
"9745",5352.0871275095
"9746",7128.54509717627
"9747",6966.1011166311
"9748",8759.543100193
"9749",9619.36799199456
"9750",8010.55135443097
"9751",8220.46716011847
"9752",5890.74831889887
"9753",6881.4976012242
"9754",6858.99558091014
"9755",5882.79251729864
"9756",6236.89070558635
"9757",5537.30296006308
"9758",5603.37848670593
"9759",6191.35951395716
"9760",7061.34607006203
"9761",7808.45711680719
"9762",7117.23986381477
"9763",6790.21558969092
"9764",7541.06228663521
"9765",5259.23005400977
"9766",6494.35782457942
"9767",8408.38613119954
"9768",8634.9021042492
"9769",7995.17556140214
"9770",6767.75020014044
"9771",6937.75356718031
"9772",6109.92117914024
"9773",7358.02537064662
"9774",6445.81369524276
"9775",9240.14302402445
"9776",7770.110515664
"9777",5923.09170517685
"9778",6565.82129308477
"9779",7181.99736031547
"9780",6270.07820904451
"9781",8348.81908214515
"9782",8248.94275264155
"9783",6323.41179137966
"9784",6102.62880420243
"9785",5513.22468623003
"9786",6734.82309156686
"9787",5466.3707729036
"9788",9400.68148564848
"9789",5670.60840075493
"9790",6936.74266598895
"9791",7801.34892014082
"9792",5613.62255846991
"9793",7537.51460756968
"9794",5879.95493934923
"9795",6750.70029165972
"9796",5393.59738058997
"9797",7459.84349510032
"9798",7614.26378650296
"9799",5972.09268473033
"9800",11209.7611420077
"9801",5948.43902426049
"9802",5361.64614852428
"9803",9396.01233782192
"9804",7097.84670466054
"9805",7180.8063983553
"9806",8505.09473316985
"9807",5959.06755051777
"9808",8512.15063640311
"9809",7078.86615972321
"9810",8747.53406781524
"9811",6103.59205329774
"9812",6299.30529191897
"9813",9583.66976253425
"9814",5867.98399961845
"9815",6550.59584966168
"9816",8642.5987217048
"9817",5675.51814386756
"9818",7261.87372963509
"9819",6107.09394813453
"9820",7423.89200610994
"9821",4843.96798882486
"9822",7674.80093516359
"9823",5945.81075763502
"9824",5977.31620812241
"9825",6003.4652116857
"9826",8868.15119123299
"9827",6048.50106717833
"9828",6202.28285496442
"9829",5515.429092437
"9830",7884.07069684054
"9831",8346.91306658454
"9832",5171.43831229587
"9833",8278.8119581491
"9834",9122.26521273704
"9835",7656.72346999479
"9836",5550.84579332454
"9837",8723.27513023106
"9838",5571.07988872614
"9839",5887.44919037118
"9840",8106.45785955935
"9841",6441.01485594684
"9842",6583.32936282076
"9843",5851.21045325522
"9844",7595.11470758506
"9845",7530.37352092205
"9846",6290.64555920347
"9847",9213.00481480481
"9848",8183.18526961994
"9849",6910.99856266176
"9850",5267.23782804719
"9851",6903.34958862911
"9852",5209.21565293924
"9853",7408.24366442534
"9854",9509.30257200209
"9855",5656.96407991042
"9856",6144.69251837866
"9857",7815.47973075662
"9858",7820.38460765481
"9859",8702.51842772696
"9860",5725.52902882567
"9861",9174.7183514416
"9862",8795.67196435343
"9863",8641.11705743909
"9864",6651.52006340199
"9865",6556.43715463247
"9866",5899.07300973414
"9867",6728.54094977095
"9868",4755.44992147815
"9869",6512.75465566359
"9870",7366.02651728689
"9871",4666.20011882556
"9872",6383.60474959447
"9873",6703.95329338799
"9874",6725.24698203225
"9875",5641.06326426987
"9876",5797.38734643961
"9877",8866.85538067391
"9878",6537.23671956214
"9879",9646.39886703876
"9880",7137.05004652235
"9881",6144.80476980629
"9882",7312.95093771994
"9883",6394.09178387753
"9884",5392.42104728599
"9885",7636.11019893597
"9886",4604.96121360266
"9887",7930.81677103009
"9888",7512.72739133695
"9889",6372.02215107271
"9890",6168.21058263365
"9891",7628.13291374447
"9892",7886.93659241078
"9893",8382.89805027506
"9894",7646.1018670717
"9895",6507.68114245498
"9896",9046.99829675138
"9897",7376.5203571051
"9898",8644.02331545295
"9899",9154.15535436585
"9900",7667.12103139727
"9901",8321.23120265389
"9902",7219.98135214855
"9903",8289.54561321895
"9904",6711.69775564625
"9905",6599.35838681756
"9906",6815.18700628025
"9907",9827.39729439227
"9908",5043.0184839909
"9909",8128.86579346292
"9910",6093.65775765734
"9911",5891.9646246617
"9912",6763.65713580604
"9913",6741.09632756429
"9914",7604.33388410609
"9915",5503.71270970439
"9916",8233.33369037796
"9917",7799.48963831039
"9918",5611.50459200422
"9919",6283.20320330619
"9920",7910.80586208014
"9921",7410.88107035838
"9922",6690.08716229359
"9923",5305.47267117486
"9924",8405.14370290567
"9925",6307.34881415593
"9926",8705.15433701556
"9927",7499.742694986
"9928",6836.20263044004
"9929",7533.20727003734
"9930",7904.48293845286
"9931",8808.12605743563
"9932",5691.70560749854
"9933",9793.57182264877
"9934",5918.2897449821
"9935",6843.93970112356
"9936",4936.74200068086
"9937",6756.14541042833
"9938",6824.47421341104
"9939",9728.50273407091
"9940",6807.9949593421
"9941",7710.47166246317
"9942",7282.63308464933
"9943",8504.62887977097
"9944",6549.98541653349
"9945",6292.90211515078
"9946",6424.72117740978
"9947",9807.9598578121
"9948",5314.45972511792
"9949",9855.12176376133
"9950",6684.95016941138
"9951",6261.38582295731
"9952",10380.4601255996
"9953",6592.11396343073
"9954",7378.61866235625
"9955",6823.0401989522
"9956",6351.45518521845
"9957",4855.59706727513
"9958",4784.39879136579
"9959",5493.90192864192
"9960",5322.39650994017
"9961",6349.40378212865
"9962",7811.76565022636
"9963",6692.1714497847
"9964",6435.89824793451
"9965",8877.19717367787
"9966",8122.51505839917
"9967",6709.38440462409
"9968",8421.66368673298
"9969",8576.21590900275
"9970",9694.98127697412
"9971",8448.37545051596
"9972",7431.58083949338
"9973",4606.05275243406
"9974",9271.83907303288
"9975",6908.99311057168
"9976",7260.68713124794
"9977",4859.26144480052
"9978",7745.63018630112
"9979",7810.07131757582
"9980",5536.05055839384
"9981",7116.24243796212
"9982",6496.23249370254
"9983",7141.23584058202
"9984",4282.53644969532
"9985",7382.51048015085
"9986",5984.30588691209
"9987",6331.23618647955
"9988",6744.85380351142
"9989",6948.93397999323
"9990",6282.40465266063
"9991",4997.2886030547
"9992",7753.43950003672
"9993",7067.12484595721
"9994",7480.17718466049
"9995",5522.97116789487
"9996",5793.49514577121
"9997",7435.56798319886
"9998",8184.39130295281
"9999",5269.52473041141
"10000",6565.72162688545
"10001",9035.77136331249
"10002",7445.55286013696
"10003",7630.44097255701
"10004",6417.07718661537
"10005",7041.57671679101
"10006",6926.40061193487
"10007",5506.0784885199
"10008",7495.11109491165
"10009",7892.71943642772
"10010",7221.74852465092
"10011",9950.78585118571
"10012",10658.8143617022
"10013",3781.34213670492
"10014",8218.08500430921
"10015",7403.23622916682
"10016",5517.48887997706
"10017",7282.59116579434
"10018",5588.63052703301
"10019",5623.72950187579
"10020",6412.37621000768
"10021",11342.6625164224
"10022",5798.20039104699
"10023",6119.21221628278
"10024",5408.24581364775
"10025",6994.71161875778
"10026",7033.16626189251
"10027",6293.29428163927
"10028",4134.69495084174
"10029",6323.73557605535
"10030",6473.42704692986
"10031",4840.25536425159
"10032",8486.38566332758
"10033",6780.45852157119
"10034",9034.72177863152
"10035",10451.9329957982
"10036",5640.00324304719
"10037",4629.64903655818
"10038",6873.27462389382
"10039",8573.17589220456
"10040",5995.51385613302
"10041",4821.91066128652
"10042",6249.98414330708
"10043",8142.61705700857
"10044",6119.32038489741
"10045",7974.50261135846
"10046",6985.95421550766
"10047",9767.51775650973
"10048",7693.8618271278
"10049",7836.46598932047
"10050",6842.60337211677
"10051",6524.10847320397
"10052",5700.94427574842
"10053",6557.6025829174
"10054",6851.95844305926
"10055",7314.88779192277
"10056",9347.1973249059
"10057",6550.7768384011
"10058",7469.04567284097
"10059",7704.70087102476
"10060",10447.1836038272
"10061",6406.59043677517
"10062",7495.24409002967
"10063",5314.74183686183
"10064",7339.62908035912
"10065",4912.21744490279
"10066",9087.55961402939
"10067",7920.00868882035
"10068",6688.48126497779
"10069",9221.47534996583
"10070",7282.10502151182
"10071",8200.10125431241
"10072",8083.95767727595
"10073",12160.7601480109
"10074",4628.97968255415
"10075",8991.06052927459
"10076",5998.26469825833
"10077",7597.4493594508
"10078",6181.17064797149
"10079",5733.12146375083
"10080",6062.02011682175
"10081",8577.69153764526
"10082",6171.51116324777
"10083",6303.33012281032
"10084",9957.4403318297
"10085",6359.72762344318
"10086",7210.18546680014
"10087",6126.65945471372
"10088",6520.2969374218
"10089",7144.23552501421
"10090",5120.58404782063
"10091",9099.14225652788
"10092",9578.02954661291
"10093",7487.55861258353
"10094",6914.88268241544
"10095",5585.85914891687
"10096",7816.59597029793
"10097",6832.5290220447
"10098",7619.90316783099
"10099",6154.1479027308
"10100",6205.38184177748
"10101",7066.97690612455
"10102",5985.85398100392
"10103",7208.36078648472
"10104",7781.90743341721
"10105",4581.8844114957
"10106",7792.68859038725
"10107",6670.81042875863
"10108",5798.04421785723
"10109",6144.29919180053
"10110",9729.69467248077
"10111",8086.54913953001
"10112",8471.63230023859
"10113",9328.2781650813
"10114",9097.72748977022
"10115",8146.67806104843
"10116",7607.56335974028
"10117",12070.686432069
"10118",7594.52918872145
"10119",6491.47876333437
"10120",6241.33305706119
"10121",8636.72904510594
"10122",5075.45049414755
"10123",9926.79967368846
"10124",7669.85866845284
"10125",10135.3247080302
"10126",7753.59326472802
"10127",6226.54990387785
"10128",8409.99730404131
"10129",5505.02058789699
"10130",8970.94367922584
"10131",6309.05867427783
"10132",7586.04268993061
"10133",6574.51642256874
"10134",10504.2903455547
"10135",8063.74639070795
"10136",7768.94773192955
"10137",4468.13573694878
"10138",6982.8828603764
"10139",6371.72087723214
"10140",7918.10870967959
"10141",6741.13910787655
"10142",7965.71898549158
"10143",8744.17276508868
"10144",4136.64534289441
"10145",6973.66670304929
"10146",5555.78968053141
"10147",6056.03864291551
"10148",8791.75744421893
"10149",6081.83678715657
"10150",6613.73607515064
"10151",8838.61080648864
"10152",6575.71560455475
"10153",9155.11473421014
"10154",7281.52092020632
"10155",8291.1353188214
"10156",7017.6411331109
"10157",7713.81063701675
"10158",6180.96621314041
"10159",7940.10560742356
"10160",7452.26376032634
"10161",6025.67362575574
"10162",7037.71698988078
"10163",6954.04748654699
"10164",6509.86629603443
"10165",6455.64248321884
"10166",4952.87282997158
"10167",8685.62536816749
"10168",7039.04774376339
"10169",5411.30543938648
"10170",9847.00654512204
"10171",6714.84859084894
"10172",6789.63902627345
"10173",6492.17403940058
"10174",7400.88305080489
"10175",5739.59877280063
"10176",7731.33036856852
"10177",5549.48301421551
"10178",8181.18944228587
"10179",5386.65688456653
"10180",8397.97911727748
"10181",8066.56290893212
"10182",9221.25233759794
"10183",7826.18351268289
"10184",6356.43921687012
"10185",6028.92182216642
"10186",5326.59688034181
"10187",7391.97803309083
"10188",6357.82231105614
"10189",5503.31567678348
"10190",8621.32978821203
"10191",6409.67061752177
"10192",5495.31472091582
"10193",7617.83899011244
"10194",8719.98229588452
"10195",6630.65572169554
"10196",6742.52417901681
"10197",9670.39172525505
"10198",7737.42325622157
"10199",6669.42832217594
"10200",7581.37382281659
"10201",7217.93941999727
"10202",7541.65376992939
"10203",7372.60925481809
"10204",7938.11496004804
"10205",8114.33108882666
"10206",7357.90732046313
"10207",7484.7244460716
"10208",5452.94923888427
"10209",6870.23677264221
"10210",5350.35542283902
"10211",4847.75498321686
"10212",6229.63448887427
"10213",7788.68029069565
"10214",4337.91241258293
"10215",4984.24511285741
"10216",4639.43602910723
"10217",6944.81235473096
"10218",9191.51713096114
"10219",8329.41363903131
"10220",7219.08323768028
"10221",6103.91956253316
"10222",6512.38614682014
"10223",5417.29652021832
"10224",5385.78501063019
"10225",6498.02600515686
"10226",7783.14427703581
"10227",6389.45659363842
"10228",6457.29278074924
"10229",8693.88244080289
"10230",4975.4659824287
"10231",8399.98304101243
"10232",5774.78984109407
"10233",8770.52470500434
"10234",9115.85777803903
"10235",6050.25238195815
"10236",9299.46829616768
"10237",5933.70003798928
"10238",7892.67061464636
"10239",6219.64980659393
"10240",7300.17641495225
"10241",9369.47926448463
"10242",7005.40345085462
"10243",9480.93174399747
"10244",7215.94685082863
"10245",5863.19876865176
"10246",6351.2057004804
"10247",6175.66393775455
"10248",6334.36125954922
"10249",7559.32388852095
"10250",8183.42661240346
"10251",7076.32341032533
"10252",7058.33170226499
"10253",7856.58916756665
"10254",7493.70271206134
"10255",7319.30764074786
"10256",8912.08358801424
"10257",6934.71786497835
"10258",7222.21980558833
"10259",4573.54190602942
"10260",9509.079741601
"10261",4962.76257193871
"10262",6105.44716380811
"10263",5352.29073157794
"10264",6772.17002775506
"10265",7534.28963202701
"10266",8558.47873837619
"10267",7952.23308883981
"10268",8631.38230951286
"10269",8211.77994394644
"10270",5301.03890237947
"10271",7723.36371436413
"10272",6836.27197464763
"10273",8662.97287589824
"10274",6435.95027920522
"10275",9840.39479344348
"10276",6332.35927257137
"10277",6444.98773569517
"10278",5713.83324120025
"10279",5483.43752679544
"10280",6702.53004538128
"10281",6635.53586461567
"10282",6815.88604015478
"10283",8729.44947344077
"10284",6939.62873424802
"10285",5780.7736772927
"10286",7275.95828338571
"10287",5414.20754604308
"10288",7069.23818914614
"10289",9248.0072925944
"10290",6858.67979259806
"10291",6889.06240343315
"10292",7370.12286822705
"10293",6516.86340130431
"10294",5342.13928347456
"10295",4521.51606337304
"10296",5034.06660591218
"10297",7086.02748747056
"10298",6655.82143550079
"10299",6179.58913349159
"10300",5829.79762813148
"10301",6297.58673034045
"10302",9892.65313257031
"10303",4264.45005767653
"10304",8114.04085357898
"10305",8181.64497541748
"10306",7253.05989565685
"10307",5604.15647723147
"10308",6145.65028131777
"10309",7267.25235726949
"10310",8216.07329762924
"10311",7745.62133858278
"10312",7332.34434440843
"10313",8307.51214619118
"10314",8350.37432680613
"10315",8159.1519752445
"10316",7169.58355494358
"10317",7226.94249402968
"10318",7028.38725067761
"10319",7545.25537592676
"10320",6901.64491253236
"10321",6125.56832457402
"10322",6610.41679465891
"10323",5233.97971724011
"10324",6387.95363558307
"10325",7785.47538925786
"10326",7128.3005239525
"10327",4793.26253526633
"10328",6788.86969631593
"10329",7638.87948634315
"10330",6888.93234763801
"10331",7161.49580038297
"10332",6818.29919387122
"10333",6877.24213815321
"10334",8530.35868397153
"10335",8440.32294448064
"10336",6540.73527431028
"10337",6166.21872929764
"10338",6758.60167301415
"10339",8633.36379829172
"10340",8964.43139090154
"10341",7894.18605962901
"10342",8006.34978681767
"10343",8510.93413478784
"10344",5913.53586262558
"10345",8086.6972320962
"10346",6515.33918701585
"10347",8747.72715911538
"10348",10189.0033883654
"10349",8403.09969326967
"10350",8669.37563487169
"10351",6567.94101803911
"10352",7864.59640864507
"10353",7281.27326241608
"10354",8564.28024552673
"10355",6753.24180227766
"10356",6838.50355082488
"10357",8059.31398727667
"10358",6359.70027103011
"10359",9522.88891429802
"10360",10291.2554929896
"10361",8244.42934850061
"10362",8419.23482002224
"10363",5830.00100465445
"10364",7136.48532684926
"10365",9844.79504715394
"10366",6493.54125781472
"10367",7949.56405503131
"10368",7803.74366936515
"10369",7517.48107106514
"10370",6315.60909028945
"10371",8289.03900403561
"10372",8561.93565083008
"10373",5354.04120801702
"10374",10210.3526970953
"10375",5281.51964870978
"10376",5530.9405299976
"10377",11292.1070536404
"10378",7618.95477029516
"10379",6287.96238775436
"10380",8722.26811142006
"10381",7472.01059271577
"10382",8438.65774956877
"10383",4634.69772619102
"10384",7442.77198648373
"10385",8069.60197354393
"10386",6145.45722067677
"10387",6363.3559232714
"10388",6737.02036116768
"10389",8302.03562255625
"10390",9260.14738533454
"10391",10921.7267016782
"10392",5782.77012832693
"10393",5505.93025250072
"10394",4218.97225319911
"10395",6026.17161656489
"10396",7079.1112622393
"10397",7557.80193142115
"10398",8876.07070591248
"10399",6776.26065168509
"10400",7804.98494630176
"10401",6064.74686221858
"10402",7556.24284453507
"10403",5120.30915334503
"10404",6528.6917000744
"10405",6569.11867905937
"10406",8323.57840219773
"10407",6695.05780551654
"10408",5937.86113425457
"10409",7423.00393019032
"10410",7246.05035436681
"10411",7620.939458694
"10412",8526.66608850922
"10413",11201.7041512113
"10414",6217.85994474649
"10415",8366.8337833526
"10416",7161.97404856136
"10417",4650.70711136957
"10418",5070.24483771066
"10419",5009.58447803506
"10420",4915.65399675241
"10421",7244.89375555756
"10422",7658.89357447411
"10423",6653.15653665903
"10424",5463.21852925945
"10425",6898.85088828977
"10426",6163.91291278679
"10427",4639.45432311835
"10428",6744.40445672785
"10429",6755.69130887172
"10430",5784.12749928399
"10431",6634.19998618327
"10432",4986.82699367853
"10433",6506.43287163743
"10434",8210.85799274204
"10435",6073.61049216501
"10436",8528.75576854263
"10437",6113.47951484654
"10438",5552.85739916036
"10439",6000.23875231248
"10440",8245.64636039245
"10441",10811.0510944737
"10442",10353.7178091518
"10443",6211.7697451578
"10444",6719.61743525389
"10445",9403.78064548715
"10446",5398.55324113607
"10447",8804.63575235791
"10448",6937.04175265443
"10449",8677.50463559363
"10450",5686.87668025247
"10451",8999.30582219879
"10452",9473.37554576241
"10453",5477.11829826283
"10454",8667.05638104845
"10455",5017.53232029427
"10456",7384.31753001763
"10457",8922.33529333167
"10458",5683.83007619641
"10459",7400.01932491602
"10460",7514.59110937636
"10461",9263.65007965051
"10462",9833.0411374427
"10463",8107.65461259919
"10464",7388.18682261998
"10465",6572.53679486645
"10466",7189.35944857159
"10467",7081.83429130448
"10468",8029.04498572558
"10469",5316.11196379423
"10470",5986.06190646058
"10471",6640.37161332598
"10472",8319.80897061099
"10473",9395.86117388168
"10474",6990.92845368027
"10475",5455.36457907485
"10476",6670.41485379184
"10477",6367.45539545882
"10478",8296.10768851198
"10479",6664.28052841218
"10480",7624.37822737839
"10481",7816.95859871688
"10482",7459.70656550919
"10483",7727.23107415855
"10484",7969.0970407218
"10485",6372.30203685803
"10486",6884.30803840518
"10487",7166.67670800773
"10488",7119.69731803326
"10489",8990.88015176716
"10490",6716.6614240003
"10491",7572.89988963004
"10492",5778.72052602513
"10493",6716.60740859585
"10494",3755.47865438842
"10495",7474.74509652169
"10496",7295.31317229368
"10497",5370.55383254542
"10498",6832.48584246535
"10499",5713.10278592622
"10500",6192.709642197
"10501",7591.19629078098
"10502",7522.16006513199
"10503",8863.49406385966
"10504",6185.08675772025
"10505",7506.41268140453
"10506",7018.35238078851
"10507",6363.5601040687
"10508",8744.35040690572
"10509",7140.13165817462
"10510",8553.9592661699
"10511",7179.82066187753
"10512",8077.27021681203
"10513",8090.66537388845
"10514",7201.24088189247
"10515",7547.26652224939
"10516",6585.91710706431
"10517",5562.47285448767
"10518",8370.35136716487
"10519",6874.03589154168
"10520",6518.61584009705
"10521",9970.29786946156
"10522",8598.31436205843
"10523",8962.55892759311
"10524",6135.84756110393
"10525",8093.17801583554
"10526",7957.30790268007
"10527",7092.23206165154
"10528",7271.9479644644
"10529",7626.20334945467
"10530",6063.79558989466
"10531",5788.86876549022
"10532",7248.52258333021
"10533",5826.84252053452
"10534",6663.01803994944
"10535",5231.03894190131
"10536",6691.91603634401
"10537",6806.6319278082
"10538",6227.65739690438
"10539",8159.91192315377
"10540",8125.63737111225
"10541",8813.45107389683
"10542",6534.22518102183
"10543",7089.97824776763
"10544",7263.80851895312
"10545",6175.23292565966
"10546",6136.94604234374
"10547",7445.26913651586
"10548",7321.51892284214
"10549",7441.22749396643
"10550",6326.4532141069
"10551",8147.37321043903
"10552",8454.89240465379
"10553",7202.6417092406
"10554",4909.24628717636
"10555",7225.00144034522
"10556",4792.91460826333
"10557",8882.5968932172
"10558",6057.44349102623
"10559",5913.1880015104
"10560",8397.07176799847
"10561",7720.07121530653
"10562",5915.7318423298
"10563",4870.55185818324
"10564",6012.74307483091
"10565",7989.14802457588
"10566",5292.07905882365
"10567",7653.73568259419
"10568",6927.31455736186
"10569",6252.15553245202
"10570",4679.8227193276
"10571",6498.85482791907
"10572",6601.3327850775
"10573",5363.13019813227
"10574",6114.30180662431
"10575",7800.07715401431
"10576",5428.10293754751
"10577",5877.31400033384
"10578",6224.55643595225
"10579",9375.0775868001
"10580",6329.22039913132
"10581",9170.91094152884
"10582",9848.63299757969
"10583",8686.48298956567
"10584",8840.43689951407
"10585",8525.98806246927
"10586",10309.9689074878
"10587",6506.96174216512
"10588",7102.98226995862
"10589",7167.09696995277
"10590",9154.72862662366
"10591",6844.55427094272
"10592",5518.55426937872
"10593",5934.96089448251
"10594",8269.29000472969
"10595",9237.15350021674
"10596",4948.71508342342
"10597",7577.62788071494
"10598",9557.31866939504
"10599",8073.04287343731
"10600",7240.98153803058
"10601",5973.67319145347
"10602",9007.47966512702
"10603",7214.40518736625
"10604",8131.03646052597
"10605",4222.2379350728
"10606",6040.15428149159
"10607",6196.64372547345
"10608",9728.33904349162
"10609",6351.27150394331
"10610",6530.16169087004
"10611",6221.60141264275
"10612",9646.54588933017
"10613",7457.14387888295
"10614",5649.0687202818
"10615",6592.22846675999
"10616",8916.5477970593
"10617",9255.89769305153
"10618",7069.49360151762
"10619",8814.43018276659
"10620",6222.7956940239
"10621",9040.94474675768
"10622",6580.71681010924
"10623",8725.45529513602
"10624",7447.28149935877
"10625",6926.26234587045
"10626",5309.64253065107
"10627",6066.384984973
"10628",5833.00234786546
"10629",6497.04221950227
"10630",7546.48595654161
"10631",7630.02053269872
"10632",6261.5078309961
"10633",9050.04798683336
"10634",8694.80501105301
"10635",10002.1834374525
"10636",7318.00527729544
"10637",4780.49170364139
"10638",8649.81176804637
"10639",8320.03033112466
"10640",7790.37622676092
"10641",9729.40951060088
"10642",6225.38601719064
"10643",7184.01021695752
"10644",8684.04230935228
"10645",8682.57792478443
"10646",5038.79706114356
"10647",5317.88616664444
"10648",5841.70780615129
"10649",7846.24096846113
"10650",6190.43226188216
"10651",6570.50672943014
"10652",7770.60072967386
"10653",6062.36083587778
"10654",8250.28617099876
"10655",5964.57530267799
"10656",6647.99898003476
"10657",5851.82676015173
"10658",8626.73686206129
"10659",5815.07237563204
"10660",8596.87547671
"10661",6649.91122074618
"10662",8772.55112764513
"10663",6496.89814720046
"10664",7122.39243032922
"10665",7612.24046453207
"10666",8663.45721040369
"10667",8830.00957175174
"10668",7967.6436845975
"10669",7776.38062525816
"10670",7947.07542503794
"10671",7985.87664100393
"10672",3882.43266222212
"10673",8398.20732963033
"10674",6313.75525133741
"10675",6181.58542445557
"10676",5135.76224155264
"10677",7290.03470981645
"10678",6371.44511884262
"10679",5037.58906307831
"10680",8652.90363273911
"10681",6713.01868792285
"10682",9368.78236371058
"10683",7000.73550922032
"10684",6410.73051747461
"10685",7880.12270831408
"10686",6470.62601688534
"10687",5869.39264859903
"10688",6679.16376196748
"10689",4938.74208739855
"10690",5817.63739855505
"10691",4769.5126405354
"10692",5982.37464220966
"10693",7137.13233662919
"10694",6648.5414585526
"10695",5388.40424838711
"10696",5878.31871196641
"10697",7011.20104088825
"10698",9087.60734410691
"10699",6679.0492075874
"10700",7549.95568476242
"10701",6921.9023343468
"10702",10265.3255487462
"10703",8450.25775557775
"10704",6103.37242322029
"10705",6833.68338070264
"10706",6650.13046569701
"10707",7161.02611042576
"10708",8016.15347588608
"10709",5844.03027965972
"10710",5952.99463553186
"10711",6448.15808672739
"10712",6500.11328023714
"10713",6373.30017023568
"10714",6617.03946503655
"10715",7594.33894755805
"10716",6133.16099856468
"10717",7426.481972578
"10718",5977.31263069454
"10719",6201.1456317794
"10720",7169.24891652237
"10721",9676.21730308014
"10722",6189.27677793684
"10723",7401.75660073382
"10724",9435.17369190392
"10725",7243.96292188817
"10726",5912.36233280749
"10727",6641.58213498063
"10728",7029.80122333627
"10729",6427.03188964172
"10730",6381.33065823148
"10731",8276.17259799661
"10732",6477.67583149959
"10733",7711.08327226765
"10734",7233.13218980461
"10735",6059.04971471245
"10736",5273.21128502685
"10737",7447.24028343696
"10738",7904.87936582775
"10739",8832.10289318424
"10740",5507.07968167604
"10741",6393.47574220478
"10742",8262.60359541452
"10743",6569.5787051945
"10744",6153.0790430442
"10745",9014.72473906147
"10746",8694.46255024215
"10747",6418.04065967579
"10748",9344.25226654816
"10749",5742.58685301208
"10750",8839.72246108091
"10751",4710.39561737389
"10752",7072.70992908864
"10753",5467.74444876858
"10754",7095.47073702169
"10755",6744.15660701255
"10756",6541.29705949605
"10757",6421.4979041265
"10758",6772.78347792176
"10759",6089.4892839521
"10760",8324.06004146428
"10761",6744.20587064313
"10762",6600.63967084718
"10763",3899.2132875804
"10764",5747.71876286334
"10765",7403.79812066649
"10766",5152.60130020885
"10767",8208.61313284818
"10768",6963.57001707127
"10769",7592.36696629126
"10770",6379.9110991761
"10771",6087.55062872904
"10772",9895.88702941377
"10773",6720.32706291009
"10774",9649.78029653737
"10775",7658.45164828998
"10776",8643.81267433661
"10777",7002.06858798619
"10778",9024.7584252551
"10779",7133.88403331294
"10780",6908.81579564338
"10781",6134.58896666367
"10782",8622.78984224678
"10783",6272.48485326266
"10784",5996.23723739798
"10785",6672.21653327537
"10786",5379.5034306245
"10787",5865.1023988849
"10788",10332.101677425
"10789",8048.34474676709
"10790",9504.58377939747
"10791",7604.76361667385
"10792",6120.81697339106
"10793",5386.55967514396
"10794",8744.58524224006
"10795",8679.74691036357
"10796",7160.65656851279
"10797",8948.93340327968
"10798",5733.88688575456
"10799",5430.87016566266
"10800",7476.65854185133
"10801",8237.23303441062
"10802",6308.28685665874
"10803",4880.30108327085
"10804",4589.19550779954
"10805",7251.90787454958
"10806",8083.27145551469
"10807",6481.25982659103
"10808",6333.1531778699
"10809",6471.32879580891
"10810",5853.05077548855
"10811",6762.93349954555
"10812",7427.28435916487
"10813",8474.03610155328
"10814",6048.13264949655
"10815",7221.30311427472
"10816",9371.99187567859
"10817",7014.57812749283
"10818",6673.92408613148
"10819",6337.8802071448
"10820",8484.92600340946
"10821",8108.46718669895
"10822",5201.84512804709
"10823",6663.13362582095
"10824",6581.38600495764
"10825",8036.02496267949
"10826",8347.18128263652
"10827",6373.3888254855
"10828",6087.18414928574
"10829",6498.31094920354
"10830",8201.99776531772
"10831",7963.2094651849
"10832",7549.80088407298
"10833",6565.81325737277
"10834",5301.81103779238
"10835",8374.47169863761
"10836",9285.19836085882
"10837",6752.74096344683
"10838",7212.69527105268
"10839",8909.23676383744
"10840",7810.2537561295
"10841",9278.22159209933
"10842",7202.57811426213
"10843",6993.8132559648
"10844",7342.49560566136
"10845",8930.66444612568
"10846",6828.62809529217
"10847",5384.13446310418
"10848",7485.56964549122
"10849",9108.97392071553
"10850",7249.05734644194
"10851",7293.70976090986
"10852",7909.81765558171
"10853",5390.92987343174
"10854",8266.66260521313
"10855",5646.73340783215
"10856",7067.54452932495
"10857",7097.90845725486
"10858",9019.68182032389
"10859",8383.73718783358
"10860",7223.43840552428
"10861",5887.2365276463
"10862",5253.58258570453
"10863",5829.74811102448
"10864",8330.52519155877
"10865",9567.89083829983
"10866",8242.27278626472
"10867",8667.57427235824
"10868",4185.44626923765
"10869",8105.0236026532
"10870",6245.95555928364
"10871",7363.6021775944
"10872",7254.95801689215
"10873",7284.69694973948
"10874",7347.7377088573
"10875",7935.1499606463
"10876",10075.5005793813
"10877",7038.44242343377
"10878",6947.66330674271
"10879",6268.97278619252
"10880",7184.91513732999
"10881",6738.68756311011
"10882",6420.43446737012
"10883",6113.08283208954
"10884",8365.47343262688
"10885",5712.06258779807
"10886",6773.48943384905
"10887",7060.78138949332
"10888",11409.7076882309
"10889",8569.01038864763
"10890",8321.15234645647
"10891",7471.54213179082
"10892",8288.39648563325
"10893",7385.78981664381
"10894",8766.20968977245
"10895",5521.07851433558
"10896",6131.89621906267
"10897",7859.12995818557
"10898",9570.7911268667
"10899",5735.98500122409
"10900",4802.82342735753
"10901",6766.08665816737
"10902",8687.60498760907
"10903",10096.4076069669
"10904",8649.90837281413
"10905",5940.71603472532
"10906",7492.26513583791
"10907",7726.198942005
"10908",9563.42505397836
"10909",6958.45865114031
"10910",6457.62079143281
"10911",5950.38005550233
"10912",5792.4946805907
"10913",6594.91778953501
"10914",7241.49468202441
"10915",7754.45267853892
"10916",6582.38721554296
"10917",7085.25530399888
"10918",6878.37532792502
"10919",6150.54323332928
"10920",7900.00886578804
"10921",7934.19756099988
"10922",6196.45142871963
"10923",5176.09213448129
"10924",9616.2682977755
"10925",8672.24101630407
"10926",8437.83310821997
"10927",8839.30464944019
"10928",7868.4414592853
"10929",6507.64865703684
"10930",6421.53354414528
"10931",6556.80047731691
"10932",7301.25573757853
"10933",8736.1404829706
"10934",9800.46649783226
"10935",7812.73068212751
"10936",8390.74610368839
"10937",8784.80828103423
"10938",6911.80296891242
"10939",7933.38883017329
"10940",7943.34775888929
"10941",9822.65724792763
"10942",7877.47991196281
"10943",7884.88046476204
"10944",6599.20363784691
"10945",7660.77133270383
"10946",6238.75446497016
"10947",7347.34984542046
"10948",5153.48678639994
"10949",7742.42542299064
"10950",9254.27077791065
"10951",8193.12453138464
"10952",8669.12801241506
"10953",5686.38290398435
"10954",6337.37776568633
"10955",7882.75979711193
"10956",7761.00985267691
"10957",9020.72592250511
"10958",11060.5867091063
"10959",6313.45265194588
"10960",10227.249449256
"10961",9259.70118016979
"10962",9082.08775700626
"10963",7992.45846933241
"10964",7424.03081059968
"10965",7918.31008620266
"10966",7902.67878435414
"10967",6262.19374621474
"10968",7408.73761165188
"10969",9513.25555055398
"10970",9468.47582879239
"10971",8112.65339891168
"10972",8307.11733661613
"10973",5908.17872685905
"10974",9301.01796333743
"10975",5967.86293260337
"10976",8435.18705095127
"10977",5901.38532872732
"10978",7578.55211380499
"10979",6761.09275870496
"10980",5319.84262661525
"10981",8524.201400644
"10982",9855.43200657107
"10983",5925.59562972998
"10984",5379.58997751333
"10985",7709.92053766891
"10986",7908.51609671327
"10987",6758.38207194591
"10988",7272.10831645198
"10989",5913.2181376821
"10990",7000.09854605527
"10991",7882.71816813174
"10992",4582.66015961459
"10993",5987.46931577575
"10994",5849.44250125809
"10995",7740.07355721363
"10996",8686.79441463365
"10997",7222.97268369328
"10998",6557.07684865165
"10999",6301.46071607386
"11000",6567.77979588785
"11001",6834.73975075441
"11002",8028.26130402743
"11003",6351.84010236096
"11004",8069.92597427842
"11005",6500.50831318273
"11006",6112.15533021889
"11007",7167.73959335392
"11008",7164.02990766972
"11009",7715.76078250961
"11010",7828.07026832366
"11011",8004.89729254058
"11012",5901.54618441667
"11013",7245.08720196865
"11014",8026.75479593702
"11015",7745.80208735234
"11016",4867.52558299628
"11017",5357.1396518741
"11018",7822.09225273093
"11019",5891.8172952775
"11020",5108.42300228982
"11021",7763.72285938025
"11022",5247.63406699176
"11023",5586.00945117769
"11024",7948.72361879886
"11025",7960.2821351332
"11026",6127.30144097821
"11027",5014.83636836029
"11028",9684.32613165191
"11029",7199.18937044829
"11030",6523.27767138443
"11031",5851.13152547045
"11032",7452.67526442801
"11033",7231.910879959
"11034",9565.64348732551
"11035",8052.88260556831
"11036",7386.88637774806
"11037",12804.5321400755
"11038",7747.49686000358
"11039",6558.19389265657
"11040",9086.88185425144
"11041",6052.63230585573
"11042",8830.54187952105
"11043",7193.92448748322
"11044",8633.8288964781
"11045",8441.58938183114
"11046",4693.28796508419
"11047",8561.04836740611
"11048",6473.93416241387
"11049",5679.37896860343
"11050",5827.09832767602
"11051",6378.82456815868
"11052",7607.83274802128
"11053",8915.28050991587
"11054",6262.35270659072
"11055",7180.78551071322
"11056",7683.99364017259
"11057",5984.02951263365
"11058",9705.09724785003
"11059",6709.91680204877
"11060",6342.37304005092
"11061",7443.57760397832
"11062",5826.40390487548
"11063",8035.38143298276
"11064",6927.65392312039
"11065",5952.08482429682
"11066",6896.85574700849
"11067",8517.86478855652
"11068",7912.59769280947
"11069",7274.36988336889
"11070",4541.28470132024
"11071",7591.15397731136
"11072",6802.97714788862
"11073",6136.77440624576
"11074",6916.43552915393
"11075",10907.2167977072
"11076",9063.66587408
"11077",6700.65116527615
"11078",6208.58832915161
"11079",10752.9229256092
"11080",6530.62695317554
"11081",7897.09849157174
"11082",6116.95999479772
"11083",7363.28213501157
"11084",7653.33472342791
"11085",8266.36387792511
"11086",7973.34185659126
"11087",7668.61451345801
"11088",7085.90380713113
"11089",6190.76408437961
"11090",6564.13409533975
"11091",6899.6596454935
"11092",9489.80127535799
"11093",5827.67238948738
"11094",6586.00173607508
"11095",6610.52497902887
"11096",6621.7300574035
"11097",10639.7350669031
"11098",6417.20558465812
"11099",5969.81648038125
"11100",4894.88927104707
"11101",7999.33432293397
"11102",5079.66008905003
"11103",8108.90975959016
"11104",11573.1600835487
"11105",6746.23786275066
"11106",6301.16756330187
"11107",6837.56493436664
"11108",7423.93378684889
"11109",6543.67496251595
"11110",5733.67695885859
"11111",8549.23168321692
"11112",6440.05751831908
"11113",6295.36351046936
"11114",8918.49432182803
"11115",7276.65129816911
"11116",8678.23384735788
"11117",8823.76836909219
"11118",5736.3428972482
"11119",5761.50168504527
"11120",9525.5131363825
"11121",6480.88739031251
"11122",6970.90490923726
"11123",6390.47009679965
"11124",7484.63430524797
"11125",4066.13089910242
"11126",7559.64497190589
"11127",6458.78499445493
"11128",7978.10416411383
"11129",5748.51135163412
"11130",6005.7956411332
"11131",5940.15286810562
"11132",7387.1949955907
"11133",8893.36477872512
"11134",6262.52916848264
"11135",7093.85540044788
"11136",6641.54566020539
"11137",6060.02285055314
"11138",5997.6582911402
"11139",8726.69058790358
"11140",10671.5134819653
"11141",7557.03150147166
"11142",7710.3271280428
"11143",8863.63646150208
"11144",6544.70874631127
"11145",5705.67376140547
"11146",5948.9445944998
"11147",7038.28615321513
"11148",6929.53152674105
"11149",7220.71319275817
"11150",7561.20002517252
"11151",5503.55953634638
"11152",7550.90225119521
"11153",10182.008517407
"11154",6631.78977569231
"11155",7027.79442966626
"11156",6539.81857566058
"11157",6681.48331090549
"11158",5927.55749510569
"11159",6981.3121330614
"11160",5476.37999763749
"11161",6349.56414542507
"11162",6358.13006367976
"11163",3999.72291471451
"11164",6871.1709332873
"11165",7962.62281490495
"11166",5766.3670748876
"11167",6173.62034263007
"11168",6720.85057743292
"11169",6640.12012930007
"11170",6621.76977789295
"11171",8222.2384522259
"11172",10843.5383785782
"11173",10216.8378910895
"11174",7577.63485330097
"11175",7188.94755591414
"11176",6758.9123164004
"11177",6442.15645650564
"11178",6307.57544238809
"11179",6148.22084145859
"11180",7391.53380893626
"11181",8297.60758878599
"11182",7570.41502756571
"11183",4111.75740662352
"11184",6866.73251699356
"11185",8503.36802039419
"11186",10088.2047854641
"11187",7599.80938298387
"11188",5741.27570299617
"11189",8137.13193145072
"11190",7237.70735653039
"11191",6062.33004733968
"11192",8234.7383496383
"11193",6503.85956512408
"11194",7799.51188752248
"11195",4886.93533485175
"11196",6088.27187795368
"11197",6934.40252032174
"11198",4843.64828296001
"11199",9961.38556417363
"11200",5397.68362148269
"11201",6863.03024932914
"11202",6062.09406262286
"11203",7870.04045249284
"11204",7223.55659322987
"11205",7362.78349357617
"11206",7411.83522497039
"11207",7409.62482606651
"11208",6453.58658809315
"11209",5216.00224311693
"11210",7220.87584260072
"11211",9175.55098851464
"11212",6235.14259999034
"11213",5181.57123394707
"11214",6353.6928839347
"11215",6337.3477440747
"11216",5589.91707958066
"11217",6445.36038075745
"11218",6574.4403306483
"11219",8121.41378082865
"11220",7220.59817776761
"11221",5262.86818385887
"11222",7090.50889358574
"11223",6362.86171028117
"11224",6965.05748291151
"11225",8936.90478322765
"11226",6909.36720117699
"11227",6647.58273378532
"11228",6881.49722179663
"11229",5951.73169151481
"11230",8265.61528064323
"11231",5660.16549027455
"11232",5349.65376076235
"11233",6522.60383525581
"11234",8481.58766279207
"11235",6851.15802865503
"11236",7146.66336154265
"11237",5142.31448637446
"11238",6442.31859386957
"11239",8229.64966113123
"11240",4125.1917167361
"11241",10827.3216893493
"11242",7784.28619162446
"11243",6903.32511874455
"11244",7351.95086756167
"11245",6769.45853540421
"11246",8266.25365147276
"11247",5948.83271930629
"11248",9270.0299910854
"11249",6450.21092420413
"11250",8281.03992648822
"11251",9002.54513480556
"11252",8704.51010361079
"11253",5354.19179029397
"11254",8497.42713766848
"11255",5376.73234666152
"11256",8956.69496254557
"11257",6944.89010877851
"11258",5832.55152107166
"11259",4966.80955518482
"11260",5458.92647255313
"11261",5963.93372606172
"11262",8113.23552357227
"11263",6997.09555289551
"11264",6415.28410183569
"11265",5811.1206498327
"11266",11134.1102711672
"11267",6366.71057569469
"11268",8703.11593837437
"11269",5915.86820678466
"11270",8983.75033427048
"11271",5787.45628665878
"11272",4147.54331425534
"11273",8774.38623654141
"11274",6720.39360052216
"11275",10339.3823522393
"11276",8168.65822865729
"11277",4927.70946210211
"11278",6600.21352905968
"11279",6460.76638696437
"11280",6672.11695445073
"11281",6826.06153285804
"11282",7463.78939322394
"11283",7834.56239894269
"11284",7876.96868561337
"11285",6829.77660630451
"11286",7563.40523873606
"11287",7068.60896272827
"11288",6670.83419219331
"11289",4661.52091184022
"11290",6921.08430657863
"11291",8673.8250788234
"11292",6756.8704797937
"11293",8524.2233637819
"11294",6083.19274290829
"11295",8364.95450872168
"11296",6337.84700195799
"11297",8442.95039823724
"11298",5883.21853104269
"11299",7622.37372823181
"11300",8235.09757267957
"11301",6061.12077015007
"11302",8039.2415160627
"11303",7329.43315216023
"11304",6809.2325594036
"11305",7739.67716108507
"11306",5959.16461245565
"11307",8957.92537698111
"11308",9973.76019234468
"11309",5264.65742476414
"11310",8309.45261431697
"11311",8273.97348449687
"11312",5628.06227928792
"11313",6499.19874100387
"11314",4951.03394881266
"11315",6637.30167219853
"11316",6622.67981944226
"11317",6448.55095837345
"11318",7118.21217499264
"11319",7937.15653185592
"11320",5362.65905028455
"11321",6890.48185286025
"11322",8600.6195622899
"11323",7870.49966294547
"11324",7684.05319610577
"11325",6314.65595245627
"11326",5570.28361565383
"11327",6813.84953231574
"11328",7291.54235663317
"11329",6690.75706479633
"11330",6193.75470304924
"11331",6154.7759577762
"11332",6300.31134195309
"11333",6904.71502555982
"11334",6129.61555776466
"11335",5567.92693108176
"11336",7259.31335271362
"11337",7120.56372807524
"11338",6384.60955451057
"11339",7358.03523058553
"11340",5985.9853697521
"11341",9160.48638708433
"11342",5392.1783851392
"11343",5850.77357619335
"11344",6640.43184980559
"11345",8029.15430612088
"11346",7730.36948136278
"11347",8072.64315313115
"11348",8138.72876842277
"11349",8560.51529085571
"11350",7275.07880979496
"11351",6354.43529572912
"11352",5554.77025717545
"11353",7499.16316229992
"11354",7635.9794282869
"11355",9421.6080429975
"11356",6838.14278728766
"11357",9761.60067711357
"11358",7818.61247803096
"11359",6642.00892970665
"11360",8652.03867101936
"11361",7315.91357287629
"11362",7567.0902589382
"11363",7599.96592706991
"11364",3794.99718693456
"11365",7886.98693085266
"11366",6975.70082587821
"11367",7883.98685191727
"11368",7096.0905944275
"11369",6654.10891496455
"11370",6447.13113398591
"11371",9180.91455207165
"11372",7770.83329677753
"11373",9457.46045480479
"11374",10855.4972513776
"11375",8301.60752492697
"11376",9180.40583618466
"11377",7680.75087692979
"11378",7142.63467611261
"11379",8045.05297965259
"11380",4735.95577000545
"11381",6063.81441101816
"11382",4469.75454387864
"11383",7322.23248259371
"11384",5897.5914351392
"11385",7693.67122319444
"11386",7668.09151346324
"11387",7418.7621772666
"11388",6900.11192581734
"11389",6470.6311155982
"11390",6475.0058326776
"11391",6197.71551482191
"11392",6479.13286537446
"11393",7282.73028435501
"11394",7129.59750380529
"11395",5171.04540406957
"11396",6647.44771276612
"11397",8741.82346101912
"11398",6276.90107668631
"11399",7422.55506863571
"11400",8319.78773853342
"11401",6881.42723112761
"11402",6548.07894986638
"11403",7040.3143779283
"11404",9053.45680744384
"11405",7223.85807388318
"11406",6733.17779979298
"11407",7080.05847102085
"11408",8783.15981705407
"11409",6329.23628862575
"11410",7978.05592023561
"11411",8619.39004435361
"11412",7241.01050591186
"11413",6093.04619799912
"11414",6807.47282341977
"11415",7597.50368495458
"11416",6045.82424827017
"11417",6285.59585894567
"11418",7649.85932948923
"11419",8284.54249904783
"11420",5981.4593376267
"11421",8123.92744699893
"11422",7389.88200227798
"11423",7528.02121982069
"11424",6900.57830741907
"11425",7478.55716399507
"11426",6720.55735397229
"11427",8031.24330175178
"11428",7878.5548428106
"11429",5384.84950454159
"11430",5487.61610445083
"11431",8310.86866606894
"11432",9510.78489099095
"11433",9254.63934393316
"11434",6253.21215725124
"11435",8207.03027329478
"11436",8873.95847880501
"11437",7683.92651093068
"11438",5816.08630569905
"11439",5341.49198485169
"11440",6807.76887234008
"11441",5774.67388273342
"11442",4766.46437135261
"11443",7581.60386549779
"11444",6231.42149617711
"11445",6951.49121798544
"11446",11472.5527022931
"11447",7095.38689165133
"11448",7764.80809390918
"11449",7320.81924351127
"11450",8428.01610809853
"11451",6235.28471023648
"11452",6448.89546740209
"11453",6992.88369653216
"11454",8258.9523734336
"11455",7266.124436621
"11456",6374.5640026349
"11457",6582.43665934502
"11458",5816.18073727243
"11459",10160.7931083664
"11460",5678.41892797745
"11461",8204.53094416775
"11462",8442.96603342451
"11463",6572.17290942439
"11464",5778.62765315361
"11465",4726.11534598266
"11466",8789.84725477603
"11467",9119.35976784662
"11468",7531.6516627817
"11469",7435.73674146917
"11470",6852.18607818365
"11471",7498.51150459176
"11472",6428.65035344891
"11473",8899.92203828429
"11474",6468.99296977343
"11475",5431.64926364913
"11476",9688.04614156411
"11477",7894.34399446467
"11478",8198.34140997387
"11479",9314.75674447753
"11480",9179.9152334823
"11481",7792.54489972811
"11482",8154.33345640487
"11483",5918.70159261867
"11484",6008.00846239141
"11485",7870.88657062065
"11486",5782.66784919854
"11487",7245.19975239924
"11488",6387.33108647937
"11489",6787.88910807826
"11490",5602.88822926393
"11491",8099.87527588786
"11492",5303.33119807732
"11493",6860.92357657771
"11494",8718.72130088257
"11495",7492.94755350579
"11496",6103.75208408443
"11497",7119.88490518667
"11498",8027.17133256205
"11499",7690.75374919238
"11500",7670.76799251432
"11501",7734.9918812817
"11502",9472.79657393021
"11503",5692.7271680033
"11504",7592.61375089931
"11505",6586.56476005278
"11506",6496.1307811635
"11507",8726.54610187582
"11508",8161.68208502852
"11509",8003.0470257091
"11510",7797.23062287678
"11511",5443.79741615802
"11512",5452.63666646564
"11513",6494.07843027401
"11514",6651.85104322199
"11515",5998.09282671107
"11516",7676.73839725397
"11517",8916.67854570859
"11518",7706.71917816864
"11519",8848.92657150043
"11520",6975.96799718683
"11521",6776.11859781103
"11522",6927.64671760951
"11523",8628.87884984071
"11524",8299.96002038773
"11525",7015.54310103151
"11526",7988.56092898994
"11527",5683.62231629459
"11528",6006.41954196256
"11529",6796.24363070989
"11530",7940.70184586369
"11531",6759.89193019994
"11532",6732.50297282278
"11533",3911.75876616087
"11534",6991.02702904173
"11535",6793.14250749386
"11536",6632.57116096251
"11537",8233.70091745383
"11538",8884.52474927131
"11539",7076.13931829708
"11540",5872.23052119137
"11541",6537.71145668822
"11542",7413.23608220187
"11543",6300.74582414376
"11544",8241.057940157
"11545",7558.9745186515
"11546",7050.51072775336
"11547",7218.28254953623
"11548",4902.80476166172
"11549",7819.46368967188
"11550",7697.49603178421
"11551",5960.08465393858
"11552",6453.41759154513
"11553",6102.20001195575
"11554",8433.49849368523
"11555",7507.3586837909
"11556",9805.77982151346
"11557",8206.16289638233
"11558",6657.34312332351
"11559",9071.59008671841
"11560",5933.86481941621
"11561",8956.99838733774
"11562",4800.96588941211
"11563",8035.79339934696
"11564",9214.06618654499
"11565",5960.81752856027
"11566",8778.3714345363
"11567",6507.27012657103
"11568",8695.42966650235
"11569",6795.84164711711
"11570",8132.11887849358
"11571",8532.13633992827
"11572",6828.46123250023
"11573",7006.91949151826
"11574",7144.69311385267
"11575",4985.34338002567
"11576",7755.74979009751
"11577",6064.40231115288
"11578",7475.82420478926
"11579",4579.8424393683
"11580",6103.65067531602
"11581",6672.37825248262
"11582",8184.61448663732
"11583",11769.830873275
"11584",6462.68677394257
"11585",6586.66540339404
"11586",10035.9289719214
"11587",6960.23447354533
"11588",8424.04948116201
"11589",6892.31801665645
"11590",6070.4371336373
"11591",9710.70937171843
"11592",8359.10728088537
"11593",8054.82871555657
"11594",6262.55284792679
"11595",9974.22449279221
"11596",6383.14955857262
"11597",6987.15919804317
"11598",6484.6081432763
"11599",6423.25230444501
"11600",5563.51375369324
"11601",8229.19331432953
"11602",6712.89667630493
"11603",8071.37679978548
"11604",6372.29562385564
"11605",6330.1074369753
"11606",8097.70579387539
"11607",5514.02078776475
"11608",6839.95062095081
"11609",9201.55464336675
"11610",6258.26146902266
"11611",8331.74022265644
"11612",7244.51268101428
"11613",7424.07746117422
"11614",7291.53748121592
"11615",8696.47395659941
"11616",6790.75457088763
"11617",7592.76552970631
"11618",7213.89261910465
"11619",5628.11795121177
"11620",7836.42901193877
"11621",6341.26763358184
"11622",7970.43602904613
"11623",6816.21375905398
"11624",7366.24653145443
"11625",6975.5838025757
"11626",7846.04258930428
"11627",6472.91063136313
"11628",7646.33999188988
"11629",10989.4502474316
"11630",8588.09708403086
"11631",9340.43565035487
"11632",6447.09559265461
"11633",8156.57122892055
"11634",5200.34795874356
"11635",6469.46975393443
"11636",6014.17142749309
"11637",6054.07351859457
"11638",5502.07868955633
"11639",9527.22169345989
"11640",4229.5080582417
"11641",7701.80445366427
"11642",8234.90040660908
"11643",7321.33774446592
"11644",5905.44092111458
"11645",7393.90633235694
"11646",6004.27627361031
"11647",6423.38710173118
"11648",7344.78016147427
"11649",6629.56637128343
"11650",6698.56361396538
"11651",8512.98116820363
"11652",4253.45998209892
"11653",7216.76153726995
"11654",6728.89648870348
"11655",8020.46069909871
"11656",9339.1265243074
"11657",8725.30785854021
"11658",6788.1178650407
"11659",6943.8799212484
"11660",5844.53917889419
"11661",10215.956025922
"11662",7523.72489941639
"11663",7988.65522886252
"11664",9476.98001927818
"11665",5680.71665667123
"11666",5796.58822412694
"11667",6084.79632932688
"11668",6573.41215882317
"11669",6226.16040548521
"11670",5562.88494742456
"11671",8769.7286642245
"11672",7992.88511587752
"11673",8126.5773895676
"11674",8510.93256158709
"11675",7288.38106144031
"11676",11823.5526764717
"11677",7282.04670473186
"11678",7558.70421269338
"11679",6173.95128428475
"11680",6456.59503798564
"11681",5985.39304226611
"11682",7676.3286839604
"11683",10979.0004596735
"11684",8068.05402031014
"11685",7144.2630433257
"11686",7101.5734759705
"11687",5430.58682815133
"11688",6395.19760244344
"11689",7397.66150260277
"11690",7862.61342335635
"11691",7873.22412031815
"11692",7584.19732440817
"11693",7342.42616268958
"11694",6804.45792881971
"11695",6100.24449684081
"11696",6299.54562765258
"11697",11114.9778042786
"11698",7830.68438516265
"11699",7070.68481640505
"11700",8101.39073337552
"11701",7630.13345434889
"11702",6995.03066662068
"11703",6266.58205295094
"11704",8684.52179187248
"11705",7913.26303477573
"11706",8612.94449600314
"11707",7191.2691744181
"11708",7535.63071324872
"11709",7401.76147106154
"11710",4622.5956496409
"11711",5694.05870781296
"11712",7757.37439468028
"11713",6188.40367269695
"11714",7006.31804053908
"11715",8122.38758174485
"11716",6748.13902055675
"11717",8042.439509897
"11718",5278.62142342607
"11719",7359.85256803626
"11720",7939.6138709485
"11721",5964.73173653724
"11722",7744.10214661913
"11723",9816.92310129686
"11724",7540.01847732016
"11725",5941.87327876657
"11726",9399.06425198281
"11727",6444.49127395171
"11728",6931.19217205893
"11729",8300.63711453118
"11730",6134.30234422322
"11731",9200.89815888472
"11732",8182.3627316303
"11733",8711.89755413848
"11734",5803.39436914889
"11735",6849.80714961595
"11736",5720.89083174001
"11737",6760.89235227987
"11738",6344.35971575869
"11739",7855.07304622066
"11740",7546.50525308718
"11741",6364.56371046547
"11742",7165.31510562004
"11743",9559.0770902957
"11744",7852.73002234129
"11745",7727.32163522905
"11746",6046.1007042643
"11747",6507.52063653157
"11748",13703.7316003168
"11749",9644.74018458291
"11750",6368.98034707515
"11751",7527.53058724231
"11752",7569.60622373161
"11753",7159.74464916327
"11754",8532.78037881146
"11755",5984.76599258977
"11756",8529.21629477881
"11757",5517.29207544629
"11758",10039.0921905021
"11759",7900.22294339793
"11760",6274.0616604102
"11761",7662.79091767202
"11762",6731.22153548726
"11763",5667.19506486838
"11764",8138.54066195667
"11765",8097.44235556585
"11766",6580.20752100287
"11767",7375.74612829527
"11768",7712.39308926827
"11769",6274.63294770849
"11770",6255.93316814534
"11771",5303.84161218997
"11772",6997.66859263091
"11773",7570.41280993465
"11774",6393.88940127002
"11775",9189.40007271342
"11776",7335.48062712244
"11777",6333.21173341393
"11778",8867.36718678142
"11779",5721.26100951724
"11780",10711.4213744306
"11781",7599.18999571892
"11782",6922.38373240796
"11783",5036.51468618345
"11784",7041.25951645118
"11785",6075.51005459475
"11786",6426.91352304619
"11787",5940.9130213274
"11788",7432.38815027499
"11789",5640.1955063427
"11790",6977.63921793645
"11791",8848.67709215832
"11792",5592.49046753206
"11793",7494.5859963684
"11794",7198.49815394461
"11795",7617.7352906485
"11796",7500.65281068027
"11797",6957.68843163822
"11798",9489.79275514033
"11799",6099.85305030344
"11800",4672.53017355038
"11801",5700.37177553969
"11802",7179.06484765842
"11803",7281.13741037881
"11804",8594.56757752728
"11805",6856.36573925184
"11806",7732.87386742249
"11807",8431.16151483206
"11808",5867.92891027457
"11809",7858.35705190304
"11810",6427.1240735106
"11811",7805.47059794214
"11812",4352.0342529665
"11813",8887.76384989615
"11814",6187.45409780006
"11815",8131.23765557977
"11816",8671.23792172021
"11817",8795.57695251809
"11818",9483.87233590579
"11819",7275.57085370717
"11820",6223.10802878208
"11821",5761.8170140847
"11822",5536.68455383657
"11823",8542.58887172789
"11824",7784.34489285787
"11825",5317.82246611129
"11826",8329.82978025373
"11827",7534.64942331637
"11828",6978.61908560421
"11829",4917.56201338493
"11830",5071.74918890949
"11831",6883.2633317641
"11832",7465.62212696013
"11833",7039.56787959582
"11834",7268.36820615968
"11835",7357.49018458549
"11836",7228.14634252492
"11837",5798.10208249114
"11838",7895.68184303461
"11839",6381.0573693509
"11840",6955.66399336398
"11841",7443.94458666704
"11842",5200.46444386221
"11843",6096.53710112496
"11844",7445.13302619051
"11845",4977.54183703154
"11846",7253.39618142872
"11847",8793.93784369495
"11848",5486.66623895523
"11849",5699.43225036292
"11850",4289.36261537164
"11851",7388.58564965923
"11852",8843.78801062547
"11853",5355.57291967635
"11854",5342.08008139812
"11855",5088.9154332084
"11856",5293.10894548567
"11857",6629.72347457065
"11858",7724.55843270672
"11859",8007.69711971567
"11860",8157.14622621238
"11861",6020.43782482118
"11862",6997.62812799225
"11863",5145.60424642459
"11864",6264.606896285
"11865",8657.04925996411
"11866",8455.90217264322
"11867",5826.22601073832
"11868",6576.08586507117
"11869",6449.01355406423
"11870",8042.67375955389
"11871",6632.61128755231
"11872",7547.28449929008
"11873",6700.44632544465
"11874",8168.33107682044
"11875",6031.88963192126
"11876",7049.84737937448
"11877",8303.86277226957
"11878",5855.5509026008
"11879",7686.18485354803
"11880",7781.01693232112
"11881",8617.49065968998
"11882",5831.46941147264
"11883",5371.84039222737
"11884",7141.00495957158
"11885",8026.21102911707
"11886",6256.5773405823
"11887",6479.98389215728
"11888",5731.93020399523
"11889",5877.61659852714
"11890",6470.44578123358
"11891",8674.25209265671
"11892",11736.1792428067
"11893",5691.59924931357
"11894",6530.57531854758
"11895",6766.0336445866
"11896",7246.8739558035
"11897",5688.28708158269
"11898",5517.47331880262
"11899",6277.56576681447
"11900",6436.68267309898
"11901",6302.47496814898
"11902",7255.10708206955
"11903",7040.63027428779
"11904",6629.32890743354
"11905",7560.65839679622
"11906",8763.04252375686
"11907",9435.99421745418
"11908",9104.93336288736
"11909",6649.99870435553
"11910",5349.2112582535
"11911",6334.03965911506
"11912",7094.74982718922
"11913",5828.7271973781
"11914",6472.05945807624
"11915",7909.57634968787
"11916",8715.51773534674
"11917",4493.13508977699
"11918",8258.26985396752
"11919",6801.35348001605
"11920",6294.17597444369
"11921",8058.78730267618
"11922",8283.52222471093
"11923",9085.63479246652
"11924",7978.0087574332
"11925",6040.86233967618
"11926",5352.63724226462
"11927",8356.79452555984
"11928",9073.67062087227
"11929",7288.46491899839
"11930",7514.8693142292
"11931",7860.31250306093
"11932",7074.67021720105
"11933",7035.29642344177
"11934",7564.19607268923
"11935",5141.17319775288
"11936",7180.4332939807
"11937",6611.44138399752
"11938",7474.40239298216
"11939",5589.95224842709
"11940",7581.52419875077
"11941",5901.95840657645
"11942",8371.42440829804
"11943",8914.56067607257
"11944",6492.76518868557
"11945",4975.15614885255
"11946",8388.01903507455
"11947",6969.54678642983
"11948",8246.89432082055
"11949",5875.85985845682
"11950",7575.4795834603
"11951",5836.79187552607
"11952",7961.55224812759
"11953",10441.4449662093
"11954",5624.70749771545
"11955",6975.65598990569
"11956",7000.51310683909
"11957",5960.80099804843
"11958",7807.96733091125
"11959",5972.30308703831
"11960",6327.42551359068
"11961",5759.16890293453
"11962",6605.58023091593
"11963",4754.65302599423
"11964",9350.29771465431
"11965",8315.62869669806
"11966",4486.26641956444
"11967",7425.36137333746
"11968",5857.32242655803
"11969",7573.82645105138
"11970",7266.02724369166
"11971",8192.31451221036
"11972",8066.73092395171
"11973",6156.52234690699
"11974",6062.81878573143
"11975",9159.65578279692
"11976",6657.48581869713
"11977",7771.07544453033
"11978",5340.60692443588
"11979",6839.23002648642
"11980",7826.28477654063
"11981",10833.5627249291
"11982",7182.86901443111
"11983",6362.97477648458
"11984",7970.07562346179
"11985",7343.38020180841
"11986",7718.23354868983
"11987",5824.6396672717
"11988",8852.38859453143
"11989",4598.66390072279
"11990",5864.43050303427
"11991",7842.8022105325
"11992",8182.41677700138
"11993",7348.56173066774
"11994",7692.60557855732
"11995",8421.27152074375
"11996",6720.41686494191
"11997",8055.41064398969
"11998",8660.16268325243
"11999",7266.55730272959
"12000",9984.5996413215
"12001",6130.08905966396
"12002",5785.11699307804
"12003",7186.18947753371
"12004",8849.26031734231
"12005",6368.08746079099
"12006",6616.76328020082
"12007",7623.81254695576
"12008",4695.27483462643
"12009",6008.36470541259
"12010",7902.88510653817
"12011",7052.61242535207
"12012",10093.4308027368
"12013",9026.06485976305
"12014",8997.39339136947
"12015",7854.43035301181
"12016",7189.67605614002
"12017",6446.17652230423
"12018",6313.13307398591
"12019",9311.24328857096
"12020",6198.42222183376
"12021",7192.97638099748
"12022",8594.54357959109
"12023",6472.62949420708
"12024",8786.80840041791
"12025",11460.5525229583
"12026",5887.80897086352
"12027",8014.41646984197
"12028",5530.70618265683
"12029",7657.72380801563
"12030",6439.45002556895
"12031",6831.62942986712
"12032",7671.34092840186
"12033",6280.22225685218
"12034",7067.44522593228
"12035",7548.31585210233
"12036",7019.87598448709
"12037",9072.94017853871
"12038",7854.87794940927
"12039",5165.77404919759
"12040",6821.92167374862
"12041",5888.74241506916
"12042",7506.01734376974
"12043",5464.15921239615
"12044",6457.87459424109
"12045",10228.8161832955
"12046",8921.30628671964
"12047",9233.66804426824
"12048",8521.33396395614
"12049",6493.72012392353
"12050",6196.91566008414
"12051",7944.34817429364
"12052",7348.74685029868
"12053",8659.02897771339
"12054",7127.69027410361
"12055",8963.44662346519
"12056",6162.12318958394
"12057",5173.38086371417
"12058",5192.68903923827
"12059",5152.84578857013
"12060",7579.28730199445
"12061",5522.89155024259
"12062",8588.97958222283
"12063",6075.89415371717
"12064",6022.09894518632
"12065",9472.09982563849
"12066",7000.33948330337
"12067",7359.0662487836
"12068",10474.3750508315
"12069",8345.59056016962
"12070",7073.87524963592
"12071",8633.6646478447
"12072",9450.46857873686
"12073",8949.31641666439
"12074",6404.35589707404
"12075",8018.26954634661
"12076",11182.3475320087
"12077",6385.37923308592
"12078",7363.28868853583
"12079",7546.11182141025
"12080",6840.4826140447
"12081",6953.11014121355
"12082",5615.26808656728
"12083",7005.87588511863
"12084",5839.81703052949
"12085",8186.74664009048
"12086",8266.52866710907
"12087",6632.66014121841
"12088",6308.9531420738
"12089",9803.85553444621
"12090",8449.71748992756
"12091",8523.3592803043
"12092",6379.67231642907
"12093",6187.62982925368
"12094",8028.54391507039
"12095",8187.0475639375
"12096",5699.30528193804
"12097",6033.93156319097
"12098",10442.4142859049
"12099",7259.25071597462
"12100",5816.78851125159
"12101",6991.24291161669
"12102",5788.50393493703
"12103",5451.22147991668
"12104",5740.24983610394
"12105",7650.03623416755
"12106",8071.77158305597
"12107",5584.66620241636
"12108",6914.51221884485
"12109",5834.16221058966
"12110",9313.37747943999
"12111",7448.98464916673
"12112",9410.85714405034
"12113",5794.69400145025
"12114",11264.9495106966
"12115",8151.34365846741
"12116",8373.2508143296
"12117",5532.5345505991
"12118",6400.62171345935
"12119",6272.42174362143
"12120",8976.34958250356
"12121",6635.20750633968
"12122",11006.7309651662
"12123",8960.91898385209
"12124",9750.62972178905
"12125",7697.25278518454
"12126",6940.23221455337
"12127",10898.0918973906
"12128",10375.5387980919
"12129",8152.05097264782
"12130",10250.6457684064
"12131",4763.39760751731
"12132",6296.19608354409
"12133",6376.90437708895
"12134",7077.86713321333
"12135",8942.41591193467
"12136",8748.46320193371
"12137",9876.11042746025
"12138",6020.75487844072
"12139",12252.6811168789
"12140",5841.07122331269
"12141",8052.80404287945
"12142",6301.52465250656
"12143",9307.18849089052
"12144",7047.50071333876
"12145",10066.0045056028
"12146",6673.06053265714
"12147",5939.23316429873
"12148",8181.63222201962
"12149",6223.18110087246
"12150",9858.41754247424
"12151",5152.02794654688
"12152",4930.62627465052
"12153",6301.77019663535
"12154",7296.51574265739
"12155",8781.06002815725
"12156",7467.03267665234
"12157",5844.24980091897
"12158",5601.89834886223
"12159",12332.5866323463
"12160",7577.19503651234
"12161",8356.89140086198
"12162",5665.74428032532
"12163",8239.78398512121
"12164",6188.82047522852
"12165",5333.56773893448
"12166",6965.46549955936
"12167",9904.17400023054
"12168",7606.81332631132
"12169",5055.64330441832
"12170",8705.93270221671
"12171",5930.35777087512
"12172",9944.36377916512
"12173",6491.21348664496
"12174",6777.59369665232
"12175",9363.55252933548
"12176",5464.15847867727
"12177",4339.77443761858
"12178",7001.38179855265
"12179",4692.88141054623
"12180",9081.37303358943
"12181",8299.89671748433
"12182",5742.57265534904
"12183",6807.15871244925
"12184",9284.81646613927
"12185",6279.10091153541
"12186",7243.68753459468
"12187",6733.34150536392
"12188",6316.00294620981
"12189",5316.47537079849
"12190",8710.3162188775
"12191",6768.3574279292
"12192",5441.36109656291
"12193",7245.52343083697
"12194",6944.97432413018
"12195",9281.78221144761
"12196",7138.23115180812
"12197",4598.88071350681
"12198",5803.31006966196
"12199",7071.84494606402
"12200",4127.88895191823
"12201",5390.97894444788
"12202",8101.50001861618
"12203",6408.84325079158
"12204",7984.29995918044
"12205",8930.60163517998
"12206",7685.34948881606
"12207",6636.28594592385
"12208",7684.10210495605
"12209",8596.61090430554
"12210",8305.06160109081
"12211",8094.89934230631
"12212",5114.31047576687
"12213",9349.52051327696
"12214",6533.16443655516
"12215",6069.14659995582
"12216",7347.47780927973
"12217",8825.00340773544
"12218",5492.76310564788
"12219",6259.83034945896
"12220",7207.55238439945
"12221",7496.83986374754
"12222",8198.823017524
"12223",7043.5210695746
"12224",6247.87695115424
"12225",5601.11974677205
"12226",7032.20387995333
"12227",8207.56886702402
"12228",8219.70186254813
"12229",7049.55314545575
"12230",7160.79273558665
"12231",6233.77683359271
"12232",6950.14750925337
"12233",5833.49348363079
"12234",6844.76312036516
"12235",7315.57002417152
"12236",11181.9065569219
"12237",6942.04941684143
"12238",5698.93616657506
"12239",9154.70555925726
"12240",5414.29047947177
"12241",6174.50149223445
"12242",7043.78908272346
"12243",5451.54495047201
"12244",5971.32499289735
"12245",7309.5176384247
"12246",10410.1753718853
"12247",8813.21891364704
"12248",7761.76829006513
"12249",7437.65443220542
"12250",5549.68884636369
"12251",6915.12075008173
"12252",5086.98209868202
"12253",6528.47712640946
"12254",5759.96279647659
"12255",6449.20090042883
"12256",5917.9222217464
"12257",6116.44822112397
"12258",6698.14375998956
"12259",7827.83404648844
"12260",6606.44148943787
"12261",6193.84997399453
"12262",5847.88683536916
"12263",7058.46891459154
"12264",7558.67776308125
"12265",7387.09751642354
"12266",8038.21192761791
"12267",5836.60235171724
"12268",7813.89189085544
"12269",8167.39545921589
"12270",8715.63504736959
"12271",7604.70296676553
"12272",7070.50540844994
"12273",4880.37011637231
"12274",7370.29701519899
"12275",5954.4141896477
"12276",6476.37100550093
"12277",5709.7711216523
"12278",5824.84332557635
"12279",9451.98454598125
"12280",5212.50311186841
"12281",7659.28532093879
"12282",7166.18406821036
"12283",7589.26338840074
"12284",9325.60872906714
"12285",6143.25082930645
"12286",10911.4350126734
"12287",5963.08675783028
"12288",5160.32009185004
"12289",7279.78328391181
"12290",6541.83149924607
"12291",9145.08132353982
"12292",10954.0869057105
"12293",5809.0461228225
"12294",8632.68041622553
"12295",6322.6195814964
"12296",5297.6777725215
"12297",7054.23590344166
"12298",7231.12843153396
"12299",6345.21272053336
"12300",7692.58467458089
"12301",6768.79613956917
"12302",6908.68366744304
"12303",8534.29012192816
"12304",7039.41344066076
"12305",6890.48309482473
"12306",5356.77788635964
"12307",7590.0387028216
"12308",9249.87047288974
"12309",7583.06214701116
"12310",7679.77355355701
"12311",4783.34741643119
"12312",9065.4448186106
"12313",5433.52453152275
"12314",7287.26981547489
"12315",7967.00631993224
"12316",5024.93374593315
"12317",6931.98525531733
"12318",6147.02921452579
"12319",10009.2877107696
"12320",6976.66392923431
"12321",8773.57410093168
"12322",8537.82153935291
"12323",5804.52925856899
"12324",4999.85344830317
"12325",6654.40125184106
"12326",6683.8160844589
"12327",8808.99789255353
"12328",5124.32496600287
"12329",6450.2993450936
"12330",9888.92967789019
"12331",6643.55579972533
"12332",6594.27214753497
"12333",6204.71258810352
"12334",7017.78814837132
"12335",6341.14189548366
"12336",5841.14860114635
"12337",6516.08526611136
"12338",6554.25629261898
"12339",8105.16905285111
"12340",10798.1708863907
"12341",6101.23073156987
"12342",8136.27940094393
"12343",7634.19359989811
"12344",6803.09090517013
"12345",9197.96978592184
"12346",5990.23762814911
"12347",8603.73303872794
"12348",6724.86131704749
"12349",4812.83685280895
"12350",7973.81763240347
"12351",10407.4830177683
"12352",6654.93570842787
"12353",10174.8937499291
"12354",6772.87293976926
"12355",11055.8527062488
"12356",7233.5160020667
"12357",7349.69284183132
"12358",4482.73253517045
"12359",5811.59327005915
"12360",7972.83975707172
"12361",6006.5670280105
"12362",6214.68308664559
"12363",7049.46236378851
"12364",8797.08615620933
"12365",7463.74147982402
"12366",7140.9785703143
"12367",5501.56025392176
"12368",6322.89419773363
"12369",6693.91838911572
"12370",7362.88916440664
"12371",6838.01608284106
"12372",6150.52886366168
"12373",7064.79665856987
"12374",7926.13394022406
"12375",6068.84153536019
"12376",6201.46606522807
"12377",5557.10185739669
"12378",8677.1052963047
"12379",6417.54217097032
"12380",8012.16105289137
"12381",7999.57301994084
"12382",7373.86835781609
"12383",7307.64273165794
"12384",6107.34770842382
"12385",9509.04194992774
"12386",5888.22794311125
"12387",5702.02353779487
"12388",6826.49281810469
"12389",6291.40732779098
"12390",8656.17822021446
"12391",6895.28506764555
"12392",6133.09912247462
"12393",6459.82069599763
"12394",6760.96086403234
"12395",11989.022453276
"12396",7996.6472886956
"12397",6343.82217868757
"12398",5109.85838379521
"12399",6173.21355131582
"12400",5514.43794748615
"12401",6138.69964055835
"12402",7368.22782497176
"12403",7312.00617748387
"12404",7018.96532662894
"12405",5939.08694530413
"12406",8494.76733341293
"12407",9352.17209521209
"12408",7629.68438000177
"12409",8535.74670858388
"12410",7229.90721457024
"12411",7428.19805435794
"12412",8081.92358221536
"12413",7682.52118041977
"12414",6214.55437349941
"12415",7236.64381673022
"12416",5486.49365627436
"12417",6103.96715254429
"12418",6570.17167996964
"12419",7308.81077450973
"12420",8268.9803880673
"12421",6939.24657598137
"12422",5847.92528904859
"12423",7061.43651445855
"12424",7089.41420782749
"12425",6931.33699452561
"12426",11776.8569586008
"12427",7209.14340193574
"12428",7253.96089111381
"12429",6647.36045425426
"12430",5596.52049580407
"12431",8440.19655183362
"12432",6633.11646870947
"12433",6381.5455661935
"12434",8859.14882077977
"12435",7726.63730706391
"12436",7073.62775193564
"12437",9398.69184327833
"12438",5887.51050024289
"12439",4375.19765908766
"12440",4511.70101130222
"12441",7703.87489097323
"12442",5910.41337230786
"12443",7709.79248207185
"12444",8006.39540163341
"12445",5672.12447053778
"12446",6566.86041267635
"12447",9581.26700777866
"12448",7166.83752100431
"12449",7438.57509567092
"12450",6728.22973846719
"12451",6876.43532863695
"12452",5351.28570268732
"12453",6273.79757437355
"12454",9255.35356236231
"12455",7849.36008565872
"12456",5764.32333317386
"12457",11014.9007225892
"12458",5805.25057903568
"12459",5898.62086093672
"12460",7771.63541930736
"12461",8041.16153107637
"12462",6431.38891917221
"12463",7179.11066056152
"12464",5709.48162912119
"12465",6728.90389439127
"12466",5288.12139640706
"12467",7695.49697747994
"12468",9459.59267877635
"12469",5217.86906721056
"12470",10084.5031186285
"12471",7368.74837383253
"12472",5507.18767046176
"12473",7074.21605773808
"12474",7767.8443854946
"12475",7920.82660869166
"12476",10550.8592785236
"12477",8192.72623528783
"12478",5298.90306898319
"12479",7960.49132414396
"12480",7018.30306221155
"12481",7069.66974990516
"12482",5860.51158296833
"12483",5721.54628508185
"12484",9138.189626514
"12485",9099.87471692493
"12486",8729.54701730284
"12487",8347.67258328603
"12488",10214.9268701816
"12489",9538.08491308772
"12490",4630.03558330111
"12491",7351.01476456971
"12492",5949.04799100786
"12493",9218.64970895592
"12494",6634.74849352703
"12495",8557.91172190751
"12496",8702.80078225014
"12497",5893.97691630226
"12498",6985.11616881022
"12499",9696.01931119158
"12500",6266.50931006109
"12501",5687.99371120318
"12502",5034.86916417205
"12503",6003.14364285293
"12504",8565.57243280465
"12505",8733.53383550177
"12506",6494.60108737014
"12507",8268.50054267999
"12508",5743.88258864948
"12509",7095.98043165929
"12510",5175.67527464941
"12511",7786.25411152822
"12512",7257.35546812153
"12513",4500.60635495313
"12514",6454.04241488331
"12515",8978.14503117046
"12516",9684.63200277941
"12517",7258.5752456023
"12518",7814.05740189924
"12519",6279.66309173023
"12520",5496.68772714337
"12521",6286.26501355155
"12522",7237.61618269532
"12523",5815.30044088619
"12524",6925.92155972868
"12525",6419.87230883625
"12526",5861.89160148594
"12527",5810.88198336927
"12528",6100.36880801041
"12529",7808.96968111202
"12530",9975.91226652709
"12531",4916.42282703712
"12532",8725.63984866363
"12533",9591.40343930091
"12534",7460.65785842523
"12535",6708.17018163551
"12536",7412.5109482679
"12537",9146.22745002626
"12538",5845.7047780905
"12539",6844.26519752892
"12540",4750.249959876
"12541",8619.76364897703
"12542",5948.98515153363
"12543",6053.28676986858
"12544",6971.45015234737
"12545",4866.62137244023
"12546",5238.17802202721
"12547",7342.9459604184
"12548",6813.21151408483
"12549",7216.4600138366
"12550",6855.02727511701
"12551",7509.59330938204
"12552",4313.72499072186
"12553",7681.88001871837
"12554",7756.69681076144
"12555",6698.39413174086
"12556",6933.86623141002
"12557",9488.60623437431
"12558",8716.21068154364
"12559",7267.0008402961
"12560",5522.25879415116
"12561",6093.65077907591
"12562",5705.52820279421
"12563",7247.06108883326
"12564",7405.61418514587
"12565",7417.87862937243
"12566",5871.86845751826
"12567",5742.69637153257
"12568",6000.1470930007
"12569",6898.03785984815
"12570",5369.68589558901
"12571",7477.92121029329
"12572",7079.48198414174
"12573",10346.2886403687
"12574",6519.44533079284
"12575",6484.88853112918
"12576",5860.3457305197
"12577",9503.62966737491
"12578",7518.01349252977
"12579",7884.02405112282
"12580",7441.70174549718
"12581",6689.81201152822
"12582",6902.85605860496
"12583",7306.25840614081
"12584",6199.05529589345
"12585",7388.49439565896
"12586",8236.33685527879
"12587",7343.75191998237
"12588",8471.05138208093
"12589",4646.36230589693
"12590",7440.27808301913
"12591",6707.45811674878
"12592",6316.18131202888
"12593",10241.4126053691
"12594",8645.4587265955
"12595",6347.81388399259
"12596",8251.8416642931
"12597",9595.81815341911
"12598",8230.81943211545
"12599",4180.28035773304
"12600",8638.5432474134
"12601",5953.13217538923
"12602",6248.25998370413
"12603",7748.22235551102
"12604",6718.25938111094
"12605",5558.82588676286
"12606",6605.01395080945
"12607",7964.40901430462
"12608",7530.68283843237
"12609",7402.98716170087
"12610",4357.29694464577
"12611",6812.74420832216
"12612",6738.79432511105
"12613",6271.83772079231
"12614",6781.93369467897
"12615",5268.86088468927
"12616",8138.65592669158
"12617",4699.75785878662
"12618",6426.50181699453
"12619",8875.27793048044
"12620",6426.69534008368
"12621",8897.90910995718
"12622",7854.09657123367
"12623",7959.43512705014
"12624",7231.87980122203
"12625",7963.34411387606
"12626",6036.13674065657
"12627",7050.46197036522
"12628",5533.7343356924
"12629",6802.55054969107
"12630",5715.12332876866
"12631",6998.92605176437
"12632",8828.77074825541
"12633",9090.55335654623
"12634",8187.36473492858
"12635",6260.45084360138
"12636",6944.01685902094
"12637",8751.25730056674
"12638",5490.20483774278
"12639",4940.4900278029
"12640",6272.73304596651
"12641",6084.99451851781
"12642",11794.9383808537
"12643",5784.62179478333
"12644",6179.72105833982
"12645",6091.3237497543
"12646",8061.41204423546
"12647",8815.09699775414
"12648",6752.55047277632
"12649",7755.53383923349
"12650",6174.94020053151
"12651",7140.47537392586
"12652",5806.76866549041
"12653",7112.95183866392
"12654",7326.52886116866
"12655",8130.8945954698
"12656",5575.03013716482
"12657",6094.06310440223
"12658",7719.87408757453
"12659",6649.90493656979
"12660",4695.88550454234
"12661",5600.62066594983
"12662",5585.72099236026
"12663",8052.75394671171
"12664",5251.24373392269
"12665",7269.73676480669
"12666",6306.16664113703
"12667",8325.14455264419
"12668",8276.64151660204
"12669",6970.03416779278
"12670",6543.46164544869
"12671",7544.34166182445
"12672",6712.53624498103
"12673",6630.33802800015
"12674",7443.16725032967
"12675",9027.51119823833
"12676",7001.41215788995
"12677",9219.88483046158
"12678",6285.49690648901
"12679",6197.0372356015
"12680",6283.1767973175
"12681",6116.9937391295
"12682",8574.59979148427
"12683",7707.66368906999
"12684",6333.77300634056
"12685",8526.93534582023
"12686",5602.20444789962
"12687",8370.08184437946
"12688",6049.13842375445
"12689",6387.21101061571
"12690",6015.54644877151
"12691",5910.86076168685
"12692",8785.85149110565
"12693",7158.32451129508
"12694",5723.28023360272
"12695",8367.64837770474
"12696",8487.4043112637
"12697",9342.87470418136
"12698",7678.30829236898
"12699",8576.27945321523
"12700",8759.23573993871
"12701",5924.76328678876
"12702",5370.96168436818
"12703",4899.73517750903
"12704",6879.00937518098
"12705",7553.1785399499
"12706",10387.6612671387
"12707",8173.50342551693
"12708",5910.59411625733
"12709",5872.82701274681
"12710",8633.94711775381
"12711",6448.26935047716
"12712",5832.67254900754
"12713",6775.13767848928
"12714",6650.814570073
"12715",6837.25722860083
"12716",7332.14768243317
"12717",10431.0334190288
"12718",6941.80623255513
"12719",8687.08376900607
"12720",7499.5565574602
"12721",6847.14090151604
"12722",7350.81143043983
"12723",5564.88624803559
"12724",9826.47548272508
"12725",9345.04493027548
"12726",7699.43661090274
"12727",7588.93305459099
"12728",8592.30550269074
"12729",8545.22286747941
"12730",8158.50481347492
"12731",6297.14395657794
"12732",6952.33181014883
"12733",5634.72923865349
"12734",7905.64478315656
"12735",7556.92991607955
"12736",10164.0668861512
"12737",4107.34963620637
"12738",6043.45869044737
"12739",8053.07958989719
"12740",8103.45257900703
"12741",8192.73343163744
"12742",5726.9358176218
"12743",8356.92799739308
"12744",9880.82318046797
"12745",6834.27733386647
"12746",7362.03169244855
"12747",6605.74274042051
"12748",5940.07860274532
"12749",6877.98017808205
"12750",9262.89177378691
"12751",7111.6779139672
"12752",10189.8393295478
"12753",6309.68988490172
"12754",5677.18079894844
"12755",5708.69952359477
"12756",6177.42003784633
"12757",7340.38467495867
"12758",6251.85456968097
"12759",4917.60309225855
"12760",7228.57920623421
"12761",7850.26245409619
"12762",9132.50390879773
"12763",9803.65857643363
"12764",6196.53317379989
"12765",5055.19521138143
"12766",6121.42909641642
"12767",6869.29629712882
"12768",8102.61276703156
"12769",5388.80921069708
"12770",5830.40141830726
"12771",7043.13204793211
"12772",8474.82205452729
"12773",7318.87551009229
"12774",6013.0372514197
"12775",5549.78972039279
"12776",7591.51880043263
"12777",7310.26094821539
"12778",8802.7045164106
"12779",5928.22531051721
"12780",4969.40124199591
"12781",4619.42632577036
"12782",8504.09174304799
"12783",7995.55461976803
"12784",3411.48679349828
"12785",6414.21322567399
"12786",7243.25204528601
"12787",7110.31886647274
"12788",8337.28026763374
"12789",6206.43264308093
"12790",8208.59996004984
"12791",7256.26423448227
"12792",5491.26903932108
"12793",8334.04735753945
"12794",6013.63571960496
"12795",6388.60933226321
"12796",6443.91353781582
"12797",15519.8393711069
"12798",6772.27526859284
"12799",7640.12731296997
"12800",6536.5334572759
"12801",5757.48726145749
"12802",7236.74985074887
"12803",7187.75331102031
"12804",6312.34476047019
"12805",11706.5772730443
"12806",9950.36862966498
"12807",9241.35540714791
"12808",6093.88242735753
"12809",6701.21367334446
"12810",6707.54137010108
"12811",7209.99158823453
"12812",6966.28796651301
"12813",8585.22003211076
"12814",5005.94437210804
"12815",5969.15243392438
"12816",9106.13574586837
"12817",6886.1578594325
"12818",6033.97726697595
"12819",6884.20532877254
"12820",6951.26099326556
"12821",8149.27743855247
"12822",8164.78006776767
"12823",6595.99202788784
"12824",8767.2260445582
"12825",8770.10621445092
"12826",6579.26080205132
"12827",6255.26978866026
"12828",8793.52009338962
"12829",5839.81874289731
"12830",7183.37215388603
"12831",6659.2945438684
"12832",8981.96248162515
"12833",7793.46022476134
"12834",7764.81033430364
"12835",9263.0976464336
"12836",6576.71007265071
"12837",7143.85694985131
"12838",9702.27308151719
"12839",10671.4529078648
"12840",6863.94092905628
"12841",8650.31644995935
"12842",7146.35230664719
"12843",6016.17294546319
"12844",6361.3589608294
"12845",7482.45767663102
"12846",9154.28287017025
"12847",7737.629698303
"12848",5866.02841803845
"12849",8340.29943240531
"12850",7151.09812937767
"12851",7111.80946878504
"12852",6997.86436862975
"12853",5269.71963536991
"12854",10285.929916086
"12855",9131.0548047017
"12856",7140.27629499829
"12857",6157.87496279049
"12858",8562.16275607738
"12859",8163.73783419819
"12860",8458.96914568155
"12861",8980.5882101439
"12862",5087.04059780236
"12863",6985.35410457298
"12864",6882.80070653533
"12865",9385.84642344256
"12866",7507.03433248853
"12867",7683.61813756508
"12868",8425.92932888111
"12869",6499.22025484456
"12870",5490.46398201226
"12871",4805.71108460054
"12872",6705.28978247539
"12873",7446.35419984404
"12874",7859.91778972941
"12875",6230.28616814419
"12876",9326.31114495192
"12877",7201.72306074163
"12878",6430.17934922564
"12879",5473.84743505266
"12880",8221.04092201353
"12881",7071.67334489171
"12882",7182.8200479292
"12883",5744.37148726063
"12884",6758.69039811716
"12885",5882.1185944041
"12886",4582.19252751298
"12887",5388.77226917319
"12888",8078.56608197899
"12889",7647.91921618036
"12890",7745.82660371164
"12891",6109.53292924107
"12892",7063.84742525907
"12893",7884.98808565774
"12894",7607.50972763357
"12895",9673.41473492937
"12896",7328.2440780819
"12897",6170.73725357802
"12898",8042.69047215583
"12899",5993.45935593145
"12900",8216.82952308375
"12901",6330.1790455407
"12902",6248.98560507816
"12903",7871.72051215406
"12904",6895.41069529847
"12905",9293.87030591647
"12906",8009.19459388627
"12907",9884.90367297974
"12908",8418.61621259306
"12909",6509.87335139451
"12910",7736.82473961692
"12911",9795.43095476769
"12912",7100.14638903502
"12913",6759.65552999547
"12914",6389.78432646532
"12915",6467.87642378721
"12916",6748.10272854416
"12917",8156.41365462714
"12918",6714.8040624098
"12919",6049.44913172109
"12920",6834.32699312505
"12921",5711.86759665214
"12922",7493.79987711994
"12923",5378.90609888915
"12924",5920.35028268401
"12925",6699.96689764312
"12926",7217.92394820235
"12927",6551.97697318457
"12928",8091.81076617023
"12929",6467.88112642516
"12930",7032.75095131797
"12931",5974.62098130598
"12932",4748.62828613818
"12933",8653.14227569059
"12934",8211.16612412138
"12935",6993.50634245968
"12936",7751.43339220613
"12937",6422.92639849977
"12938",8074.8702462953
"12939",7910.55171598993
"12940",6833.35565887144
"12941",6151.14685987426
"12942",5205.1848776929
"12943",6416.35823621319
"12944",10162.9306954061
"12945",5179.21332387585
"12946",7274.28910524436
"12947",9845.87139437996
"12948",7435.42278316263
"12949",8349.68623177494
"12950",5628.41347693933
"12951",9606.77370777658
"12952",9484.10399129819
"12953",5607.19884399516
"12954",6410.92325711997
"12955",6257.5483308419
"12956",7041.7223540078
"12957",8452.57082792364
"12958",6443.65177086825
"12959",7192.00049172103
"12960",7186.32410258902
"12961",5361.47723270127
"12962",6649.2434453622
"12963",6394.52888333678
"12964",7797.277061651
"12965",7222.62045994707
"12966",6497.86207097718
"12967",9012.34332153573
"12968",5800.68492702266
"12969",7726.98967078506
"12970",7043.0242560659
"12971",5572.55844644047
"12972",8194.35641367224
"12973",7656.72756362938
"12974",6269.31255544035
"12975",7798.0322983896
"12976",5926.14137222593
"12977",6522.67181205444
"12978",9062.35131104732
"12979",8384.42908129146
"12980",7585.93012670073
"12981",8563.49584799731
"12982",5192.10605548849
"12983",5572.3084709444
"12984",6646.00511737651
"12985",9324.73586865597
"12986",6362.32122524936
"12987",5933.11715696496
"12988",6750.94876893233
"12989",8705.20367660647
"12990",6490.36986880222
"12991",6380.78348735586
"12992",6304.36237289586
"12993",8733.11226561245
"12994",7488.7144856304
"12995",7674.91927410619
"12996",5392.61026310389
"12997",7801.26115183578
"12998",5982.08434450979
"12999",6184.77088192997
"13000",8093.44394493641
"13001",8702.92608558909
"13002",3526.27688962503
"13003",8809.61438448306
"13004",8148.0423723013
"13005",5647.60528007253
"13006",7778.76270313102
"13007",7291.54882539682
"13008",4800.70916785159
"13009",5664.74833351634
"13010",5146.08262832078
"13011",7536.80971895405
"13012",4083.95676647299
"13013",8603.20794027895
"13014",7729.65134454007
"13015",8611.50140655257
"13016",7500.84416480881
"13017",8074.05516461038
"13018",7989.87778196966
"13019",6850.8731560215
"13020",5471.59599026399
"13021",7681.11057213518
"13022",5579.92177282439
"13023",6565.9348006101
"13024",7687.06146102056
"13025",7880.90035142773
"13026",5417.06724035701
"13027",6846.40128067003
"13028",7907.51824593106
"13029",7828.25283586909
"13030",7935.7436037904
"13031",5694.42391249524
"13032",8520.27714883401
"13033",5701.76794479104
"13034",5629.54878484301
"13035",7715.48134548861
"13036",5278.30286470151
"13037",5943.71462386876
"13038",7404.05075314287
"13039",6135.2699841975
"13040",7992.05310965554
"13041",6583.99912107868
"13042",6742.8127225097
"13043",6734.77091010116
"13044",7195.60168404899
"13045",4780.63254460595
"13046",8659.72894939768
"13047",4633.41143948585
"13048",8888.59148499435
"13049",5466.57646697212
"13050",10193.981131949
"13051",7521.313037145
"13052",8589.87370209301
"13053",9070.22226363801
"13054",9319.25190044167
"13055",9076.22805560182
"13056",6929.40476551137
"13057",7127.03859129915
"13058",6911.59412728647
"13059",10351.5340293418
"13060",5444.83322782634
"13061",9670.45372154703
"13062",10511.8476754864
"13063",6438.04091429818
"13064",6282.817351839
"13065",6273.54127431054
"13066",6423.70763511425
"13067",6060.18393619867
"13068",7489.65331641196
"13069",9377.98097504086
"13070",4731.51391683114
"13071",8018.02477050365
"13072",6180.78735022249
"13073",8268.48077163917
"13074",8715.52372836576
"13075",7119.11924394975
"13076",5982.08364411975
"13077",7936.87059692162
"13078",8351.8172789271
"13079",8452.53653134883
"13080",6616.84147193769
"13081",5470.03745550297
"13082",8192.74923227664
"13083",9054.60070646887
"13084",5353.0297736348
"13085",7885.70919553114
"13086",7524.55712958742
"13087",5749.70349270869
"13088",6770.1282056941
"13089",9591.03294209139
"13090",6665.51014580691
"13091",6680.21395530539
"13092",7197.04751730225
"13093",8302.78488248822
"13094",8247.42921252881
"13095",8555.93153998641
"13096",6678.78204352226
"13097",8756.95754396241
"13098",9786.77791525751
"13099",9433.13360202351
"13100",6292.47337363683
"13101",7134.69379881927
"13102",6306.25218919975
"13103",8175.30441955055
"13104",5711.75176443628
"13105",8274.35406767753
"13106",7948.33777329501
"13107",6878.41068954441
"13108",6623.82865154567
"13109",8832.52226142235
"13110",8175.61129961335
"13111",6598.24684363341
"13112",5881.08808709772
"13113",4594.61723554044
"13114",9471.75134355725
"13115",11044.7255937766
"13116",5832.85643011948
"13117",9144.58668565486
"13118",5738.18609740304
"13119",9893.00213076184
"13120",6291.38007575688
"13121",6902.71864679494
"13122",12267.2453978244
"13123",6816.13234284939
"13124",8638.495706149
"13125",6482.53674577418
"13126",7074.89440584311
"13127",7231.54851716689
"13128",7964.27235667969
"13129",7275.05542120162
"13130",5067.00144396598
"13131",6505.0472512047
"13132",5666.84903405128
"13133",9255.62865934777
"13134",7484.22904526586
"13135",6787.0026425742
"13136",6777.08006413049
"13137",8227.01965144257
"13138",7911.05710668963
"13139",7210.55371662148
"13140",6869.25969793772
"13141",10175.2339429887
"13142",5676.14411005711
"13143",6110.13796148718
"13144",8518.2866413414
"13145",6935.39371627674
"13146",5530.70421791657
"13147",5385.49908933446
"13148",10268.3968200064
"13149",7601.02596217686
"13150",8052.59218118379
"13151",8063.96325102731
"13152",9080.68438712835
"13153",6239.80832547134
"13154",7959.79812602777
"13155",8049.07418425761
"13156",7291.00576252359
"13157",7285.07486824461
"13158",8979.83261877255
"13159",6591.7009479422
"13160",8692.22637552719
"13161",6916.19214513131
"13162",6109.50709738944
"13163",5238.40228609397
"13164",8985.7815011719
"13165",7360.9239180795
"13166",6789.20806344827
"13167",6704.36447587734
"13168",5966.48440495549
"13169",10386.325151583
"13170",5793.20553510805
"13171",6302.45107005546
"13172",7088.25607325013
"13173",5786.92398797655
"13174",8314.02298736541
"13175",9774.27946661049
"13176",8339.01081371614
"13177",5324.52976818435
"13178",6351.55959276024
"13179",5373.32676985236
"13180",6761.4208943407
"13181",6550.55436335967
"13182",10009.975616532
"13183",8093.21503796863
"13184",6253.25914897309
"13185",7260.01546818047
"13186",9384.22035893388
"13187",7122.80281230372
"13188",7057.86314613468
"13189",8244.68679345537
"13190",7365.3136348684
"13191",7849.81621741437
"13192",8833.62490748578
"13193",6682.02818839814
"13194",7579.86192193698
"13195",8980.33809289899
"13196",6926.96520053514
"13197",7316.45037921551
"13198",6774.99026624284
"13199",10992.7358713521
"13200",5220.52497508539
"13201",9294.90543342888
"13202",4837.26082862639
"13203",6158.91782146906
"13204",8757.60536996848
"13205",5623.2380432483
"13206",8230.96081058174
"13207",7312.13293079112
"13208",7030.8274175301
"13209",5948.49209282935
"13210",9600.50677553623
"13211",6105.60648481863
"13212",6632.39578548932
"13213",11549.8535266914
"13214",6099.86499078461
"13215",5638.16941055376
"13216",5740.48897950124
"13217",7959.8218395798
"13218",5299.09013799928
"13219",6535.66083873511
"13220",7097.85147469668
"13221",9095.30264975735
"13222",8550.74220471846
"13223",4618.13541547321
"13224",7410.57235917532
"13225",6357.98060969412
"13226",6282.07897670187
"13227",6300.18613737499
"13228",7730.70112711267
"13229",9430.34039183829
"13230",6835.67855667835
"13231",6786.38636779464
"13232",6914.5990283323
"13233",6625.89476241403
"13234",5833.26370102503
"13235",7199.60735305983
"13236",7900.5827730457
"13237",4715.25385543396
"13238",8957.4333139397
"13239",7374.08129241266
"13240",7713.49811025589
"13241",6828.99880113829
"13242",6928.00100924785
"13243",7676.76990743809
"13244",6303.70195150746
"13245",11208.4136979473
"13246",7035.9214978264
"13247",6684.07262657088
"13248",6024.67377955914
"13249",10520.9830788955
"13250",5555.50881862874
"13251",7884.43216679567
"13252",6750.91237594605
"13253",5548.56558861882
"13254",6663.19278370134
"13255",12078.6404584003
"13256",7496.49292254589
"13257",6696.26933568778
"13258",6831.92759672203
"13259",7444.95006987832
"13260",8498.42839552212
"13261",5998.04960034271
"13262",7466.70862297848
"13263",6313.02113071908
"13264",6691.21142496084
"13265",9032.94656291644
"13266",6295.51448127349
"13267",5499.87104625725
"13268",7519.91015392452
"13269",8235.04179621609
"13270",9057.28038938088
"13271",4857.46048300686
"13272",6839.24731198606
"13273",6709.34444488997
"13274",7036.84397888943
"13275",7201.06010579565
"13276",9255.62415636368
"13277",9893.95699852405
"13278",6780.34840415546
"13279",7246.84098343535
"13280",7320.82368208501
"13281",9341.50916283481
"13282",7108.92001207291
"13283",5137.10287397721
"13284",8836.82151693204
"13285",5898.54192877451
"13286",5946.71169069195
"13287",6508.90590521291
"13288",5566.95956886268
"13289",10178.3945903256
"13290",10272.4390632742
"13291",6883.34696578759
"13292",5127.86676753874
"13293",6314.15890250032
"13294",5690.17665750582
"13295",7899.75546680472
"13296",6242.18215435461
"13297",9035.68429297692
"13298",10797.3167136235
"13299",5963.38844489331
"13300",6521.01811979003
"13301",5596.12617478126
"13302",6900.25050942052
"13303",9401.53395445486
"13304",6387.27710616135
"13305",9381.88595737311
"13306",8801.01340638921
"13307",6849.79918227501
"13308",5834.35732328665
"13309",5326.91886788857
"13310",5023.94490293281
"13311",9898.52234629149
"13312",10528.9295338886
"13313",7114.48334913786
"13314",5468.84824614262
"13315",8258.68715177351
"13316",7621.37354611739
"13317",7486.08966216625
"13318",8189.10890493084
"13319",7725.78039381955
"13320",5317.48955570197
"13321",5872.97521944415
"13322",6266.19697483991
"13323",5600.03593188844
"13324",7419.86378282904
"13325",6511.41158026205
"13326",4840.26646889767
"13327",6056.48120795252
"13328",7758.23295620266
"13329",7890.59081925559
"13330",7175.94813436284
"13331",9577.53531257439
"13332",7150.90476332422
"13333",7042.1932952171
"13334",5763.60788000431
"13335",7297.05285240854
"13336",8411.49263245177
"13337",7702.62755759733
"13338",10278.048286746
"13339",4786.69610153104
"13340",7859.54604770187
"13341",9964.25743133567
"13342",7083.27523873338
"13343",8305.60422435053
"13344",7878.50952227378
"13345",6284.03914618382
"13346",6967.27723125899
"13347",7619.2749711125
"13348",8219.91654805393
"13349",6711.74950267662
"13350",6629.29967950898
"13351",7752.26850631034
"13352",7878.80300266125
"13353",8133.12119035274
"13354",9476.61151920648
"13355",10243.6556638392
"13356",5170.99652915044
"13357",5264.56456970487
"13358",6963.72190205497
"13359",8588.90799174815
"13360",5633.12871612203
"13361",5801.27531516862
"13362",8375.69921899953
"13363",7592.6120535195
"13364",7612.50516748226
"13365",7157.04039766031
"13366",8965.34636545515
"13367",7688.59919814739
"13368",6896.20089734021
"13369",8028.16513153388
"13370",5971.43087363782
"13371",6886.29510319891
"13372",3844.31747225202
"13373",7424.59200606369
"13374",7998.56223708993
"13375",9586.23856906362
"13376",4267.36611704517
"13377",5797.7183997225
"13378",4167.26822813442
"13379",8982.48802936226
"13380",6268.1916069318
"13381",6207.72882011628
"13382",7942.03199140092
"13383",5352.05844383778
"13384",8777.96346680083
"13385",6979.39951253286
"13386",6231.97905857725
"13387",6877.16837430478
"13388",5954.23141878714
"13389",7306.96578515356
"13390",6841.49003437116
"13391",10219.4384257548
"13392",8093.43523303947
"13393",8835.25487702373
"13394",6809.09353806511
"13395",4532.5761933576
"13396",5962.80040505109
"13397",7630.3661250282
"13398",10059.5670158295
"13399",8427.79878756862
"13400",8641.62975910623
"13401",7317.57435360698
"13402",6050.40858369702
"13403",7454.58987121467
"13404",7285.95393746471
"13405",8978.80515397837
"13406",5398.75478158793
"13407",8014.96302996704
"13408",6013.71092771591
"13409",8766.48068798778
"13410",7923.89273450472
"13411",5298.99838950896
"13412",7114.82645154125
"13413",9305.56738523259
"13414",6078.2719056659
"13415",6350.17212703765
"13416",6530.44074414835
"13417",6419.65400263371
"13418",7594.37435276542
"13419",7108.27802607658
"13420",7755.33143543634
"13421",5833.91494850161
"13422",7702.5150626263
"13423",6487.87938984545
"13424",7117.31317038776
"13425",4526.00645467097
"13426",5489.90805114491
"13427",6041.98294701568
"13428",7305.97457806409
"13429",7205.70264971197
"13430",7131.90882162798
"13431",7675.01974993929
"13432",5742.0253133213
"13433",7894.9759906284
"13434",6003.98828750163
"13435",6637.76136977019
"13436",7812.69152098436
"13437",7872.21382742232
"13438",9103.42719515688
"13439",5509.52003343124
"13440",6333.47943810836
"13441",8304.20193282634
"13442",6971.68691674316
"13443",6491.90981174239
"13444",8557.5629973831
"13445",7513.59409564399
"13446",6136.50980140049
"13447",6885.60898152972
"13448",6565.53649112523
"13449",7022.46121402596
"13450",7393.05915316795
"13451",8259.50341294563
"13452",8398.59209722468
"13453",9304.3794972585
"13454",7361.36146741096
"13455",8573.9741719048
"13456",6422.26527968382
"13457",6580.57908519202
"13458",7957.248436319
"13459",5005.30869983197
"13460",6210.8635668434
"13461",7244.48421651352
"13462",6536.69546750434
"13463",6499.97113368355
"13464",7504.09402764738
"13465",8334.77796570146
"13466",7522.00065160514
"13467",6843.02929907973
"13468",8846.46689966918
"13469",8271.34983793469
"13470",6086.48152199475
"13471",8076.28582252164
"13472",8617.22587637341
"13473",6290.01702141717
"13474",7178.03657908712
"13475",6812.34761790145
"13476",6038.54824856448
"13477",7806.85499902755
"13478",5707.8195972543
"13479",7053.35316122306
"13480",10213.1604439445
"13481",5856.15758475781
"13482",7845.35470075796
"13483",5819.50445909115
"13484",6598.44618630991
"13485",5659.96874715004
"13486",7139.1680809409
"13487",7291.63491190836
"13488",7974.99241403841
"13489",8418.68435282518
"13490",5900.31748027746
"13491",5482.69837741035
"13492",7730.04457167021
"13493",9158.26697162407
"13494",8555.15129553042
"13495",5400.73328282943
"13496",6556.28880331482
"13497",8381.08225231068
"13498",5376.59334652978
"13499",7271.46190853474
"13500",6637.98611106612
"13501",7104.5447495307
"13502",6984.13038250976
"13503",5794.3879188833
"13504",7031.38154133184
"13505",8388.93687599998
"13506",6685.82936124994
"13507",6088.66647946351
"13508",8117.41870613882
"13509",6665.8741397669
"13510",7402.19808021377
"13511",6744.61751273904
"13512",5398.76301858361
"13513",7375.65701446115
"13514",7614.10257282665
"13515",7066.63087944086
"13516",7494.11334402312
"13517",6554.45549458942
"13518",8542.56732341289
"13519",5149.81205630411
"13520",7821.71182333487
"13521",7309.99144961302
"13522",7923.20538526846
"13523",5332.90821765778
"13524",6584.86864584021
"13525",9941.35695702973
"13526",7043.66007657376
"13527",8151.85547028385
"13528",5708.75493130949
"13529",7689.02716737231
"13530",5527.50127139874
"13531",5029.86508504694
"13532",6798.28953780528
"13533",6113.60842198782
"13534",8107.97949729443
"13535",6468.97107312985
"13536",7921.12234466711
"13537",7584.69165571948
"13538",6571.35157380843
"13539",7716.98629586569
"13540",7333.17803857797
"13541",6882.08726920195
"13542",9434.8607038046
"13543",10162.7600589582
"13544",11610.4908841785
"13545",7873.96247658422
"13546",9144.93918334903
"13547",9604.17872503673
"13548",5998.1199641219
"13549",9860.93459113824
"13550",6520.62492392594
"13551",8877.77546259799
"13552",8908.61800056147
"13553",8176.16969136812
"13554",5014.27117374738
"13555",7986.33049411534
"13556",6719.66637360231
"13557",7980.64975426598
"13558",7428.17902222931
"13559",6696.48963089682
"13560",7839.68271378908
"13561",6817.90947061026
"13562",7784.23986200068
"13563",7186.66423091615
"13564",8687.03547000144
"13565",6933.5447908925
"13566",5416.9440096968
"13567",8624.33900465966
"13568",7069.89136603097
"13569",6935.14274824249
"13570",8351.99433769195
"13571",5855.36368778047
"13572",5534.3305016392
"13573",6432.48466342381
"13574",6430.90358744632
"13575",7745.05910693187
"13576",8458.39002506103
"13577",5823.02692260033
"13578",6231.37934148948
"13579",5139.89544479572
"13580",8383.64195785902
"13581",7542.09124417645
"13582",5680.96505698436
"13583",10213.3122925138
"13584",6062.19942248855
"13585",5140.31412233659
"13586",7655.12957657551
"13587",9806.14522195931
"13588",8737.65844238261
"13589",7727.67856467811
"13590",9666.18342600338
"13591",5624.13864900888
"13592",8414.29239817146
"13593",4849.8607468503
"13594",5469.83493949537
"13595",9506.86074571912
"13596",6481.3663063961
"13597",6484.45114320583
"13598",7701.65102385338
"13599",6046.17427518655
"13600",5057.55990568872
"13601",5726.73914513205
"13602",8467.19694887717
"13603",4907.91052225376
"13604",6872.70869639153
"13605",7917.36099325941
"13606",6933.05857987214
"13607",7994.37805452768
"13608",14291.1481637392
"13609",5440.43809491325
"13610",5084.82048519293
"13611",5149.30852113428
"13612",9444.05307168994
"13613",9011.59177695936
"13614",7820.78969426008
"13615",7107.78067392238
"13616",5811.00247690552
"13617",8219.53376615315
"13618",6201.69137125326
"13619",6004.01695011143
"13620",8220.15531875059
"13621",8040.04785829602
"13622",6404.8097392899
"13623",8024.25925949968
"13624",8138.23057934406
"13625",7627.31623985855
"13626",7650.52778635105
"13627",10096.8173201276
"13628",4913.88740035379
"13629",4606.33149557723
"13630",6331.24393168506
"13631",7495.94537562439
"13632",6364.79590039336
"13633",6464.9331905749
"13634",9481.99050824222
"13635",7822.50626317006
"13636",9340.35947507343
"13637",8598.45417231683
"13638",8265.50974404983
"13639",7714.89795279009
"13640",6327.78006155425
"13641",7924.53017155902
"13642",6321.53588899091
"13643",8508.28336529774
"13644",6358.48087437896
"13645",6593.13685980176
"13646",7963.27382543074
"13647",7486.38334048242
"13648",9362.98433449929
"13649",6508.50159575606
"13650",6533.72903633137
"13651",10631.5688609855
"13652",5304.08100881662
"13653",5448.79243572068
"13654",13340.4046734592
"13655",7840.59221293883
"13656",6568.66470698169
"13657",6502.05667629838
"13658",9414.41912066323
"13659",7097.63654435425
"13660",8364.68218667601
"13661",7023.81461783794
"13662",7781.2024834201
"13663",7993.44564787852
"13664",7392.53618368518
"13665",6865.31109266463
"13666",7426.8198558816
"13667",5753.7584251817
"13668",10815.8976261151
"13669",7218.74707889273
"13670",9540.4742741044
"13671",6927.14005457218
"13672",6834.18272236012
"13673",9075.96928368242
"13674",5234.38162333769
"13675",6738.14753684829
"13676",7483.63246202285
"13677",10680.2505142016
"13678",5422.18114160682
"13679",7259.12416449825
"13680",7662.59140971729
"13681",7552.92672073753
"13682",5752.28922336246
"13683",7168.43695652905
"13684",7060.51555144479
"13685",5803.85433494881
"13686",9487.56007564165
"13687",8955.17874157634
"13688",6107.35654022069
"13689",6147.79199741365
"13690",7627.14606263711
"13691",7442.37828671665
"13692",6868.67866679373
"13693",6600.07450711763
"13694",6263.63900640339
"13695",4386.76191346922
"13696",5733.82251995963
"13697",7284.67268616843
"13698",6328.3719478846
"13699",4553.69327301496
"13700",7921.76486110413
"13701",8085.82589406471
"13702",4432.45168697764
"13703",6976.21604731008
"13704",5993.73424209042
"13705",7646.37705651972
"13706",7512.70932096662
"13707",7474.5418652896
"13708",5867.44479997053
"13709",8605.06427897548
"13710",5311.87279690891
"13711",7458.1830719547
"13712",8251.72958258577
"13713",9856.15471967367
"13714",4639.41452540014
"13715",4818.69654156454
"13716",5607.62898955759
"13717",5603.4767922961
"13718",5088.18056904644
"13719",5973.69959905573
"13720",6381.23071466361
"13721",7110.49880329088
"13722",7885.42399004361
"13723",5567.20035948089
"13724",7668.51938654319
"13725",5826.87488025822
"13726",6023.22085809879
"13727",5080.03978452206
"13728",7456.94374800388
"13729",8204.55609908094
"13730",8266.92822736168
"13731",6436.13570642321
"13732",6517.16734975575
"13733",6264.66167281312
"13734",6949.95684043087
"13735",5690.03915040488
"13736",6820.59730819948
"13737",8288.83854152894
"13738",6410.01315536386
"13739",7730.01565698275
"13740",9967.4425889539
"13741",5925.55767079398
"13742",5041.1511512597
"13743",8570.66101511204
"13744",7452.1051665221
"13745",6931.82419307723
"13746",5994.06405841289
"13747",7076.51602903604
"13748",7033.79601198823
"13749",8443.01377479931
"13750",7512.93509451258
"13751",8192.80335296069
"13752",5653.57766561082
"13753",5111.2814114439
"13754",6582.86149347105
"13755",6457.76086152382
"13756",8596.05000112449
"13757",5091.55414840358
"13758",5389.39427574994
"13759",5946.99464637839
"13760",7564.42594742702
"13761",5802.06944401661
"13762",7031.82113416848
"13763",6365.6139774613
"13764",5447.96769738462
"13765",10109.830195441
"13766",6530.10923092251
"13767",10051.8788828128
"13768",7599.48086401076
"13769",9357.88620474967
"13770",8150.93281119557
"13771",7219.16802010405
"13772",9070.50787087166
"13773",7367.07748630554
"13774",7982.54176992326
"13775",8967.7206504855
"13776",6663.57862798265
"13777",9076.68961861824
"13778",6525.21648411813
"13779",7578.81421045378
"13780",7690.70337538321
"13781",6999.52773526452
"13782",7723.00313153575
"13783",5487.44389610334
"13784",7322.16549558478
"13785",9184.66521296495
"13786",6190.60275540506
"13787",8380.31337984088
"13788",6194.64213283545
"13789",11076.080695695
"13790",7139.88443661921
"13791",6671.37550452971
"13792",7693.50299771065
"13793",8015.34285674472
"13794",9876.49578265776
"13795",6714.79719163551
"13796",8995.48902587429
"13797",5077.81504889022
"13798",6286.19664464901
"13799",6474.6219029776
"13800",6760.19770085845
"13801",6896.50086347149
"13802",6176.75227694461
"13803",6025.02592564411
"13804",6050.2249611015
"13805",7204.03232240915
"13806",7171.80542034103
"13807",5455.70998936254
"13808",8248.97111153496
"13809",5727.87424697393
"13810",7688.20907036738
"13811",8030.82222981047
"13812",7504.10057720132
"13813",6734.87603258372
"13814",7425.35969725341
"13815",5549.43609375538
"13816",6406.64310535371
"13817",10681.7370530894
"13818",6122.04767090925
"13819",8185.58971672131
"13820",6944.04317459623
"13821",8468.85294387419
"13822",8083.82379129101
"13823",9622.474683191
"13824",7729.71849626684
"13825",6098.96913179118
"13826",6424.5955755731
"13827",7205.19093074704
"13828",5080.878630933
"13829",6718.02011524411
"13830",6127.11254378249
"13831",7416.86051511441
"13832",6863.41931043532
"13833",7869.56791825495
"13834",6864.50056770643
"13835",5850.9965934854
"13836",8473.26661959487
"13837",6123.09070775671
"13838",7501.04769217708
"13839",5992.21265829696
"13840",6445.29262188487
"13841",6112.66145029046
"13842",9204.16786762006
"13843",7448.35518701358
"13844",5005.14665735228
"13845",7822.8693365314
"13846",5766.96096675546
"13847",6789.04946522699
"13848",5828.64535480423
"13849",9596.37402887183
"13850",7654.05204043709
"13851",8549.84681653374
"13852",7763.58300876691
"13853",7744.06033145973
"13854",5997.00424941162
"13855",4775.74710093805
"13856",6941.9127811877
"13857",7652.87541303473
"13858",7398.66305548967
"13859",6887.96958896466
"13860",5615.9034552235
"13861",5164.43820190762
"13862",8627.16166338211
"13863",7341.11397791218
"13864",7247.8438553673
"13865",6808.42645311159
"13866",8908.9642450552
"13867",7466.52632352351
"13868",6975.26856908328
"13869",5869.43286067535
"13870",5440.82803524338
"13871",5589.26395320474
"13872",7147.9227694549
"13873",7218.23066397401
"13874",7549.84977525665
"13875",5312.40191266776
"13876",7680.60672029946
"13877",6420.43609460739
"13878",6455.38761038319
"13879",8006.89351099119
"13880",5597.42197391906
"13881",7951.36218090279
"13882",7047.99863089726
"13883",7244.14050055462
"13884",6100.95766758581
"13885",6670.79696324857
"13886",6908.99866803073
"13887",7795.94092413266
"13888",6244.99036065073
"13889",6752.76542851679
"13890",5031.55821854668
"13891",7375.04961213503
"13892",6934.95989111556
"13893",5331.87559858295
"13894",7048.8689916966
"13895",8104.93060090439
"13896",7475.59800901636
"13897",4014.52904445441
"13898",6891.23502045855
"13899",8938.34953183581
"13900",7400.47522336414
"13901",6456.59301658409
"13902",7264.97014266549
"13903",7604.80871642511
"13904",5378.79946097616
"13905",9930.63358642481
"13906",6414.516346941
"13907",8182.76957266581
"13908",7839.62182694132
"13909",8020.63558695575
"13910",7153.46747428893
"13911",7405.8559911901
"13912",6644.67500011892
"13913",8779.74134404525
"13914",8443.92858783823
"13915",5669.1089775993
"13916",8285.11820895433
"13917",9086.8439902214
"13918",5599.11127530625
"13919",8611.42426568012
"13920",6477.42219608543
"13921",7484.14854316276
"13922",6172.02016385123
"13923",7825.96408620774
"13924",6006.44516162563
"13925",8480.11052050144
"13926",7831.33216262726
"13927",5193.04836142465
"13928",7710.79301660843
"13929",7084.76335507899
"13930",6170.02874480865
"13931",7931.26475129316
"13932",5220.25491580345
"13933",6498.95742704526
"13934",6994.86447483605
"13935",8954.72887183301
"13936",9791.23364345599
"13937",5657.99603990135
"13938",5740.78340591762
"13939",8536.28593827086
"13940",9236.87708005715
"13941",9659.94897287076
"13942",7240.73366142715
"13943",7502.78566894875
"13944",6197.20575297514
"13945",6604.55586833887
"13946",8752.25446192656
"13947",5998.24274402807
"13948",8719.94178316647
"13949",5937.2718944589
"13950",6224.19672972081
"13951",5741.73716542784
"13952",7151.26143309064
"13953",7355.34137616349
"13954",7402.59113928315
"13955",5390.24324288859
"13956",8638.10536142003
"13957",10648.2117889837
"13958",6538.78881173206
"13959",6680.7816883308
"13960",7079.83161982131
"13961",7024.28541783238
"13962",7319.02793979476
"13963",9636.83938190051
"13964",8874.85190904643
"13965",6748.69324256648
"13966",6172.55273382404
"13967",7450.04251744169
"13968",6892.69386932696
"13969",5166.41757454306
"13970",11082.3711823941
"13971",8241.74664537051
"13972",8612.80748272609
"13973",4727.05561727104
"13974",9035.86992115152
"13975",8187.05444906563
"13976",7773.54709867058
"13977",8618.39237239231
"13978",5618.19377854195
"13979",7893.17165828431
"13980",7748.12912217779
"13981",6426.2325281238
"13982",7161.75839819717
"13983",7424.19761002402
"13984",5585.97967006763
"13985",8161.22577714542
"13986",5181.83836708594
"13987",8095.49294062599
"13988",7894.33176948811
"13989",7254.36811018874
"13990",5993.9093874808
"13991",5280.8053298052
"13992",9153.73384843508
"13993",8501.10440204743
"13994",7572.68704432307
"13995",6220.25936591535
"13996",7709.11963166043
"13997",7221.69015179152
"13998",6805.93457523354
"13999",4507.94149943081
"14000",4640.72498500136
"14001",8625.55365531368
"14002",8161.50663223106
"14003",4645.01987244264
"14004",9248.11315810326
"14005",8920.2235161167
"14006",9111.32808911888
"14007",7299.74875928247
"14008",7428.12288234645
"14009",7163.84035331414
"14010",7679.18007174315
"14011",7507.20968754116
"14012",12430.6298730222
"14013",4932.86857701874
"14014",6681.07931240317
"14015",6118.43670247333
"14016",8228.47338850658
"14017",6705.42357439059
"14018",9106.50691384924
"14019",6496.8883983509
"14020",5245.56588260248
"14021",9604.07498584078
"14022",8503.08231496825
"14023",8815.67789657205
"14024",6337.10239128184
"14025",6467.00220767149
"14026",5743.06653684245
"14027",7182.35734236454
"14028",9072.46560659326
"14029",6002.76381810162
"14030",7980.6182291499
"14031",7889.08974099301
"14032",6851.88156373897
"14033",8258.45663170559
"14034",3243.24966480267
"14035",5970.76194697454
"14036",6605.99937081997
"14037",6210.07534347284
"14038",7385.38385987335
"14039",5596.70192271548
"14040",5421.8370559035
"14041",6573.95870313236
"14042",9309.93606261915
"14043",7394.97170352423
"14044",6057.63711699096
"14045",7057.5175320129
"14046",7337.00245211598
"14047",5617.67994185875
"14048",8171.93777513119
"14049",9547.87012531833
"14050",8471.27917843735
"14051",6192.26520595064
"14052",6751.61998529312
"14053",5751.69200951686
"14054",5574.97905455864
"14055",8601.20031232327
"14056",6942.15039826739
"14057",7337.35319952401
"14058",5315.74532045124
"14059",5942.38587970194
"14060",8120.67982251013
"14061",7146.02722382478
"14062",4021.12728882678
"14063",8710.88620308587
"14064",7560.45024386647
"14065",7057.97117005599
"14066",6411.66438681881
"14067",7677.56752705105
"14068",7067.04671370892
"14069",7704.21406882337
"14070",7653.67276592333
"14071",6615.50355808276
"14072",8230.41310881326
"14073",7025.53607772568
"14074",7069.16159288666
"14075",7181.55854370633
"14076",8779.5249183484
"14077",5238.74978734861
"14078",5813.148325282
"14079",6589.54643910288
"14080",6204.39870472747
"14081",9163.61087650837
"14082",11981.6656620785
"14083",5879.6325637589
"14084",5210.99902116837
"14085",6488.40997861749
"14086",7618.7983627944
"14087",4862.65968242184
"14088",9153.93311090782
"14089",8011.7561986533
"14090",7248.82323568146
"14091",8602.39894777885
"14092",6927.2438487294
"14093",7918.66504365143
"14094",6719.88428797659
"14095",9093.44223237054
"14096",7813.64303251575
"14097",9577.36874470245
"14098",6526.6115629671
"14099",7673.57742111886
"14100",6541.97187715632
"14101",6104.68022937185
"14102",6257.30627096553
"14103",7916.44063952984
"14104",8580.85239797259
"14105",7129.00814910688
"14106",6778.7920647763
"14107",6740.52665626149
"14108",7396.6460581673
"14109",6862.55463962389
"14110",5835.52584437538
"14111",6300.16098279042
"14112",7495.13614592396
"14113",6956.2579104688
"14114",7738.85478325878
"14115",8134.70787871497
"14116",5745.46580101266
"14117",7601.51894113187
"14118",6843.74877183088
"14119",7012.38433263084
"14120",7711.72652966929
"14121",8310.49877174146
"14122",6116.86342992339
"14123",5911.58482937135
"14124",6269.77118939598
"14125",5477.93105321315
"14126",9254.45066880627
"14127",10175.4268146842
"14128",6449.84433554599
"14129",6442.5256396927
"14130",5451.04891408393
"14131",7851.93513330884
"14132",7206.7776796063
"14133",6434.97266821955
"14134",8877.45890359021
"14135",4970.72375503288
"14136",6773.02836718998
"14137",7411.27110397996
"14138",7878.27890697449
"14139",9838.77071774385
"14140",6456.0805681943
"14141",6652.92174751375
"14142",6289.16304173045
"14143",8674.94494845491
"14144",7791.44454546902
"14145",8394.75150576418
"14146",7551.30162608999
"14147",6273.11922872202
"14148",11170.0878895465
"14149",5730.60202658292
"14150",7580.40999396274
"14151",9164.96073163919
"14152",5138.88189320169
"14153",9082.95919538581
"14154",8163.51271853689
"14155",7187.77276056504
"14156",7701.99395408668
"14157",6797.20644366975
"14158",6948.27490056998
"14159",6178.84850796043
"14160",5549.66899406117
"14161",7777.22239652323
"14162",9050.43637635288
"14163",6990.23862604959
"14164",5045.44780286495
"14165",7895.60143665231
"14166",7854.57885138825
"14167",8645.06722865927
"14168",7683.97230601469
"14169",5958.61072629652
"14170",8432.61466569905
"14171",8072.2461578568
"14172",7822.00610255946
"14173",7826.77113059891
"14174",7010.55717619618
"14175",8843.14216612148
"14176",6779.41695353336
"14177",5772.09341953987
"14178",8233.0843069016
"14179",5897.04673650948
"14180",6450.9008642609
"14181",11063.4358095076
"14182",7871.92104568213
"14183",7551.49830455856
"14184",8986.57476904122
"14185",6034.32155266478
"14186",8694.3909003315
"14187",6634.23027132608
"14188",5887.64197174263
"14189",5318.85014470088
"14190",5954.93996680209
"14191",6535.47211794595
"14192",8204.38850426456
"14193",6443.7693130768
"14194",6974.70322102707
"14195",5922.91280662772
"14196",8192.27509890805
"14197",6269.22889025742
"14198",8254.29752660799
"14199",5769.48602535205
"14200",9752.698025973
"14201",9550.30724078188
"14202",5894.15340601465
"14203",5385.59922027115
"14204",7764.60351430862
"14205",5779.06509955025
"14206",5578.94980561168
"14207",5805.45461454339
"14208",5393.45891107032
"14209",6527.79689247952
"14210",6683.12066512814
"14211",5458.28706121951
"14212",7840.35047527627
"14213",8216.12513682078
"14214",7189.97042404598
"14215",6810.80057351615
"14216",9867.15878360449
"14217",8280.77587679923
"14218",6981.94444607425
"14219",9408.02595956676
"14220",5445.09478030821
"14221",7592.29979797393
"14222",5528.67213484458
"14223",9218.2526124655
"14224",6528.96875646421
"14225",5957.18901400428
"14226",8030.78673147852
"14227",8855.08278449706
"14228",7895.61440343451
"14229",6459.02007965719
"14230",7756.43603059485
"14231",6401.03348654061
"14232",6866.13608069254
"14233",6842.53317423208
"14234",5649.81919437108
"14235",8885.8655197829
"14236",6363.74118440799
"14237",8727.02059635743
"14238",6463.78080574053
"14239",6528.63133415318
"14240",7136.86741093138
"14241",6475.41033327951
"14242",6289.90214519071
"14243",7152.18818636194
"14244",6376.77584015219
"14245",5770.36211829733
"14246",4994.70581235462
"14247",6008.97293140768
"14248",7340.58666467027
"14249",7581.39170249469
"14250",7673.92911883366
"14251",6396.11707970793
"14252",6499.12282197629
"14253",5948.90068119686
"14254",8525.61651809368
"14255",10805.9451761916
"14256",6355.1698372983
"14257",7654.17794814039
"14258",7216.39799150916
"14259",6303.02968092959
"14260",9540.29265232058
"14261",7888.61331149332
"14262",8030.19590766698
"14263",9665.49001923822
"14264",7743.0167104686
"14265",8374.58456507693
"14266",8249.26361156299
"14267",6352.62777787101
"14268",6066.31815102873
"14269",7498.08216305223
"14270",7578.15078362891
"14271",6039.49924362846
"14272",6843.26232774928
"14273",7018.28693884502
"14274",7502.19703726219
"14275",6493.65338536662
"14276",6467.06794876369
"14277",7269.97524720082
"14278",6416.84130963033
"14279",4865.49671411198
"14280",6093.28387813762
"14281",8275.83168639867
"14282",10470.7309940676
"14283",7985.23600036528
"14284",4464.28623778884
"14285",8206.64757399566
"14286",6889.53722218177
"14287",6840.79551099963
"14288",8514.8515267488
"14289",6252.38438096012
"14290",8239.22401465502
"14291",6792.88482461944
"14292",8062.91880994466
"14293",8587.22052621567
"14294",7903.52684206202
"14295",6068.14969989236
"14296",6502.76147203463
"14297",5074.45280942565
"14298",7093.32661811236
"14299",7324.09349578094
"14300",8042.80199727747
"14301",8462.75287858315
"14302",7671.37070267284
"14303",6602.09984637312
"14304",6251.19870630258
"14305",4838.69434433933
"14306",8018.83870705739
"14307",5594.51329546206
"14308",6496.76178742714
"14309",6741.3574673852
"14310",7864.51147627157
"14311",6714.81728687735
"14312",7678.04723066457
"14313",7274.8809990194
"14314",7866.43484007407
"14315",6962.68958603495
"14316",4863.21247358234
"14317",6051.41369277602
"14318",8129.04089586711
"14319",8013.92344865102
"14320",7925.9267178823
"14321",6153.89599383986
"14322",5311.35184363652
"14323",10027.2444287593
"14324",5351.45198884073
"14325",9346.15530477385
"14326",8829.03966694604
"14327",5093.54241401486
"14328",7049.4028616572
"14329",10070.9593357685
"14330",5348.16585353868
"14331",8009.52902125036
"14332",5705.82101935978
"14333",5474.50184094733
"14334",7973.5653828827
"14335",6134.44250204188
"14336",10987.7845046855
"14337",6564.97971118101
"14338",5176.12066451324
"14339",9197.75709877036
"14340",6124.04026611345
"14341",7446.9821694443
"14342",7979.38686022966
"14343",8240.66181063265
"14344",6927.20785342417
"14345",9102.42128243567
"14346",6753.75613299592
"14347",10401.9719429387
"14348",5738.7702921189
"14349",6674.39717079889
"14350",8716.44075997982
"14351",8934.53869322021
"14352",7349.95731129068
"14353",6223.14017912795
"14354",7415.11896944621
"14355",8415.00351109855
"14356",7304.39881161592
"14357",5726.57005980804
"14358",9576.10861467387
"14359",6755.7581366579
"14360",7391.53522852857
"14361",7718.23513891941
"14362",6128.02162329886
"14363",8285.13644124862
"14364",7381.39680268696
"14365",9869.86905790731
"14366",7311.25841863385
"14367",7492.5074862465
"14368",4955.34327015184
"14369",9579.92013054633
"14370",5970.27927408891
"14371",8353.47086461769
"14372",6083.45891925172
"14373",6051.09336007837
"14374",10350.5764988146
"14375",7433.11776999363
"14376",6520.94563883519
"14377",5544.96589857013
"14378",5072.46650384695
"14379",7180.75651259989
"14380",7202.08245327767
"14381",7521.37987272418
"14382",5001.97484093133
"14383",5942.41487486923
"14384",6740.77872832652
"14385",8208.20754379154
"14386",8118.74895107761
"14387",7757.86148402671
"14388",7576.58626825572
"14389",6944.3214444304
"14390",5678.25452143002
"14391",7444.66082510248
"14392",7650.18228910785
"14393",6779.93646250204
"14394",7484.67460823131
"14395",9158.57529419907
"14396",4968.13803988604
"14397",6601.92166488102
"14398",5133.0292276062
"14399",6131.82016352494
"14400",5794.63744052609
"14401",6935.25446940847
"14402",7043.78056665069
"14403",8213.89908672343
"14404",6873.95047939687
"14405",8161.69725555249
"14406",5427.89726485553
"14407",6385.72992862496
"14408",7046.5405968132
"14409",5009.79505215844
"14410",9075.47284025743
"14411",10219.5893408104
"14412",4992.56588240757
"14413",7138.69549507277
"14414",6507.86336371303
"14415",6455.27969301893
"14416",6141.97714253111
"14417",5933.62180175249
"14418",5188.37270876163
"14419",8211.5211685223
"14420",4552.6248646479
"14421",6740.58034410469
"14422",6106.0828014436
"14423",9450.12558241579
"14424",6872.70331953025
"14425",6151.82202378193
"14426",5305.80301132815
"14427",7012.44807048194
"14428",6766.02498978789
"14429",4984.07362092467
"14430",6970.39625725076
"14431",10001.0899607565
"14432",9622.52521333045
"14433",9968.08145938138
"14434",7504.21847290293
"14435",5043.13628087206
"14436",9454.49824834745
"14437",9055.97537741852
"14438",6598.70641235979
"14439",6868.34669883313
"14440",9033.78738302182
"14441",9527.00709675887
"14442",8570.2013016507
"14443",6146.540848056
"14444",7435.08594887683
"14445",7251.19300883825
"14446",6839.50150402886
"14447",6169.22099124008
"14448",6617.93058040026
"14449",6071.95140918461
"14450",5868.92156950693
"14451",6687.50077118202
"14452",6486.58605381984
"14453",5842.38241808698
"14454",8430.31752965117
"14455",7591.13491757133
"14456",5433.34398043722
"14457",8813.84752903412
"14458",6319.03692906728
"14459",8536.43799622502
"14460",8327.62470377915
"14461",7808.5222754507
"14462",5888.82815044819
"14463",6105.80999863659
"14464",8253.61430237889
"14465",5098.96782570828
"14466",6887.40415117452
"14467",7544.35526366831
"14468",6406.68255739185
"14469",9086.39660010749
"14470",6754.13523181044
"14471",5803.23702096581
"14472",7894.01475646964
"14473",7182.89247816996
"14474",6750.57422366209
"14475",7212.71775572416
"14476",8050.6764214814
"14477",8769.3953829464
"14478",7024.01040368372
"14479",5638.812298901
"14480",8591.42648423718
"14481",5685.19040996593
"14482",6611.20293945056
"14483",7660.4809950849
"14484",9630.11042001443
"14485",8677.20325343675
"14486",5211.5654016027
"14487",7730.87709775195
"14488",6372.99801662438
"14489",6822.80556748053
"14490",8648.58388949832
"14491",6647.74723543878
"14492",9187.895639935
"14493",6731.24588860249
"14494",6510.79369783523
"14495",8373.36161005283
"14496",4943.08415213223
"14497",5110.56328172423
"14498",6354.71018991439
"14499",6056.58837544633
"14500",6537.48555461138
"14501",5674.18220044938
"14502",9110.79484749131
"14503",7617.89071346817
"14504",8576.38372900604
"14505",5812.2395245357
"14506",8713.65117258838
"14507",8868.94206362176
"14508",8050.96341229472
"14509",6607.34625867511
"14510",8855.76542181809
"14511",7646.41624359721
"14512",6899.73172137458
"14513",7196.41271932156
"14514",7750.8339967667
"14515",7006.11386741694
"14516",4977.19253875342
"14517",5635.21617039701
"14518",5747.38710136885
"14519",4920.46693579623
"14520",4938.78727038025
"14521",8121.44066612214
"14522",7516.74184970584
"14523",8686.06862762609
"14524",9351.57764038968
"14525",8028.31780149887
"14526",7330.45974446315
"14527",6768.99430128062
"14528",8625.48472078861
"14529",7762.6745045283
"14530",5698.94838937381
"14531",5032.93494391721
"14532",10327.9549469326
"14533",6387.57784023867
"14534",9631.55089712253
"14535",8049.72488307665
"14536",6106.69852160674
"14537",9525.00044597814
"14538",7359.07246972613
"14539",6828.12252427125
"14540",7804.34572053699
"14541",5461.09607868616
"14542",5195.5207145716
"14543",6468.92065374841
"14544",6387.91416165392
"14545",4418.84120385754
"14546",7054.1729213909
"14547",7140.78327456845
"14548",4304.07423665523
"14549",7125.47615413915
"14550",7038.3777657427
"14551",7742.14938446522
"14552",6075.277813208
"14553",8922.87600588999
"14554",6455.20514484328
"14555",7466.61279133663
"14556",9805.52189842555
"14557",7266.58063095764
"14558",6807.14710248597
"14559",7635.61013512713
"14560",6739.02724530763
"14561",8050.65236644119
"14562",6635.24254104507
"14563",6567.72111578776
"14564",5171.71713243384
"14565",8872.59998689464
"14566",5978.6204564098
"14567",7483.82709569891
"14568",8471.66355982226
"14569",5069.81768750183
"14570",8134.99188065798
"14571",5154.83603437026
"14572",7296.65773849938
"14573",5980.77363540452
"14574",7813.40063549873
"14575",6217.67264191075
"14576",9137.80250168011
"14577",5817.62318703766
"14578",8248.33703490674
"14579",6443.04012292382
"14580",6127.0024329294
"14581",6457.07894049011
"14582",8123.57587552316
"14583",10197.799840253
"14584",8235.44058989225
"14585",6331.33363195951
"14586",8119.3585047855
"14587",5787.90976039821
"14588",9068.18292655544
"14589",6199.66565163255
"14590",10381.1204518611
"14591",6091.20247576325
"14592",6897.6178920157
"14593",6646.79586758407
"14594",5055.64947828413
"14595",7406.77467934596
"14596",5851.04499051629
"14597",5226.69305669876
"14598",8038.64412938172
"14599",5812.11755547954
"14600",7891.48041405115
"14601",3343.98597046068
"14602",7248.39792294082
"14603",6109.57728109287
"14604",7536.04236991904
"14605",7651.21189003361
"14606",8574.82225177768
"14607",7045.97757710755
"14608",7803.4610668686
"14609",8490.59565766767
"14610",10046.2173797595
"14611",8238.93354837773
"14612",6985.83371952918
"14613",8389.15173070697
"14614",5763.57079993622
"14615",6630.15811040643
"14616",8965.49985512022
"14617",5201.54958577135
"14618",10352.652468831
"14619",9915.26701146132
"14620",4411.78711912858
"14621",6540.06186731412
"14622",8393.79524997382
"14623",6582.82951249616
"14624",9695.08755423364
"14625",6751.80836306694
"14626",7156.03121491968
"14627",7497.42466016589
"14628",9712.22244919925
"14629",8254.64964014595
"14630",7564.89526089309
"14631",6139.23631946718
"14632",8289.124019012
"14633",6984.11780776112
"14634",4907.68269901867
"14635",5090.97065308732
"14636",7849.29307590199
"14637",5466.41219567404
"14638",7586.92757177322
"14639",6588.5113174404
"14640",8336.45024786071
"14641",7098.49515257426
"14642",8284.31121700389
"14643",7546.7002793858
"14644",6780.31941862206
"14645",5150.24551740884
"14646",8010.98919702237
"14647",5847.55559676271
"14648",6755.90751593766
"14649",6110.94335341196
"14650",9624.85271208844
"14651",8230.47526686215
"14652",5852.98645199287
"14653",7902.84551868106
"14654",8153.3758737219
"14655",5724.01185523599
"14656",8291.46423055582
"14657",7045.3719180926
"14658",6611.15198222661
"14659",9506.3695430137
"14660",4827.16055029752
"14661",6625.78983455927
"14662",5533.54055152527
"14663",8168.30055581551
"14664",5027.52433786734
"14665",7651.09343408246
"14666",5961.18598686166
"14667",7195.65472525643
"14668",9870.88555366895
"14669",6798.57168872128
"14670",6849.40063401329
"14671",5224.9928318811
"14672",8454.6003613978
"14673",8600.59567732898
"14674",6640.36056351709
"14675",6625.34897704476
"14676",8109.64704250381
"14677",5316.29040278943
"14678",7493.36739153957
"14679",5233.56065460561
"14680",7124.67928042922
"14681",6067.59088972965
"14682",7512.52863718626
"14683",6888.77171718398
"14684",5922.41879145563
"14685",9312.57266741342
"14686",9073.68738835208
"14687",8822.07079993837
"14688",6265.34033548694
"14689",5937.33428747296
"14690",6770.65848744891
"14691",6615.41864316126
"14692",4383.55304368917
"14693",6165.52565923906
"14694",4461.92019032251
"14695",6037.72598911063
"14696",5868.87681584417
"14697",5693.58407932607
"14698",8600.01954260747
"14699",7715.80054531798
"14700",7637.49042911369
"14701",7811.66580522989
"14702",7001.12446241558
"14703",3771.79726476403
"14704",7915.05333669763
"14705",6274.63779956853
"14706",5725.5711599595
"14707",6908.54106395828
"14708",5078.14965291989
"14709",7073.93118328723
"14710",5467.73576713884
"14711",6558.89701942799
"14712",7509.40354531979
"14713",6207.40956066116
"14714",5647.16431414513
"14715",4984.87410770702
"14716",9235.56358289591
"14717",6144.02873220674
"14718",6326.08902141404
"14719",6852.67760333906
"14720",6780.90471840454
"14721",7581.06255327106
"14722",8734.3729215981
"14723",5441.63338955262
"14724",5881.70746831129
"14725",5870.96018783028
"14726",6378.24247331579
"14727",9572.89772133754
"14728",9575.86754443609
"14729",7618.68081021807
"14730",8007.49852091801
"14731",7276.09713589448
"14732",9857.64072095105
"14733",7674.19728187528
"14734",5399.9767046989
"14735",7067.02538966438
"14736",7014.06908091626
"14737",9147.21759147107
"14738",8088.06064810521
"14739",8508.49696912052
"14740",7662.29140747024
"14741",5974.0050047574
"14742",8343.61168104415
"14743",7864.30210757423
"14744",7460.85787102723
"14745",7097.49126138071
"14746",10965.7237098453
"14747",9031.5758366294
"14748",4515.17723843259
"14749",7096.2850313042
"14750",5983.09721027418
"14751",7603.10810493987
"14752",4825.72537992624
"14753",8639.26891718959
"14754",8671.12877504199
"14755",7994.20308586693
"14756",5021.18782319358
"14757",5533.15285043462
"14758",7759.95826506657
"14759",5472.00994817534
"14760",7129.33716235329
"14761",5977.52021616845
"14762",8964.85417176054
"14763",6882.95762334831
"14764",8775.89230361432
"14765",10219.6019286116
"14766",7924.27865397603
"14767",6306.14451647921
"14768",7915.57723848426
"14769",6538.98765866371
"14770",7358.09232303017
"14771",6879.34847119911
"14772",8130.44871483824
"14773",8426.81161467919
"14774",4836.21688604422
"14775",9601.87925057376
"14776",5518.51742711541
"14777",6183.92896311457
"14778",6409.83484725097
"14779",6255.65290240479
"14780",7465.42859174341
"14781",4551.1146912409
"14782",6694.5239246838
"14783",6200.88603894912
"14784",7356.42620561438
"14785",13067.6351866842
"14786",6660.36959470496
"14787",9698.24411627226
"14788",7505.06856344905
"14789",8776.57410279589
"14790",6231.85349354275
"14791",7276.89030422548
"14792",7909.58388684592
"14793",5519.71286259188
"14794",6762.08660261839
"14795",6270.60970648061
"14796",9484.98044005369
"14797",7919.50598333168
"14798",6092.55834166763
"14799",9244.57040747679
"14800",6514.35680504874
"14801",6047.31324362454
"14802",8728.069321036
"14803",8552.9053945889
"14804",6615.86843605588
"14805",5913.1425003015
"14806",7211.26718453788
"14807",8085.57125558527
"14808",8662.58855209281
"14809",5636.81195359005
"14810",6908.37966409766
"14811",8053.86422080775
"14812",7470.34504780617
"14813",6135.05624687548
"14814",6973.00326243373
"14815",8124.5217119031
"14816",6992.95665601681
"14817",7287.48347948983
"14818",6923.15703118417
"14819",6987.09860376691
"14820",7202.96314295019
"14821",5316.86774191522
"14822",13499.175238221
"14823",8140.72002446831
"14824",8222.71799527401
"14825",6477.14836658752
"14826",8997.00769725648
"14827",7137.90601020564
"14828",6872.58741314523
"14829",6754.36692527637
"14830",6439.9099540984
"14831",8487.43002543271
"14832",5155.1562776099
"14833",7118.0188823644
"14834",6706.29803645312
"14835",7794.81154988272
"14836",6875.42677324956
"14837",6747.42522987369
"14838",6253.70534717527
"14839",6990.19462113282
"14840",6485.60780312348
"14841",7092.22736591027
"14842",8323.12467038689
"14843",6406.55367429609
"14844",6907.93695321541
"14845",6234.78056958295
"14846",4494.34359825767
"14847",6704.31719124526
"14848",6838.47819768157
"14849",5626.9122286496
"14850",7811.06171732183
"14851",6274.19334192836
"14852",5644.94356128074
"14853",8012.92561893194
"14854",6007.85320545903
"14855",6626.01499455325
"14856",7331.79351174811
"14857",7720.72704548745
"14858",7357.60725544193
"14859",6482.11701618899
"14860",7019.32227556577
"14861",7540.78159635676
"14862",6423.0384458133
"14863",8218.16753881687
"14864",9193.57403560538
"14865",7962.97761070143
"14866",8202.10759070967
"14867",5241.75738702044
"14868",7597.98404018827
"14869",6981.4971260978
"14870",6133.04517899838
"14871",7120.00498356844
"14872",7855.86342043426
"14873",7490.97211328609
"14874",5666.35625228877
"14875",5819.26121330426
"14876",5657.64613412519
"14877",8914.29323202422
"14878",6121.02432096951
"14879",7270.38214036445
"14880",7181.65177105663
"14881",8263.85556396815
"14882",8730.28344437546
"14883",7422.86479361685
"14884",9612.83803649847
"14885",5855.99835242517
"14886",9228.38677200345
"14887",8492.26146285198
"14888",9007.37450009963
"14889",5981.04692715556
"14890",7974.77441611318
"14891",9297.30153843337
"14892",7778.39536446651
"14893",6342.41556058726
"14894",7466.09461665243
"14895",9170.34476410951
"14896",4833.34563634594
"14897",10905.713401908
"14898",4935.55192311754
"14899",9665.73451036915
"14900",7391.09517715853
"14901",8233.29267497228
"14902",8529.5890951944
"14903",5493.74195496518
"14904",8541.57154706241
"14905",5834.45379941912
"14906",5066.24222088924
"14907",7154.04085268746
"14908",8965.02210259266
"14909",7863.35076908189
"14910",8525.80317705079
"14911",7315.11108730082
"14912",5488.24003963425
"14913",7000.09581609058
"14914",4721.0397988711
"14915",5397.31347672263
"14916",8278.80415024673
"14917",7580.36983835802
"14918",6619.65793718458
"14919",8769.7976070525
"14920",9149.47171637665
"14921",6056.46626679289
"14922",5851.66204378911
"14923",5737.87860831995
"14924",5916.23528983186
"14925",8156.25067247158
"14926",6206.05594476018
"14927",8453.34839011797
"14928",7530.9701245671
"14929",7412.76948812137
"14930",6532.92518998139
"14931",7297.02173157963
"14932",6803.84110724825
"14933",8115.82672916938
"14934",5555.60787809565
"14935",7155.13811530855
"14936",5613.05873895806
"14937",7697.49106231667
"14938",9279.22555005164
"14939",5862.65816708236
"14940",8280.79545567441
"14941",6220.52842840493
"14942",3983.98988275784
"14943",7210.90869145068
"14944",7531.66428900476
"14945",8944.47590098115
"14946",7350.50891689549
"14947",5995.90995606175
"14948",6467.69576524558
"14949",6145.37662868952
"14950",6666.79061459463
"14951",8722.53435510586
"14952",5672.82507503936
"14953",10803.9095644594
"14954",6391.15686769637
"14955",7762.37351524686
"14956",7524.41161316638
"14957",7941.36935001022
"14958",7756.68927917686
"14959",7443.65554108025
"14960",4882.64246704497
"14961",5469.99926379638
"14962",5179.95186310345
"14963",10668.9379292161
"14964",5322.43504321846
"14965",6453.4059151187
"14966",9374.10701518264
"14967",7493.89349364109
"14968",5941.09941071187
"14969",6972.67910245178
"14970",5549.62660216695
"14971",5088.03680265389
"14972",8476.64785427086
"14973",5998.41980631313
"14974",8751.82742536966
"14975",6811.00348503459
"14976",3987.20454435129
"14977",4525.93603274573
"14978",7582.3533876765
"14979",9809.63204758962
"14980",6078.12147823619
"14981",7618.26047022159
"14982",8547.36245204812
"14983",7407.67949169238
"14984",5497.80000872429
"14985",8100.9064151478
"14986",6829.08370475968
"14987",7025.07901806581
"14988",5214.22646538224
"14989",7103.39338576485
"14990",8060.43756358944
"14991",7456.88435663827
"14992",6569.68771520239
"14993",7160.90975819248
"14994",7054.20758710605
"14995",9050.6813233938
"14996",7823.12881929185
"14997",6076.4505305483
"14998",8482.77390919314
"14999",7127.62907279317
"15000",6052.30761386418
"15001",9131.20565277524
"15002",6881.56190197278
"15003",10252.4201022053
"15004",7163.75241339795
"15005",5385.72407597174
"15006",7386.85973510249
"15007",6987.49458281612
"15008",6200.08773741421
"15009",7314.99247926507
"15010",6487.62139863975
"15011",4546.05870759749
"15012",8704.4822196056
"15013",7065.56751486949
"15014",7716.29320280813
"15015",7234.93041932369
"15016",8163.96859595569
"15017",8495.06183485979
"15018",6148.23917777328
"15019",10248.9134209246
"15020",7617.09196370888
"15021",6651.98935806376
"15022",9477.04734471714
"15023",5648.65688107966
"15024",6941.06469547839
"15025",6470.63801617434
"15026",6699.7256487828
"15027",11453.4315973021
"15028",8416.29674056302
"15029",6354.00339973536
"15030",6552.21132387084
"15031",5305.85721144077
"15032",6327.44311595381
"15033",5282.20740230201
"15034",6803.83439892735
"15035",7857.15295234276
"15036",6731.5341887512
"15037",9320.42058226889
"15038",6517.53870893327
"15039",7201.51266002793
"15040",6015.51144662461
"15041",9672.09869542404
"15042",10672.3680645862
"15043",6853.8636481204
"15044",8586.72659772942
"15045",8408.93457117493
"15046",9124.50465678346
"15047",6079.12234917136
"15048",9216.64218056104
"15049",6292.16295817002
"15050",7083.57851234585
"15051",6967.69777143359
"15052",6283.31618993066
"15053",7138.33675416695
"15054",6777.46757416718
"15055",5807.45672862497
"15056",7519.95903866594
"15057",6813.04562890658
"15058",9665.82808110045
"15059",5461.72813664703
"15060",7515.97570445043
"15061",7718.65944069891
"15062",6214.18559145394
"15063",6525.84886620828
"15064",9329.73216243152
"15065",7551.87504112053
"15066",6291.30588434609
"15067",9458.74806249299
"15068",6822.63178492218
"15069",6858.49258257918
"15070",7722.67403791908
"15071",5920.99625026783
"15072",8378.18451702776
"15073",9164.70595954586
"15074",4872.15126034813
"15075",7819.92601155192
"15076",8353.00875579627
"15077",8209.14052171496
"15078",6302.60773845862
"15079",8273.20454798179
"15080",9162.64247586025
"15081",7384.5863585451
"15082",9769.85697018542
"15083",9542.4351532366
"15084",6010.4452654946
"15085",6493.98895092462
"15086",7734.80213506524
"15087",8248.83507082246
"15088",4662.21449033637
"15089",8390.04615972123
"15090",7803.55051274501
"15091",5475.26443434209
"15092",7148.75455220469
"15093",6534.88571527958
"15094",9630.42373479013
"15095",7127.86170867883
"15096",5841.56471320035
"15097",4571.88490755253
"15098",7528.13476496485
"15099",7084.07426165146
"15100",7619.76471953517
"15101",6574.65175112368
"15102",6430.09927720443
"15103",5791.58131074648
"15104",5479.3899815005
"15105",7069.66310203702
"15106",6444.11773534843
"15107",7555.95813648103
"15108",6746.86369066194
"15109",7569.02888285762
"15110",7487.55341270984
"15111",6054.16157399807
"15112",6059.45938761396
"15113",7176.2138807071
"15114",6661.81013162973
"15115",9394.04909869861
"15116",6570.16410521779
"15117",6303.61902300613
"15118",8659.52360940663
"15119",6078.74156653122
"15120",7277.35878428438
"15121",7112.22183922693
"15122",6035.57194717048
"15123",5322.84367585154
"15124",6574.50164518756
"15125",7951.83798063385
"15126",6975.64419348765
"15127",7014.33558150873
"15128",9997.41462025877
"15129",8073.67477295425
"15130",8253.24980028579
"15131",8601.14328196839
"15132",7080.57115952716
"15133",6659.03406505063
"15134",6801.07107187038
"15135",9472.3534584472
"15136",7451.09560645865
"15137",4148.93150497952
"15138",9341.68991492137
"15139",9439.2466203893
"15140",6398.20946372652
"15141",10117.0808398152
"15142",8539.04016188133
"15143",4439.25594354719
"15144",5107.54635289186
"15145",5624.27954308006
"15146",7860.93225772227
"15147",4805.58132544773
"15148",6735.92287643884
"15149",7127.40812832983
"15150",7978.14399958122
"15151",8195.52344917344
"15152",5628.27381227738
"15153",9460.7698040403
"15154",6640.23846617662
"15155",5302.56337931551
"15156",6114.75632531118
"15157",6945.36044797826
"15158",6372.54589594486
"15159",6489.33146960815
"15160",5579.41222685899
"15161",6640.67284216912
"15162",6512.17151729709
"15163",5644.14470860154
"15164",12522.4512762532
"15165",13761.295783711
"15166",8978.12023097312
"15167",6807.16152730213
"15168",7593.51848213143
"15169",6704.02500397775
"15170",5050.35613961363
"15171",5725.01522569219
"15172",5074.25157996625
"15173",7488.3236645929
"15174",6197.99862700558
"15175",8521.81714657284
"15176",6420.81640143776
"15177",8506.79337842117
"15178",6594.98745857752
"15179",7592.82457075237
"15180",9186.53160228204
"15181",8714.99021598291
"15182",7346.85962011349
"15183",7845.74093803121
"15184",6263.0483059121
"15185",6060.24381158493
"15186",4562.82058665689
"15187",7483.38153606648
"15188",8616.94449268187
"15189",5607.607341359
"15190",8714.72153428763
"15191",7948.79172132855
"15192",6458.04907910677
"15193",7433.18202370574
"15194",7815.40009344763
"15195",6921.9826205498
"15196",7920.59322171153
"15197",5876.91934846266
"15198",9747.38829165179
"15199",6342.22723540061
"15200",5635.10996237615
"15201",9153.82547050354
"15202",6777.38989633766
"15203",5880.78610959989
"15204",8401.991281532
"15205",6845.54152676953
"15206",8391.69517706203
"15207",8811.99204986537
"15208",5917.6432010505
"15209",7318.881536729
"15210",9174.59799144887
"15211",5747.20271414952
"15212",7711.53167919768
"15213",6239.43775494459
"15214",8379.06431235319
"15215",7769.71473025605
"15216",8088.64422627624
"15217",5691.10315919777
"15218",6502.03245501223
"15219",7878.05682278937
"15220",5193.69037642674
"15221",9159.11067041054
"15222",7262.16901823568
"15223",6814.22569213306
"15224",7247.40543847231
"15225",5907.89936389056
"15226",5353.30392833982
"15227",8192.95280366114
"15228",7054.79851720078
"15229",8048.15950315038
"15230",6233.05298326629
"15231",8787.63804280066
"15232",7453.6887055927
"15233",7512.31809816273
"15234",10657.0756977161
"15235",6838.7426060311
"15236",8074.77882228116
"15237",6957.14192729577
"15238",7919.22997821044
"15239",5686.14143355602
"15240",4976.31070574355
"15241",4453.5496645644
"15242",9915.89408412208
"15243",7098.89280259372
"15244",8674.751739706
"15245",6660.07673316014
"15246",7491.57038301662
"15247",8338.30180315386
"15248",6298.6010151745
"15249",5557.338474292
"15250",6461.86265747636
"15251",7885.66574229631
"15252",5918.64177822865
"15253",9194.25533156072
"15254",6248.64017918137
"15255",7114.22157175752
"15256",4771.59812729045
"15257",7533.78441708861
"15258",7570.70807550966
"15259",6806.5019669237
"15260",5442.94809233813
"15261",6194.87423091949
"15262",7221.84162179131
"15263",7288.6288524806
"15264",7686.89130026508
"15265",6183.20440922025
"15266",6920.31721613072
"15267",5775.73146443237
"15268",8402.13084953077
"15269",5708.49031844172
"15270",8314.99886221855
"15271",7163.69029264955
"15272",5467.33065997746
"15273",5081.61129791794
"15274",7728.44471735088
"15275",5184.06245574007
"15276",8895.73955292862
"15277",5605.81714666588
"15278",4767.04557691778
"15279",5159.06233855594
"15280",6428.46676798639
"15281",8859.72795813512
"15282",6381.39060674254
"15283",4418.48761118431
"15284",8346.40640541197
"15285",6066.03114414446
"15286",10325.1984483866
"15287",6488.38040420885
"15288",5719.2733339247
"15289",9442.45847162802
"15290",7254.06526568142
"15291",6405.34325965553
"15292",4279.13746762431
"15293",10172.7306869757
"15294",7197.77142632399
"15295",4644.22342077412
"15296",6213.35911182216
"15297",6957.9569496893
"15298",6065.60772747388
"15299",5152.99088824772
"15300",6948.53908358969
"15301",5794.24455771057
"15302",9023.74969241845
"15303",8040.42165719789
"15304",6232.48098352782
"15305",6577.28550463905
"15306",5851.70042845483
"15307",6374.75470784356
"15308",9267.13916896842
"15309",7482.45384098339
"15310",6389.81618762669
"15311",3884.28076024983
"15312",7945.77743794709
"15313",6998.57354202889
"15314",6142.09738657821
"15315",6931.03147561345
"15316",6907.55270937191
"15317",6577.2610562027
"15318",9519.53187890282
"15319",5378.36140038446
"15320",5822.0251442572
"15321",7751.8772192619
"15322",5660.58797014577
"15323",7103.66921444636
"15324",7899.98057132693
"15325",8086.44015402126
"15326",9440.6119852615
"15327",9646.78937539195
"15328",6584.23002167137
"15329",6093.89014298443
"15330",4887.94968630934
"15331",6401.58639639079
"15332",9305.10358144011
"15333",7847.51300546763
"15334",5960.30873099076
"15335",8368.59940673714
"15336",5567.07085549456
"15337",9024.90172501404
"15338",5460.55020347746
"15339",7633.94702194702
"15340",7498.40362790278
"15341",9155.8485168454
"15342",9469.26300935656
"15343",8249.20984157347
"15344",9624.7673185106
"15345",7301.09548388345
"15346",8413.61457451297
"15347",7982.74686414332
"15348",10760.7179347737
"15349",6511.48702176847
"15350",8290.37224091542
"15351",5581.35921048214
"15352",8449.63296286169
"15353",6433.11618352252
"15354",6604.4122461457
"15355",7980.29027860089
"15356",8090.15648421967
"15357",5635.09139566756
"15358",4762.04686330784
"15359",6143.99907991792
"15360",11250.7782779235
"15361",6071.07550915777
"15362",6995.24653394486
"15363",6292.43127452852
"15364",5080.45383478185
"15365",9227.03316344769
"15366",7207.00630567132
"15367",7875.01727105818
"15368",7065.05612841535
"15369",5824.62152383999
"15370",7321.7711159632
"15371",8234.97618270722
"15372",7749.78977475937
"15373",7403.3442765299
"15374",5768.13827251418
"15375",7750.9464217751
"15376",7109.59004618785
"15377",6608.46381012516
"15378",7538.70605214845
"15379",8968.06979019992
"15380",6012.92954883365
"15381",8288.34586983161
"15382",7933.61238486005
"15383",6620.8767551303
"15384",8900.00236894833
"15385",6730.60186702055
"15386",5591.67564749039
"15387",6389.75781898454
"15388",6461.8952533944
"15389",6084.33929698032
"15390",7763.79636540546
"15391",9076.5883464395
"15392",5785.09733357002
"15393",7902.20252169419
"15394",8051.08341828597
"15395",6103.08339555122
"15396",7890.64936989518
"15397",10107.3290456528
"15398",4649.37479455896
"15399",8685.14742829623
"15400",7315.64519548107
"15401",8583.03629080156
"15402",9257.6688349432
"15403",5990.34331168693
"15404",5116.59709034053
"15405",7061.23772270868
"15406",8572.48987968037
"15407",8037.11609972057
"15408",10609.4218791793
"15409",6887.62767680245
"15410",7014.00399956917
"15411",5306.61416729261
"15412",10285.3424163281
"15413",8055.17761869859
"15414",7224.61477941024
"15415",7144.64759243836
"15416",5822.84250944265
"15417",9440.56164788235
"15418",6055.6640689124
"15419",8527.31817207197
"15420",6637.47262813883
"15421",6107.58470383951
"15422",6271.78664865785
"15423",6520.86097418249
"15424",5009.81808457163
"15425",6607.82194389694
"15426",4711.6439596777
"15427",7994.3967058782
"15428",5516.32787233573
"15429",8943.9396662893
"15430",7222.14785701156
"15431",6462.68999447314
"15432",6916.54100593034
"15433",9021.330166806
"15434",5682.55480141089
"15435",4630.66747644383
"15436",6951.22088310744
"15437",5674.81485960694
"15438",5964.65061661334
"15439",8341.907150735
"15440",5196.2138341867
"15441",6489.22094726709
"15442",6063.29491800613
"15443",7212.39627737716
"15444",5487.41146404409
"15445",7440.52219592989
"15446",5526.91020697063
"15447",5965.566593404
"15448",6630.37762298319
"15449",7510.18020016893
"15450",8066.8978800122
"15451",10315.7576434014
"15452",7492.78310949376
"15453",5190.57428421672
"15454",6728.87309212782
"15455",5783.23383659908
"15456",6327.29022496266
"15457",6287.74614914043
"15458",7340.68200350623
"15459",9359.54046408548
"15460",6417.20953971267
"15461",7464.41942566687
"15462",9452.76926325162
"15463",6462.73286122798
"15464",7062.32356154669
"15465",6802.95793858918
"15466",5688.07629689995
"15467",5053.366683297
"15468",9044.07677854875
"15469",7744.11528350274
"15470",6149.89049598502
"15471",6484.42711057968
"15472",6774.58913072663
"15473",6809.7894058942
"15474",9185.62811673518
"15475",9569.25710665743
"15476",6936.20472525184
"15477",6410.57421584253
"15478",5260.34550828273
"15479",7897.39979286819
"15480",7551.88707120886
"15481",5290.16241749424
"15482",6401.03855176526
"15483",6076.3716009535
"15484",6609.31917278133
"15485",5663.49591412395
"15486",8546.1100946372
"15487",6249.84543730187
"15488",6490.07041902617
"15489",7495.05337915583
"15490",12350.707550736
"15491",7096.43931400945
"15492",10381.4424166442
"15493",6252.70891544504
"15494",6552.68280375165
"15495",9199.02196421326
"15496",7704.43862854992
"15497",7221.43261457131
"15498",7678.48608370687
"15499",7707.27433700957
"15500",8464.39989631466
"15501",7022.52143856231
"15502",6967.64863315111
"15503",5745.09934034259
"15504",9182.46675325211
"15505",6565.30540834635
"15506",7821.99841053429
"15507",7817.34593952568
"15508",6856.3024661441
"15509",5700.49957618499
"15510",6115.47110121679
"15511",6865.77142015774
"15512",6156.59517204113
"15513",5087.79132662436
"15514",6111.18618140872
"15515",5905.95565742385
"15516",6097.02372578732
"15517",7738.13717110716
"15518",5919.41351287733
"15519",7213.96433579857
"15520",8127.92788319171
"15521",7267.74854423871
"15522",6689.84617147448
"15523",6440.14494316289
"15524",7494.3957275991
"15525",7726.65151953533
"15526",8478.00042752505
"15527",6745.19272004772
"15528",6418.03695188394
"15529",6832.07102774381
"15530",11625.6569784319
"15531",5650.24172755355
"15532",4964.71237097919
"15533",7272.2364592008
"15534",6810.90352333091
"15535",7101.41814708877
"15536",8276.88289042203
"15537",7129.61376551383
"15538",5678.50224072428
"15539",6856.62587953774
"15540",7069.65638620106
"15541",7185.69671783872
"15542",6151.62814558305
"15543",8485.37744680496
"15544",10915.3392842902
"15545",7016.49634695116
"15546",7254.61246309321
"15547",9810.21505768483
"15548",5675.38446568338
"15549",6806.98626712528
"15550",8809.53600150157
"15551",8093.57456347009
"15552",6623.87681342735
"15553",6897.67670428834
"15554",4742.11177956053
"15555",8494.54479085973
"15556",7653.94436586228
"15557",6924.93144448076
"15558",7883.28876777661
"15559",5728.95471647575
"15560",8252.67686077756
"15561",9254.13420832665
"15562",7493.98656851232
"15563",6429.24837881256
"15564",7966.58119981324
"15565",8587.00038794772
"15566",5044.55244077834
"15567",5389.26756874461
"15568",6998.7619143776
"15569",8213.99739363755
"15570",8076.34106748174
"15571",8332.14698793266
"15572",6368.83674722818
"15573",6565.47088810603
"15574",7478.07339244621
"15575",8162.0836989195
"15576",5908.22468826582
"15577",6955.39439269474
"15578",6597.77281236381
"15579",10705.7495490804
"15580",5163.02201875952
"15581",7089.12392394044
"15582",5780.74859106863
"15583",5528.73888582016
"15584",6815.48711570442
"15585",5016.86748866051
"15586",7042.30530780699
"15587",9676.27989157456
"15588",7464.6723441719
"15589",7942.93463592629
"15590",6228.21344940788
"15591",6003.80015244529
"15592",7558.96462619191
"15593",7552.3812012329
"15594",5301.66631438443
"15595",6155.48703835103
"15596",7289.76836455983
"15597",4931.00141828559
"15598",11151.0747097065
"15599",6106.17647180171
"15600",6863.57191378928
"15601",7856.44378373554
"15602",8215.24165588869
"15603",7542.90374944326
"15604",8954.11504779801
"15605",7817.66533185884
"15606",8038.65676168584
"15607",5606.40686995532
"15608",5936.55975280098
"15609",7671.50690833012
"15610",7698.77307921712
"15611",6918.36296424802
"15612",6915.85822866403
"15613",6152.97345371243
"15614",6643.80800960367
"15615",8381.56089075999
"15616",8662.61825469993
"15617",7598.66049072871
"15618",4920.29591133196
"15619",5591.91808202642
"15620",6156.09628188757
"15621",7146.59549610685
"15622",6729.12185553886
"15623",9146.73636188404
"15624",6415.94295333808
"15625",6692.23570606948
"15626",4222.68335902791
"15627",7088.73222341878
"15628",5881.83409192811
"15629",4109.80536425072
"15630",5894.42329456851
"15631",7160.09597860586
"15632",5135.55706667972
"15633",7369.14147019076
"15634",8158.78011610839
"15635",5995.85525614088
"15636",8760.15542777034
"15637",7210.24076149307
"15638",6115.00646011502
"15639",5362.28671225212
"15640",6190.58273526448
"15641",9524.50257474158
"15642",5694.23879001978
"15643",5651.1355396019
"15644",7103.26840641993
"15645",6587.66094923228
"15646",8980.81871208881
"15647",4886.58011640679
"15648",6784.51547573562
"15649",7306.06786325241
"15650",6160.93936554163
"15651",7562.1140250704
"15652",8680.71076543363
"15653",7492.05013947545
"15654",7163.04114194648
"15655",6294.70931899919
"15656",5209.83932797211
"15657",5986.51080501842
"15658",4631.5604893289
"15659",6995.85603279343
"15660",11371.42580392
"15661",6978.33668482474
"15662",7921.24801144414
"15663",7720.80303252919
"15664",6217.51247280049
"15665",8812.07863847057
"15666",8418.42598171445
"15667",6567.46662262365
"15668",6301.63367086466
"15669",8726.65343028277
"15670",7116.85243248678
"15671",5177.06836253531
"15672",6295.48642140879
"15673",9614.40200219354
"15674",8461.9557103103
"15675",5686.62424408933
"15676",5949.4887028427
"15677",7217.96127600185
"15678",4986.81657665559
"15679",4711.88545979605
"15680",7726.24426290078
"15681",5965.50025368603
"15682",6813.00447548348
"15683",5753.3642544416
"15684",5597.53376747731
"15685",7455.19623614681
"15686",5653.28775289404
"15687",9388.32318083542
"15688",4964.21336811004
"15689",7704.18732690485
"15690",6907.07927342903
"15691",6870.58131732879
"15692",9334.72931232606
"15693",6488.24636691053
"15694",7001.71975268899
"15695",7422.65098395725
"15696",7473.93648137776
"15697",9788.77936824026
"15698",8397.89560957188
"15699",7474.77425542781
"15700",8909.20795519102
"15701",8847.91672069277
"15702",6791.76421849108
"15703",7755.59548161585
"15704",8722.70564067012
"15705",7019.47277881765
"15706",6843.69827203628
"15707",7811.80008034179
"15708",6861.60322592173
"15709",6118.13706530361
"15710",9221.1541026929
"15711",6090.55099573926
"15712",6298.51481315941
"15713",5800.93775344217
"15714",4688.28023529997
"15715",6399.22880820716
"15716",6949.82047251248
"15717",6039.37484914546
"15718",6280.38014893473
"15719",4983.22124806244
"15720",5802.03020169349
"15721",6669.35740100384
"15722",5319.15052155953
"15723",5559.85228619362
"15724",7153.31842125115
"15725",6226.74474653068
"15726",5712.06681449862
"15727",10606.1063273134
"15728",7914.40364103139
"15729",7728.57316981605
"15730",8083.3826023693
"15731",6126.21035978624
"15732",4245.24520643032
"15733",7868.2407506454
"15734",8220.74358067297
"15735",6010.72892390352
"15736",7028.1027422131
"15737",5550.01608708553
"15738",6315.96508614879
"15739",7053.55632956464
"15740",7871.56833807046
"15741",8727.39251681324
"15742",4126.76162425237
"15743",6493.71595690937
"15744",7657.78833060303
"15745",6946.84497412398
"15746",8463.38963456369
"15747",5703.08461857387
"15748",4660.53771624814
"15749",6890.43802617759
"15750",7010.49026313046
"15751",6232.74542150225
"15752",7924.89540886702
"15753",7189.02795985021
"15754",6981.5208217649
"15755",8156.6470018422
"15756",7219.98927665313
"15757",5890.94989643821
"15758",5075.09635839049
"15759",6924.72304406692
"15760",8011.64367569972
"15761",6108.96528478655
"15762",6603.84512877227
"15763",7222.96348268422
"15764",7633.05939702294
"15765",7838.4478779644
"15766",6011.57450630965
"15767",7917.9248676711
"15768",8149.80832600221
"15769",7074.06877979095
"15770",7385.80447425254
"15771",7502.5282044906
"15772",9205.84229357937
"15773",5446.57814368231
"15774",5663.31592190569
"15775",6118.62639811183
"15776",6964.3149254919
"15777",9252.35753189073
"15778",9170.96083839029
"15779",5838.86431460089
"15780",6904.62845379996
"15781",7870.96351561355
"15782",9669.88451417151
"15783",8791.85217980994
"15784",4306.36082854257
"15785",6204.99300584397
"15786",5971.72322496209
"15787",7249.66474779897
"15788",9169.81089357826
"15789",6640.87777787183
"15790",7689.12948524442
"15791",9718.11938176494
"15792",6717.63145408727
"15793",7106.77724477281
"15794",5653.26763717916
"15795",8553.64313097558
"15796",7778.98549607931
"15797",6651.67874339966
"15798",8207.18348845439
"15799",7588.84966847122
"15800",4586.06248295836
"15801",7654.5810121663
"15802",6704.62944656478
"15803",8308.98544557426
"15804",6047.31704717572
"15805",7263.61424827891
"15806",7540.91519638583
"15807",5886.28848726386
"15808",8711.8271057492
"15809",7997.51020729345
"15810",6463.34657648689
"15811",7159.03190982509
"15812",7181.97857299773
"15813",6876.18694222136
"15814",6691.52745968485
"15815",6148.40740409633
"15816",9468.74629553867
"15817",4965.46416280333
"15818",7212.77161762125
"15819",9606.71916408372
"15820",6282.68687397512
"15821",6855.17220266026
"15822",9852.30966449167
"15823",7837.77304348078
"15824",5339.02328465541
"15825",5938.9221762504
"15826",5828.0702028661
"15827",7587.11696277709
"15828",7190.35782869739
"15829",5125.0629861943
"15830",7954.75465331277
"15831",4852.01476135121
"15832",6027.02463001381
"15833",7699.84085984092
"15834",7744.31375427732
"15835",7497.72413444232
"15836",11770.4861909878
"15837",7091.16303121074
"15838",8212.82939053818
"15839",7093.8407348848
"15840",7620.07271110773
"15841",7850.06505556033
"15842",7077.9171271482
"15843",9236.05321473914
"15844",8147.50600629693
"15845",7585.53530151315
"15846",7044.7744205774
"15847",5213.73397819984
"15848",7581.46607972832
"15849",7873.60124083696
"15850",7088.73701293977
"15851",6886.10540860573
"15852",11839.5170795709
"15853",9028.58007518597
"15854",6199.88663952372
"15855",7072.99305983089
"15856",6109.03901430638
"15857",7498.89582783024
"15858",7057.64115052091
"15859",5536.0404119319
"15860",10057.285837176
"15861",7682.48361183775
"15862",8687.25262867142
"15863",6354.68045359786
"15864",5509.67857214893
"15865",6426.64187447753
"15866",6340.58508570908
"15867",6521.93252200336
"15868",6818.4884476309
"15869",7587.3737220531
"15870",5648.85705266593
"15871",9339.44070202723
"15872",9839.08477434023
"15873",7764.86492445773
"15874",6238.86051432849
"15875",7159.29351254444
"15876",6436.71532767664
"15877",5785.57681118222
"15878",6426.31130191016
"15879",7004.49265467981
"15880",8314.01658675468
"15881",6566.98000088452
"15882",7764.75424069256
"15883",6268.61048581147
"15884",4028.34935739692
"15885",6111.98513978654
"15886",6566.47671043345
"15887",8362.11862612693
"15888",6715.51025791056
"15889",8151.91277398428
"15890",8913.79199407937
"15891",5583.35066747084
"15892",6804.10380971939
"15893",8129.34730368906
"15894",9827.33548170457
"15895",5381.72111320447
"15896",7069.97181246599
"15897",7105.61035982633
"15898",8905.27601697658
"15899",6411.79533029118
"15900",6547.52550923528
"15901",7021.15818549186
"15902",7431.59214986206
"15903",8844.22674751888
"15904",6675.92112170321
"15905",6616.72661507849
"15906",6598.5555029527
"15907",5513.84669140049
"15908",7552.61737348735
"15909",7873.4252050718
"15910",6890.39486774274
"15911",11268.4566804128
"15912",6084.63019599187
"15913",6124.33627319198
"15914",9233.76441253519
"15915",6135.92055022656
"15916",7961.8164939878
"15917",5146.65310999079
"15918",7403.75518845337
"15919",7280.48211126559
"15920",6075.65005938213
"15921",9021.68380528543
"15922",6542.56428952869
"15923",6925.68265817335
"15924",6637.91990197224
"15925",6228.75580648432
"15926",6277.71464604843
"15927",6442.09409609593
"15928",8179.51000387116
"15929",7856.13618771083
"15930",6556.68436060062
"15931",5670.58109962415
"15932",8121.72666252537
"15933",7499.09858864595
"15934",7364.17278833946
"15935",7498.56007860978
"15936",7898.52660641752
"15937",7491.22659126753
"15938",6074.70776968211
"15939",6593.4180107187
"15940",6595.41437501509
"15941",7666.72693667424
"15942",7661.56246647405
"15943",8799.56500438893
"15944",8852.17388053843
"15945",7900.86853181637
"15946",7300.14958547832
"15947",7066.27703373323
"15948",7033.87074667089
"15949",7373.03608448696
"15950",5360.61704281637
"15951",6097.75077376922
"15952",9822.78863498137
"15953",6282.84233914535
"15954",9364.81776382076
"15955",6253.27563131532
"15956",8549.62827349117
"15957",6883.13926745741
"15958",6803.984861713
"15959",7479.5760825683
"15960",4856.81201558868
"15961",8190.41610879271
"15962",7160.5584130814
"15963",8031.93527053362
"15964",8091.73510592435
"15965",7722.223632706
"15966",7986.21657262802
"15967",6109.25997332669
"15968",7185.42904972357
"15969",6813.20568786083
"15970",7840.28857660666
"15971",8388.66586810661
"15972",8333.50541396139
"15973",7821.76902716714
"15974",7621.92003507289
"15975",7442.21419468128
"15976",5728.41310939318
"15977",7849.80000929442
"15978",7947.67995245526
"15979",8162.57477154198
"15980",4108.20560709943
"15981",10222.2523451359
"15982",6735.77786425464
"15983",8357.81088291435
"15984",7056.01548756271
"15985",6421.34599647237
"15986",5274.75537283803
"15987",6757.55228572598
"15988",7035.520687771
"15989",7373.76603936957
"15990",7112.51087679234
"15991",9221.41811154586
"15992",7165.58374020422
"15993",8609.33802278699
"15994",7074.41399689601
"15995",8710.27492427557
"15996",5589.45225462917
"15997",7036.5169150202
"15998",5886.81545860744
"15999",4987.42467190398
"16000",9082.65040590167
"16001",4836.83883713316
"16002",5595.0500027411
"16003",7642.71622382371
"16004",7001.64856603228
"16005",8852.35865695904
"16006",6849.72462238896
"16007",6995.10469586928
"16008",6182.33794851236
"16009",8094.53828977591
"16010",8040.43255345865
"16011",7417.36364239639
"16012",7460.80280474143
"16013",10406.63996025
"16014",6648.03396073561
"16015",7698.84396473577
"16016",9125.67886038854
"16017",8150.32453041958
"16018",7322.29919394311
"16019",6196.10549402003
"16020",8099.58856343821
"16021",7778.96295934209
"16022",6197.115208424
"16023",8278.98853703669
"16024",8932.58348530208
"16025",6487.5397851181
"16026",5982.33138208053
"16027",5677.63592539283
"16028",7818.59473448675
"16029",5536.88276268265
"16030",6760.26507933379
"16031",5817.19798761513
"16032",6078.10980725613
"16033",6372.17030745419
"16034",6339.50665955384
"16035",9599.52423820791
"16036",6594.00392301824
"16037",6953.91885742846
"16038",8478.48821065042
"16039",9495.48745841841
"16040",7549.74918234319
"16041",7237.18567862883
"16042",7173.64939356199
"16043",7569.48699929993
"16044",7545.51333560847
"16045",7019.58259734315
"16046",6566.73862370044
"16047",4028.6320363925
"16048",5374.80939828203
"16049",5246.01299351375
"16050",8483.54625185007
"16051",5398.86737885502
"16052",6182.98756654852
"16053",5881.30183742613
"16054",7903.82323218211
"16055",8094.26807103374
"16056",7519.37063212026
"16057",6391.16013023601
"16058",8191.31540131936
"16059",7852.72459010796
"16060",7386.75581813831
"16061",7321.5418179592
"16062",6336.76863188346
"16063",10338.5109588707
"16064",7471.84926212908
"16065",6917.02792062587
"16066",6064.54810163592
"16067",6893.53409527241
"16068",5165.65462458593
"16069",8680.98912390424
"16070",7078.76945715587
"16071",8241.50758028613
"16072",5825.43782250878
"16073",7617.97529696191
"16074",5140.02914861281
"16075",5879.89878993401
"16076",8867.11710208883
"16077",6670.03662188497
"16078",6872.21464672823
"16079",9138.03179111158
"16080",5884.86413679907
"16081",8841.78971734652
"16082",7007.98104889371
"16083",6427.44449957705
"16084",8643.86699231489
"16085",7440.15276278282
"16086",8265.60959518113
"16087",6201.03218811835
"16088",4951.75358160229
"16089",5453.87468864571
"16090",6213.24812867292
"16091",7446.91293326419
"16092",7991.30997088979
"16093",8123.13163079445
"16094",7374.39234037951
"16095",7964.34209221235
"16096",9658.96347244073
"16097",6413.31092664541
"16098",6836.74605531576
"16099",9507.57569487212
"16100",4748.99864004664
"16101",6248.26473940146
"16102",7154.88599245989
"16103",7330.47785492119
"16104",8804.21577879665
"16105",6669.30522265775
"16106",6525.73704429523
"16107",7165.74701159144
"16108",7381.55195232018
"16109",7100.7686327704
"16110",5894.95908829739
"16111",5803.90406727919
"16112",4838.72762651626
"16113",6735.51413911486
"16114",7416.14979913414
"16115",7639.9489828692
"16116",6669.72695425448
"16117",9058.94479907408
"16118",6790.68342721327
"16119",6186.42222696345
"16120",5999.58109918029
"16121",6396.34465778107
"16122",7669.28333956665
"16123",7742.84582092793
"16124",6186.81309544039
"16125",10346.3002501969
"16126",5767.01752225857
"16127",10197.5981016265
"16128",8024.2775880609
"16129",4667.17510798146
"16130",5898.07824007373
"16131",6494.41131846934
"16132",6323.93503247242
"16133",6050.42549777425
"16134",5672.36656283771
"16135",7013.87323764081
"16136",5706.97965658612
"16137",5111.78760882734
"16138",6746.75608344055
"16139",8505.75098496294
"16140",8214.36410462867
"16141",5709.8333397097
"16142",9486.6080772549
"16143",7109.52537410678
"16144",6254.03990775623
"16145",7353.78576620321
"16146",7422.28989621516
"16147",5953.70494242254
"16148",7181.32128908116
"16149",5538.16582150657
"16150",6699.3730042779
"16151",9198.91099756426
"16152",7637.24584304451
"16153",7318.01812758623
"16154",9316.25443816774
"16155",7187.52397308462
"16156",7336.60224696971
"16157",7444.07430158129
"16158",8966.19104034748
"16159",7528.08960832091
"16160",9346.79405642848
"16161",9797.16565568144
"16162",8511.29391773307
"16163",6527.55197179114
"16164",6359.91957084919
"16165",7690.81488514552
"16166",4806.73854191029
"16167",5822.22432078697
"16168",6755.61435547008
"16169",8360.96511780002
"16170",4242.47418575221
"16171",6488.56393560676
"16172",8237.74098485107
"16173",8045.94137232408
"16174",7814.69450371335
"16175",6239.35448361238
"16176",7604.15978298021
"16177",4955.6976929798
"16178",6579.15343518738
"16179",7182.29976070229
"16180",6510.44304635904
"16181",7027.7319304243
"16182",7763.09052861682
"16183",6547.37865582941
"16184",6638.01191358902
"16185",7878.59848269754
"16186",8538.73961431573
"16187",7604.30702620839
"16188",8897.92866790467
"16189",6295.52481392067
"16190",7779.32535524761
"16191",7130.74054730248
"16192",5157.08782944338
"16193",7117.15226360286
"16194",5790.20871703976
"16195",6677.93173481264
"16196",5756.73400391458
"16197",6475.36542315668
"16198",8054.25020482578
"16199",6609.20032151029
"16200",7356.65005936869
"16201",5827.60083655561
"16202",6354.72736989259
"16203",7769.45014769471
"16204",6803.48445717255
"16205",8916.1640852425
"16206",5768.26667919475
"16207",4409.12818831128
"16208",9223.29955054936
"16209",7395.74103307849
"16210",7963.1368455799
"16211",6120.97979211399
"16212",8074.87612125314
"16213",6886.12487357605
"16214",6689.02191326826
"16215",5752.91388123668
"16216",8028.6891611504
"16217",4980.55813129246
"16218",6105.72372295611
"16219",6940.40091854249
"16220",7903.00507059719
"16221",5815.25616306525
"16222",8785.37385640867
"16223",9940.83060823404
"16224",5421.55069986814
"16225",7633.48340080428
"16226",8699.42995285067
"16227",7101.22202842026
"16228",6578.01495910029
"16229",9455.90051955589
"16230",6852.9266425532
"16231",8216.34892261953
"16232",8469.4704344295
"16233",6881.43825301908
"16234",5888.21736291244
"16235",7599.13899806113
"16236",6533.40509361887
"16237",7459.66510472713
"16238",5865.38336145309
"16239",5293.45700408807
"16240",7617.16790621416
"16241",4946.6866428442
"16242",8503.98011474401
"16243",5894.69399571793
"16244",6188.26600260154
"16245",9746.12728103522
"16246",6058.98601637718
"16247",6134.35893195374
"16248",7497.15210516992
"16249",5608.3364879611
"16250",7033.76969777276
"16251",4481.95893355179
"16252",5280.2018504977
"16253",6619.37606800549
"16254",5914.38053806952
"16255",5805.63067032396
"16256",6227.000659234
"16257",7721.8387201414
"16258",6901.93246322104
"16259",7607.23273181539
"16260",10227.8042633774
"16261",6672.70554895841
"16262",5721.08550003742
"16263",7061.23656184785
"16264",6776.44957944696
"16265",6020.8597192332
"16266",8555.8190792259
"16267",4989.44827522998
"16268",7650.7593199961
"16269",4583.43178522631
"16270",5929.37040080317
"16271",5736.95502241614
"16272",8341.1506435921
"16273",6629.60216621117
"16274",7364.19106871022
"16275",3973.38639979002
"16276",9517.51445969832
"16277",10680.9052884659
"16278",5501.52152002086
"16279",9826.58391640024
"16280",6971.73821777342
"16281",10686.9267668858
"16282",7710.81129238538
"16283",4870.91551369135
"16284",9281.80393978826
"16285",6601.62684458369
"16286",8671.36749851877
"16287",4202.48642836566
"16288",6277.40536621946
"16289",5489.32752960558
"16290",7809.72035530199
"16291",8112.28357481328
"16292",7139.64847191758
"16293",5713.47306105031
"16294",6514.91511165237
"16295",8918.7590783294
"16296",7615.71724481849
"16297",7285.36787766723
"16298",8867.32751162121
"16299",7515.98088770927
"16300",8861.03302432548
"16301",6757.59698760525
"16302",6548.28705463567
"16303",9325.9043790423
"16304",6030.76981881449
"16305",8612.93086147023
"16306",7046.2601275201
"16307",5535.15091359855
"16308",8277.31917632642
"16309",6146.63704515673
"16310",9093.32018278483
"16311",7246.5771967522
"16312",8424.89059318039
"16313",5669.71625155256
"16314",6558.33369721549
"16315",6843.90027153932
"16316",6173.27526546385
"16317",11036.5948099369
"16318",5606.25516221829
"16319",5659.85267360029
"16320",4498.57745972905
"16321",8097.27394448911
"16322",8664.89485620202
"16323",11605.1375538931
"16324",6839.06384159576
"16325",6256.54916876293
"16326",6167.65393621388
"16327",8001.63663374003
"16328",6783.58616888975
"16329",6460.23970578879
"16330",5974.3321842001
"16331",6277.05660604817
"16332",6776.65045616017
"16333",7964.02012848131
"16334",11802.8152740225
"16335",6869.1441470644
"16336",7309.31236758335
"16337",7884.62503345096
"16338",6123.85109116323
"16339",5822.16530862736
"16340",5514.35281220439
"16341",7447.24846472315
"16342",6778.11095173331
"16343",6328.59668019745
"16344",7656.6406382731
"16345",6268.66873484491
"16346",7603.56204448473
"16347",6525.75701967087
"16348",4757.51325434348
"16349",5464.57891242086
"16350",6573.61982670174
"16351",5269.56671702593
"16352",7259.15285176195
"16353",6872.97448862365
"16354",5434.35264850411
"16355",4610.71461314821
"16356",9912.6654895834
"16357",7189.22453404091
"16358",8539.9693814165
"16359",6101.43913378364
"16360",7047.68181678639
"16361",8127.53101999656
"16362",10580.7422131344
"16363",8477.80348375471
"16364",7505.94916932433
"16365",8668.27793769547
"16366",5186.6093828499
"16367",5930.34917307056
"16368",8879.95533816348
"16369",8015.57680241214
"16370",6784.58633896833
"16371",6642.91335853326
"16372",7840.50547637474
"16373",6052.68201989218
"16374",4903.69037439865
"16375",5416.20828445369
"16376",7794.35543603134
"16377",7172.6461445224
"16378",7936.57536706108
"16379",5621.28445314721
"16380",7976.50788029849
"16381",7097.74777771243
"16382",8633.65664726867
"16383",6856.33569062199
"16384",5582.3773969561
"16385",6114.76265933668
"16386",6106.15712185095
"16387",8684.58366697788
"16388",7671.23423946934
"16389",7102.99320040218
"16390",8102.3385534012
"16391",6734.33019071248
"16392",7660.61585299422
"16393",7849.55839461417
"16394",6534.59558372112
"16395",6314.47699532196
"16396",5791.6472938963
"16397",6110.54647654908
"16398",6358.90777607088
"16399",7084.04675186197
"16400",6489.79856186828
"16401",6064.86466980627
"16402",5664.67213227145
"16403",5659.39911937018
"16404",10810.7845947234
"16405",7040.95625277314
"16406",7803.39537114438
"16407",6537.15799506162
"16408",11377.3946702461
"16409",6114.53256965532
"16410",6134.18807284158
"16411",7311.27917890355
"16412",7460.22854283745
"16413",7049.17711441012
"16414",5935.20493408067
"16415",7194.02775860377
"16416",7155.74443452122
"16417",8503.93287782767
"16418",9018.07585711159
"16419",8098.97825012082
"16420",6518.50485614681
"16421",7439.49074108618
"16422",7752.47759650861
"16423",8441.80278727077
"16424",7806.03624252585
"16425",7322.12028733537
"16426",6259.69161224043
"16427",5960.23085488603
"16428",6972.77643045145
"16429",7289.33227431239
"16430",6481.21061646638
"16431",6441.99169395235
"16432",6820.58399783807
"16433",8490.27729987588
"16434",5604.49589452131
"16435",6256.07775519295
"16436",6759.91976952644
"16437",7266.18330183729
"16438",6939.95552897489
"16439",7529.11619590752
"16440",7945.94996683367
"16441",7350.51895994594
"16442",7939.19314823548
"16443",8128.20061512056
"16444",7325.4952605308
"16445",6958.64839291914
"16446",6329.33672764817
"16447",6746.97806225517
"16448",7083.1053857167
"16449",7654.11308979673
"16450",5125.24568971195
"16451",6277.80620422333
"16452",8228.74701504756
"16453",6157.8336450554
"16454",5429.34154160597
"16455",6234.83077275053
"16456",6906.04030099651
"16457",7713.18927938236
"16458",10950.3411499965
"16459",8285.54251768994
"16460",6793.08646627122
"16461",5967.38363304986
"16462",5470.18614323864
"16463",6907.0880393059
"16464",7913.26841655896
"16465",11111.1296539523
"16466",7256.90323725308
"16467",5961.77300442607
"16468",6285.92058345446
"16469",7742.73706141768
"16470",6218.1053061438
"16471",5763.94579757536
"16472",8316.21463030054
"16473",7762.91835325477
"16474",7526.32208124438
"16475",6818.23008209233
"16476",4493.95458565266
"16477",6967.08419352816
"16478",6172.97446942653
"16479",6610.46088752286
"16480",5929.04804486066
"16481",8431.85435082784
"16482",8683.66300425027
"16483",7109.3377251955
"16484",5779.48590132514
"16485",4829.28716723341
"16486",8121.19543924639
"16487",8662.8416556355
"16488",5642.77731297456
"16489",5909.42914392363
"16490",5605.95716114181
"16491",7689.18438916387
"16492",6433.55925795909
"16493",7068.96617839486
"16494",6733.32464613492
"16495",6139.13816301568
"16496",6658.75284994809
"16497",6428.35359570474
"16498",7023.74254973823
"16499",6504.71432628326
"16500",10715.0616709285
"16501",5620.90644892231
"16502",5710.97843605613
"16503",7824.83871559597
"16504",7130.69521449277
"16505",8088.2034341217
"16506",6256.40975155548
"16507",5884.85682473442
"16508",8337.60923095913
"16509",11413.349417961
"16510",9555.52052448447
"16511",6121.66976208001
"16512",8526.90670416547
"16513",5406.65892776033
"16514",7923.86036978004
"16515",6604.75980345587
"16516",7257.55476998319
"16517",5905.14766437977
"16518",6509.79625183723
"16519",7258.80250127963
"16520",6480.11978574108
"16521",6139.41380517693
"16522",8847.23751443874
"16523",4963.16558900484
"16524",6913.85637585941
"16525",5102.34302681063
"16526",6614.73327104298
"16527",6751.53144389766
"16528",8312.05598839065
"16529",6166.8761615051
"16530",8035.95388630594
"16531",8238.10534111972
"16532",6350.17355022405
"16533",6423.09769282951
"16534",10261.2320000615
"16535",8514.84760284219
"16536",6551.7683869726
"16537",6432.16231635239
"16538",8692.96273008213
"16539",7062.67784743441
"16540",5399.22033054552
"16541",5572.13117053356
"16542",7105.19315887093
"16543",6789.37939369336
"16544",8443.81420596409
"16545",7624.82576718314
"16546",6781.73485915057
"16547",7483.62769931963
"16548",6859.23817509673
"16549",7814.7283461312
"16550",8939.99255934226
"16551",9853.83244602336
"16552",8806.80789526661
"16553",8198.18059231432
"16554",6028.63793260329
"16555",7283.30636445381
"16556",5683.68479864846
"16557",5562.8135185642
"16558",10649.2700279458
"16559",6956.76524972153
"16560",6188.24090322531
"16561",6037.08368664614
"16562",8161.04829996538
"16563",5942.46468929604
"16564",8279.29912742824
"16565",10072.21097487
"16566",6590.97469452516
"16567",9341.3325106209
"16568",7955.70708182604
"16569",4801.89893666826
"16570",7141.62630810109
"16571",5647.18290413137
"16572",7273.51674038923
"16573",7294.16641127109
"16574",8847.2061906697
"16575",7103.46567930041
"16576",5834.86145108016
"16577",6082.98434810379
"16578",7511.32321649189
"16579",6514.32438626524
"16580",7441.99485314205
"16581",7472.31057788166
"16582",8391.43040634246
"16583",7796.07146487482
"16584",7054.68901379633
"16585",7835.10647408118
"16586",7952.02180097077
"16587",9546.1156961125
"16588",8389.81733766018
"16589",7927.46415453363
"16590",7309.99634778043
"16591",8633.50118924272
"16592",7028.20374938074
"16593",8510.68150357522
"16594",7564.63251437387
"16595",8047.2749158507
"16596",5915.6670241426
"16597",8153.02610562805
"16598",5631.94371004473
"16599",6426.27015726603
"16600",8845.74825563337
"16601",5832.03166241025
"16602",7390.70240263483
"16603",7002.97632139214
"16604",5357.19844567614
"16605",9425.6970440046
"16606",8777.87911650523
"16607",6669.42629642702
"16608",7944.06255078466
"16609",6216.55061684621
"16610",8274.68250842944
"16611",6559.49778013885
"16612",5559.01834962176
"16613",6534.31029787438
"16614",6316.37820565028
"16615",6311.53269735672
"16616",7568.3551763774
"16617",5649.39777329476
"16618",5497.32891991795
"16619",7184.09121725375
"16620",5292.23420115841
"16621",8660.19589247984
"16622",6919.1070513995
"16623",6589.49681398936
"16624",7902.29183220609
"16625",7592.57640561539
"16626",10106.5096416024
"16627",8282.04325967899
"16628",7015.75760263779
"16629",5413.65885063303
"16630",4748.93881581198
"16631",7451.64009849171
"16632",6327.09254786676
"16633",8937.96749447092
"16634",5852.54389660272
"16635",5535.07276888366
"16636",6279.58072087941
"16637",5932.64418238231
"16638",10011.7565311281
"16639",5941.31719053207
"16640",11147.2677139157
"16641",6961.96961900314
"16642",5452.90608191994
"16643",5592.7784529725
"16644",6157.88700354801
"16645",6126.30662742905
"16646",5366.46786932574
"16647",8206.27458950096
"16648",9931.63430566285
"16649",7378.08868558006
"16650",6328.82927949117
"16651",7222.36032180823
"16652",8021.31602370071
"16653",6829.90146303876
"16654",7542.25990774841
"16655",6279.41709702289
"16656",7411.49656021334
"16657",7967.60477510349
"16658",6447.65580335518
"16659",7379.22194858069
"16660",6625.36143316633
"16661",6299.50034653613
"16662",6489.04621856012
"16663",7381.48045223268
"16664",6631.91154297655
"16665",6539.7219299669
"16666",6284.29405177026
"16667",5862.1715806636
"16668",5282.0477481184
"16669",5277.54148233539
"16670",6846.29422514197
"16671",8455.08129469648
"16672",7568.11926410871
"16673",7534.06658292696
"16674",5096.01073833687
"16675",6375.65435990525
"16676",7749.8838656348
"16677",11459.0516317516
"16678",5692.50118846744
"16679",8496.17704444406
"16680",6471.74085561058
"16681",5703.33773490835
"16682",7295.49383783585
"16683",6356.9235054177
"16684",8613.94251704788
"16685",8076.67322017265
"16686",6953.92960664795
"16687",9301.97878737355
"16688",9983.70177389155
"16689",8129.17610304656
"16690",6700.77378402685
"16691",6038.09336046716
"16692",7088.88155618645
"16693",10003.2109893163
"16694",6997.00575384492
"16695",7891.34664158403
"16696",5723.586097453
"16697",4817.10255367527
"16698",8217.04591696282
"16699",7242.73637524017
"16700",8703.0443748482
"16701",9408.08372277932
"16702",6353.9430935191
"16703",6350.61879330372
"16704",6000.62799356534
"16705",7697.47839256063
"16706",6845.05500431551
"16707",5639.44256702336
"16708",9598.16419264749
"16709",6296.23681443974
"16710",5718.31023778425
"16711",6676.08746887485
"16712",6562.02880689491
"16713",7816.284607454
"16714",5894.26955455259
"16715",9863.7082515294
"16716",6651.29700169574
"16717",6796.59392212353
"16718",7263.87471302376
"16719",5179.17978911305
"16720",6361.12021065325
"16721",8946.14674275309
"16722",6147.04176818768
"16723",6807.91032426371
"16724",7003.34781812988
"16725",10055.9944921068
"16726",9168.97257044839
"16727",6706.7654022845
"16728",5622.96990251779
"16729",5335.41956205371
"16730",5910.26235790311
"16731",7732.66745864917
"16732",5663.82585800839
"16733",5899.97291421953
"16734",6668.6191424942
"16735",8651.89118880894
"16736",9539.21638034282
"16737",7820.52194115652
"16738",7111.82302984522
"16739",8814.37416753458
"16740",8810.47055347422
"16741",7974.44999242568
"16742",8194.94699956359
"16743",7127.93251120557
"16744",6713.55096453214
"16745",7639.57090021119
"16746",5217.89185661878
"16747",4892.66851075272
"16748",5054.52837545165
"16749",5997.4548312744
"16750",7345.00638124179
"16751",7771.35763586795
"16752",6814.06782843863
"16753",9068.48525787329
"16754",6067.02699488282
"16755",8549.74479550141
"16756",6652.87780128682
"16757",6328.23289034829
"16758",5634.72734768535
"16759",5816.13425487554
"16760",5802.02865739609
"16761",5346.25358527877
"16762",9321.68943457504
"16763",6687.13358236832
"16764",8161.25716422829
"16765",6185.30238639276
"16766",7861.16296755189
"16767",8419.03152318124
"16768",5944.28772398348
"16769",5420.32702713763
"16770",10008.4732791456
"16771",5841.764065219
"16772",6239.23546944568
"16773",6164.72709304975
"16774",6277.13467258843
"16775",6191.5081309546
"16776",7144.55439534237
"16777",5751.18937509388
"16778",6231.93036179368
"16779",9997.35001287122
"16780",8374.85962204785
"16781",6182.42028276982
"16782",7955.27345873945
"16783",7186.28971094881
"16784",8396.22127063495
"16785",6275.96628227875
"16786",7577.68823562727
"16787",7090.70323213335
"16788",6823.49702034839
"16789",5541.80450918556
"16790",3924.54256493324
"16791",5386.19295296168
"16792",7225.67868519894
"16793",7982.68663559026
"16794",10901.5701977886
"16795",6283.15327760464
"16796",9344.1923534483
"16797",4635.12960307674
"16798",10099.3469900112
"16799",6322.86150153464
"16800",6986.41759087127
"16801",5823.28526555067
"16802",6598.73982420651
"16803",8184.35631922681
"16804",7660.28122610623
"16805",7043.5870948844
"16806",4378.76991621399
"16807",6216.8815257561
"16808",6953.5036003797
"16809",7284.19731097225
"16810",5470.85117778544
"16811",8810.92739305438
"16812",13421.9007211517
"16813",9547.46665957807
"16814",7515.58457196976
"16815",6837.8529704473
"16816",5914.20201514287
"16817",7723.89785910038
"16818",6756.04961476767
"16819",4988.69067823188
"16820",6274.77609484566
"16821",5525.87007633908
"16822",6508.13255620928
"16823",8214.29720730776
"16824",4393.38298523298
"16825",9624.3550644619
"16826",7332.74567310445
"16827",7929.43655279559
"16828",5349.49302631182
"16829",7550.15447623323
"16830",7504.81672423822
"16831",5521.56489979335
"16832",4996.49565615871
"16833",7685.87821388058
"16834",9720.61510890622
"16835",8114.73216607761
"16836",9861.8583098323
"16837",7252.52868719084
"16838",6548.67643306793
"16839",8160.74450677332
"16840",7364.73776282994
"16841",9196.87219672109
"16842",8163.69022436508
"16843",7561.68917036377
"16844",7777.1446254422
"16845",6981.94729172006
"16846",7867.04352911939
"16847",6823.94377619454
"16848",8890.8906690397
"16849",7571.90472150648
"16850",7793.64363565552
"16851",8671.52172767766
"16852",7484.51251920105
"16853",8391.39811895165
"16854",7836.50864757745
"16855",7524.46063071147
"16856",6665.96995740019
"16857",9519.66549480792
"16858",6172.70766395103
"16859",8472.69492668347
"16860",6212.00534430359
"16861",6923.42293189683
"16862",7275.39303280928
"16863",6569.62092279401
"16864",7265.29490226874
"16865",8116.16374932611
"16866",8481.02005617914
"16867",8807.83133694343
"16868",6075.08788217033
"16869",6836.59555735582
"16870",9385.44130587081
"16871",7455.09788153808
"16872",7043.38712446675
"16873",5636.83930448925
"16874",7753.99447547805
"16875",6095.75852331826
"16876",7189.66667257383
"16877",5099.34687424472
"16878",7842.787775043
"16879",6163.46809985528
"16880",7245.58846854498
"16881",7319.07146923686
"16882",6251.29562183025
"16883",6755.48895254601
"16884",7697.89088020476
"16885",6916.03056975719
"16886",5030.06503948874
"16887",7584.71279861551
"16888",6286.79491135054
"16889",8909.48592462859
"16890",8916.72335276226
"16891",6256.91554006173
"16892",4440.70157737511
"16893",9753.72398559983
"16894",6044.07750984465
"16895",7324.90473702427
"16896",8151.47935709976
"16897",5606.39637284168
"16898",7313.17587261657
"16899",6853.91520573882
"16900",4878.99648572288
"16901",6614.00149034592
"16902",6818.82266195031
"16903",4889.63442981866
"16904",8248.12588197491
"16905",6722.97645184895
"16906",7212.70215683828
"16907",5917.62524282788
"16908",9934.88909143527
"16909",5222.0653138603
"16910",5700.95424655271
"16911",8768.05235882664
"16912",7100.5947040195
"16913",4725.16997230452
"16914",9361.718126108
"16915",7958.12361100481
"16916",5759.78768361804
"16917",8246.37608257148
"16918",7411.64481118771
"16919",8407.30413863532
"16920",7923.92188628233
"16921",6592.73988374708
"16922",9385.67170367338
"16923",7173.11689472901
"16924",4757.39891969378
"16925",10841.4681329207
"16926",7062.37115075679
"16927",7882.60560809697
"16928",6701.60579542173
"16929",7528.04997669703
"16930",8118.62491799237
"16931",3775.78722650639
"16932",6622.61588256066
"16933",5738.6804881931
"16934",6542.46809260859
"16935",5375.58893480823
"16936",5859.41097599311
"16937",9103.53887488647
"16938",4324.64711682022
"16939",8127.35669957951
"16940",6650.14773832017
"16941",7286.63380638801
"16942",6184.84789059599
"16943",9741.26847973933
"16944",8544.42573606977
"16945",6008.64056554448
"16946",7550.70186581076
"16947",6370.29060816097
"16948",9991.39003479106
"16949",6715.35252385867
"16950",9249.68542158046
"16951",10684.0009169593
"16952",7867.3825062978
"16953",6538.87889514043
"16954",7432.69842697676
"16955",5893.18619474934
"16956",11718.1705894038
"16957",7515.34386419943
"16958",5912.12180541535
"16959",5048.4265555579
"16960",6543.79446183061
"16961",7085.32520444023
"16962",7947.0845795724
"16963",7615.89930888548
"16964",7393.29863880207
"16965",7256.31776288337
"16966",5929.58108880311
"16967",4862.16805961527
"16968",6390.56914747651
"16969",6489.6691707278
"16970",6400.16265585026
"16971",8097.54086692421
"16972",4377.04413847377
"16973",7683.03422736834
"16974",6765.82710652348
"16975",9113.24058780112
"16976",8687.64486350319
"16977",5956.64260436487
"16978",6964.05554092754
"16979",5665.88128253627
"16980",8577.98693844159
"16981",6372.73758931018
"16982",7250.09968409384
"16983",11101.0423235257
"16984",7396.57740855084
"16985",5871.48011282168
"16986",7006.4498178603
"16987",7470.0068447153
"16988",6588.37601963399
"16989",7629.41159798544
"16990",5977.11188624912
"16991",7624.72989159319
"16992",6365.06285817673
"16993",8290.48100230761
"16994",7255.35689963443
"16995",6177.31865074197
"16996",5415.03164657703
"16997",7064.33011654871
"16998",5886.75406460149
"16999",6859.71742531131
"17000",8839.82811526809
"17001",7840.34071549811
"17002",5106.27720034159
"17003",6488.13643229166
"17004",7331.65622760098
"17005",8205.78644319441
"17006",7321.45242544517
"17007",5487.65935388966
"17008",4266.90203124168
"17009",7033.21043588337
"17010",6803.23900605837
"17011",7111.22603308508
"17012",8586.53588220679
"17013",9761.011083198
"17014",6681.71259756623
"17015",7254.06967455026
"17016",6471.80366992755
"17017",7373.78987894568
"17018",5586.97234082757
"17019",6131.31428915435
"17020",5759.91724830425
"17021",5138.02017865018
"17022",6725.45514807361
"17023",7537.88496896138
"17024",8739.4215959821
"17025",6350.31379797561
"17026",6657.74600942475
"17027",6363.29694006448
"17028",6636.01178143762
"17029",7035.92505621795
"17030",5729.42383844198
"17031",6170.36231775332
"17032",8335.56661338446
"17033",9637.12237950563
"17034",6690.51118450379
"17035",5662.73776478412
"17036",8430.72230300396
"17037",8061.96384064765
"17038",7921.00943917986
"17039",7025.49489659765
"17040",7347.65933673868
"17041",9068.55015944408
"17042",6815.16552464522
"17043",7367.8417346608
"17044",6292.92920465157
"17045",7090.10196835175
"17046",4078.72766511499
"17047",6951.85571357015
"17048",5001.5770781636
"17049",7536.5999497357
"17050",6031.37747581951
"17051",7634.86941460195
"17052",7103.88217402756
"17053",7462.00047403489
"17054",8240.39620614459
"17055",7596.81380100837
"17056",7240.83396487613
"17057",6421.47987947864
"17058",5706.89082782505
"17059",6264.84306507746
"17060",9551.36014953662
"17061",5260.33801934346
"17062",4369.35893383297
"17063",9765.24140754349
"17064",8096.67286422462
"17065",10042.5076504597
"17066",7537.84362376658
"17067",8175.42091721713
"17068",6662.48492155655
"17069",9255.1860973497
"17070",8779.27013788099
"17071",11729.6971174631
"17072",5257.70840985895
"17073",10110.4929401287
"17074",6736.628060388
"17075",5841.09552228497
"17076",6643.99089375786
"17077",7456.09728160054
"17078",9951.27943462679
"17079",8190.09571871364
"17080",5891.6109206526
"17081",7461.15092659547
"17082",6150.26182051056
"17083",7928.68931604673
"17084",6238.42681699287
"17085",7305.8378717011
"17086",5231.3424533893
"17087",5006.31408979802
"17088",7647.33590635308
"17089",7437.49273784297
"17090",6591.31814299503
"17091",7543.51589125889
"17092",8237.74052317515
"17093",9166.58320847266
"17094",5980.55812414857
"17095",7713.73937042371
"17096",5563.85631324603
"17097",7060.60785263247
"17098",8693.62804882215
"17099",6449.08079113731
"17100",5707.50690583523
"17101",6490.11869488642
"17102",7650.65368337492
"17103",6461.00315166493
"17104",5176.20049670035
"17105",7359.94476226956
"17106",5381.74875811707
"17107",6098.38504089347
"17108",9049.07550962998
"17109",7797.2577268815
"17110",6363.2923110903
"17111",4911.3910770232
"17112",7253.50223671529
"17113",9666.87240181457
"17114",7292.41286478246
"17115",5801.82596248373
"17116",5843.5179001897
"17117",6565.70776644923
"17118",6469.66392665021
"17119",9088.93503636162
"17120",6300.99990569825
"17121",5737.7882717792
"17122",6867.82403451629
"17123",6495.12667697787
"17124",9647.42842340803
"17125",8119.19691595315
"17126",7577.32401649351
"17127",5846.76764230774
"17128",7835.21447636507
"17129",6241.95091978106
"17130",8807.88218625898
"17131",6225.8120405152
"17132",6209.87903607407
"17133",8177.56327654749
"17134",7766.57732005853
"17135",7493.50291375518
"17136",8578.78616802229
"17137",7331.31510727942
"17138",6290.4777403565
"17139",6100.87562080967
"17140",6607.50500715464
"17141",8236.9263042449
"17142",7788.40321656771
"17143",6794.54973480061
"17144",6278.13381982009
"17145",7140.789835224
"17146",7719.92739470779
"17147",6956.95931713237
"17148",5390.70912055716
"17149",9141.21026477322
"17150",6263.49206475337
"17151",6438.59496473831
"17152",7010.25358392573
"17153",6083.35680541843
"17154",6911.75793340686
"17155",7412.93321110708
"17156",5703.82019178494
"17157",5409.63672436141
"17158",8838.59423706271
"17159",5846.89143743806
"17160",9214.1390273629
"17161",7350.64105262585
"17162",8970.28672418078
"17163",5942.1119503762
"17164",6545.36420181833
"17165",5560.95305901544
"17166",5600.79647546037
"17167",6624.60260784794
"17168",6625.46392744323
"17169",7170.33003642165
"17170",7957.07211457435
"17171",6598.49130787965
"17172",7508.80882074786
"17173",9736.5071045946
"17174",5979.96189231329
"17175",8802.34283631854
"17176",7366.80685881653
"17177",7874.21610108414
"17178",8194.44800518763
"17179",6958.12875240895
"17180",6465.07158846689
"17181",5041.75256151119
"17182",8224.79422647388
"17183",7487.37598935667
"17184",7308.90392479721
"17185",6797.43146039194
"17186",5990.3874432048
"17187",7172.85124844565
"17188",8429.27105351111
"17189",7498.58379079477
"17190",10531.9953575025
"17191",9505.57006636002
"17192",5891.10958273032
"17193",6929.20801790833
"17194",9073.93236576786
"17195",9429.19768309776
"17196",7537.17920328455
"17197",7619.52026349017
"17198",6253.66971595836
"17199",7070.05142112044
"17200",5764.3097182425
"17201",6971.41525422685
"17202",8221.22312748501
"17203",6404.05962602104
"17204",4738.01201147487
"17205",5176.42538799849
"17206",6359.51873255164
"17207",7871.85132437027
"17208",12210.9835190182
"17209",8035.25819303212
"17210",9162.03419669497
"17211",6645.0923879521
"17212",6907.49403582727
"17213",6438.0693484575
"17214",7288.53484196825
"17215",7693.0712168826
"17216",5306.7684997357
"17217",6828.73125564007
"17218",7309.24838989697
"17219",8345.68494533461
"17220",6687.5647632539
"17221",7238.39904349307
"17222",6651.20027823748
"17223",5280.97231280947
"17224",6936.63255248881
"17225",6717.38389258321
"17226",7081.0586294038
"17227",8051.92227387289
"17228",5081.39136297501
"17229",14028.399354048
"17230",5889.66980269204
"17231",4366.3449220021
"17232",5473.78215421295
"17233",9123.55114821134
"17234",5374.26266683904
"17235",9438.35100344492
"17236",8059.90181984176
"17237",8352.83193213389
"17238",4543.75318370179
"17239",6156.44372993361
"17240",5269.52976557923
"17241",6508.33509216748
"17242",5952.08553766382
"17243",7631.09471132965
"17244",8431.839197057
"17245",8074.8478004026
"17246",5996.82761062212
"17247",6723.1688254825
"17248",8544.91741415375
"17249",6457.54193838112
"17250",5476.21487681408
"17251",5326.46370296709
"17252",7226.18996114732
"17253",6641.87048784032
"17254",7430.9155830748
"17255",6748.70431940724
"17256",7770.46188109239
"17257",8716.95601906255
"17258",6278.26992795263
"17259",8787.43033811827
"17260",9813.82873131554
"17261",7855.17156410037
"17262",6686.23657361343
"17263",8468.06077877785
"17264",5681.10980048613
"17265",9614.68792674775
"17266",6202.25570301456
"17267",9007.71902958497
"17268",7682.12154898903
"17269",7089.64322513869
"17270",8340.08994952109
"17271",9697.13810961752
"17272",6296.03540693464
"17273",8018.45343138378
"17274",7119.4494341022
"17275",10261.5534059688
"17276",7522.28950444762
"17277",7970.73972860261
"17278",9009.39591326293
"17279",5380.22502242537
"17280",7833.31514915792
"17281",10078.307289355
"17282",6450.92702157715
"17283",5016.69768069493
"17284",7042.57625392916
"17285",5197.99888805683
"17286",8789.84966277662
"17287",5430.83211393106
"17288",9308.84398793035
"17289",7101.26218449441
"17290",9908.22572942774
"17291",8096.1439067438
"17292",6296.64783941842
"17293",11512.0360156174
"17294",5931.95595938573
"17295",10658.5332166336
"17296",7946.66327826215
"17297",4753.43506623398
"17298",6886.11354716799
"17299",7447.80015834935
"17300",6766.82705316134
"17301",7852.3399855761
"17302",7227.948079787
"17303",7503.65865523763
"17304",5927.11831337817
"17305",5475.41071197774
"17306",7938.41040858694
"17307",5079.16376109855
"17308",6468.58210623264
"17309",9462.51039758585
"17310",6519.52223009048
"17311",6111.42097115435
"17312",5681.13009319189
"17313",8852.76413776723
"17314",7533.50885151508
"17315",6681.98451107694
"17316",8328.10470441234
"17317",6300.2806066807
"17318",9383.33014645214
"17319",6817.0677568011
"17320",5938.87557337465
"17321",8868.54137054806
"17322",7402.97064784699
"17323",5432.95431440493
"17324",8404.55263949322
"17325",7431.94012897551
"17326",6956.50872826133
"17327",7561.93169683655
"17328",5685.43812917392
"17329",6165.55853549789
"17330",4946.81441645831
"17331",6952.07131738476
"17332",7804.51641823151
"17333",6947.18905900098
"17334",6193.75218123166
"17335",7092.32963871189
"17336",7565.60044455254
"17337",5460.38086874711
"17338",6414.52076747319
"17339",5951.91379227501
"17340",7838.83875213063
"17341",6978.488126816
"17342",7585.1257563786
"17343",5536.85925929753
"17344",7456.31732362892
"17345",6869.11905278967
"17346",4699.5555675411
"17347",7881.43430894086
"17348",7668.6459763002
"17349",6322.54940043932
"17350",7432.95584913376
"17351",6999.88645735769
"17352",10035.498456885
"17353",8847.29403769923
"17354",5511.54174048608
"17355",8117.89133181726
"17356",9662.50404731099
"17357",8714.71243197928
"17358",5677.54927872636
"17359",5593.68976187448
"17360",5388.27190785287
"17361",10520.9749244628
"17362",10229.7748558571
"17363",7858.80755878589
"17364",5231.44593973005
"17365",8400.0589764186
"17366",5967.77814067458
"17367",6353.72705782427
"17368",5905.08695684014
"17369",4643.58703699184
"17370",6028.08965675908
"17371",7334.81830438019
"17372",6257.54306095735
"17373",7131.1506816605
"17374",6734.28045385659
"17375",6111.74409940855
"17376",7513.14751075415
"17377",6150.36657959289
"17378",7545.04582518123
"17379",5956.76087804642
"17380",5151.94392181568
"17381",7810.63239049215
"17382",6372.58578662024
"17383",6887.09351701717
"17384",6826.66892924699
"17385",6680.72032284954
"17386",4959.92996158638
"17387",6538.15793261144
"17388",7865.42217540844
"17389",6099.72483710228
"17390",7794.64983164387
"17391",5170.12772229824
"17392",5523.05937207107
"17393",7521.55221450718
"17394",8638.44142742928
"17395",5828.50749011107
"17396",5902.09786912015
"17397",9304.32859249368
"17398",8267.35408097861
"17399",7357.23993006159
"17400",7875.43591914927
"17401",7065.42619686006
"17402",7159.83307530531
"17403",8928.516814401
"17404",9571.29205769344
"17405",6732.37598528683
"17406",6460.84642603933
"17407",6817.78176582709
"17408",6780.78112543839
"17409",7192.92051958337
"17410",9708.69261709121
"17411",8073.29102301223
"17412",6254.45833485602
"17413",7394.93827445148
"17414",5152.13717852724
"17415",7986.44986126854
"17416",5850.52422308468
"17417",6380.29291030684
"17418",6993.95874376513
"17419",9538.23958901163
"17420",6439.5105138377
"17421",6704.72764415476
"17422",8573.71801155994
"17423",4576.37325754456
"17424",7476.01374085083
"17425",6148.38422160916
"17426",5915.50953915692
"17427",10001.0612165135
"17428",5613.72173564267
"17429",6663.5674429619
"17430",6469.22677078283
"17431",6984.38297196155
"17432",8355.39152268101
"17433",7989.91273069155
"17434",7165.11984875736
"17435",8591.39802282673
"17436",5941.07311141058
"17437",7502.87543119168
"17438",8425.82805742067
"17439",7089.75250285126
"17440",6165.06120027543
"17441",6903.64948011301
"17442",6674.42614810273
"17443",4192.16692221983
"17444",7426.44641905302
"17445",8758.89030590134
"17446",7133.79193624916
"17447",5106.21513793255
"17448",8168.86439533078
"17449",8965.98403130968
"17450",6429.98233881638
"17451",5688.52904476768
"17452",6536.3411303163
"17453",5307.55467488067
"17454",4994.05785781465
"17455",8324.6897930897
"17456",7175.74163905628
"17457",6894.33768374003
"17458",6968.17608118642
"17459",5784.35026296686
"17460",6362.00289280962
"17461",9748.87510664035
"17462",8944.65200094475
"17463",6972.42433303627
"17464",8941.17567079638
"17465",7292.70029945034
"17466",6067.58428337774
"17467",6808.43611625506
"17468",6164.47673436614
"17469",6324.45945336754
"17470",6773.60622920833
"17471",6242.73193025277
"17472",6765.98065242501
"17473",8066.51581141738
"17474",7089.80197020214
"17475",9792.26417579427
"17476",8082.68293787657
"17477",7544.96952626105
"17478",6616.82727358777
"17479",6219.09479178994
"17480",8927.18562628909
"17481",8731.08471798967
"17482",6858.64152531091
"17483",6006.92272322786
"17484",7343.14811840078
"17485",8721.40107773306
"17486",7442.05581115276
"17487",7126.08678962536
"17488",6370.10282217958
"17489",9504.75686911896
"17490",7361.34599828947
"17491",6277.074100983
"17492",10134.6632389218
"17493",5734.02944468226
"17494",6322.4941771078
"17495",5655.95424694985
"17496",8612.97702696435
"17497",7216.54213826557
"17498",6061.76811468278
"17499",7802.36981617958
"17500",7934.3057796776
"17501",7574.92169027555
"17502",7601.2679071542
"17503",6055.01353620009
"17504",6876.87915611431
"17505",5414.77988031681
"17506",6943.21219375662
"17507",8357.1070726958
"17508",6487.1170392274
"17509",5089.3274984973
"17510",7636.79631369883
"17511",6333.61980555132
"17512",4562.25503126783
"17513",7954.59206146624
"17514",7543.20374583766
"17515",9253.48148309395
"17516",6413.06924331448
"17517",6574.92607260804
"17518",10252.6700376916
"17519",5174.72692570112
"17520",6455.2927845963
"17521",8201.02879830362
"17522",5042.37165775737
"17523",6701.66143393741
"17524",7826.32883683105
"17525",8606.82178593375
"17526",5652.2263376639
"17527",6007.11005741754
"17528",8233.73392790977
"17529",9979.71868561351
"17530",7344.3958350187
"17531",8356.34967277312
"17532",8107.16932263551
"17533",5189.97163968397
"17534",5408.35717510374
"17535",5267.93063305474
"17536",10754.6799816435
"17537",6516.34652209667
"17538",7974.24852669747
"17539",7641.2980759517
"17540",6141.81804482107
"17541",7192.92644635616
"17542",6030.93560491919
"17543",9843.9630791081
"17544",6155.82916526888
"17545",7204.05480195466
"17546",5972.15479841415
"17547",7868.20973590756
"17548",6815.67561257553
"17549",7940.75679432865
"17550",9996.38477035724
"17551",6709.38732901274
"17552",7468.87673013235
"17553",7680.2956227502
"17554",7375.17261596059
"17555",5392.26913805861
"17556",7426.47720341811
"17557",4851.32128508802
"17558",9188.31617781416
"17559",6796.87665201957
"17560",8317.3967785298
"17561",7724.9874462116
"17562",5696.42444037034
"17563",7993.99916005762
"17564",5822.2265455022
"17565",9599.90608419063
"17566",6345.25135132316
"17567",5773.08541275623
"17568",7765.3392172818
"17569",6971.35728811574
"17570",6859.27602352351
"17571",9903.03902545473
"17572",7914.06075976334
"17573",13414.0093872266
"17574",9216.96782936091
"17575",8577.82946662378
"17576",6619.85763862335
"17577",8213.29351026098
"17578",7664.4725471127
"17579",8359.23279846504
"17580",6446.98978373288
"17581",4309.49290352302
"17582",8467.55808362649
"17583",7048.05608004699
"17584",7912.70578851755
"17585",7722.0086824583
"17586",8644.58346934424
"17587",5847.38654987775
"17588",8013.58910741133
"17589",10371.4097004679
"17590",7894.01528647475
"17591",6048.82322211134
"17592",6565.73915253318
"17593",6513.99424777626
"17594",5284.72049859392
"17595",7880.99075095288
"17596",5525.66432109865
"17597",7652.97178374344
"17598",6285.7310299535
"17599",5218.68440288445
"17600",5911.61354292617
"17601",12129.163183
"17602",8987.8117908856
"17603",7708.94483392297
"17604",10509.9112665939
"17605",9165.39037423233
"17606",5402.36202374614
"17607",6310.88166354295
"17608",9575.117617814
"17609",8084.31413148002
"17610",5713.3890064215
"17611",5201.26703619657
"17612",6789.96756755808
"17613",10448.7006359528
"17614",6113.61595015152
"17615",9501.75189680038
"17616",6969.60281463972
"17617",4664.81788306702
"17618",8168.64434768237
"17619",8955.53860843572
"17620",6989.82455271293
"17621",8329.53009517529
"17622",5949.32497161032
"17623",7950.364501781
"17624",7729.67020906769
"17625",6133.87523635129
"17626",7390.20788068814
"17627",5720.58764521617
"17628",6814.20624168756
"17629",5819.1704749239
"17630",7340.75821140831
"17631",7117.92447315828
"17632",7629.16531413169
"17633",7198.5050200271
"17634",8298.36205073672
"17635",6647.81494573147
"17636",5900.94104645283
"17637",8810.04939741525
"17638",5965.21695057645
"17639",8437.27314105313
"17640",7516.237665701
"17641",9678.60935802221
"17642",5133.80717670563
"17643",6852.61542427162
"17644",7739.25062022594
"17645",8049.93978329304
"17646",7002.05959172433
"17647",5645.4518992513
"17648",7698.87816161329
"17649",6989.33142834172
"17650",7535.81254691693
"17651",7832.70336319633
"17652",6624.06145645418
"17653",8459.79784582588
"17654",5800.55893902096
"17655",6062.17953119475
"17656",7741.23874676847
"17657",6139.60735923611
"17658",7561.58362771085
"17659",6094.89185906227
"17660",5605.14639853469
"17661",6350.68641425754
"17662",9334.88850942304
"17663",7901.68798695469
"17664",6327.7148457919
"17665",7573.9466149629
"17666",9357.59886288001
"17667",7876.9917206112
"17668",9234.34587074322
"17669",5288.92626787944
"17670",7245.08452998101
"17671",9109.50301876433
"17672",6010.00300570578
"17673",4950.44317144735
"17674",6379.1018203365
"17675",7251.99981350571
"17676",5777.76832064358
"17677",6922.50090456966
"17678",7371.40956453109
"17679",7159.91586375149
"17680",9571.75198153715
"17681",9520.04307975544
"17682",6431.21912267135
"17683",6006.98152112245
"17684",6204.41765949232
"17685",4565.45602936381
"17686",5980.74058594642
"17687",6103.48469730705
"17688",8735.94872252819
"17689",8247.9459540148
"17690",6014.99260056228
"17691",7835.81975147487
"17692",6287.89635685238
"17693",4933.83179200618
"17694",5579.86284427148
"17695",9607.19936537761
"17696",7167.38121577851
"17697",7737.60441853854
"17698",6670.87986804987
"17699",8294.41028470391
"17700",6156.79923696727
"17701",8008.04116501776
"17702",7785.45885013291
"17703",7822.34988817698
"17704",12475.5030130316
"17705",9663.00146436189
"17706",7047.96111681374
"17707",9008.32872689946
"17708",6719.79168648746
"17709",7210.9094731796
"17710",7780.47985155994
"17711",8300.73219572037
"17712",6669.09833073129
"17713",7063.28894299536
"17714",7168.71893805357
"17715",5887.73035055254
"17716",8358.66079223971
"17717",4496.68390199023
"17718",6365.2482728105
"17719",9184.23184906792
"17720",6582.80434694551
"17721",7542.18510444328
"17722",7483.49196065114
"17723",5258.01612700325
"17724",6006.43337785126
"17725",6948.76577139886
"17726",8718.4216412825
"17727",6119.47705868099
"17728",9969.22473059985
"17729",9575.3566610645
"17730",8277.38824428481
"17731",5310.89944982172
"17732",5152.67490645682
"17733",4428.73679494895
"17734",5738.38323155192
"17735",4837.52789604061
"17736",6666.16514202271
"17737",8366.58126254252
"17738",7884.28954026154
"17739",8201.74550894555
"17740",5410.95276463748
"17741",6769.14283238242
"17742",7012.8089274331
"17743",6475.37856781875
"17744",7334.39435658633
"17745",6888.29394375153
"17746",5113.27552212731
"17747",6581.1744933749
"17748",8789.89586641002
"17749",5799.16389832606
"17750",5530.57853108471
"17751",6442.75215599605
"17752",5838.17890745698
"17753",6208.92853284954
"17754",7805.80807198544
"17755",4948.12544657685
"17756",5245.29161144255
"17757",5291.91845896735
"17758",7818.25204216504
"17759",7431.57139011665
"17760",6259.6301392416
"17761",7948.7268879359
"17762",7258.60443345795
"17763",7185.61770345651
"17764",8303.04855514206
"17765",6683.15626657445
"17766",8342.15699138934
"17767",9282.14262015664
"17768",5414.43543787866
"17769",5763.84912714033
"17770",8905.09635965758
"17771",6296.60973927079
"17772",5475.14866937632
"17773",6265.26061212036
"17774",8226.76374454467
"17775",6675.33041422473
"17776",6108.02937542757
"17777",5866.8338496355
"17778",9516.23916840553
"17779",4903.11705652022
"17780",10389.8330054164
"17781",7443.28229838664
"17782",5048.34960218983
"17783",8210.38306035378
"17784",8488.67837315341
"17785",7549.27676326025
"17786",7708.82619407643
"17787",9480.98776118493
"17788",6255.90389159359
"17789",6661.1779401458
"17790",5436.77013238759
"17791",6108.86177642546
"17792",4229.88661054051
"17793",8127.23686178384
"17794",7084.68888649244
"17795",10518.2229766791
"17796",4306.20004925622
"17797",6397.5935371705
"17798",6916.69583002059
"17799",5704.60739081976
"17800",9318.02062114927
"17801",7964.36608438005
"17802",6402.13779079483
"17803",8762.92110511036
"17804",6250.06016287024
"17805",6022.39099533865
"17806",6272.05276945676
"17807",10202.2606200531
"17808",13890.1559342395
"17809",6585.32913620838
"17810",8254.77969534562
"17811",8669.1807602509
"17812",8273.5448607096
"17813",8809.35418208191
"17814",8035.3240176271
"17815",8572.99862676082
"17816",7814.69209245714
"17817",7204.59927018138
"17818",9648.89047144271
"17819",7228.15348227701
"17820",7036.8020995485
"17821",6721.61267700852
"17822",5479.69549373343
"17823",6783.80815751355
"17824",6214.48612252102
"17825",5961.28789899439
"17826",7431.3242874051
"17827",7387.52638482259
"17828",10020.715650087
"17829",8607.94890019598
"17830",5504.13513836581
"17831",8970.97690911472
"17832",7457.7868855296
"17833",7524.98967918876
"17834",6718.44329826732
"17835",6440.86900177811
"17836",8581.75113378963
"17837",6346.08958343523
"17838",6751.13384225293
"17839",8890.62448085995
"17840",7787.80808519444
"17841",8022.88613011119
"17842",8164.99825228911
"17843",7210.10596927106
"17844",5815.69847542744
"17845",7081.88753182611
"17846",5549.71156402026
"17847",6125.97080319824
"17848",6583.59547187741
"17849",9338.86218320382
"17850",7393.83482681193
"17851",5907.67072200818
"17852",5179.38148499813
"17853",7982.00732801393
"17854",8858.25783992307
"17855",6753.38628631085
"17856",6633.33979102291
"17857",5377.0630835124
"17858",6403.65117256784
"17859",7739.44501998789
"17860",5681.8126411598
"17861",7901.05862990424
"17862",6528.37438664602
"17863",8496.44952572728
"17864",7463.40748788894
"17865",7516.13284859538
"17866",5959.10762353104
"17867",7651.11621557307
"17868",6654.68111059198
"17869",8138.0245190053
"17870",6506.09915157222
"17871",5979.9551320237
"17872",7542.42965660411
"17873",9479.10862701083
"17874",5979.9975277566
"17875",9956.06263591703
"17876",6173.9363721695
"17877",8138.1283468423
"17878",5623.12211424438
"17879",7448.14683263168
"17880",9052.54345931482
"17881",10270.8420006777
"17882",6366.02944214806
"17883",8320.15908423304
"17884",7963.1696663044
"17885",5959.29494829494
"17886",7689.45679409661
"17887",7618.78534188946
"17888",6714.88447169487
"17889",5235.99040217995
"17890",7607.52888898004
"17891",5749.03096746523
"17892",5937.6196756235
"17893",5319.19721741708
"17894",5114.81462713439
"17895",7699.71112322622
"17896",8591.84272314162
"17897",9372.96032704235
"17898",6410.82052673844
"17899",6041.65325902929
"17900",5995.54866280476
"17901",8728.67093627402
"17902",7563.46482201442
"17903",6886.83464645181
"17904",5980.96940445958
"17905",6672.78256985987
"17906",7404.90526404237
"17907",5869.47387217256
"17908",8173.58891231443
"17909",8154.8395705731
"17910",4808.51540276493
"17911",7017.7349579046
"17912",5491.01192136486
"17913",4159.95056912318
"17914",6251.9261336928
"17915",7621.72174110352
"17916",6273.19975038547
"17917",6206.34279384965
"17918",6621.50304396656
"17919",7880.19124716119
"17920",5954.03242294951
"17921",9633.1005134805
"17922",5925.56201197601
"17923",7401.83448815647
"17924",6030.02435355292
"17925",7792.14733354307
"17926",7809.61359664172
"17927",6467.52408103579
"17928",5370.42603827415
"17929",5938.86170756171
"17930",9774.72541364484
"17931",7843.84520605168
"17932",7362.54836221528
"17933",8230.06997512485
"17934",7581.07281154949
"17935",6707.99448157683
"17936",8633.57624898599
"17937",8020.47867812258
"17938",4994.88724373323
"17939",9946.22927788429
"17940",9364.2123838639
"17941",8450.01992478934
"17942",4633.23562489983
"17943",6101.30389599207
"17944",9855.76717005335
"17945",6958.22102226631
"17946",7608.34209561013
"17947",7330.77025818617
"17948",7007.51032002043
"17949",6465.36483801151
"17950",8117.19543849473
"17951",5643.14634633899
"17952",8296.1951163464
"17953",8181.31303006234
"17954",7344.98886603088
"17955",7621.74467241766
"17956",6730.32062907035
"17957",8186.70698983141
"17958",6112.14925482957
"17959",6432.82510681403
"17960",7664.19957915913
"17961",4343.01138534102
"17962",7908.54316641486
"17963",9970.01447766068
"17964",8776.53437192232
"17965",5846.57393243606
"17966",5867.28042979269
"17967",6644.13045014662
"17968",7570.80927889444
"17969",4412.61497740573
"17970",7935.53887697405
"17971",6399.05738710973
"17972",7906.25910992934
"17973",7213.01922423552
"17974",3927.48359941969
"17975",7557.50046160913
"17976",6023.12269750651
"17977",5463.67296494836
"17978",4646.38055481351
"17979",6164.18903497542
"17980",9918.51291014477
"17981",6882.64851843281
"17982",5507.07267672648
"17983",9344.91779466305
"17984",7303.70371223092
"17985",6974.4457968503
"17986",8294.58208925012
"17987",7820.26888716237
"17988",5776.74608944718
"17989",7596.37814330006
"17990",7532.38101557675
"17991",8017.51747155861
"17992",8526.55448639561
"17993",6284.78142397629
"17994",9526.12615467164
"17995",7597.41197881579
"17996",7255.3717330699
"17997",5935.81852644415
"17998",6126.63638568227
"17999",6600.34793963911
"18000",5084.35283013784
"18001",7996.39802754991
"18002",5626.87759666478
"18003",9204.1712333887
"18004",7001.46523929997
"18005",8845.05239887482
"18006",7778.77895515378
"18007",10596.6905140483
"18008",7063.65640407589
"18009",6594.32493464307
"18010",8361.90761234465
"18011",7156.47914678439
"18012",7656.97523060232
"18013",5692.43446036858
"18014",7931.63787736815
"18015",6271.74132947363
"18016",8155.7095152359
"18017",6780.66762895915
"18018",7371.76538774746
"18019",7107.92077639346
"18020",9916.35553424781
"18021",13087.9053787424
"18022",6985.15140003842
"18023",6729.93565240048
"18024",7009.9961056429
"18025",7151.37546492883
"18026",6044.35190009932
"18027",7816.03191799366
"18028",10151.8001620802
"18029",6498.57662886751
"18030",6965.04198448763
"18031",9774.65047389132
"18032",4211.721997797
"18033",7505.55142823872
"18034",5290.24442886746
"18035",6092.4516873629
"18036",6186.47922838326
"18037",5148.12154239769
"18038",6451.34549413574
"18039",8408.61022154727
"18040",8432.18474550973
"18041",5675.63359329452
"18042",5497.73651677796
"18043",6691.23863314338
"18044",6049.11524011233
"18045",6031.37104240461
"18046",5583.3036553206
"18047",8508.00954382118
"18048",8705.45430653283
"18049",7860.3809786839
"18050",5441.64427498974
"18051",7051.18073878317
"18052",9648.46016663161
"18053",7435.28257792981
"18054",7117.00793842443
"18055",7929.66824772358
"18056",6017.21208125313
"18057",9360.33672692935
"18058",8440.50706166538
"18059",7979.85022860584
"18060",6804.81219215781
"18061",6770.29277296928
"18062",6996.14535401478
"18063",5600.00684528946
"18064",8404.7508476764
"18065",6947.86039164908
"18066",9818.04493637365
"18067",11379.6491524985
"18068",6727.47134784022
"18069",9028.89819821831
"18070",5975.82978158609
"18071",9068.29188441001
"18072",5574.48141116991
"18073",6332.83412710764
"18074",7450.02005209872
"18075",7964.26031385268
"18076",8526.85016838827
"18077",6641.60692306125
"18078",9028.48815679618
"18079",6063.87061238868
"18080",6530.37280941037
"18081",6730.92634791606
"18082",7862.05450392904
"18083",6340.18711250643
"18084",7970.46238219961
"18085",7648.83299390973
"18086",7595.11502240871
"18087",6625.71836340712
"18088",5408.78283825722
"18089",9290.96998186604
"18090",8606.59909929713
"18091",10918.0679498177
"18092",8161.83891312603
"18093",6790.35232655929
"18094",6820.90272382074
"18095",7291.56670256697
"18096",8559.07743284702
"18097",5214.02166352776
"18098",11289.1317458825
"18099",7401.00498668356
"18100",7358.00642968619
"18101",8604.59206152097
"18102",8398.02958591834
"18103",5825.77780273136
"18104",7311.51014618702
"18105",7802.64304477252
"18106",6467.35622061392
"18107",8144.68577775573
"18108",6637.92288720054
"18109",6948.80202956728
"18110",6974.44224614619
"18111",4923.57698530731
"18112",5372.30272144805
"18113",5233.51457342488
"18114",5475.98882318309
"18115",7922.78919920144
"18116",6459.59511024286
"18117",7196.55095689188
"18118",7214.75521974423
"18119",6223.78569819831
"18120",4977.84847403758
"18121",8783.95379572231
"18122",8859.07661803717
"18123",5698.11517804994
"18124",5474.23634826741
"18125",7756.26602738253
"18126",8540.81215931426
"18127",9086.57840277316
"18128",5542.80827823544
"18129",6055.05332980766
"18130",8639.20592390276
"18131",6942.91905714644
"18132",7236.59882557677
"18133",5075.89059397551
"18134",5723.02205092502
"18135",6222.87160977836
"18136",6543.56328350758
"18137",6130.2512312628
"18138",6083.6298488296
"18139",7919.7861803668
"18140",8296.05185474357
"18141",8946.69059679169
"18142",5430.85451111408
"18143",7559.16471735905
"18144",5990.40267319881
"18145",7458.73789575716
"18146",10854.7458975556
"18147",9209.02190144111
"18148",6348.94829178636
"18149",6269.4536707958
"18150",7457.76495775705
"18151",5174.96425846444
"18152",5368.79012866308
"18153",5983.9961921348
"18154",7312.71570566294
"18155",7705.72114311152
"18156",5298.78900791245
"18157",6111.56681663213
"18158",6662.96572843876
"18159",8146.42784859229
"18160",6262.48007703069
"18161",5485.75366683918
"18162",6804.0499704993
"18163",5099.40626643605
"18164",6835.6294297123
"18165",6184.23540608105
"18166",6096.08320338107
"18167",10453.9319443491
"18168",5459.39518780736
"18169",6772.03417496312
"18170",6481.55662621526
"18171",7217.99855547022
"18172",6315.06488847415
"18173",7689.63855626478
"18174",7511.0780651431
"18175",6792.54586369234
"18176",5666.4086879113
"18177",8533.83019940233
"18178",6943.66627733188
"18179",6808.83844005134
"18180",7445.81813971997
"18181",5418.1560184507
"18182",9976.88906224364
"18183",5350.29769045988
"18184",8118.72912311376
"18185",7060.13236836908
"18186",7279.54779444829
"18187",7237.23300399851
"18188",5895.31214354294
"18189",7470.08486441936
"18190",7371.62984008885
"18191",7065.68788271501
"18192",7580.2409203209
"18193",6603.07773379249
"18194",5311.0339307811
"18195",6121.50069355062
"18196",7817.8620316298
"18197",7264.58917897822
"18198",6871.53603187998
"18199",5495.92085281623
"18200",6520.19409937516
"18201",4974.06674631176
"18202",5034.98270173607
"18203",5282.41030960942
"18204",7534.03481979382
"18205",5277.1640300793
"18206",5774.112194925
"18207",8556.68421654629
"18208",7981.70286140074
"18209",5111.47280076541
"18210",7529.56526623367
"18211",8215.06616261708
"18212",7471.14951996902
"18213",5259.89445494506
"18214",5511.12305226778
"18215",8039.16535438414
"18216",8501.74431341364
"18217",7239.79539101696
"18218",6801.28123047246
"18219",4831.62197610214
"18220",6899.83910608987
"18221",5492.10084902219
"18222",8212.58131075484
"18223",7826.89225257382
"18224",5745.10223152399
"18225",7836.79117175628
"18226",7423.9844453554
"18227",5692.04444548986
"18228",8448.90762948722
"18229",6764.15434963961
"18230",7088.79840308634
"18231",5525.13300118459
"18232",6657.89145071653
"18233",10215.4506081014
"18234",6148.99532851648
"18235",7744.74669177207
"18236",6784.43094726079
"18237",9493.66288375034
"18238",5500.74323098402
"18239",6979.48632474462
"18240",7211.78768737381
"18241",6503.58617363654
"18242",10713.2149400209
"18243",5863.71016305233
"18244",10299.1038160634
"18245",11536.8727543731
"18246",5865.57687711964
"18247",7148.65574693007
"18248",7422.46785123211
"18249",6933.82838982339
"18250",6354.1810497684
"18251",7887.84152423098
"18252",7871.81551313282
"18253",5593.192726593
"18254",6605.37805015128
"18255",6552.07995111161
"18256",7134.1946201717
"18257",6780.96425718907
"18258",7332.84229020794
"18259",6307.37792383372
"18260",9848.44910776711
"18261",7349.42185855646
"18262",9287.09410945831
"18263",10297.0936847925
"18264",7837.30734088685
"18265",7122.96394916244
"18266",5711.1721749942
"18267",8375.74792232532
"18268",8173.55135471516
"18269",7712.8173990745
"18270",6680.93930607958
"18271",6208.48985765785
"18272",7185.46292872019
"18273",5917.06471615585
"18274",5829.841301527
"18275",6907.93433532383
"18276",8063.80007564419
"18277",4914.36172008814
"18278",7808.9211975388
"18279",7991.15194159557
"18280",9286.08321049376
"18281",5322.05278308186
"18282",5919.97891403759
"18283",6507.56488416365
"18284",6172.27742794232
"18285",7354.3529675195
"18286",6068.17444702783
"18287",11446.0838191901
"18288",8355.1160297574
"18289",7228.94451327191
"18290",7449.29523390195
"18291",8652.11133412592
"18292",8203.50780501609
"18293",12607.8378445537
"18294",8090.74714770799
"18295",7782.45991659847
"18296",8124.08531674743
"18297",6937.11247009839
"18298",5701.70586262465
"18299",7739.78460135798
"18300",6227.63576326554
"18301",6499.13710022175
"18302",8430.59210648835
"18303",6435.22326020944
"18304",3873.45111907631
"18305",10361.1069456505
"18306",6558.64491886415
"18307",12341.8587822717
"18308",9325.53007636935
"18309",6421.01559459429
"18310",3873.34117018047
"18311",6379.19779079431
"18312",7666.8203451765
"18313",10719.1577015072
"18314",8455.88310212224
"18315",6072.42134233675
"18316",8844.6708520731
"18317",6817.69253651477
"18318",6694.31473316715
"18319",9120.43533671959
"18320",5964.80118809518
"18321",7608.30726338682
"18322",8290.84657687007
"18323",7355.21173416224
"18324",6784.03269473215
"18325",7779.45125248145
"18326",11121.3924620994
"18327",5571.43231615294
"18328",6015.66146170163
"18329",5448.69619660585
"18330",6973.40753085883
"18331",7196.90957756471
"18332",7510.72415410621
"18333",6924.18085035039
"18334",9187.9766259573
"18335",5957.10277423529
"18336",5225.02924690871
"18337",7825.0136381276
"18338",6652.75907743249
"18339",5778.1418766495
"18340",6781.0035341524
"18341",7498.59277292094
"18342",5852.07261112574
"18343",7624.79425395625
"18344",5998.98948786809
"18345",5800.17856604834
"18346",6337.13588164513
"18347",8652.07718658928
"18348",5760.36097437846
"18349",7409.07427541108
"18350",7760.68353340792
"18351",6228.31024317955
"18352",5085.50412535414
"18353",4894.33237174453
"18354",8246.9689854332
"18355",7449.92656340127
"18356",5105.78948368433
"18357",9197.60152443251
"18358",7281.76404411182
"18359",6026.11292435569
"18360",7786.10669157019
"18361",5216.01572159111
"18362",7106.96120227358
"18363",7739.70143918399
"18364",7890.46727952392
"18365",7435.79002134499
"18366",6893.60744631723
"18367",5296.49677504945
"18368",5192.64678976152
"18369",6411.13649692473
"18370",6736.44989201142
"18371",7466.54559687737
"18372",7146.73463787063
"18373",5904.30041708124
"18374",8300.10786487156
"18375",8009.83795092535
"18376",8205.64526261563
"18377",6433.98765141849
"18378",6569.36634412809
"18379",8779.36294236645
"18380",9320.28920176843
"18381",10235.4242684159
"18382",5586.34727156781
"18383",7680.66676871869
"18384",6692.91083032276
"18385",7035.32555105724
"18386",7576.57042060553
"18387",5403.46767288802
"18388",6556.98220454008
"18389",8100.01595774491
"18390",4606.25433229467
"18391",5613.55187741482
"18392",8555.60415309628
"18393",8681.87988852045
"18394",5506.43605192023
"18395",6746.50945913432
"18396",7023.45286839398
"18397",5510.3189521012
"18398",6684.30300011169
"18399",10853.0181137883
"18400",7595.08819925796
"18401",6881.86986528706
"18402",7079.31026049663
"18403",5401.70296047483
"18404",5315.21999193523
"18405",7469.17825874049
"18406",7181.15418800556
"18407",7980.43220194851
"18408",6205.55442048829
"18409",6044.02906016987
"18410",6558.16347388088
"18411",6550.45946746145
"18412",7766.36080600655
"18413",7008.99849648368
"18414",7732.65051386351
"18415",7519.7325395167
"18416",6787.95501877962
"18417",9791.20590622976
"18418",6223.34315731831
"18419",7678.35826528311
"18420",6346.84658080011
"18421",6156.8952147442
"18422",7236.09440070659
"18423",6744.21635355968
"18424",7059.44249116128
"18425",5662.32680960157
"18426",8150.52111506265
"18427",6545.99610446502
"18428",7204.73001036632
"18429",6809.87597265793
"18430",6982.71235947088
"18431",7431.85804460204
"18432",7328.51224726798
"18433",7302.91111519459
"18434",6211.73115787635
"18435",6826.01240394569
"18436",6004.55894935316
"18437",4572.89358791996
"18438",5571.11018400818
"18439",10106.0451987949
"18440",6935.73264606332
"18441",9290.06510210405
"18442",8578.3920761144
"18443",6413.26103210517
"18444",7521.85113633825
"18445",6767.14681539681
"18446",4532.35260904789
"18447",9017.86267234929
"18448",5981.49379010567
"18449",7506.44772631231
"18450",6397.59078830609
"18451",6323.10213734456
"18452",5755.08065509077
"18453",6089.6271704681
"18454",7031.76965493754
"18455",6366.89067813008
"18456",6840.69714165219
"18457",6105.57007632885
"18458",6296.29796393879
"18459",7929.60082233637
"18460",8316.13119713715
"18461",8371.52698838896
"18462",7130.60952850805
"18463",8163.43361403009
"18464",5554.2841506349
"18465",5549.08992065578
"18466",9286.41919991546
"18467",10032.2215691689
"18468",6882.04643544047
"18469",7572.51165584159
"18470",7485.62522766992
"18471",8524.96513634355
"18472",8111.03602633979
"18473",6845.48023528921
"18474",6077.31738031161
"18475",8919.15244263862
"18476",5792.45456517796
"18477",5149.60072455447
"18478",7362.64749381798
"18479",6004.44046157175
"18480",4656.95379708352
"18481",8704.74293265695
"18482",7636.29245347415
"18483",7405.72007115317
"18484",7982.41654586014
"18485",8698.62383489369
"18486",6929.51472490925
"18487",7573.8525463093
"18488",9937.78941462604
"18489",6499.43626686773
"18490",6588.66866927378
"18491",7847.59879987058
"18492",8570.7066119045
"18493",6436.22732095622
"18494",7270.83163191436
"18495",6486.55077348464
"18496",9361.07169853042
"18497",7473.74769473858
"18498",6485.46067746392
"18499",7291.6951459891
"18500",9175.83949382096
"18501",6761.16228754424
"18502",5488.55939240514
"18503",10599.244009533
"18504",5413.75343016418
"18505",8029.3971786209
"18506",9300.49715602957
"18507",7014.91498772744
"18508",7734.67392297805
"18509",6640.00004086248
"18510",8552.07524020266
"18511",6855.97041707303
"18512",6928.22928141708
"18513",7209.07174313937
"18514",5797.3154629953
"18515",8160.44348468008
"18516",4527.06422696075
"18517",7754.91684354539
"18518",7228.45800004757
"18519",8181.73309159716
"18520",6076.62430065326
"18521",6405.70721605264
"18522",5240.03693355942
"18523",8647.98251631059
"18524",7472.79245946934
"18525",7624.53578373758
"18526",6298.40449353649
"18527",6768.58084670914
"18528",5855.64504954032
"18529",8769.1657051465
"18530",7349.35267056299
"18531",7511.98293269426
"18532",6940.5914520165
"18533",7015.30090683245
"18534",7195.40576763967
"18535",7464.12869045051
"18536",7558.48187649557
"18537",8614.38288003825
"18538",9302.22448116057
"18539",7032.49414573436
"18540",6833.62167355559
"18541",8335.36313070895
"18542",7505.91733773182
"18543",7483.59726931101
"18544",5625.95282050337
"18545",5813.37540349577
"18546",8769.89681971031
"18547",6135.79622264053
"18548",5937.4781622586
"18549",7153.97230688288
"18550",7231.07420900193
"18551",8481.73166862967
"18552",6350.0779784592
"18553",5156.34849281641
"18554",7390.61640102595
"18555",7934.74541189623
"18556",6852.24597034428
"18557",6280.85688403114
"18558",6520.07025969798
"18559",7863.20634783929
"18560",5943.64338985186
"18561",5871.91858400213
"18562",8924.78772317905
"18563",7287.03015940863
"18564",8569.29285775529
"18565",5021.94280073172
"18566",6295.02201176978
"18567",8024.286693027
"18568",7621.05701504402
"18569",6185.01781761044
"18570",8260.32424749519
"18571",9125.27221871668
"18572",8141.77707721316
"18573",6607.51941714142
"18574",7710.60305797667
"18575",5837.41630801239
"18576",7129.3215024465
"18577",6023.57923728715
"18578",6076.57732396083
"18579",5732.18879646948
"18580",4908.71588041581
"18581",8852.6227298185
"18582",10111.7004088222
"18583",5938.65924366915
"18584",7247.0456748974
"18585",5486.84213057804
"18586",5557.39695196278
"18587",10527.8664719015
"18588",7697.37299204505
"18589",8613.00097352098
"18590",7930.63053258846
"18591",5267.79215519888
"18592",5979.18575161476
"18593",7813.97596008711
"18594",7971.8646635032
"18595",7355.54294673666
"18596",10306.4405068591
"18597",7537.64343934769
"18598",5486.34667289891
"18599",5980.67549077131
"18600",9897.31295631868
"18601",8350.57742193229
"18602",7062.70259788951
"18603",8818.86642317229
"18604",8421.43564107896
"18605",8383.39867738497
"18606",5964.39078267934
"18607",6949.34162409988
"18608",8439.76323594587
"18609",4935.03994449216
"18610",7998.66372228608
"18611",7027.51444305131
"18612",10162.0420829267
"18613",7016.23946820412
"18614",8344.53475675257
"18615",8101.54620492277
"18616",5832.06766664591
"18617",5866.29324574855
"18618",7318.25007813644
"18619",6731.54050546139
"18620",5855.50414362789
"18621",6891.35937399943
"18622",5640.42925978379
"18623",9399.81794703069
"18624",6876.12753495836
"18625",9138.67647341667
"18626",7719.39714900844
"18627",9773.41540376738
"18628",5338.76572479574
"18629",5499.24803408324
"18630",8263.55000851668
"18631",6719.33250329958
"18632",5945.3574726949
"18633",4395.10157784216
"18634",7050.16668373075
"18635",9934.34833668443
"18636",6837.40206843782
"18637",7158.8927083435
"18638",7514.76503142785
"18639",7851.84400061618
"18640",6785.28763371708
"18641",8895.23822099264
"18642",7035.30449799798
"18643",5190.52247515337
"18644",6694.25486586516
"18645",9742.00597554424
"18646",9532.64579256811
"18647",8616.94652266614
"18648",7192.60286651642
"18649",5913.71624158873
"18650",8824.07859493563
"18651",9084.35967416036
"18652",7701.28536606768
"18653",8123.28033009398
"18654",9283.14280834263
"18655",6381.25172017743
"18656",7294.69993513013
"18657",9161.21023074753
"18658",7850.35683258203
"18659",6536.72376876886
"18660",7337.12035478839
"18661",6817.59408858349
"18662",5612.02166774014
"18663",7718.46106747479
"18664",6962.59194634012
"18665",5873.66290516543
"18666",6925.56481959172
"18667",6487.17399409097
"18668",6508.07117460387
"18669",6772.62164923354
"18670",6793.92050700445
"18671",6804.84852675683
"18672",7567.74208105088
"18673",7034.3639269307
"18674",7984.26307248339
"18675",7499.79384076455
"18676",9004.84278440928
"18677",9403.50100306059
"18678",5635.61673788239
"18679",6011.76215157932
"18680",7593.32167446876
"18681",6903.25391072826
"18682",8161.85192956232
"18683",7592.27150589685
"18684",7672.70258010592
"18685",5556.80414883333
"18686",10918.0175470572
"18687",7003.62054840166
"18688",7087.61120549288
"18689",5812.04869249372
"18690",9335.17353446948
"18691",4183.98614862308
"18692",6941.44457338945
"18693",7320.97800902571
"18694",7777.31341186257
"18695",7057.88590646143
"18696",5626.13500573874
"18697",6621.48568772474
"18698",6842.45723700533
"18699",9404.03820562931
"18700",7190.92895328603
"18701",6247.47163630599
"18702",7519.28238828875
"18703",5192.13834454753
"18704",7442.97429587981
"18705",6444.03398841679
"18706",10528.3733728642
"18707",6218.91094708654
"18708",9810.46774226345
"18709",5439.72507799688
"18710",6303.27968204533
"18711",6809.41117641591
"18712",9130.82818666174
"18713",7846.24199014907
"18714",5999.15896504257
"18715",6596.42721755971
"18716",5688.10891878592
"18717",6896.29864220549
"18718",9496.07499991352
"18719",5168.54407023796
"18720",6771.05096402965
"18721",7191.48559108861
"18722",4353.608188707
"18723",6035.04657599751
"18724",9461.72104901854
"18725",6934.44248861766
"18726",5073.06363693488
"18727",7720.84896456669
"18728",5183.02311877555
"18729",7481.10068128599
"18730",7838.77481696121
"18731",5644.83187206966
"18732",7908.15439117045
"18733",8613.3923257835
"18734",6731.85695977165
"18735",5660.76915325897
"18736",8748.27619489026
"18737",5904.21379481067
"18738",4652.53207405336
"18739",7947.5888823742
"18740",5438.12369692608
"18741",8229.88126940628
"18742",7656.49993829929
"18743",8452.98820663652
"18744",7442.95849557948
"18745",7824.48113366099
"18746",5861.86532097401
"18747",9194.16363339311
"18748",6142.08347011462
"18749",7420.3626163576
"18750",7851.31902300855
"18751",4662.70571894472
"18752",6534.39475115546
"18753",7489.46836555354
"18754",6913.48919369002
"18755",9267.1207554831
"18756",7920.70336974728
"18757",7767.05823949597
"18758",7033.36910884742
"18759",6717.56742122063
"18760",7487.46178866102
"18761",7615.86768493796
"18762",6900.43332550364
"18763",5559.96691736072
"18764",8773.93862338212
"18765",6174.10777999526
"18766",6181.56057707424
"18767",6955.06298171083
"18768",8739.09205940709
"18769",9866.08032624629
"18770",8037.70095761092
"18771",5446.90075299881
"18772",6089.18507687787
"18773",7677.02877727212
"18774",7925.41754509391
"18775",5955.65148462981
"18776",6922.25159587702
"18777",6886.05575570542
"18778",6514.91591699821
"18779",8205.97095780065
"18780",8783.97197794819
"18781",7891.4769962282
"18782",5490.00296901612
"18783",8555.04675114661
"18784",5410.75251660052
"18785",8335.02626355138
"18786",4857.87003581215
"18787",4426.72782511803
"18788",7242.19433641923
"18789",7068.31835177005
"18790",5540.43265930312
"18791",6943.50037194523
"18792",6647.33912995762
"18793",6168.91270987834
"18794",5069.4230240108
"18795",7581.37328186198
"18796",7221.32616302442
"18797",5931.12271801437
"18798",9790.24987731428
"18799",7810.93689807694
"18800",6510.42466073264
"18801",7016.28149115172
"18802",10117.3210776527
"18803",7468.27220653238
"18804",4879.81859079028
"18805",11037.5663001407
"18806",10069.6497536242
"18807",8259.18471145489
"18808",7966.74455987932
"18809",5602.46167335831
"18810",8038.53696141349
"18811",6563.13054665363
"18812",6197.7123388558
"18813",6546.94694021647
"18814",9628.15285427355
"18815",6778.34223976745
"18816",7861.08772291785
"18817",5628.7176885466
"18818",7702.79100036796
"18819",9465.10829720157
"18820",6537.51792990828
"18821",9350.52113909181
"18822",11497.6876719542
"18823",7055.90879710359
"18824",6380.50198214328
"18825",5177.22029245994
"18826",6438.97847698413
"18827",6703.41783033017
"18828",6128.07617531811
"18829",5537.27650150382
"18830",8185.17341614199
"18831",5563.80270958267
"18832",8941.52674857139
"18833",4876.51227129766
"18834",5706.71179880899
"18835",5243.91085737406
"18836",9094.86471668905
"18837",6916.04010199065
"18838",7609.16997824926
"18839",6365.63207134713
"18840",5247.27071528721
"18841",5728.04783778276
"18842",8352.72143341366
"18843",6675.83970263626
"18844",8330.00696186503
"18845",5924.28635879998
"18846",10034.3519567544
"18847",6101.07430753906
"18848",8951.24782464258
"18849",5105.06284382501
"18850",7128.67471390172
"18851",6070.12700770053
"18852",6351.03331612709
"18853",5833.06564846244
"18854",5303.17642860468
"18855",6768.62808146759
"18856",7489.99237923644
"18857",5224.42734060603
"18858",5851.55042476319
"18859",7774.35419991131
"18860",6892.88120812566
"18861",4962.20555961527
"18862",6058.41579019127
"18863",6694.5789865571
"18864",5746.16732672118
"18865",9453.99243498465
"18866",6344.91267921416
"18867",7009.24453857082
"18868",8556.96782619117
"18869",6249.85799207584
"18870",8956.91977737437
"18871",7334.22088699417
"18872",8600.84395871925
"18873",6470.37763470565
"18874",5257.57715476974
"18875",6714.32242228422
"18876",6483.04771773154
"18877",8085.21728053411
"18878",6737.09023512959
"18879",6989.72835185522
"18880",6540.57586574489
"18881",4641.12464928193
"18882",7037.40644686716
"18883",6768.76623772187
"18884",6724.67023178876
"18885",8239.63398312307
"18886",7439.1335750437
"18887",7027.84323374993
"18888",6486.50712828144
"18889",5356.44961596704
"18890",6241.25377762727
"18891",7366.90555790233
"18892",5494.07570881065
"18893",5167.4768770808
"18894",10165.3289668655
"18895",5724.2084789526
"18896",8232.10877744874
"18897",7734.47929482036
"18898",7713.03073596811
"18899",6400.92701043391
"18900",8986.14113100814
"18901",8366.66431411194
"18902",8376.80926599592
"18903",6346.80071619668
"18904",8188.26997251874
"18905",5495.84735072196
"18906",6838.17360488222
"18907",8123.12999010388
"18908",8214.30341337862
"18909",8644.01477373286
"18910",6627.81934273122
"18911",6840.53834893132
"18912",7838.00542567596
"18913",7008.32415007665
"18914",6038.94584402525
"18915",9114.2339182362
"18916",5110.55629723789
"18917",5014.5074214853
"18918",5886.88440324388
"18919",6412.13406938899
"18920",6652.44728474787
"18921",8047.90743232586
"18922",7860.20538357072
"18923",6755.43429457592
"18924",10712.1980317351
"18925",7246.8608781349
"18926",8041.71804636187
"18927",6392.00517596548
"18928",5956.61034578114
"18929",5726.43076153502
"18930",6808.72154961757
"18931",6388.81939912991
"18932",5458.39816071906
"18933",4679.58168850646
"18934",7475.20844790696
"18935",7252.30364298843
"18936",5388.09549478842
"18937",8305.35708183534
"18938",10057.03544894
"18939",5889.6783470819
"18940",7138.12666725836
"18941",7820.47886895391
"18942",5080.17800767093
"18943",7416.57520029956
"18944",5802.66809396444
"18945",5775.36081966426
"18946",8765.17198385885
"18947",7331.06796361233
"18948",7325.53574347204
"18949",6562.69085766623
"18950",6573.85512708798
"18951",9052.08306612811
"18952",6281.80862511439
"18953",6528.40107633452
"18954",7937.11166065912
"18955",7042.11527246793
"18956",6135.84222088012
"18957",6714.4771642045
"18958",7378.38363468088
"18959",7150.99066872155
"18960",5664.04794776156
"18961",4989.37696415075
"18962",7273.60928163126
"18963",5116.5981299629
"18964",6932.19548417115
"18965",6726.47752592449
"18966",6651.13538989602
"18967",8865.96111352932
"18968",9010.80221233754
"18969",8872.45530517175
"18970",7993.01065542418
"18971",7715.83508267537
"18972",10248.9760636679
"18973",6035.64616295658
"18974",9395.79164298068
"18975",6876.28133821567
"18976",6808.85167556341
"18977",9666.72660234847
"18978",5639.62814752874
"18979",7803.37200013099
"18980",6651.50777906577
"18981",6843.16448508122
"18982",9228.23621848606
"18983",5797.29214774488
"18984",5420.9554830654
"18985",8707.21249590567
"18986",6346.9377120453
"18987",6770.73672854838
"18988",5366.78968632092
"18989",7028.03023720348
"18990",6850.02759128064
"18991",8915.9514244167
"18992",5066.51449533904
"18993",10299.4545345499
"18994",5414.47500464361
"18995",7069.92562303571
"18996",6872.16672477431
"18997",7617.73459987394
"18998",7540.10749591316
"18999",6940.69715124485
"19000",6143.17405436611
"19001",8841.03738581451
"19002",7700.72721961467
"19003",6748.24278885767
"19004",5371.73740615075
"19005",10133.4348866596
"19006",9099.73064464312
"19007",7675.1925079151
"19008",7436.96603089336
"19009",6928.75199973626
"19010",7704.72445826852
"19011",5251.01110759936
"19012",7531.69853382218
"19013",7422.43513843807
"19014",7064.80332809045
"19015",6776.1937746649
"19016",6576.30160810238
"19017",5589.44810000397
"19018",7333.23174753234
"19019",7502.10733090007
"19020",7773.76949357247
"19021",6482.13189712006
"19022",6925.54727671244
"19023",6910.05572380557
"19024",10260.8552724042
"19025",15802.256796431
"19026",5851.98781300353
"19027",6512.63907034639
"19028",5982.89156532248
"19029",5686.35303412564
"19030",5247.42904983617
"19031",11263.9272215772
"19032",7024.39639538965
"19033",10216.8972102016
"19034",9000.75553224606
"19035",7369.40011240019
"19036",6899.39946480996
"19037",6066.33606309896
"19038",6843.60830096195
"19039",7688.98770544756
"19040",5968.69116351314
"19041",11685.0624434202
"19042",5013.95304165123
"19043",8063.03222291683
"19044",7420.9177455354
"19045",7933.74096531599
"19046",5121.88162531205
"19047",7920.75157891659
"19048",5414.70243812091
"19049",7328.11023319941
"19050",6436.8055969813
"19051",6963.25599203245
"19052",5426.73360706458
"19053",7119.39796531028
"19054",7212.22178621339
"19055",9505.99899723686
"19056",8039.47925324979
"19057",7693.59686730882
"19058",6567.01551846615
"19059",7228.98539638132
"19060",6750.84057717697
"19061",9743.24486761566
"19062",10192.6234290451
"19063",6580.54858022981
"19064",8589.98805083555
"19065",6509.38920412131
"19066",5472.97966960426
"19067",5222.65477982709
"19068",9274.10087749323
"19069",10695.6503007267
"19070",8347.41994359314
"19071",6618.89942000132
"19072",5892.62959883643
"19073",9589.03791011752
"19074",5615.54600645276
"19075",10276.3786417559
"19076",6884.96261792153
"19077",6273.31316185334
"19078",7024.11327947659
"19079",10629.6687176405
"19080",5971.14541246314
"19081",4438.41616847426
"19082",7796.8502396476
"19083",10201.5536421421
"19084",7162.05554318603
"19085",8074.99136694447
"19086",8353.48170843841
"19087",6041.42147349724
"19088",6131.68868940671
"19089",8803.03982681808
"19090",10129.0727325621
"19091",7096.47151039083
"19092",6723.87660117435
"19093",6307.84636192006
"19094",7751.27963098932
"19095",9745.00145849626
"19096",8991.26911324865
"19097",7029.97176293525
"19098",7544.91325886539
"19099",13304.0294429648
"19100",6338.41468324154
"19101",8294.1239850797
"19102",8593.40158908806
"19103",6955.41068960362
"19104",6535.13245553977
"19105",6262.51199472141
"19106",6828.82140294376
"19107",9197.34032804491
"19108",6894.11096764697
"19109",5941.15828016186
"19110",8313.10752756557
"19111",6850.21013717251
"19112",5199.15465216634
"19113",7433.19892245632
"19114",8682.3942736132
"19115",7942.0982343227
"19116",9321.73760468133
"19117",7071.7059860979
"19118",4348.52852955681
"19119",9604.7949962311
"19120",8530.52116505509
"19121",5508.27913522942
"19122",7030.00106937274
"19123",5806.4170842754
"19124",6374.7490249065
"19125",6994.12948757318
"19126",7375.96817355989
"19127",7803.11175794635
"19128",7749.57640963496
"19129",6502.61774082514
"19130",6527.41441818741
"19131",5039.66861833683
"19132",7720.26310787295
"19133",7621.38472483659
"19134",7011.72308404257
"19135",9400.84997376929
"19136",5756.66029415971
"19137",6409.72994754162
"19138",5194.50072138807
"19139",6648.24143575959
"19140",8661.42524978945
"19141",6484.72060251542
"19142",7030.65428396937
"19143",8496.37096427072
"19144",6347.06003468928
"19145",8104.43026984285
"19146",7066.75068192348
"19147",7512.41104657693
"19148",6948.75391013745
"19149",9051.01828361525
"19150",8478.95577099682
"19151",6932.11950612932
"19152",8957.49189302682
"19153",7072.51094287522
"19154",8180.82712547053
"19155",8324.41900546223
"19156",8517.46212506737
"19157",8081.55574620391
"19158",5169.88367856945
"19159",6736.87661540874
"19160",7468.9106777779
"19161",6674.73891641335
"19162",7319.38148220166
"19163",7092.54407984029
"19164",5851.81313147103
"19165",6933.5677486569
"19166",6749.73650825436
"19167",8024.87696785043
"19168",7032.921335072
"19169",6682.42218036913
"19170",7441.74212173514
"19171",8114.98199638868
"19172",8918.58772291028
"19173",5380.15244814717
"19174",7017.23474334503
"19175",7633.74856836271
"19176",6865.30025231662
"19177",5907.93947257616
"19178",7921.8245921771
"19179",8515.73333229358
"19180",6620.74512858937
"19181",6474.69701939507
"19182",7235.39316712483
"19183",7214.43433728032
"19184",7430.91712969543
"19185",8156.73970597286
"19186",6764.04873657826
"19187",5945.12733082998
"19188",6472.72837196506
"19189",6902.16485191231
"19190",6208.74111603778
"19191",8188.93511616261
"19192",7472.36540662257
"19193",5232.5583317084
"19194",6276.71536653044
"19195",6767.90129428071
"19196",8553.75066162115
"19197",6928.45887526603
"19198",7312.04797164772
"19199",6232.68147221355
"19200",5727.81619460758
"19201",7432.91944222674
"19202",7056.03494152385
"19203",8567.02210572684
"19204",5792.34588604423
"19205",6891.71926048362
"19206",8179.31568654338
"19207",6471.81504390582
"19208",7939.05112674035
"19209",9494.52338970108
"19210",7550.79876944145
"19211",7061.20425309318
"19212",7222.90871075689
"19213",7254.10072261313
"19214",6633.55646470455
"19215",8565.3261094469
"19216",4992.77139854077
"19217",7593.4337041863
"19218",6692.17030963304
"19219",9262.41319330338
"19220",7655.79494887037
"19221",6860.12618494618
"19222",5997.89672454546
"19223",5163.61869061123
"19224",10493.4292612859
"19225",7102.96196998327
"19226",7202.84595694757
"19227",5251.31661128282
"19228",7980.80079660623
"19229",7453.53196428081
"19230",5816.67021261682
"19231",6946.31262258912
"19232",7286.52924885949
"19233",13558.4655196158
"19234",8017.81070626904
"19235",4895.80833556754
"19236",8887.57712438052
"19237",6413.4658408362
"19238",7648.54884671871
"19239",7994.49636276036
"19240",7833.76326775167
"19241",6246.61621237726
"19242",5490.25776863842
"19243",9408.22135880788
"19244",8236.07065093098
"19245",8002.70139758067
"19246",7229.35958533995
"19247",5492.101355785
"19248",8861.03133330314
"19249",4197.40545362855
"19250",7300.50563182154
"19251",8151.28570211514
"19252",5886.03416004049
"19253",8968.41843442332
"19254",6867.20554916969
"19255",6245.54587583491
"19256",7458.00911239833
"19257",6121.756853884
"19258",4787.90423270698
"19259",6044.82159250926
"19260",5855.10427836338
"19261",9331.78661601047
"19262",5582.13110100612
"19263",6072.25729508211
"19264",5280.98040809528
"19265",8530.09236873856
"19266",7972.14907882828
"19267",7210.50359735564
"19268",8114.10514116862
"19269",7298.83129527912
"19270",9180.11306384857
"19271",6535.79536453158
"19272",7305.21874733514
"19273",7222.60797756691
"19274",7719.85029991677
"19275",8038.49130483303
"19276",5908.19798607318
"19277",6286.21666439935
"19278",6010.46120836533
"19279",5773.50948101467
"19280",10331.4732862748
"19281",10405.8090906388
"19282",6718.42127213505
"19283",6236.65547609997
"19284",10064.4649944811
"19285",6746.86735899747
"19286",5726.20313181855
"19287",8084.04856888209
"19288",7487.30487147175
"19289",6677.51484937977
"19290",8171.02362204671
"19291",8114.84238188404
"19292",9310.44766508893
"19293",8183.15205910447
"19294",7026.01479407363
"19295",5036.26416203826
"19296",9494.09618068246
"19297",8831.9137456995
"19298",7178.23257482952
"19299",9060.86005378537
"19300",7251.39414135946
"19301",6837.56139290636
"19302",6749.6850622425
"19303",8573.47913245931
"19304",6138.44862875067
"19305",6937.43965338089
"19306",8147.37039603231
"19307",6963.61940197001
"19308",8735.77803227126
"19309",4762.11767505986
"19310",8323.04028048634
"19311",6093.37173956465
"19312",6563.55721870092
"19313",5829.03581106005
"19314",6360.3343841826
"19315",8823.2746172494
"19316",8518.26569714897
"19317",7755.62241003846
"19318",6709.87622815319
"19319",8371.18242407903
"19320",12664.5176760044
"19321",6793.52797336683
"19322",5877.85944880377
"19323",6068.92855193864
"19324",7231.97197504075
"19325",7680.74596475113
"19326",7050.55442447047
"19327",6515.78219647832
"19328",5643.920513912
"19329",4643.02999293398
"19330",5921.3896397784
"19331",7030.78128305629
"19332",7984.33758872498
"19333",6581.65571636835
"19334",8020.24763673218
"19335",6938.65581655197
"19336",8081.85234907566
"19337",6654.01758042687
"19338",9074.19841941026
"19339",6781.34251032272
"19340",6772.0909107519
"19341",7301.04671446998
"19342",9868.59543809217
"19343",4994.83201595779
"19344",7551.53623381685
"19345",8125.2663579307
"19346",6492.22756298379
"19347",7369.04818875705
"19348",5532.27301789676
"19349",8677.39418742672
"19350",5789.54295924508
"19351",6853.28202655893
"19352",5425.06095593626
"19353",5332.00974583883
"19354",5555.89990584159
"19355",9459.50830538465
"19356",7722.98286511593
"19357",9224.99469139852
"19358",6011.29884960764
"19359",7563.21054919467
"19360",10441.8047542642
"19361",5529.85732632807
"19362",7506.08312393932
"19363",5964.68533861245
"19364",6297.35458432052
"19365",5681.40589273139
"19366",6252.74212228145
"19367",6075.66877443101
"19368",6660.05221850467
"19369",8202.30180630222
"19370",5498.77516768043
"19371",7173.22737321481
"19372",8051.97871018893
"19373",8209.52710183336
"19374",6305.89200588802
"19375",9222.88836335738
"19376",8531.77508057257
"19377",5323.43060294779
"19378",6432.44618850887
"19379",5112.31902444419
"19380",7685.9331556745
"19381",6563.80728322514
"19382",7094.57627855803
"19383",7314.98508895509
"19384",8408.05345343309
"19385",8434.09959825538
"19386",6243.62352596619
"19387",5943.82066021262
"19388",6209.14066301867
"19389",5082.65374251862
"19390",6952.77960592508
"19391",6261.86618703003
"19392",5983.7234691401
"19393",7837.49453324298
"19394",7177.80041344351
"19395",6376.17288630306
"19396",8556.06170124401
"19397",6482.99560550171
"19398",8012.99053600752
"19399",7312.32299416203
"19400",8955.55837469338
"19401",9787.11482715566
"19402",6981.10929375032
"19403",7720.58905221183
"19404",7456.07989782431
"19405",7532.84439730629
"19406",8402.14528950053
"19407",7059.9198613044
"19408",9137.56318946494
"19409",8636.50203470869
"19410",5836.58434750901
"19411",8691.22415122083
"19412",7818.42374873271
"19413",5644.21190302325
"19414",9389.99170380954
"19415",5792.88958036565
"19416",5767.59588640127
"19417",8105.88930475923
"19418",7399.0117378724
"19419",8411.47956459858
"19420",5519.98280278038
"19421",6211.75369951431
"19422",6896.49801253127
"19423",6537.08530156141
"19424",6744.71543565533
"19425",8243.48054918529
"19426",7861.17447389292
"19427",5293.3847156702
"19428",4572.50422201547
"19429",6184.47232731168
"19430",6557.20579883182
"19431",7927.43399606039
"19432",6176.0095943849
"19433",6028.42071633566
"19434",7569.40162853178
"19435",6295.82778656424
"19436",6204.79897207035
"19437",7275.9486581624
"19438",6791.89130054576
"19439",6461.60345130343
"19440",9808.88571687573
"19441",6351.72502341483
"19442",7109.4845571417
"19443",8217.38798097328
"19444",4939.66247292304
"19445",9944.30282552645
"19446",4779.50816424404
"19447",7653.70206896476
"19448",7414.85116405867
"19449",8124.04423237328
"19450",8374.28052001854
"19451",10261.157529504
"19452",6994.37959901467
"19453",5920.04333991662
"19454",7662.87203423809
"19455",7207.86354970132
"19456",7009.53353651248
"19457",7993.39334892281
"19458",7405.60566588283
"19459",8717.04733058833
"19460",7858.97701413727
"19461",5174.3707416826
"19462",8064.87061363443
"19463",9548.70820916222
"19464",8301.3152928094
"19465",6432.33340979964
"19466",8409.76871198274
"19467",8078.20268569115
"19468",7820.53754435378
"19469",8645.30895438681
"19470",6625.69873075502
"19471",7451.83009912555
"19472",7710.8380202266
"19473",6013.7559389393
"19474",6802.38852665023
"19475",7609.05293077668
"19476",8383.11761124632
"19477",10631.6778654153
"19478",8724.3287358907
"19479",7107.13231083877
"19480",8825.94432394794
"19481",7556.72332700394
"19482",6178.58251088901
"19483",8400.98340384945
"19484",8603.00084906653
"19485",5804.70489675549
"19486",7257.93873081689
"19487",10505.3442138717
"19488",7481.03495388157
"19489",7399.10679761171
"19490",6531.89200429225
"19491",5693.58056084312
"19492",5675.39038299359
"19493",6546.15006956101
"19494",8164.1635988116
"19495",5501.01622405276
"19496",7148.37176951778
"19497",5740.91215947398
"19498",6172.39112800925
"19499",6542.10704924836
"19500",7393.28144450962
"19501",6462.11312710197
"19502",7467.43775226285
"19503",7522.08921127733
"19504",9991.04655153229
"19505",6546.23579663195
"19506",7639.3861413405
"19507",8307.2528403269
"19508",5598.08715492536
"19509",6850.76523692791
"19510",6970.51296487696
"19511",9873.05507967315
"19512",10154.3185994329
"19513",6476.10521750553
"19514",6787.28574807821
"19515",6836.3924137701
"19516",7594.30652095796
"19517",7511.04629100259
"19518",4514.2028091161
"19519",6287.37957500371
"19520",6033.90531001459
"19521",6943.05040055255
"19522",7653.13721050503
"19523",8224.87384969607
"19524",7689.47478624503
"19525",5965.46691237906
"19526",9231.12515385113
"19527",6433.89916936458
"19528",4930.83285765793
"19529",8188.87499149669
"19530",6625.30923921162
"19531",8480.31317615926
"19532",7125.89365078201
"19533",6086.51621819132
"19534",6513.30241476514
"19535",7069.46954099151
"19536",7154.18202531563
"19537",5806.42847226815
"19538",5994.58847595868
"19539",6154.21541310258
"19540",5424.44935559887
"19541",5846.16156987163
"19542",7378.71276943185
"19543",6949.81875254382
"19544",8684.36414195304
"19545",9333.91949159524
"19546",7333.37366046329
"19547",8481.38361916998
"19548",7501.28463609553
"19549",7127.95292374619
"19550",7611.94998050389
"19551",9615.93069838082
"19552",6235.05743052502
"19553",7209.0635666245
"19554",7932.67590149405
"19555",7412.24723847088
"19556",8465.80602945077
"19557",5536.44592714309
"19558",7493.40555409952
"19559",6071.21849244517
"19560",11955.1891344523
"19561",10258.6019007824
"19562",6682.27393035469
"19563",7969.19955567123
"19564",6009.57502497409
"19565",6179.15534653309
"19566",8816.7651422104
"19567",10049.849423337
"19568",6497.42553076016
"19569",8105.34865604978
"19570",7618.26218093794
"19571",8719.12929456338
"19572",6384.21590472406
"19573",9820.92768187406
"19574",8933.42122610453
"19575",8187.72227957705
"19576",6754.00147460195
"19577",7236.86963937796
"19578",7135.30386006338
"19579",6442.48507435696
"19580",5766.38828776979
"19581",7346.42601656254
"19582",7570.45569412334
"19583",7023.18286933618
"19584",6274.88896761531
"19585",7470.88525933204
"19586",5666.18859561804
"19587",7653.16737695534
"19588",7204.59562172872
"19589",9193.0298872925
"19590",7822.3847489055
"19591",5178.45654508401
"19592",6817.44348490734
"19593",7493.23377487584
"19594",6555.34042811178
"19595",6176.99019003421
"19596",8799.49462297659
"19597",6148.37314172101
"19598",8304.20126964468
"19599",9333.03050362542
"19600",6837.49857604047
"19601",5188.74008606299
"19602",6272.46470101329
"19603",6608.96487876402
"19604",8591.12243400719
"19605",7237.36058676936
"19606",4380.83374393228
"19607",7291.61219467148
"19608",8137.56535895659
"19609",6332.35815198863
"19610",5503.39442760202
"19611",7752.84089868911
"19612",6379.67650869673
"19613",6908.22742351023
"19614",6054.54247628213
"19615",8698.81735126266
"19616",7013.85689900748
"19617",5441.18906806654
"19618",7513.03202382242
"19619",6979.00147244068
"19620",5803.9918149549
"19621",8227.52696081119
"19622",5958.76752638251
"19623",7455.87928903832
"19624",5536.71408685115
"19625",6951.43350483315
"19626",8411.14859996476
"19627",8118.08444215127
"19628",8517.97729096112
"19629",6947.30514069073
"19630",4539.09225932437
"19631",8294.15744455412
"19632",6665.99397067171
"19633",7393.16183685647
"19634",6711.78621827504
"19635",9177.5814095977
"19636",5809.69189382398
"19637",7363.80132217391
"19638",9186.26147537668
"19639",6965.43821356306
"19640",5361.1398327987
"19641",7898.5996771451
"19642",6645.38333172172
"19643",9644.31559021445
"19644",7006.17394040727
"19645",6121.9799440335
"19646",11859.9065767854
"19647",8494.38074280883
"19648",7723.8123120066
"19649",7104.11966214744
"19650",6532.56355157468
"19651",6018.91686460028
"19652",8180.80544866883
"19653",8419.65725851693
"19654",5902.25748368395
"19655",5554.64124462368
"19656",6956.73658446532
"19657",6744.20992606404
"19658",4850.96671017135
"19659",6426.05278632558
"19660",5620.71720580428
"19661",7292.25491127604
"19662",7123.37798978062
"19663",5276.13644189279
"19664",10696.1708213837
"19665",6219.02163100438
"19666",8966.66157759089
"19667",7160.15922076409
"19668",6929.53117713514
"19669",7214.08138323893
"19670",7530.05022313042
"19671",8598.33999266149
"19672",6713.17078015399
"19673",8068.0462447647
"19674",7781.97606011522
"19675",10250.293551539
"19676",6127.02323691819
"19677",6951.10703359696
"19678",7093.98757337984
"19679",4882.99853849987
"19680",6613.53214725902
"19681",7607.67443283803
"19682",7104.8735463428
"19683",9037.48277747126
"19684",7541.89914483746
"19685",8142.17017057836
"19686",6502.84896991458
"19687",8490.45024179234
"19688",8168.05856834565
"19689",7166.27787114536
"19690",6359.54029045414
"19691",5320.30132584896
"19692",7073.90682522826
"19693",6957.48064857193
"19694",6399.59488215167
"19695",7847.48661839972
"19696",8002.67283756279
"19697",8311.34186071531
"19698",7304.53712754997
"19699",6343.58778620457
"19700",7998.7453960061
"19701",5664.27796460169
"19702",6340.88209056777
"19703",5708.65442256195
"19704",7142.58857016858
"19705",7477.75247008519
"19706",7238.12047748931
"19707",8014.2109199771
"19708",5133.49904012582
"19709",4967.20691538246
"19710",6767.2334417016
"19711",7206.34568707299
"19712",8545.46348643165
"19713",7192.13608888869
"19714",5817.04975654285
"19715",5364.96894859761
"19716",6211.7194560999
"19717",5362.9178686061
"19718",7437.07079692254
"19719",6882.1522416087
"19720",5660.83826573619
"19721",6811.6471681372
"19722",6614.32045636059
"19723",7903.73423298702
"19724",6447.56796046205
"19725",6257.28919698019
"19726",7646.44427201657
"19727",6134.56518794047
"19728",7516.16777833522
"19729",5441.8716402068
"19730",11044.3543764959
"19731",7453.73771135955
"19732",6634.83188451882
"19733",7072.43294119581
"19734",8470.94341636034
"19735",4591.79570333875
"19736",8847.47636891787
"19737",6833.67145553039
"19738",6177.59532250482
"19739",7344.98089533189
"19740",5836.76946771924
"19741",7208.42705848231
"19742",7832.91517982643
"19743",5548.5550687003
"19744",9043.9272376545
"19745",6647.74430997543
"19746",7689.39745492791
"19747",6832.80933909506
"19748",7548.16204663484
"19749",8440.77765906542
"19750",6789.28982994354
"19751",9727.84165674473
"19752",7286.20187048405
"19753",4777.60817504639
"19754",6092.51883423484
"19755",5421.20467530312
"19756",9772.04376205367
"19757",6095.89794384626
"19758",8785.72559603191
"19759",5840.84535281389
"19760",7343.24269362763
"19761",4985.02118621265
"19762",4791.95413627358
"19763",5517.98826787375
"19764",5880.44297674499
"19765",6987.82300295206
"19766",5935.14361382315
"19767",5262.88471506057
"19768",6555.63315789864
"19769",7218.46055295736
"19770",6316.75340526603
"19771",8985.75726950757
"19772",7361.78599825566
"19773",6345.28178100774
"19774",6630.75991455214
"19775",6729.70640760344
"19776",5121.50262689869
"19777",7232.71032175845
"19778",6021.74016801741
"19779",7634.7570514623
"19780",7323.95834756395
"19781",7440.75492282635
"19782",4959.74673969532
"19783",8077.86080115773
"19784",6957.17957351045
"19785",8875.79058075649
"19786",9953.20087311893
"19787",5915.88429704406
"19788",5423.90402749663
"19789",5628.21035519618
"19790",5604.72942964762
"19791",7344.21966063946
"19792",6780.37167152358
"19793",6320.38878438862
"19794",4823.05085833256
"19795",5439.03141898192
"19796",6422.41031415708
"19797",6158.57984121159
"19798",7581.8065641599
"19799",6486.35211404127
"19800",7525.61398897795
"19801",6028.25023239267
"19802",7010.11663754198
"19803",8504.26502777403
"19804",5617.83586047353
"19805",8099.28892877451
"19806",6777.1053765106
"19807",5068.61564285717
"19808",5724.0356391476
"19809",6316.63112306988
"19810",8281.53251375314
"19811",10482.9025219643
"19812",6174.81451657419
"19813",9619.12081617902
"19814",6682.21048091278
"19815",8641.61267844981
"19816",6890.46167413899
"19817",6793.71038427781
"19818",8261.9597080532
"19819",6610.60018002625
"19820",4543.18398552078
"19821",7444.5107513655
"19822",6631.69150930113
"19823",6579.61575665536
"19824",8341.99373769267
"19825",8693.16662003136
"19826",4561.96322921641
"19827",7971.34012788158
"19828",6608.82550000926
"19829",5242.29123322491
"19830",8831.04238454184
"19831",9369.99287354481
"19832",7416.55557993645
"19833",7370.89606299416
"19834",7511.85569778068
"19835",8975.35889947536
"19836",6063.4354057397
"19837",6431.97627019134
"19838",8973.70923513358
"19839",7158.77879327449
"19840",7210.32898264298
"19841",6277.98467646206
"19842",8837.36708944405
"19843",9464.66070573434
"19844",7960.43174504613
"19845",5776.16718235176
"19846",5466.55077316728
"19847",8709.67990097718
"19848",9469.05365142407
"19849",7616.79642378141
"19850",10586.007179076
"19851",9501.31869134412
"19852",7572.94353095178
"19853",6243.69420579233
"19854",6931.29349433275
"19855",5701.423983598
"19856",5838.48022289653
"19857",6804.62743825896
"19858",5729.60458677516
"19859",5171.35276338288
"19860",8609.18437021597
"19861",9051.74597572659
"19862",10220.2032833158
"19863",6008.17986930214
"19864",9796.18136184818
"19865",6730.30815139252
"19866",8362.07927687308
"19867",8060.58978935723
"19868",6012.00546325333
"19869",7477.73949605944
"19870",8659.09913648224
"19871",7080.74522520454
"19872",6408.91562820384
"19873",6300.97145938254
"19874",7866.99475112657
"19875",7341.82074883951
"19876",9172.13861270046
"19877",7146.16099479947
"19878",6722.91884124408
"19879",6396.39108329539
"19880",7847.8930212958
"19881",6617.92723490976
"19882",6101.46432370556
"19883",6658.10623743914
"19884",5943.47937350801
"19885",7599.8881422249
"19886",6873.62327219013
"19887",7846.08113149276
"19888",8401.52290775753
"19889",6425.04133705311
"19890",7197.49723949835
"19891",10320.1757337239
"19892",9923.42614684067
"19893",6075.40165499229
"19894",7509.58394460806
"19895",5687.29117219503
"19896",5811.0453634557
"19897",7093.94340004192
"19898",5840.25523490094
"19899",6281.83665379665
"19900",10462.9214374636
"19901",5476.14769278525
"19902",8014.46993509956
"19903",7883.98313017339
"19904",8925.12140497882
"19905",7850.61240394391
"19906",9965.41900954824
"19907",6997.63299209678
"19908",8486.84376505892
"19909",6446.81720146673
"19910",5234.60534686245
"19911",6522.51562435082
"19912",4326.51278617632
"19913",6731.94676567266
"19914",9106.94672189463
"19915",5830.82084070328
"19916",6959.25229744757
"19917",6915.88725721102
"19918",8429.57981995571
"19919",8141.49409603942
"19920",7530.21284490088
"19921",10620.4978810735
"19922",6126.69334964357
"19923",6219.50355756696
"19924",7060.89903996217
"19925",8573.35961146751
"19926",5114.6014357047
"19927",8271.72225719319
"19928",5475.25523553593
"19929",6729.13922791928
"19930",7479.82112759626
"19931",8438.53756401931
"19932",6422.63690883582
"19933",7319.61347908029
"19934",7709.95917208092
"19935",7566.3480845417
"19936",6028.74657941075
"19937",7881.84371817174
"19938",4313.40914225678
"19939",7456.31051753171
"19940",6571.96453783152
"19941",5939.82474475137
"19942",8561.9748654411
"19943",7634.4632643226
"19944",6632.73149718404
"19945",8436.47081873602
"19946",6687.35829388284
"19947",6234.01412696079
"19948",7280.44708901386
"19949",6673.55952183529
"19950",8495.92091355052
"19951",6314.49812756819
"19952",9055.75396431316
"19953",6520.69764470999
"19954",8258.90295290665
"19955",6590.67460928812
"19956",4575.53852206809
"19957",8594.13604791243
"19958",5693.41350877219
"19959",9058.57383835617
"19960",6984.51806165171
"19961",6225.81571169568
"19962",8134.94295739989
"19963",4988.98763644141
"19964",7586.39439493648
"19965",5535.97130491992
"19966",5222.67692608374
"19967",6573.34181064176
"19968",5004.62476932372
"19969",7767.04697032376
"19970",5921.37756330438
"19971",7037.14219275496
"19972",6106.16179870146
"19973",8913.69273058609
"19974",6497.87446643786
"19975",7560.13571464513
"19976",4334.96211343836
"19977",8546.79020410348
"19978",6401.24069781615
"19979",6838.28950465375
"19980",7913.59399437026
"19981",5602.46063251135
"19982",7144.428767377
"19983",5577.35172560093
"19984",7187.0448360802
"19985",6504.71826927252
"19986",8212.39203418654
"19987",6189.18635888164
"19988",8372.92478796202
"19989",7636.82498011156
"19990",6606.59286633452
"19991",6351.74022053777
"19992",9636.65043884825
"19993",7174.19221083288
"19994",7514.64462773359
"19995",5910.25857735674
"19996",6483.03727072169
"19997",4606.05945442082
"19998",5135.15618531284
"19999",4132.54227648787
"20000",6517.6323541356
"20001",7066.66346028383
"20002",8117.83011074803
"20003",5744.3328831078
"20004",10202.1403373353
"20005",5390.03810626788
"20006",10848.626723761
"20007",7159.44708854252
"20008",6535.84025023092
"20009",8307.2669984202
"20010",5853.13752733724
"20011",5206.71550695593
"20012",7504.57782572232
"20013",8755.87912262768
"20014",6347.89972790572
"20015",8098.20277273828
"20016",10903.9865206217
"20017",6792.21130758932
"20018",7560.24272181645
"20019",6934.81884042578
"20020",6243.23143262187
"20021",9005.84207324089
"20022",9097.65653545369
"20023",6536.92462318882
"20024",7414.21268793013
"20025",7501.92947444337
"20026",5709.68626485832
"20027",9049.98089067798
"20028",6045.62045906208
"20029",5444.94353092933
"20030",7807.35794583303
"20031",5354.85112929506
"20032",8862.5010087845
"20033",5753.83625287671
"20034",6806.06407864267
"20035",10113.7712772789
"20036",8265.77359115815
"20037",7584.13877295814
"20038",7821.79947997644
"20039",8866.33367943719
"20040",5630.73525164869
"20041",9354.07184796531
"20042",5517.92966253597
"20043",5430.40409379725
"20044",7115.56513011068
"20045",8100.53257726671
"20046",9389.16810615754
"20047",8696.60937341739
"20048",7258.14654026258
"20049",9551.25054326625
"20050",7377.97741148414
"20051",5547.66587648951
"20052",5311.82707589893
"20053",6542.79542287233
"20054",7686.31760056545
"20055",5943.56023343706
"20056",6644.52312553868
"20057",6551.35144357832
"20058",8230.6240266429
"20059",7594.47784456844
"20060",10802.5898927584
"20061",8815.90154637422
"20062",8030.10653535556
"20063",8307.05698513225
"20064",8263.07327200069
"20065",6890.20384294112
"20066",7888.82340045233
"20067",7206.42493225343
"20068",7642.36631771693
"20069",8609.27699161287
"20070",6551.14367925533
"20071",7556.63277066193
"20072",6868.07127378314
"20073",6834.73792660588
"20074",10796.2721103237
"20075",5746.59698079219
"20076",8446.50385288219
"20077",6161.17649229047
"20078",5300.31814527986
"20079",5363.44524061044
"20080",5649.31191477732
"20081",6527.1773430697
"20082",7941.72304455081
"20083",4933.57968040443
"20084",8108.11984165116
"20085",6207.04904474967
"20086",8357.97156564185
"20087",7169.55990469963
"20088",5694.76441702827
"20089",7596.11315313493
"20090",7074.25749112416
"20091",7837.75150069264
"20092",6706.356960575
"20093",8215.41993467627
"20094",6056.07204039345
"20095",8755.00008759502
"20096",8091.04894183624
"20097",8318.18259905051
"20098",5733.91162517116
"20099",5914.93171817199
"20100",6383.84872381813
"20101",9264.97320173951
"20102",8006.2416410557
"20103",7150.13848050559
"20104",8757.04011599521
"20105",7716.12525610511
"20106",5848.0657227088
"20107",6366.2621580782
"20108",7919.00886513656
"20109",8189.60866001634
"20110",4708.20880280387
"20111",6059.82629945043
"20112",4836.46436256751
"20113",5401.08798502272
"20114",7850.91234462815
"20115",6937.75026004787
"20116",9018.73766570742
"20117",6324.5290164362
"20118",7894.38369240863
"20119",4977.51905619446
"20120",6638.55404539085
"20121",9806.61197024639
"20122",7845.80695804932
"20123",5551.39972300731
"20124",7718.93042058803
"20125",6044.50353269678
"20126",5145.53170157349
"20127",6164.63680014989
"20128",5337.39724510258
"20129",7898.62857844579
"20130",5469.78075658596
"20131",9714.4481008962
"20132",8172.82620700884
"20133",8814.4144550716
"20134",10811.5394785889
"20135",7796.27398785939
"20136",5692.44362214374
"20137",8102.05204174594
"20138",8205.4368095739
"20139",5815.95064294689
"20140",6514.59313331456
"20141",7786.66135919305
"20142",7955.55932852907
"20143",6277.8944189711
"20144",7233.47566763795
"20145",7779.20274435193
"20146",7949.68702602588
"20147",8209.27316990908
"20148",6082.82721009735
"20149",10122.8689435273
"20150",7036.42611074889
"20151",5771.95495877497
"20152",7766.41517441468
"20153",7690.24513915858
"20154",7116.34449039837
"20155",7393.16430018921
"20156",5658.51434219682
"20157",7104.61519675665
"20158",4801.15261430134
"20159",9060.53748030961
"20160",8358.72657401156
"20161",6571.45936706416
"20162",5422.31358783873
"20163",6723.71770672552
"20164",6384.72411710375
"20165",6540.6197052838
"20166",8073.66347584299
"20167",9915.24047103063
"20168",6391.37680309924
"20169",7077.95167384711
"20170",8158.55939828669
"20171",8122.26596329073
"20172",5768.30556087391
"20173",10015.4119315161
"20174",6161.41256013531
"20175",8361.01619711334
"20176",5827.25596533474
"20177",6501.0442438997
"20178",6911.91819137974
"20179",5246.26458863194
"20180",4449.91589338287
"20181",6048.969642041
"20182",7627.30153946179
"20183",5853.19170514305
"20184",7971.25836103031
"20185",7252.54403745973
"20186",5277.43530761563
"20187",5343.13256515271
"20188",6700.02339830911
"20189",8374.90566565857
"20190",6139.30284385516
"20191",7112.85669844331
"20192",7901.50858174179
"20193",7964.81312738616
"20194",8355.06097864533
"20195",7004.99755460522
"20196",8854.71300696521
"20197",7120.23225211663
"20198",6100.56828526665
"20199",6740.85532510028
"20200",9081.7127696208
"20201",8264.86046358347
"20202",7553.99762903106
"20203",9041.51192641813
"20204",5462.84105315308
"20205",6582.28558989018
"20206",9624.5427667869
"20207",7369.65835631215
"20208",8621.1329388291
"20209",6807.01501942937
"20210",6905.51816172867
"20211",5374.38504389026
"20212",10036.2556995072
"20213",4523.12446075212
"20214",6150.34951961513
"20215",8135.98247198709
"20216",7913.12814465677
"20217",6954.36348132902
"20218",7610.74304054574
"20219",6953.45715785384
"20220",5438.01764582589
"20221",6217.22043797686
"20222",5759.70156648675
"20223",6943.23442922426
"20224",7176.06066623413
"20225",8182.19979481389
"20226",7366.41980889196
"20227",8250.11572807131
"20228",6604.97755326712
"20229",5851.71309141386
"20230",6976.78221313594
"20231",6300.3772222041
"20232",8054.06007478907
"20233",9006.0541068316
"20234",6954.21473024469
"20235",6782.17187094008
"20236",8143.08109307054
"20237",7638.2300789959
"20238",5442.75273580639
"20239",8389.55890305763
"20240",8193.97697415318
"20241",4617.75018661539
"20242",5412.25026210818
"20243",7872.16021970185
"20244",7384.02080604508
"20245",5144.66717631659
"20246",6704.41535152897
"20247",9994.76670576597
"20248",6095.79840634207
"20249",4340.96782192585
"20250",7335.39654592389
"20251",9150.85906194573
"20252",5758.06323443732
"20253",8374.29886360946
"20254",7027.70885819768
"20255",7428.73682498536
"20256",6598.44863756286
"20257",8093.12770283414
"20258",6525.74074619076
"20259",11478.1741336751
"20260",8573.83622539804
"20261",9010.56761040575
"20262",7226.84014068155
"20263",7856.80163481174
"20264",6075.89129137189
"20265",6834.4863076051
"20266",4784.85998850936
"20267",6907.24220653134
"20268",8432.11198713428
"20269",7694.40007470933
"20270",5111.13681056996
"20271",7524.48147761635
"20272",7325.36002839546
"20273",8129.85252329809
"20274",10417.3748431253
"20275",9276.52860522291
"20276",9840.80698144919
"20277",6464.6735980144
"20278",6701.08766328779
"20279",7156.3207585147
"20280",8765.16939753841
"20281",6256.79342446382
"20282",5673.05131801055
"20283",6110.23263860692
"20284",8302.74735155922
"20285",7466.29649928602
"20286",4913.88393780001
"20287",6117.28727380541
"20288",4291.20894200089
"20289",4995.69999581603
"20290",6285.31145860536
"20291",7015.07508760212
"20292",7712.89227438329
"20293",8993.7012793468
"20294",5518.3512174658
"20295",7960.32456369682
"20296",10523.6231062533
"20297",6089.73031311721
"20298",9628.4709841999
"20299",6424.03135105455
"20300",8129.17528788517
"20301",4371.2853242871
"20302",5248.80522498626
"20303",5491.22782526635
"20304",6369.54854572684
"20305",6735.49910281933
"20306",9994.78310036365
"20307",5042.34520480057
"20308",9045.93388494512
"20309",5760.75163557013
"20310",7035.61401416009
"20311",8503.076475426
"20312",9799.97205450934
"20313",7478.81197566976
"20314",9083.74541191878
"20315",7900.87630236329
"20316",6932.05097649125
"20317",6278.4740378234
"20318",5636.4841358304
"20319",8156.50847847754
"20320",6615.77278317782
"20321",9166.63688480055
"20322",9954.29098702609
"20323",6534.4150036963
"20324",6447.26340912005
"20325",7560.59973611031
"20326",7395.57732659491
"20327",6717.96930659088
"20328",5794.84262947328
"20329",8748.57534970675
"20330",9180.77653984813
"20331",6628.76128357127
"20332",5885.87425133952
"20333",8710.13274840128
"20334",6051.58025376327
"20335",8765.9063530234
"20336",5309.04563277877
"20337",7463.04736949101
"20338",7168.17545876219
"20339",6517.8002227633
"20340",6015.04397516652
"20341",5279.43916312345
"20342",6280.83894465632
"20343",6075.53084104953
"20344",7811.44353711914
"20345",5799.20723575451
"20346",8173.29455656509
"20347",10087.8507409405
"20348",5810.16046975204
"20349",9760.17918866307
"20350",5561.95106116455
"20351",5552.85698865643
"20352",4658.91025963999
"20353",8086.54395152664
"20354",6623.81299131694
"20355",8039.52482115601
"20356",8123.86186878253
"20357",5301.95946713643
"20358",9946.34437849189
"20359",7270.76772857969
"20360",5211.72565238119
"20361",8765.41346331749
"20362",5115.90242276061
"20363",7780.42349050702
"20364",6200.47359345226
"20365",5590.05881659201
"20366",5359.76113537629
"20367",7116.18695169509
"20368",7006.9493667022
"20369",4870.01167221213
"20370",7915.68270149335
"20371",7375.77880290326
"20372",8518.22293284025
"20373",6978.87024642811
"20374",8655.11150830457
"20375",5539.67218019814
"20376",6363.45086599794
"20377",7340.81203482926
"20378",6100.43971609802
"20379",8466.89962484669
"20380",6570.01032113522
"20381",8074.57427274411
"20382",5215.96172528857
"20383",7885.81581434748
"20384",7264.14441664407
"20385",9876.16772609244
"20386",7960.87616129331
"20387",5245.83919872159
"20388",5501.47971730115
"20389",7465.57410408434
"20390",5412.43542335501
"20391",9936.94665760069
"20392",5229.13868482078
"20393",5602.8652654299
"20394",8282.05378656187
"20395",7151.00748028538
"20396",6097.89727450484
"20397",6364.90822800061
"20398",6257.2708038086
"20399",5786.09631178298
"20400",5609.1478807538
"20401",7419.30104211986
"20402",5380.62641733333
"20403",5410.88661023107
"20404",5594.23817566234
"20405",9277.94186863625
"20406",7103.01561932358
"20407",6137.36379907805
"20408",6988.69835532197
"20409",6320.3825789743
"20410",7989.60795257363
"20411",7060.52974742508
"20412",8600.22233178466
"20413",6099.67329762085
"20414",5903.42438197391
"20415",5513.88229846062
"20416",8241.48322623237
"20417",7951.66970956769
"20418",6051.06156210063
"20419",7557.56606921081
"20420",5738.62028346737
"20421",7195.84466399313
"20422",7531.62775453921
"20423",6573.51907624429
"20424",6154.85098129968
"20425",11774.773643843
"20426",7071.22323709524
"20427",8260.1596994219
"20428",7996.7728013005
"20429",5858.22139793294
"20430",5840.83520193935
"20431",6554.60785716849
"20432",6708.18984779812
"20433",7731.8152895035
"20434",8628.90147036526
"20435",8556.05897826256
"20436",5075.00750745001
"20437",5714.40807127329
"20438",9513.02207551254
"20439",6636.22403632868
"20440",8567.86436749256
"20441",4635.01339893758
"20442",6519.1456296284
"20443",6303.06526192179
"20444",7710.56459591751
"20445",7278.96710281145
"20446",7703.34292621592
"20447",9065.08960215304
"20448",5145.88512950585
"20449",6789.40888070454
"20450",7985.95124730126
"20451",8490.94683755434
"20452",9043.03723775112
"20453",7257.06962898369
"20454",7698.22577992273
"20455",8245.85209899253
"20456",10735.1095325908
"20457",6203.69530269737
"20458",6511.74705803081
"20459",7770.2780928205
"20460",6506.08720400626
"20461",9370.44314637929
"20462",5976.3645652777
"20463",5823.51110641547
"20464",6083.22922668809
"20465",7316.65510536088
"20466",9334.37223982764
"20467",5811.86055931588
"20468",7861.69527793381
"20469",5747.03350282064
"20470",5445.60349719474
"20471",4218.22607206773
"20472",7527.40399581921
"20473",10237.3086116431
"20474",7140.19848635783
"20475",7049.30215080407
"20476",5271.94278275053
"20477",10147.1333304276
"20478",7835.09491159586
"20479",9436.00927482234
"20480",7849.98344617725
"20481",8102.43721616092
"20482",6607.99785275543
"20483",6414.45325179083
"20484",7921.21388059601
"20485",7153.04974698101
"20486",5233.23117513695
"20487",7103.1707083413
"20488",6225.40868422915
"20489",6073.0990364739
"20490",5819.31089294916
"20491",7427.37140716032
"20492",7604.04005278653
"20493",7722.45923367072
"20494",5725.82095267701
"20495",4588.09045377186
"20496",8036.40677866145
"20497",8625.82193081264
"20498",7307.5209009217
"20499",8306.84004106213
"20500",7916.11398942232
"20501",7267.70484097702
"20502",7860.20792042821
"20503",6023.54470541318
"20504",7604.29820862256
"20505",5385.87528927364
"20506",9284.35995656155
"20507",8771.52216744192
"20508",7593.62388705763
"20509",6365.40989930523
"20510",5598.58367212102
"20511",8148.37711233229
"20512",6157.42768468344
"20513",8646.34156056987
"20514",10106.0038857903
"20515",9324.02078494807
"20516",6774.46353662684
"20517",8021.69502635515
"20518",6498.38587356118
"20519",8975.48012608522
"20520",5622.66692507328
"20521",6759.03689055492
"20522",5433.41375335544
"20523",7050.00068599814
"20524",8001.59815819535
"20525",6363.29690645744
"20526",7408.29534726243
"20527",5691.11011141005
"20528",8462.14262094522
"20529",9060.57552710946
"20530",10750.6987908129
"20531",6115.4605609129
"20532",8533.03193287386
"20533",5135.64887663691
"20534",9068.60431117982
"20535",8361.51798784422
"20536",7528.24535522608
"20537",5419.47006252578
"20538",6116.17315952952
"20539",7891.7919466056
"20540",7618.57276799931
"20541",5105.89039232948
"20542",11962.2014299021
"20543",6128.33510767461
"20544",8483.0368769034
"20545",5959.4862301848
"20546",6722.64722468574
"20547",6438.07159797641
"20548",6695.9580719277
"20549",6870.40804550553
"20550",8114.11695044987
"20551",5344.04442348894
"20552",9865.68321936991
"20553",7464.72156574915
"20554",9530.26418902308
"20555",4724.4886953964
"20556",7423.94798515434
"20557",7591.17781891438
"20558",6082.72333033092
"20559",7492.14910164238
"20560",8367.52220358105
"20561",7138.77058630618
"20562",4516.33949699348
"20563",6221.8189785521
"20564",5982.65533526023
"20565",5971.32531084492
"20566",6694.64971438885
"20567",6740.50567950486
"20568",6574.1108247321
"20569",4231.31921425045
"20570",9161.95457710385
"20571",6405.77939154594
"20572",7049.21017939933
"20573",6901.25598945085
"20574",7497.4001253113
"20575",6866.06312897439
"20576",7547.26564230114
"20577",6322.80257285275
"20578",8026.6538160539
"20579",5693.72894315192
"20580",8111.5890302779
"20581",10560.9235315596
"20582",5341.19821872722
"20583",7982.27687098435
"20584",7578.74229765415
"20585",7183.25115800254
"20586",6975.79858003677
"20587",7051.86315217322
"20588",4232.35745688524
"20589",6417.91868882259
"20590",7643.68407946628
"20591",7819.95805931536
"20592",5107.55993331873
"20593",6697.89813370992
"20594",6566.81600869434
"20595",6583.00771375498
"20596",5267.77545208519
"20597",6465.66957274563
"20598",8226.79634387042
"20599",5262.60604743046
"20600",7017.86603177648
"20601",5377.38900608612
"20602",7642.67667617414
"20603",7621.70019167371
"20604",5744.12803598562
"20605",5652.32777556278
"20606",8573.19405882974
"20607",6959.08544125382
"20608",6399.82737091691
"20609",7669.7780399924
"20610",6339.29208230985
"20611",7816.92911712603
"20612",7981.16716376199
"20613",5264.33150100903
"20614",5990.72539160317
"20615",5898.81140200626
"20616",5324.57907006158
"20617",6427.48912784972
"20618",6071.2934978315
"20619",6704.94656313164
"20620",7531.24635158969
"20621",9002.5814699622
"20622",5295.30593769774
"20623",6080.77352535585
"20624",7294.84392556035
"20625",6928.19210357353
"20626",9450.37668886581
"20627",5385.72350520535
"20628",6020.2327785673
"20629",6222.41265866493
"20630",5487.61145254142
"20631",7301.75721047042
"20632",6583.18911244735
"20633",6638.21728818769
"20634",7211.28203640308
"20635",8179.34244806631
"20636",8523.66616062467
"20637",7337.91558771019
"20638",7387.78563599366
"20639",6281.6607685398
"20640",7526.05959241787
"20641",8499.96172242927
"20642",7159.25745046826
"20643",9091.64178289252
"20644",7294.60888140281
"20645",6691.28991967546
"20646",8530.95406501484
"20647",7636.61770615668
"20648",6378.13815900343
"20649",5519.05652346293
"20650",8903.78841473685
"20651",8402.42586289041
"20652",6996.05904033834
"20653",6386.88369729629
"20654",6802.88351863876
"20655",6469.11662847287
"20656",8736.30698794157
"20657",8623.36152458472
"20658",7495.12552031285
"20659",7217.91373720876
"20660",5896.52080293544
"20661",6647.89694524779
"20662",8447.38216784139
"20663",5820.0670703567
"20664",7563.64766684966
"20665",7708.34256811944
"20666",7599.15391526648
"20667",7077.65143196216
"20668",6584.08574054636
"20669",8860.91415204801
"20670",7023.14553945646
"20671",9184.51065331582
"20672",9860.76547520181
"20673",5701.61032520183
"20674",5566.58635055319
"20675",9023.45552575944
"20676",5059.28391762574
"20677",5165.82402849253
"20678",5725.14337616704
"20679",6330.31808286858
"20680",8868.53337773786
"20681",8302.92740437433
"20682",7063.7480249495
"20683",6441.47018576921
"20684",6049.64658062558
"20685",7787.14054406351
"20686",5442.03063976744
"20687",8777.36346439196
"20688",4933.44740214995
"20689",7141.53204644729
"20690",9185.64826221047
"20691",8686.15456859696
"20692",6716.35798404403
"20693",5189.46290222968
"20694",6436.19456339297
"20695",7705.3863911865
"20696",5907.06043663846
"20697",8634.4073712428
"20698",5771.93211431602
"20699",5373.67006866706
"20700",7847.80427387193
"20701",6757.97804495701
"20702",7182.85827647218
"20703",8892.85803145473
"20704",7993.66651576258
"20705",6563.26833081974
"20706",6782.91375665207
"20707",8970.2441777787
"20708",9161.90561483006
"20709",5659.21207662888
"20710",8769.22488256369
"20711",5870.49741662947
"20712",8234.02184422047
"20713",7869.62907467536
"20714",6976.84647311986
"20715",7617.82784979782
"20716",6219.33917895441
"20717",7985.26758159427
"20718",7451.09887641552
"20719",6835.6401198514
"20720",5913.28756843375
"20721",5881.36423913264
"20722",5263.15186502352
"20723",7086.62518445588
"20724",7550.85176027209
"20725",8115.55932271571
"20726",6326.53811138228
"20727",6697.13531460988
"20728",7256.47179770963
"20729",5913.27199741838
"20730",6435.05900205108
"20731",6848.26418435908
"20732",7393.795619397
"20733",4946.25152891265
"20734",7589.70496254405
"20735",5072.53403185605
"20736",8743.09333177425
"20737",6609.21681197724
"20738",4953.51966691691
"20739",8039.04512833671
"20740",7624.33692418541
"20741",6326.47190455357
"20742",8429.90005779787
"20743",9718.52623841922
"20744",7009.92616883419
"20745",9245.61728219044
"20746",7018.3352480987
"20747",9348.01259865639
"20748",7914.19462878743
"20749",6001.34549913544
"20750",10180.4478989508
"20751",8443.60665063025
"20752",6180.66189633168
"20753",8595.75698296834
"20754",6374.82710956599
"20755",5886.77468741898
"20756",7737.99566382023
"20757",4870.62468661015
"20758",8601.16530922909
"20759",7580.76192090661
"20760",4709.75097351027
"20761",7182.45946371519
"20762",9080.1882027033
"20763",7183.81124163741
"20764",8066.56276780784
"20765",6693.0713285397
"20766",6622.24981221369
"20767",8714.6756913563
"20768",7335.90336100567
"20769",7244.73256180953
"20770",6672.2806986671
"20771",6778.81735136299
"20772",9047.05194546516
"20773",7929.74314446324
"20774",5790.14920258195
"20775",7247.57273151118
"20776",7073.76501588195
"20777",5876.31242260625
"20778",8654.94450089798
"20779",7023.13433619456
"20780",7920.03654749284
"20781",5851.56730832594
"20782",4606.60764410246
"20783",8034.23275581489
"20784",8949.3234080496
"20785",5755.20535186955
"20786",5906.98513265426
"20787",6625.18233995878
"20788",6147.57203159108
"20789",7486.57262004873
"20790",6461.85324709177
"20791",9529.08223288659
"20792",7913.5151725449
"20793",8775.27075037765
"20794",8369.78740177733
"20795",6453.39401553671
"20796",6388.23025262669
"20797",6207.92290188854
"20798",9381.32439521938
"20799",6722.74851066606
"20800",7430.29487302346
"20801",5152.64251806892
"20802",6876.36903952362
"20803",7527.01299649393
"20804",7075.78271622864
"20805",7377.24062418165
"20806",7343.62512197011
"20807",7952.4583426245
"20808",6811.86802300823
"20809",8607.95081585597
"20810",8305.96554030484
"20811",7290.58100548939
"20812",4453.40033240934
"20813",7388.1961919276
"20814",6476.65483989273
"20815",7307.35908391579
"20816",7400.09002469868
"20817",5658.72441312486
"20818",8597.4981274637
"20819",9540.73917507708
"20820",5060.07583702902
"20821",6976.20628577712
"20822",5960.21145771625
"20823",7870.52013766665
"20824",5658.74633675554
"20825",7699.55219257957
"20826",10369.7181648064
"20827",9501.93113549657
"20828",6658.83049518595
"20829",4384.1336607652
"20830",8637.55607676612
"20831",7770.6940475627
"20832",6804.62820202186
"20833",5653.0884034987
"20834",5326.12141266701
"20835",6597.61900021893
"20836",7586.86423766382
"20837",7059.12460655427
"20838",6604.49806238121
"20839",8977.09747333955
"20840",8579.56335971104
"20841",6512.55066291879
"20842",9175.54017418655
"20843",5471.93777491264
"20844",7795.18962850083
"20845",8107.07321297159
"20846",8112.52205275325
"20847",6680.60345727618
"20848",6611.44485405586
"20849",8055.50924158212
"20850",8398.55245021276
"20851",5591.2332473775
"20852",8124.22757595057
"20853",12031.4634852258
"20854",8996.11590226285
"20855",6915.3011703234
"20856",8629.43299709208
"20857",5922.83143378644
"20858",6255.47735612008
"20859",6735.0105428373
"20860",6306.77452383631
"20861",7508.25599291736
"20862",8941.25619710487
"20863",7078.08797702257
"20864",7440.15444975572
"20865",7689.74895013835
"20866",6518.37347831059
"20867",8431.6325987134
"20868",6681.569637369
"20869",7116.7797885815
"20870",9429.71743184536
"20871",7046.38481409403
"20872",7005.70872283338
"20873",8665.98395490482
"20874",6811.04847812936
"20875",6142.37497186709
"20876",7326.79600889254
"20877",7425.67787010264
"20878",10148.8060313342
"20879",8624.67029931296
"20880",7128.74112605875
"20881",9461.06986566864
"20882",7846.09750963498
"20883",6780.76683798912
"20884",6566.3138223148
"20885",9509.55236007612
"20886",8044.39297586592
"20887",5095.58991946862
"20888",6893.61201226027
"20889",6252.82424115004
"20890",8208.46772354194
"20891",7223.99920463426
"20892",8667.622431425
"20893",7590.89464782358
"20894",6270.78033560545
"20895",8512.61890668979
"20896",5341.79069127107
"20897",6146.96678727183
"20898",8595.22270513168
"20899",8149.97899997527
"20900",6603.9129889334
"20901",8201.0986219164
"20902",9170.61185088668
"20903",5501.52983811218
"20904",6420.59175836489
"20905",6533.50976209808
"20906",3732.19498744291
"20907",5467.39913571785
"20908",8577.9805048884
"20909",9566.22863989932
"20910",7192.13752102125
"20911",6376.39095705206
"20912",6167.30067067191
"20913",5343.80767444496
"20914",5544.4263988728
"20915",9400.09093884169
"20916",8577.84502737237
"20917",6126.03613322276
"20918",9728.75534371492
"20919",8017.33736483268
"20920",8670.21784604166
"20921",8038.20318845424
"20922",6558.52475089229
"20923",7479.39717844349
"20924",7438.8502062769
"20925",6613.84463667887
"20926",6268.29111249365
"20927",7235.5542929391
"20928",11895.9305251077
"20929",6073.29043032788
"20930",10184.69348728
"20931",9180.88516226057
"20932",8675.06296043022
"20933",7770.47847435601
"20934",4310.49947255311
"20935",6281.89052771201
"20936",6830.56763791289
"20937",5319.74354538043
"20938",6488.20578161061
"20939",5631.23685449709
"20940",5307.18499504931
"20941",6102.1135662253
"20942",7450.30939975346
"20943",6432.83634638232
"20944",5276.82177055801
"20945",9340.85463141371
"20946",6702.07314440085
"20947",6065.97492263193
"20948",6097.33767789113
"20949",8387.71273290673
"20950",7764.74682395953
"20951",5125.9726588211
"20952",9007.07993651807
"20953",4427.08481393995
"20954",9150.1659072565
"20955",6157.03671720473
"20956",6035.96071060157
"20957",6462.39079207008
"20958",4967.65997120559
"20959",5985.52130612533
"20960",7681.59962966868
"20961",6663.07244527269
"20962",4378.66427556151
"20963",5205.90638404696
"20964",7830.85083188342
"20965",7424.72758910512
"20966",5904.99966157812
"20967",5259.26670747295
"20968",6592.75777611683
"20969",7239.56027858225
"20970",7690.97977578074
"20971",3900.1421378807
"20972",6956.05827895017
"20973",9658.49556588586
"20974",8518.58017532622
"20975",8315.82007230417
"20976",7485.78506366166
"20977",5578.71877870955
"20978",5518.28274866952
"20979",5123.613953548
"20980",6015.56164985902
"20981",5915.46772450321
"20982",6257.62911781592
"20983",9277.19994982337
"20984",6019.17306764819
"20985",7840.30438103721
"20986",7232.46326921079
"20987",7440.01140662723
"20988",6042.72276776013
"20989",5127.36466194178
"20990",6784.75515949785
"20991",8070.60190452318
"20992",6322.82623025766
"20993",5881.98184073545
"20994",6953.22403049382
"20995",9852.2358013629
"20996",5697.19372293122
"20997",5686.80638456272
"20998",6756.03079268759
"20999",6120.37384490398
"21000",10497.6303740321
"21001",7519.82339839691
"21002",5382.77779064132
"21003",7431.5979158514
"21004",11369.2098409322
"21005",7470.7220979948
"21006",4263.45961491837
"21007",8710.92253091741
"21008",7800.98969403612
"21009",6138.83322935301
"21010",9083.16903117665
"21011",6159.30309845211
"21012",6495.12682609965
"21013",6893.1507967031
"21014",6830.96469119973
"21015",5808.74613312823
"21016",5824.99325563448
"21017",6787.2536705121
"21018",5074.738373141
"21019",6054.86829235826
"21020",5794.47835485413
"21021",6790.59588346413
"21022",7302.48153142186
"21023",6361.74246351803
"21024",7641.13940196818
"21025",7463.19905284493
"21026",11284.5664058157
"21027",5752.96098770822
"21028",5947.54708612211
"21029",5101.10754506805
"21030",4830.23117129387
"21031",7972.44479247247
"21032",5386.46632470367
"21033",5673.47743402866
"21034",6235.36189721672
"21035",8715.65467657234
"21036",7375.7834884273
"21037",7120.96921136324
"21038",6184.94447407425
"21039",6260.95087484653
"21040",6801.09332164177
"21041",7652.57341044076
"21042",6023.2834518901
"21043",5872.06390206867
"21044",9263.1021941262
"21045",6805.05379214564
"21046",7642.84039928384
"21047",9259.56806888333
"21048",6956.89648253177
"21049",8036.59784878314
"21050",7795.9430597278
"21051",9672.07102855602
"21052",6436.989617026
"21053",6887.53207168342
"21054",6908.99642057354
"21055",7741.5928884854
"21056",6068.64010341552
"21057",7869.02712195129
"21058",6359.80883910898
"21059",5302.21152899812
"21060",9299.20309582752
"21061",8035.46902678501
"21062",8819.47504875347
"21063",8257.90720222131
"21064",7699.3559215076
"21065",7425.24935281789
"21066",8232.76909559963
"21067",7569.32571519706
"21068",6345.86706965414
"21069",4801.58037735376
"21070",5358.28110738759
"21071",9231.0267306361
"21072",5626.49681702866
"21073",7679.58999715365
"21074",12884.5705269897
"21075",6097.37900375308
"21076",8314.57516061057
"21077",6596.15736724932
"21078",7365.65470024037
"21079",7854.48216796993
"21080",8558.28043855272
"21081",5444.72436260654
"21082",7343.77303699509
"21083",6272.61004781443
"21084",6885.45277887319
"21085",6397.65203164155
"21086",6801.03625562014
"21087",6232.75729789522
"21088",4904.44250409287
"21089",6885.58185238614
"21090",5245.01271470703
"21091",6021.72973491701
"21092",7887.97309718508
"21093",6946.81399483184
"21094",6943.92197616357
"21095",6035.3751178324
"21096",6350.93199723854
"21097",5549.3687623523
"21098",6234.08510988913
"21099",6285.58567850336
"21100",4987.53898825391
"21101",6925.324324792
"21102",12771.7993470045
"21103",6576.51003615726
"21104",8316.34820146321
"21105",7044.32073078824
"21106",7108.55199687192
"21107",11168.4505681134
"21108",7251.98664963226
"21109",5303.47518492931
"21110",5804.51457047028
"21111",9561.58533465851
"21112",5717.39511765224
"21113",6909.38114790489
"21114",6068.70022205253
"21115",8264.13008228676
"21116",5719.56259009549
"21117",5240.00050712425
"21118",7540.53241294125
"21119",7564.12733835693
"21120",8100.65345685228
"21121",6797.8654737163
"21122",4512.23659307018
"21123",7563.67506160147
"21124",8355.44224302675
"21125",8238.19783133419
"21126",6443.83580300078
"21127",6425.32117675977
"21128",8580.30939188197
"21129",8809.86711624938
"21130",8268.89607069123
"21131",6877.64085787201
"21132",8287.74349393335
"21133",5707.87715372588
"21134",6737.65711719208
"21135",9898.76933805145
"21136",7305.06174929409
"21137",7446.0597155733
"21138",10161.7271061429
"21139",7800.54293697652
"21140",8377.34909254593
"21141",7463.64602449417
"21142",4260.3049442865
"21143",5146.84424698241
"21144",8453.40045911848
"21145",6185.4162516663
"21146",8871.11483874471
"21147",7115.29258770741
"21148",6614.85136735691
"21149",5141.67463934648
"21150",6072.47344380649
"21151",7478.477919988
"21152",6601.83533324794
"21153",5934.35859013222
"21154",7158.6967937324
"21155",6016.45877264334
"21156",8548.18438578292
"21157",9576.05209771085
"21158",5797.58485164402
"21159",8515.71707771643
"21160",6803.00834127271
"21161",6563.26208061155
"21162",6912.52971700469
"21163",6788.51468920403
"21164",6039.5568012002
"21165",8251.89172134411
"21166",5696.69292144297
"21167",7435.68483498785
"21168",5882.23273262954
"21169",5574.32775115676
"21170",8081.26447798302
"21171",7278.48842000494
"21172",11409.3914587299
"21173",5910.18898365049
"21174",7436.12158195425
"21175",8311.60715055811
"21176",6234.03458844523
"21177",6214.46540148982
"21178",6361.69451156771
"21179",5940.93044459179
"21180",5134.16189893591
"21181",13278.7338793729
"21182",7971.9100586665
"21183",5868.99975245459
"21184",7036.20940461479
"21185",4447.64623791941
"21186",7455.89864716817
"21187",6394.90190411238
"21188",7241.56032959902
"21189",8305.8761028978
"21190",7812.39067601235
"21191",6473.51763359958
"21192",4156.70395321465
"21193",6522.7101752311
"21194",8059.75662126955
"21195",8904.86330556547
"21196",6596.31403377292
"21197",9420.50945430848
"21198",6038.60526224342
"21199",7813.48301226613
"21200",8295.91289817628
"21201",10109.4176360255
"21202",6996.00509494625
"21203",5026.77409616517
"21204",9220.05276335568
"21205",7550.41242736765
"21206",5508.19975135939
"21207",7163.62164359179
"21208",7782.91145760407
"21209",7195.93356908107
"21210",10420.0312653998
"21211",6633.75026593127
"21212",7799.97643297048
"21213",6011.04199969579
"21214",6349.41666497916
"21215",7162.33726765736
"21216",6188.07679666972
"21217",6205.28489003732
"21218",6660.71553204536
"21219",5846.87070417478
"21220",7931.64821136551
"21221",6308.53779912722
"21222",8392.63249807529
"21223",7374.07507598449
"21224",6507.5599757676
"21225",9112.18361984424
"21226",5664.49363232955
"21227",5438.50699978517
"21228",6794.94302768284
"21229",9003.97915248467
"21230",5497.10671706376
"21231",7560.13740015797
"21232",10219.8430363584
"21233",7964.44479869258
"21234",5833.62347308332
"21235",7321.74386070596
"21236",6715.05072361089
"21237",8841.72787348231
"21238",9558.37508718433
"21239",7195.20633135738
"21240",8285.14781574697
"21241",4628.71090282506
"21242",6836.01757439683
"21243",5221.91317990751
"21244",5709.74396791994
"21245",7086.37727729002
"21246",6524.58297472754
"21247",7441.73716133749
"21248",7797.42969382177
"21249",8346.19279604426
"21250",10790.5621487483
"21251",10279.464135253
"21252",7898.09738693076
"21253",5743.5221499123
"21254",9173.52860904488
"21255",5101.79456042353
"21256",5785.2543818684
"21257",7129.97612575624
"21258",7664.283527052
"21259",4941.39532203882
"21260",5792.3525100951
"21261",7293.2974739505
"21262",6731.44991068703
"21263",8569.14683351918
"21264",8627.8866250499
"21265",5631.94399785104
"21266",4868.0571888555
"21267",6611.61711367111
"21268",9660.90163278992
"21269",6128.91931355305
"21270",8179.16550111545
"21271",8341.87244561423
"21272",7590.5359728477
"21273",3986.84399720873
"21274",6618.80078939736
"21275",6669.88388266547
"21276",8732.78624125891
"21277",7779.28957846484
"21278",7997.66579086549
"21279",7853.09890648798
"21280",6123.42261115477
"21281",4978.16835029674
"21282",6851.72799112428
"21283",7450.76467587068
"21284",7264.10497914475
"21285",7232.62122325575
"21286",7962.28129126785
"21287",6602.49686463719
"21288",7607.87800951685
"21289",5712.40921450286
"21290",8644.48373856588
"21291",6553.56332659912
"21292",9539.58171043636
"21293",10194.2120533356
"21294",9299.8422491459
"21295",5821.32747144021
"21296",6818.79127889184
"21297",6603.228885133
"21298",10048.5114393852
"21299",8558.61390817867
"21300",7132.06148217898
"21301",6647.42167339181
"21302",8623.93908663537
"21303",6723.67409739988
"21304",7858.06848403298
"21305",4825.02250377152
"21306",5598.49394621811
"21307",6559.02449484728
"21308",9427.36776828592
"21309",6286.45934608252
"21310",8566.56716308506
"21311",6731.39797403416
"21312",8693.02284154746
"21313",5815.99022842707
"21314",8297.97014573728
"21315",6139.66820435546
"21316",5662.96579212133
"21317",5488.8699508409
"21318",6581.11763356817
"21319",6544.06509219683
"21320",5653.50325811938
"21321",8024.45384787685
"21322",8123.89434075656
"21323",8125.96982357783
"21324",7427.44415552629
"21325",8646.50717674777
"21326",9494.83337438246
"21327",5885.46148215651
"21328",7511.85177031354
"21329",7417.48227740095
"21330",8607.0499052311
"21331",7568.14189013466
"21332",8445.56370503197
"21333",8511.94193337288
"21334",4894.19486583981
"21335",7481.68344777468
"21336",7305.86882797056
"21337",6010.35898302235
"21338",8010.42873180954
"21339",5294.52539878207
"21340",7934.74628573475
"21341",5911.71005150007
"21342",5770.97644407571
"21343",6060.65520263735
"21344",5789.98458039436
"21345",6804.95306198289
"21346",6590.06176891807
"21347",6848.39889031628
"21348",4349.38101888651
"21349",6258.80620689504
"21350",8869.11950386318
"21351",8304.00845770073
"21352",5736.70686965051
"21353",6617.64754632303
"21354",8581.81230869343
"21355",8631.46715460925
"21356",6123.70567451255
"21357",6013.73699203049
"21358",9193.0964409681
"21359",6564.50935853512
"21360",7575.55136308282
"21361",8826.79407071657
"21362",7940.82046176496
"21363",6878.90822509077
"21364",6887.362895369
"21365",9122.8742494649
"21366",7680.37529963496
"21367",6653.15536541253
"21368",5997.83585732551
"21369",7667.67082900209
"21370",5770.61202037177
"21371",7312.99898057365
"21372",7687.65659483449
"21373",6341.51380637409
"21374",7488.60783455815
"21375",6961.65950225792
"21376",6661.21372659438
"21377",10215.6029023859
"21378",5215.87437478345
"21379",8199.17548908983
"21380",7954.59268293428
"21381",6333.78117720926
"21382",4329.38177239949
"21383",6069.24854332116
"21384",8393.19293640531
"21385",7419.41151451143
"21386",7579.96053575337
"21387",6502.03223605938
"21388",5892.87948793644
"21389",7596.33989096646
"21390",8822.36220421178
"21391",5524.95506191513
"21392",8093.09508239205
"21393",9434.7594595187
"21394",10116.8087348661
"21395",5598.80528011334
"21396",5650.00654005331
"21397",6870.02462162692
"21398",7515.84977795472
"21399",5572.12463692609
"21400",7465.27692174463
"21401",7528.66160822268
"21402",6008.52770402593
"21403",5485.882991989
"21404",8036.85154906895
"21405",8741.24770891307
"21406",6111.25812840959
"21407",8248.6264418808
"21408",6407.42853973982
"21409",7931.68689594543
"21410",6486.55335027016
"21411",6364.27632982039
"21412",7605.91968748661
"21413",5730.40087742192
"21414",6930.81112556318
"21415",6350.8970016935
"21416",8005.87869892293
"21417",5519.91067791584
"21418",6379.8269094073
"21419",7356.99918177927
"21420",9374.49787136186
"21421",8342.49048730781
"21422",4701.81089877739
"21423",6795.51618781227
"21424",9162.35390343651
"21425",8189.0884991487
"21426",8413.3139601303
"21427",4970.05621232531
"21428",7781.55614310448
"21429",7249.81183040356
"21430",8722.19444428958
"21431",7599.71147763635
"21432",6060.77639149058
"21433",8197.05791537182
"21434",7143.14074934986
"21435",7901.33891757292
"21436",8658.74278624718
"21437",5444.84320316398
"21438",10319.1621472695
"21439",5857.6714464067
"21440",4958.99326514409
"21441",6567.22671835083
"21442",8115.08967684806
"21443",5620.93132595692
"21444",6399.03884559828
"21445",6058.76348385941
"21446",9677.1331454739
"21447",9222.66936823313
"21448",6749.77574660585
"21449",9564.41734394815
"21450",8495.44164455555
"21451",7408.42233314883
"21452",6014.62632209108
"21453",8520.96681930275
"21454",6761.06061807569
"21455",7524.01084865025
"21456",7330.59227856146
"21457",9017.5602346641
"21458",9192.19172518512
"21459",6228.46998340752
"21460",7663.2030744735
"21461",6211.01228264095
"21462",7453.6770237219
"21463",6789.4937446059
"21464",5913.29125417631
"21465",6616.02004303765
"21466",6352.49118207737
"21467",9004.17312190715
"21468",8194.11514604857
"21469",7834.46888990308
"21470",6423.14064854379
"21471",7804.74699274325
"21472",8972.74634291043
"21473",7200.53607575635
"21474",8863.59286501912
"21475",6539.68690751718
"21476",8592.58712149884
"21477",8444.19084548283
"21478",5694.3887541767
"21479",6320.14311996286
"21480",6651.71658259241
"21481",5640.96684945394
"21482",7170.32286900896
"21483",6634.59064252549
"21484",6854.32283498268
"21485",7479.09015311227
"21486",9948.44954266014
"21487",6650.76595146794
"21488",7050.77358309572
"21489",7648.2262151737
"21490",4753.14247710282
"21491",5948.91150471589
"21492",6451.81242230793
"21493",5095.95292018683
"21494",6925.52835743168
"21495",5470.56371295243
"21496",7234.50983052478
"21497",6293.46725618038
"21498",8456.40472514113
"21499",7746.22261742225
"21500",9482.97629854196
"21501",6807.24292704183
"21502",5827.38980161332
"21503",7895.97403240281
"21504",7169.63620066655
"21505",6751.27474310305
"21506",6623.55577064784
"21507",8394.21566238248
"21508",5020.09461957496
"21509",7479.04281438578
"21510",10528.1757884566
"21511",5982.05805642743
"21512",5748.83864154341
"21513",9661.15108716355
"21514",7478.51256189786
"21515",5071.29652610559
"21516",7054.00025297869
"21517",6115.02259329991
"21518",5891.17491896368
"21519",6500.97456689336
"21520",6357.92743773118
"21521",8762.00111222853
"21522",7028.18249557428
"21523",8520.2862373533
"21524",7922.4836241591
"21525",9383.64555472705
"21526",9268.11351304602
"21527",9574.73961762158
"21528",8260.33651486599
"21529",5066.45432072504
"21530",8484.86233594269
"21531",9564.69803143157
"21532",5190.24152444827
"21533",9356.45342012052
"21534",8090.92855623746
"21535",8294.70117238474
"21536",9320.94261389637
"21537",7582.82478948409
"21538",7152.57361886845
"21539",7049.14484387168
"21540",5221.87713526688
"21541",5315.68627087433
"21542",6806.80037703622
"21543",8971.30548711618
"21544",6596.73933093984
"21545",7551.31306274496
"21546",8277.74958596485
"21547",6652.12819087293
"21548",8841.07018043724
"21549",7271.74297778202
"21550",8651.43849900077
"21551",6213.72353167359
"21552",7375.06634841517
"21553",6898.34154855891
"21554",7057.45704562633
"21555",5553.72470773884
"21556",8301.14474542591
"21557",6928.82588130007
"21558",8169.58117784269
"21559",7171.2464572968
"21560",7045.36329025136
"21561",7885.14401884767
"21562",6750.21468646642
"21563",5973.0065527497
"21564",8084.14300130919
"21565",6204.81343939627
"21566",8912.82486836638
"21567",6106.65503900683
"21568",4761.98111147742
"21569",8041.5473671611
"21570",9297.63671534501
"21571",6055.31493644435
"21572",6838.40416647495
"21573",9841.71985739676
"21574",6166.65354944467
"21575",4730.71004635204
"21576",6711.6017264776
"21577",9000.92498065129
"21578",6837.62425884833
"21579",9291.6605757239
"21580",6246.38033053567
"21581",6874.45300036699
"21582",5717.28396575562
"21583",8539.51825526648
"21584",9070.25461913543
"21585",7011.54471509667
"21586",5432.22274522599
"21587",5964.520314602
"21588",6298.29701251817
"21589",9970.61558966448
"21590",6968.1548154275
"21591",8261.40778426596
"21592",6585.70501972536
"21593",6473.44567998705
"21594",6832.06682165579
"21595",5587.55969733678
"21596",6726.83722104644
"21597",6212.48034779098
"21598",6589.09344157791
"21599",6625.93944696612
"21600",11290.074764725
"21601",7101.27540146328
"21602",7161.80195903609
"21603",8067.93357502871
"21604",8338.68751424137
"21605",6986.25275566627
"21606",6674.62447222011
"21607",7352.36873657706
"21608",7189.09033248626
"21609",10235.1246936255
"21610",7808.17770058114
"21611",7319.19424731418
"21612",7295.30457904221
"21613",8044.75479779667
"21614",6429.38585810999
"21615",10145.100762575
"21616",6726.00333849914
"21617",4354.37725033069
"21618",6863.06434893664
"21619",8674.33368143673
"21620",6761.51516337844
"21621",6326.47671815476
"21622",9449.45596584556
"21623",8895.10420334061
"21624",7121.29294905901
"21625",5160.74296036348
"21626",7251.72254370765
"21627",5138.80456178037
"21628",6522.55334891061
"21629",7376.65305867333
"21630",6996.43606135497
"21631",9231.28028161782
"21632",7486.20549960519
"21633",7340.46963634212
"21634",8893.7154281539
"21635",7522.71262348567
"21636",7460.85944898133
"21637",8126.1729883012
"21638",6982.47671307361
"21639",5827.62872839119
"21640",8655.22234956496
"21641",6399.48742411623
"21642",9710.63427983812
"21643",6650.90031243093
"21644",10950.2054909126
"21645",6700.28461653246
"21646",7573.61990548232
"21647",7437.82984221719
"21648",7096.23338104412
"21649",5139.99341307725
"21650",7086.719509884
"21651",6980.28421590307
"21652",9166.61682787375
"21653",7544.16679832665
"21654",10276.9503535672
"21655",6067.08600775758
"21656",7077.62524019515
"21657",6541.12964226943
"21658",5497.89273772977
"21659",5506.35516974351
"21660",10553.7612569182
"21661",7623.97800901909
"21662",8899.518665822
"21663",5667.17996417854
"21664",7093.09555291106
"21665",7926.68523708652
"21666",8492.08334754451
"21667",10262.0533588005
"21668",8636.40340946216
"21669",4829.20287068725
"21670",6657.43633709067
"21671",7478.03928100483
"21672",5644.68048722134
"21673",11699.0345597628
"21674",6544.72860599062
"21675",8236.66380535756
"21676",6387.54276030511
"21677",5907.16129459145
"21678",6291.89582119879
"21679",5375.7595773444
"21680",7445.41046027536
"21681",5714.05861832828
"21682",7593.57646418387
"21683",5180.77302197646
"21684",7630.08700918321
"21685",4855.69533376113
"21686",7105.03737144521
"21687",8822.29207083116
"21688",4762.8952989227
"21689",7131.9061911552
"21690",7519.84098888487
"21691",7458.1178426727
"21692",11185.5331965837
"21693",6887.75822657441
"21694",7428.9012019888
"21695",4669.22853460919
"21696",6290.50049573301
"21697",5130.44460349556
"21698",5913.22221056215
"21699",5907.16005993883
"21700",5993.30805748628
"21701",7674.12812378326
"21702",6138.28542464379
"21703",8923.11470000042
"21704",8790.806963185
"21705",4970.76852275351
"21706",5835.53835768617
"21707",6562.75938312328
"21708",7042.94183245261
"21709",7320.70794567449
"21710",9766.80700732916
"21711",9832.022415356
"21712",10181.0084510312
"21713",5370.37863980092
"21714",8352.12968271807
"21715",8527.33710558708
"21716",7900.43575571265
"21717",7687.25057502632
"21718",11056.4890532505
"21719",5627.13904760925
"21720",4981.47976305527
"21721",6841.15400933625
"21722",5089.39581006003
"21723",7490.0309429811
"21724",8167.75085094954
"21725",7522.73298669707
"21726",6725.6971681754
"21727",6048.41065928043
"21728",9260.77919897825
"21729",5245.9504530214
"21730",8949.93092128431
"21731",3966.38064561442
"21732",6832.32141768617
"21733",7985.01814476162
"21734",6821.87388423628
"21735",7464.20605500909
"21736",6804.00252775813
"21737",6657.59188475878
"21738",6676.07688560255
"21739",7640.53241413
"21740",12303.1195881197
"21741",7646.18152488983
"21742",8796.13473629529
"21743",6688.67137099601
"21744",6942.01834319136
"21745",5772.48502155617
"21746",8274.62780860115
"21747",8364.46821313115
"21748",7178.89212321033
"21749",7504.22033117123
"21750",8362.69764074519
"21751",11712.0134003558
"21752",6598.59606316324
"21753",7901.37067154351
"21754",7517.35415973652
"21755",7559.10621194307
"21756",5098.26533920649
"21757",7118.23329128662
"21758",5855.66116806473
"21759",8327.55168757972
"21760",6371.94187246425
"21761",8894.23692465109
"21762",6718.59721142122
"21763",6191.71758832844
"21764",10451.2712773767
"21765",9388.94126889069
"21766",5811.53589017216
"21767",8024.15155024574
"21768",10065.7967914549
"21769",7093.13966492014
"21770",6009.60703222913
"21771",5563.47930246235
"21772",8643.87930153232
"21773",6720.51178098967
"21774",6749.8217729872
"21775",6350.3584136228
"21776",5552.60595190934
"21777",6455.50759479363
"21778",5690.63713452407
"21779",5048.10214332575
"21780",6812.76317310981
"21781",8093.28665532647
"21782",6483.99541159733
"21783",6815.0281673494
"21784",6869.98477918972
"21785",6684.99469930802
"21786",6371.82411832473
"21787",5413.47341130776
"21788",5689.316726543
"21789",7490.88011368087
"21790",8429.67443308104
"21791",4733.62717103275
"21792",8198.43924540635
"21793",5131.49159505804
"21794",5880.06707239235
"21795",6034.80751170908
"21796",7000.7620414883
"21797",7251.31118896556
"21798",8549.5530048651
"21799",7777.80414044664
"21800",6255.41474756228
"21801",6952.39121213446
"21802",4679.54532141025
"21803",6516.32319106136
"21804",5932.19141198986
"21805",5331.64306914424
"21806",5776.47508383247
"21807",8653.93416654888
"21808",4692.78377907045
"21809",6253.32436319522
"21810",7922.80478653279
"21811",7789.21666615085
"21812",6220.56676808791
"21813",6208.41001455235
"21814",5398.30339089959
"21815",5241.93650553402
"21816",8082.04212135375
"21817",7618.8773914066
"21818",6377.07576621222
"21819",7476.24339421439
"21820",9206.47093656629
"21821",7103.47881520632
"21822",6507.79090617447
"21823",7741.68055498762
"21824",6916.36968104138
"21825",6837.09903062562
"21826",8551.50968432387
"21827",6730.09071008111
"21828",8744.91008812139
"21829",10420.8883316903
"21830",6684.52711087689
"21831",5714.16924444137
"21832",5375.07200672623
"21833",6270.3100732535
"21834",8077.67962003277
"21835",6914.09949485317
"21836",6559.54278256205
"21837",7564.9108756704
"21838",8313.31095376971
"21839",8386.55011072715
"21840",6250.68344927457
"21841",7710.02485416323
"21842",7702.81159500412
"21843",5359.84050011612
"21844",6910.63099232214
"21845",9258.59231079669
"21846",7777.11498386457
"21847",9995.72909708969
"21848",6122.11225543155
"21849",8397.96781867687
"21850",8058.19961717407
"21851",7479.35237535678
"21852",5364.44944474854
"21853",7038.14370346875
"21854",6868.87567387357
"21855",7624.32371491727
"21856",7073.58541962044
"21857",8112.5056879685
"21858",6475.77356913334
"21859",6379.22652565133
"21860",7129.05891868451
"21861",10312.2113549664
"21862",6327.58256589828
"21863",7267.9078616647
"21864",9661.765376217
"21865",8399.59940636372
"21866",7942.43671336899
"21867",8316.03398379797
"21868",5691.52659729543
"21869",7803.9010847215
"21870",5941.11847007538
"21871",6534.90915962663
"21872",5919.24363274898
"21873",7879.43849286694
"21874",8275.90641305382
"21875",5529.55871519697
"21876",7552.14191906382
"21877",9632.93784218842
"21878",4796.73084110462
"21879",7168.93694707618
"21880",4816.54905461623
"21881",4926.78227974966
"21882",6076.25972029631
"21883",7644.20752003125
"21884",6276.53976672231
"21885",8791.52144685129
"21886",5506.39889851928
"21887",7924.25030511644
"21888",6994.89075531689
"21889",7290.21066991424
"21890",4132.96561764113
"21891",7262.61406588542
"21892",6258.16390742878
"21893",5947.66952294058
"21894",7113.60702576497
"21895",10613.0772923008
"21896",9793.37434015623
"21897",9927.57049732612
"21898",7701.70288382007
"21899",5581.71032684156
"21900",7319.20121264329
"21901",8763.4833937549
"21902",9075.57397189978
"21903",5648.17226545757
"21904",8197.5263703884
"21905",9106.30341297596
"21906",6106.18970546865
"21907",7598.46743959419
"21908",6372.65759382955
"21909",7885.62313917619
"21910",6944.59478786403
"21911",6331.86812284809
"21912",5534.59077219601
"21913",6963.17156452635
"21914",7690.07987980013
"21915",12477.0800025136
"21916",6656.69047493127
"21917",7193.57803081724
"21918",7160.71785581925
"21919",10846.793761442
"21920",7230.36410036657
"21921",8910.55134107677
"21922",7071.717088184
"21923",6386.53358879012
"21924",7072.02269022864
"21925",7279.93098602075
"21926",7937.38504428572
"21927",6064.58244140184
"21928",6964.53464273898
"21929",7752.57884340388
"21930",5616.40321781225
"21931",7251.59631605362
"21932",7693.0005631505
"21933",7953.17065651651
"21934",5882.34051022975
"21935",8163.35311645205
"21936",7714.08898561984
"21937",6962.85034277823
"21938",7515.90852768795
"21939",9418.13939333162
"21940",8237.37709882964
"21941",8729.03398895406
"21942",6903.40982643047
"21943",6058.09353489428
"21944",5143.11809776588
"21945",5546.55487141891
"21946",5641.91667659254
"21947",6182.41959650895
"21948",6640.81877167052
"21949",7364.62138213283
"21950",5754.51546822893
"21951",10665.7962848161
"21952",5895.79766585362
"21953",7556.33908538831
"21954",7312.49920919315
"21955",5049.40701991451
"21956",6069.70514232137
"21957",5821.32966262829
"21958",9694.6146762262
"21959",6843.79657857966
"21960",6049.23395247132
"21961",5361.99269735861
"21962",7734.59372723307
"21963",6369.74865647236
"21964",6632.92184987728
"21965",8218.44758781116
"21966",9844.41616266114
"21967",6722.69934495547
"21968",8858.07703737617
"21969",9611.84168577921
"21970",7667.7343732252
"21971",6779.38615191136
"21972",6070.51849377031
"21973",11101.0775753114
"21974",5748.93907083253
"21975",7148.87180877513
"21976",8989.42530061689
"21977",7443.65825161948
"21978",7840.33868213259
"21979",8053.54697833162
"21980",5472.37094021203
"21981",6807.18041121023
"21982",8863.67043739618
"21983",10123.7619015214
"21984",7762.58701523687
"21985",6017.17539676289
"21986",11605.0677992993
"21987",7400.8262347217
"21988",7832.61613527762
"21989",5368.0976752855
"21990",6718.19473147847
"21991",6065.81899064962
"21992",7283.12331069413
"21993",10685.5332954699
"21994",5297.70190062513
"21995",4965.96865682239
"21996",5445.87137984581
"21997",5636.62399002548
"21998",7191.10812550821
"21999",7402.86714744975
"22000",6559.26581707575
"22001",10616.5696051662
"22002",6018.37980951523
"22003",9997.19549996934
"22004",5435.755328539
"22005",7413.99416399403
"22006",6928.45421144901
"22007",4660.79239808863
"22008",4938.40598352993
"22009",5685.17405890168
"22010",6612.74454968006
"22011",6477.11464641856
"22012",7512.73287387164
"22013",7837.03143222079
"22014",8926.05638417846
"22015",9120.01737568254
"22016",6816.13898539943
"22017",7493.72652791428
"22018",8224.02327834283
"22019",6556.35141860007
"22020",6045.88563608113
"22021",5702.72400850534
"22022",4280.33485394747
"22023",8962.12782073133
"22024",6728.3954327255
"22025",8398.61668951417
"22026",5346.66535134477
"22027",5400.52973549172
"22028",7075.80247181199
"22029",4628.65786659708
"22030",6092.70831283663
"22031",5900.91102112924
"22032",9311.06878827362
"22033",7440.51364478924
"22034",6936.48546158301
"22035",6008.87768510324
"22036",7001.44649705252
"22037",6028.59047161583
"22038",5665.95749060791
"22039",6963.60433492124
"22040",7458.82689872008
"22041",6131.43997025021
"22042",4936.54950262779
"22043",6267.45431555011
"22044",8192.1355507613
"22045",7549.58147533047
"22046",6525.88812835143
"22047",8204.43611471395
"22048",6187.16991330184
"22049",7775.3915631377
"22050",7400.4455395226
"22051",6503.31138945958
"22052",11841.0745221745
"22053",4706.38916710714
"22054",4176.7910561877
"22055",8864.3137748883
"22056",6480.70526556174
"22057",6861.93505385108
"22058",7242.76551946964
"22059",6939.64055773184
"22060",5995.82382509736
"22061",8286.60116853317
"22062",6824.69210234499
"22063",6341.0584635198
"22064",8020.94325759562
"22065",6924.62788918646
"22066",10441.8950901797
"22067",8023.27261836979
"22068",6547.64109546639
"22069",9998.675368982
"22070",4955.0383008691
"22071",6105.30968090297
"22072",5520.17017381622
"22073",7633.29726983964
"22074",6371.79466971842
"22075",8083.45038903197
"22076",8715.64580789775
"22077",9211.27965508233
"22078",6201.04653061604
"22079",8596.41001065656
"22080",6354.6958113509
"22081",6733.33694698334
"22082",7565.12408069059
"22083",8190.07808009954
"22084",6849.56208893723
"22085",10196.2105169781
"22086",5670.25162485124
"22087",6913.62004068837
"22088",7122.55165041132
"22089",6606.44080114471
"22090",8136.4423039198
"22091",7958.68479185335
"22092",5605.92943648242
"22093",9310.81103165422
"22094",7847.64558426549
"22095",7931.1528195974
"22096",8894.92942060094
"22097",7472.98852120398
"22098",6362.1808566579
"22099",6895.83897984131
"22100",7744.40374669772
"22101",5702.79175963867
"22102",5684.81289600533
"22103",7003.85942250497
"22104",7101.87147742893
"22105",8330.87451109374
"22106",11040.7984124118
"22107",6104.693863658
"22108",6016.36248116947
"22109",5812.77514052555
"22110",8379.11065383906
"22111",9707.77041159074
"22112",5527.09020972936
"22113",6527.41214162462
"22114",7290.7048404571
"22115",7305.05500490236
"22116",7803.84939195541
"22117",5716.25345546222
"22118",8175.28746239502
"22119",6613.49795243436
"22120",7931.96287415556
"22121",7349.49513705998
"22122",6734.19790218111
"22123",9728.38071906827
"22124",7493.06094878241
"22125",4426.02390135034
"22126",6073.59351388279
"22127",7410.12782824224
"22128",5565.24069328775
"22129",6353.85776030611
"22130",9165.21776463467
"22131",6538.15712675725
"22132",6840.46167258486
"22133",7002.47262498155
"22134",8036.82272635175
"22135",6815.08448447247
"22136",5292.47082891097
"22137",9008.82942667672
"22138",9712.90193941348
"22139",6432.87405564872
"22140",9171.09680319348
"22141",6530.33244750249
"22142",4450.78098547815
"22143",7528.75295258022
"22144",6330.77255249528
"22145",5937.47190687141
"22146",6036.71381196814
"22147",5605.87978860166
"22148",6718.29110405172
"22149",5578.27699271454
"22150",7944.53055339354
"22151",6268.36303820987
"22152",6526.48880890701
"22153",7663.12594217553
"22154",5083.17096791201
"22155",6833.09893033127
"22156",6996.06147822156
"22157",5140.35702482196
"22158",9777.03685357164
"22159",6094.61756195411
"22160",7201.18873662353
"22161",5475.06114367609
"22162",5001.10908924411
"22163",4875.63486305328
"22164",5651.68401654571
"22165",5641.81884674582
"22166",4944.12167099504
"22167",6173.50645384745
"22168",5503.07972119961
"22169",5212.39137439803
"22170",6132.25251736889
"22171",8028.67529340755
"22172",8465.37807917002
"22173",6368.02382006418
"22174",7983.88297683591
"22175",7374.46688259902
"22176",6852.20374955619
"22177",7363.78508907512
"22178",6925.61122214379
"22179",5862.23587012696
"22180",7005.5408008635
"22181",7336.78079639537
"22182",4753.07039330378
"22183",10426.5830310867
"22184",7080.39030073383
"22185",6918.55068801534
"22186",6676.57983299554
"22187",7006.42336729668
"22188",6396.72982210899
"22189",6808.10927256133
"22190",9365.33901544857
"22191",7915.58890027314
"22192",9107.02295017172
"22193",8515.87443399522
"22194",8874.53609595519
"22195",9600.29056711574
"22196",4991.84121176012
"22197",6946.8228148628
"22198",5846.70340268739
"22199",8731.2075341328
"22200",6489.06713929165
"22201",12398.2052149717
"22202",7151.4451587725
"22203",8777.22693919086
"22204",6789.00980839223
"22205",4850.86955844497
"22206",6298.43103497216
"22207",6387.86433783869
"22208",9433.52433220651
"22209",7381.73605800135
"22210",7339.36128949601
"22211",5185.37730150603
"22212",6002.73980369622
"22213",6949.19902361638
"22214",8142.79844557226
"22215",7415.53554869311
"22216",7726.64459611143
"22217",6026.84018416646
"22218",6913.2459971526
"22219",4916.59943450948
"22220",6931.61011278184
"22221",6924.93797799171
"22222",5847.1515472875
"22223",5818.39475727475
"22224",9255.90029882031
"22225",5818.24710484006
"22226",10785.4127841288
"22227",6308.80494767095
"22228",7899.01380105724
"22229",7276.73319541591
"22230",8106.87937414372
"22231",6923.7376184969
"22232",6361.07219014611
"22233",6126.70443118902
"22234",7878.04300510348
"22235",7464.00416443293
"22236",7981.61686062596
"22237",7369.04187458338
"22238",7056.06099604834
"22239",7148.32452020275
"22240",8005.74381100899
"22241",10320.5835625836
"22242",6342.39806725399
"22243",7091.71248946538
"22244",7045.61612068579
"22245",5124.71983921122
"22246",7167.78922283123
"22247",8888.48987647287
"22248",7904.35323720587
"22249",6414.94787825257
"22250",9762.25678255239
"22251",7583.60345947277
"22252",5561.67348741823
"22253",7013.81023380317
"22254",8140.38293435054
"22255",6499.9071442212
"22256",5584.07927559152
"22257",6576.82843911938
"22258",6879.00588644492
"22259",6445.84095862737
"22260",5878.07094653474
"22261",7627.15367191044
"22262",8671.52618895564
"22263",7869.3278054698
"22264",5749.6677769923
"22265",7750.40300743029
"22266",4443.15595264496
"22267",7661.76289494537
"22268",8174.81419338817
"22269",8391.42846626537
"22270",6847.83527002965
"22271",8113.32285836661
"22272",6210.815752019
"22273",6112.01756821419
"22274",6416.97086109727
"22275",6611.92126928288
"22276",11035.5571282054
"22277",5261.83300189654
"22278",5704.49938669166
"22279",5680.07931932104
"22280",6391.91361877093
"22281",5585.43356787546
"22282",6459.49201195738
"22283",8815.59323721168
"22284",4806.15990911652
"22285",7317.73938359227
"22286",5751.40745487628
"22287",4528.73756779371
"22288",5374.8460761143
"22289",5367.5896449972
"22290",6711.14029873165
"22291",7093.21733958109
"22292",6259.68468429453
"22293",5817.98242032168
"22294",8451.82777392807
"22295",5346.52369077295
"22296",7257.20416405007
"22297",6003.11218930825
"22298",5516.66365959225
"22299",8217.01838031592
"22300",8232.63525481495
"22301",6154.52598476898
"22302",7455.83878848962
"22303",5735.82489081419
"22304",7061.67567515205
"22305",8187.11452785179
"22306",6811.85854488201
"22307",6709.78345650869
"22308",7135.24962028687
"22309",4870.56538734758
"22310",9301.86326163691
"22311",6432.21915283046
"22312",6747.31807706766
"22313",9916.38959818085
"22314",7818.09571725534
"22315",6875.19505687527
"22316",6431.36171921359
"22317",9363.51576249046
"22318",8099.64958191034
"22319",7235.58219670843
"22320",6949.60531390611
"22321",7836.99268267628
"22322",6456.92455835431
"22323",9622.44534320524
"22324",7793.22360822494
"22325",5459.18354006975
"22326",6465.71166941766
"22327",8770.98170349778
"22328",6214.65694334776
"22329",6879.95290076361
"22330",8122.70992853432
"22331",7964.08691976019
"22332",7499.00299608782
"22333",5067.92076365049
"22334",6602.93202100777
"22335",6220.20531709338
"22336",5370.84763533646
"22337",5581.31241438559
"22338",8509.21331026805
"22339",6038.1518132103
"22340",6452.44580060918
"22341",7578.26934411222
"22342",5807.40318149565
"22343",8118.39503844351
"22344",6931.50482653904
"22345",6470.33911726431
"22346",6579.12137562292
"22347",9175.47012048729
"22348",6317.75900585033
"22349",7986.0023597861
"22350",6247.17100156961
"22351",6887.85255675055
"22352",5374.27825582046
"22353",9503.005481846
"22354",7011.50606269499
"22355",6312.23142332808
"22356",7865.79132068612
"22357",6770.11188882128
"22358",7088.23265260067
"22359",5915.24055106805
"22360",8798.38826225892
"22361",8725.6318399286
"22362",6507.55577223267
"22363",6472.72576131525
"22364",11452.0319933341
"22365",5246.41528683985
"22366",9629.46247280971
"22367",6282.09632372723
"22368",6228.38889553693
"22369",6222.28688566661
"22370",5116.76398164447
"22371",6460.85050960642
"22372",7288.23318643584
"22373",7341.86827097031
"22374",6670.46309648581
"22375",8110.35033717822
"22376",5911.20407641457
"22377",5632.63815058058
"22378",8793.34403302751
"22379",5499.39746872896
"22380",7562.26310532841
"22381",7665.17585864978
"22382",11458.0175283358
"22383",10584.4205757104
"22384",9009.47768131157
"22385",7682.92400699299
"22386",9242.09649651388
"22387",8126.35522050219
"22388",9095.86731944984
"22389",7564.27669469553
"22390",7463.66108046638
"22391",7985.77833420442
"22392",4649.16302819227
"22393",7750.45826050754
"22394",10905.0798867113
"22395",6839.15478390001
"22396",7469.86007533511
"22397",7334.49643968514
"22398",6846.0364395024
"22399",7711.64988067788
"22400",9462.49544217721
"22401",6936.31691592868
"22402",8031.58957502102
"22403",7083.69005195396
"22404",8092.88648331859
"22405",5763.19874928217
"22406",5779.78958883839
"22407",7306.54906102565
"22408",8335.44771679262
"22409",7926.47642351124
"22410",11711.598677957
"22411",6351.63495635314
"22412",6608.76007503811
"22413",8763.61865101656
"22414",9362.94661605829
"22415",7419.48357389792
"22416",5412.615779909
"22417",7429.68051176009
"22418",7601.96103408128
"22419",8444.08490716145
"22420",5987.32378094465
"22421",9615.69190193908
"22422",8660.64605946756
"22423",5605.28867864842
"22424",6275.82880893843
"22425",6911.80776625823
"22426",6836.45774562283
"22427",9915.18658645465
"22428",9638.5024938621
"22429",6038.8722943044
"22430",9008.85318995186
"22431",5941.71803139611
"22432",8322.02447147943
"22433",11202.534139857
"22434",8318.39142073487
"22435",5906.44915723965
"22436",9393.26086439335
"22437",6082.78375776638
"22438",5032.38563136156
"22439",9405.74801855321
"22440",4169.04689624418
"22441",5515.80122390348
"22442",6477.66361658596
"22443",4998.66631290655
"22444",8774.02339627078
"22445",7622.18115093183
"22446",6239.61410716143
"22447",7018.58682933697
"22448",4607.23363668427
"22449",7286.59768290267
"22450",6486.01049045217
"22451",4841.28524774122
"22452",8004.43706540384
"22453",7235.4099490158
"22454",6392.57588944644
"22455",7383.85571205244
"22456",8089.35624678743
"22457",5273.77643526539
"22458",6705.14955062633
"22459",6840.24088709885
"22460",9991.51144625509
"22461",7027.14726936939
"22462",7547.50561049917
"22463",6969.04073191322
"22464",6753.27939038269
"22465",7320.72779101264
"22466",6133.10452767572
"22467",5192.97164731369
"22468",6686.50040779445
"22469",7616.9265183083
"22470",7615.34446937858
"22471",9691.36424549468
"22472",8946.63375729755
"22473",5128.85304276646
"22474",5914.97340002791
"22475",9254.89650773112
"22476",8577.92771400943
"22477",7706.744669965
"22478",6351.69385353851
"22479",4944.33114197435
"22480",5868.67065144238
"22481",6842.17085309488
"22482",9690.4246229099
"22483",6573.16773158358
"22484",6652.38264645958
"22485",7145.35619760828
"22486",6002.9521783055
"22487",7367.35957468379
"22488",7435.2861214906
"22489",8992.02878616256
"22490",5872.3427158323
"22491",6755.01911627084
"22492",10895.5041032721
"22493",5263.19191978751
"22494",8548.97102507539
"22495",7792.85555783376
"22496",6120.81639885914
"22497",6816.2773301841
"22498",6377.22523380818
"22499",6005.49514131636
"22500",5547.55212037597
"22501",6290.91613901106
"22502",5672.93761014768
"22503",6711.93473700476
"22504",6896.66828017242
"22505",7231.65224000181
"22506",6699.57506308512
"22507",9473.86511057026
"22508",10619.9472105365
"22509",7064.99112469752
"22510",7840.70793427326
"22511",7054.76699745403
"22512",5748.6838470779
"22513",5443.99562450692
"22514",5818.06752058494
"22515",5295.85627535921
"22516",8679.35215762385
"22517",8693.18813331466
"22518",8098.77700857421
"22519",6267.72608245706
"22520",8642.97306911266
"22521",7158.89491795559
"22522",6853.4862906747
"22523",6224.67147568222
"22524",7189.36292995438
"22525",8602.81404025161
"22526",7168.94004228723
"22527",6066.0192144518
"22528",7195.78557702627
"22529",6363.72992904929
"22530",7029.16318579543
"22531",5705.29057536162
"22532",7887.25957228996
"22533",7201.45349024503
"22534",5781.06792780818
"22535",7020.70034653785
"22536",8641.41604846778
"22537",7516.81178227418
"22538",6587.00424519534
"22539",5437.6206629317
"22540",11286.6602507688
"22541",4998.50902548675
"22542",4934.82381612721
"22543",5725.70925597201
"22544",8331.36965870879
"22545",8622.68457536685
"22546",7059.88277630927
"22547",5249.50339309764
"22548",8234.66885935996
"22549",7094.51107821106
"22550",7895.18690796925
"22551",6919.17834125384
"22552",8410.82492972371
"22553",7170.0616360278
"22554",7762.46642517615
"22555",7396.69126936141
"22556",8301.20599301629
"22557",6900.46716473375
"22558",8554.63243847457
"22559",10196.0070807665
"22560",6475.58921754624
"22561",7711.60816391196
"22562",7778.03490918445
"22563",6373.89777263376
"22564",6983.62157323318
"22565",6774.34687721149
"22566",7382.89822547511
"22567",6725.98252478979
"22568",7028.42247788878
"22569",5950.13665740709
"22570",6101.30338577236
"22571",7297.93316403239
"22572",5948.18555959179
"22573",8814.39229363912
"22574",7429.18199124011
"22575",7230.03193943159
"22576",6602.87198735316
"22577",6111.99745912375
"22578",8698.12776128135
"22579",7594.3442217386
"22580",7937.85618170687
"22581",9905.80777045637
"22582",6059.37777923908
"22583",5627.74070570986
"22584",8768.86085337976
"22585",7290.85312354548
"22586",8351.0328830834
"22587",6835.84208829591
"22588",6976.45024061405
"22589",5234.11731070013
"22590",6884.1230847885
"22591",10221.4837004913
"22592",6189.66905392044
"22593",7964.93647027613
"22594",7297.93531172711
"22595",9072.1570008321
"22596",6515.15268953782
"22597",5133.41178655744
"22598",10421.0031467705
"22599",9135.70638573913
"22600",7482.87317745051
"22601",8999.40754142021
"22602",8279.61819158686
"22603",6113.240073639
"22604",5683.61350795535
"22605",5643.10342993643
"22606",7920.86862647646
"22607",6497.96582932982
"22608",9779.4745564328
"22609",7393.46034088144
"22610",5476.39510351343
"22611",6785.14296633158
"22612",8253.6025976765
"22613",9686.20994606005
"22614",6067.63077517724
"22615",7530.03876427672
"22616",8461.58348136638
"22617",6956.06056411455
"22618",6532.60339354857
"22619",6923.22011721193
"22620",5685.63714808483
"22621",7110.56081981074
"22622",6010.34141901864
"22623",8286.30714833617
"22624",6226.07450707926
"22625",7781.69261644796
"22626",6598.81784837088
"22627",7635.49277461371
"22628",5773.53568125061
"22629",7303.55632461166
"22630",11377.2345890478
"22631",6708.06180995614
"22632",8356.83276767811
"22633",6403.38078109012
"22634",9417.49330208665
"22635",5767.39443526536
"22636",4945.26458869294
"22637",6634.9182458813
"22638",7659.46211960099
"22639",7301.98953797623
"22640",8258.70043558196
"22641",7125.77342392961
"22642",8311.2404227973
"22643",6280.74036745568
"22644",7176.94916112953
"22645",5701.85214588423
"22646",6505.00686707976
"22647",6578.58840581207
"22648",8752.47598909092
"22649",10500.1714496167
"22650",7100.95413199223
"22651",7030.95516261951
"22652",6489.85102786053
"22653",6963.6383742355
"22654",7823.74707496532
"22655",5169.01243851002
"22656",7119.64496936529
"22657",6809.23020558221
"22658",7991.83363130492
"22659",7345.09412791517
"22660",9391.65133826969
"22661",6894.87318502398
"22662",7393.53116672859
"22663",7672.40668407174
"22664",5286.5350480026
"22665",6791.94905063287
"22666",6178.64343887165
"22667",6635.81696615024
"22668",6781.41856588165
"22669",6370.09909430111
"22670",7858.36616288409
"22671",5941.69605526338
"22672",4072.15883383155
"22673",8077.49656424107
"22674",6736.88472881566
"22675",5552.53684202968
"22676",5518.95804541196
"22677",7694.72971978754
"22678",7075.51089915493
"22679",9028.26987373807
"22680",8844.85846723325
"22681",5236.90227261698
"22682",6054.7792755705
"22683",7274.48118495992
"22684",8441.12601264762
"22685",9584.08166177513
"22686",8474.92843829765
"22687",8417.58184935784
"22688",8097.87200522696
"22689",6854.51364440151
"22690",7544.47294061881
"22691",8406.38297952232
"22692",6351.43753536977
"22693",7153.40190864512
"22694",7783.71465928
"22695",7556.99006660399
"22696",7683.37343299491
"22697",6177.29129871107
"22698",9086.32052433991
"22699",7858.40955039817
"22700",9728.61455598349
"22701",5875.25655869634
"22702",7496.73504508824
"22703",8779.14048593466
"22704",8536.416355949
"22705",4619.7323988694
"22706",8179.47020188011
"22707",6463.14090240303
"22708",5633.58713312055
"22709",8355.41397399659
"22710",4763.70082660201
"22711",7801.62435658859
"22712",8968.37992609548
"22713",6752.26795180949
"22714",8662.96449163556
"22715",6519.13103229935
"22716",6202.44076630735
"22717",6942.7969736172
"22718",6625.67824991365
"22719",5518.8921882448
"22720",6526.93486393152
"22721",7218.05032213989
"22722",9130.7231563907
"22723",7893.74532583555
"22724",6291.96465786026
"22725",7077.4174135513
"22726",7594.73752583571
"22727",6928.4498579462
"22728",6217.68549540555
"22729",6541.71545387009
"22730",6591.78567376064
"22731",7095.96180355124
"22732",7070.96538687017
"22733",5541.8301419519
"22734",5051.73971154268
"22735",5592.73729574339
"22736",7506.2119534051
"22737",5829.67956644018
"22738",6809.44994734394
"22739",5960.53047198857
"22740",5533.1145151019
"22741",6027.67411216586
"22742",6288.60387540204
"22743",6666.52616847421
"22744",5852.76925804239
"22745",7487.27221329984
"22746",9643.02058622847
"22747",7038.92043038587
"22748",4877.92653559852
"22749",5499.11074348355
"22750",8036.381086693
"22751",6051.20062459719
"22752",6003.68586298092
"22753",6815.21204838199
"22754",6639.33484687658
"22755",7581.59367648442
"22756",9115.92353283743
"22757",7832.86684699119
"22758",4543.61687044781
"22759",9947.33919722883
"22760",7949.5456728467
"22761",7402.65312533563
"22762",5725.64428931327
"22763",6282.12058305584
"22764",6666.85937200186
"22765",6639.53668550457
"22766",6623.00715148434
"22767",7782.33825247894
"22768",6826.53479316407
"22769",6027.87361297251
"22770",6935.96910214853
"22771",5607.02880510789
"22772",7713.26653635193
"22773",5462.73715485972
"22774",6154.00520421938
"22775",6119.00257016961
"22776",4805.59470135885
"22777",9738.99149963882
"22778",7417.51555710736
"22779",6727.43576076916
"22780",7627.91422201493
"22781",6936.46362267837
"22782",7521.289263423
"22783",7607.71257282894
"22784",6388.96607069211
"22785",10768.3576042547
"22786",8435.87665879255
"22787",8428.34190300906
"22788",6237.13847673238
"22789",8165.81807121238
"22790",7458.06196947261
"22791",8756.64981601385
"22792",6358.05613721046
"22793",7066.62928496191
"22794",6681.16715008754
"22795",7551.33483794575
"22796",6672.80375728002
"22797",7521.97748199335
"22798",6937.25582711993
"22799",6029.86426448526
"22800",7252.3597154091
"22801",8737.0477543974
"22802",4959.13345127634
"22803",5828.62162948492
"22804",7529.75372456807
"22805",4720.71731332297
"22806",6532.99178891236
"22807",5050.62987323665
"22808",9131.03004300869
"22809",7071.28818319563
"22810",7622.65413189384
"22811",4404.77841847685
"22812",5860.52229336545
"22813",5570.3272168682
"22814",6647.88123082064
"22815",5818.22837989132
"22816",7596.62596627879
"22817",7536.03021303072
"22818",7013.92428084395
"22819",5087.88121751678
"22820",5910.89867824356
"22821",8359.11946875095
"22822",5442.43189386037
"22823",8493.03677497417
"22824",5559.11940042617
"22825",6819.46877337904
"22826",7235.71870981873
"22827",5734.24637749451
"22828",7130.58425002392
"22829",6716.49960295612
"22830",6346.8378572053
"22831",7095.55008667627
"22832",7446.16253054469
"22833",7062.42279116616
"22834",6123.64097399824
"22835",7257.37358125033
"22836",8796.72053474121
"22837",6496.57729681301
"22838",6469.47189016245
"22839",6753.88983235716
"22840",6284.57529702796
"22841",6386.94921627097
"22842",6915.44021089557
"22843",7766.90772533758
"22844",6566.8724662137
"22845",7343.45802918778
"22846",7770.85047702971
"22847",8020.87494268219
"22848",6200.15521747235
"22849",6945.53310899793
"22850",9089.40118147851
"22851",8012.3219256803
"22852",7036.02260209856
"22853",6610.97985995329
"22854",4667.00006897786
"22855",7258.46377987271
"22856",8673.64742146914
"22857",7185.37810854261
"22858",6241.0376354084
"22859",6539.01281580969
"22860",6352.01314749967
"22861",6477.11016834553
"22862",8815.51226155714
"22863",4916.75976994557
"22864",5583.03255729409
"22865",7604.14509400985
"22866",5258.02038025847
"22867",5895.7343360078
"22868",7469.17038779127
"22869",5522.53723590205
"22870",6965.29340108536
"22871",11971.1400130801
"22872",9045.36795572168
"22873",9235.01615905283
"22874",7785.01410394636
"22875",6898.9741764378
"22876",7432.40449135043
"22877",6294.03218698229
"22878",8528.38497980985
"22879",8528.90532789903
"22880",7864.5132294523
"22881",5586.32501988681
"22882",5352.80081863628
"22883",7442.13120329199
"22884",9763.59472196905
"22885",5849.79890435585
"22886",5852.80902982159
"22887",7348.06100110998
"22888",5510.23258839395
"22889",6895.54263362603
"22890",5981.65632122069
"22891",7514.32623562201
"22892",6451.51263381685
"22893",8222.66079238988
"22894",5222.3833846268
"22895",7333.88525061467
"22896",7695.55157164804
"22897",5254.98174335897
"22898",7582.48254207617
"22899",6375.47239613242
"22900",6800.84245739693
"22901",6604.8672214405
"22902",6453.42604861778
"22903",7470.29561690265
"22904",6720.0639073806
"22905",7820.63953992032
"22906",6921.07086451025
"22907",5974.20867115201
"22908",6454.61767085805
"22909",5038.96882283853
"22910",6432.18822009681
"22911",10047.0796588872
"22912",9016.59724463532
"22913",7251.45081794105
"22914",8711.64306306228
"22915",8184.64107530545
"22916",4592.05597243138
"22917",6433.32632358705
"22918",7417.01263322464
"22919",8316.30412771059
"22920",6520.70284203884
"22921",8918.84331153328
"22922",8065.06403263094
"22923",6518.7471625015
"22924",8189.25185998698
"22925",6622.81063812025
"22926",6987.68089883701
"22927",8706.75571143488
"22928",6508.0549823636
"22929",7427.97713259491
"22930",6534.65190941913
"22931",6827.11109978281
"22932",7781.74719630737
"22933",5042.06431136299
"22934",7955.47883754453
"22935",6106.2531364077
"22936",8305.46116419892
"22937",8427.65547552452
"22938",6632.0552556982
"22939",4043.98298575635
"22940",6173.25677131009
"22941",5570.12832868723
"22942",6858.53611066695
"22943",3460.36284861771
"22944",7247.48527413264
"22945",6348.62663846873
"22946",5340.47854321223
"22947",9136.26900330038
"22948",6625.7162136252
"22949",8849.22157539931
"22950",8441.50765551686
"22951",7625.80836807005
"22952",5545.17126859674
"22953",5560.76699369129
"22954",5833.69855777561
"22955",8938.80254595584
"22956",7838.66496509021
"22957",5246.07378866569
"22958",4749.02259093815
"22959",8177.15016336662
"22960",9461.22138968753
"22961",5512.59445089919
"22962",6730.82457093866
"22963",7795.2297285548
"22964",7695.47462913788
"22965",6409.66938949342
"22966",7209.67048802517
"22967",6508.90759172758
"22968",6100.48068260354
"22969",6381.90898499968
"22970",8430.73300642187
"22971",8421.80615744954
"22972",4814.28677013879
"22973",6538.80173887303
"22974",6633.9266727452
"22975",7773.44872106239
"22976",7067.34258956613
"22977",5602.81742624719
"22978",5124.89054034002
"22979",5862.51954897914
"22980",7075.42102138337
"22981",6147.98552106182
"22982",5163.09010726243
"22983",8227.69301098263
"22984",5676.89620801522
"22985",10613.1328824577
"22986",12562.0365343584
"22987",6759.9760026626
"22988",9822.35299779243
"22989",7654.15912890603
"22990",5618.94666321119
"22991",7610.87009667461
"22992",8560.925199893
"22993",7058.27248499005
"22994",7123.20651905534
"22995",7738.26316357221
"22996",7214.77241944968
"22997",7099.7002239747
"22998",5510.81207854174
"22999",7444.35590330588
"23000",9546.17988886938
"23001",5586.46433852644
"23002",5815.80517623633
"23003",8092.96785379543
"23004",6703.55262995891
"23005",6530.78667310598
"23006",8637.19547066847
"23007",8563.89516982669
"23008",6095.42110842073
"23009",7404.32013341093
"23010",5268.09039141696
"23011",5614.59087907926
"23012",6130.46020692427
"23013",10526.5811196584
"23014",6827.96995566201
"23015",5807.42259540915
"23016",7131.93847959632
"23017",5020.64720020348
"23018",5316.74597483263
"23019",7044.78947505729
"23020",8420.21619336273
"23021",8126.48022131911
"23022",7492.28439507239
"23023",11083.7500401533
"23024",7487.56282471982
"23025",8010.3707069871
"23026",6883.46778254539
"23027",5105.90076609809
"23028",5054.54190707819
"23029",9140.53918757606
"23030",6082.36324706505
"23031",9005.88690127131
"23032",7593.45411593594
"23033",6504.4723014679
"23034",7475.60215195265
"23035",6412.27323826003
"23036",5329.34198738409
"23037",8602.67911388487
"23038",6909.21640034286
"23039",5981.16676345615
"23040",10204.3681423626
"23041",8122.56000020236
"23042",8177.28225131552
"23043",7189.93139885636
"23044",6290.07696690624
"23045",5674.00997385983
"23046",8783.16892809255
"23047",9287.48098628809
"23048",6333.81827304335
"23049",5936.93827361029
"23050",7943.4104602009
"23051",6270.20226545535
"23052",6889.30782503367
"23053",6227.46036566084
"23054",8634.30372108982
"23055",6577.07939166826
"23056",8989.13524484688
"23057",5671.53762341009
"23058",7068.32454869121
"23059",6210.83939801157
"23060",6415.23409901037
"23061",7827.37090280326
"23062",7551.56045187417
"23063",7291.97251213093
"23064",4840.95470116397
"23065",6359.92442522199
"23066",7117.01783638999
"23067",10251.6094955195
"23068",6418.91773146963
"23069",9366.22495421505
"23070",7028.22969830838
"23071",5589.72736927374
"23072",5710.64053928209
"23073",8418.88756750811
"23074",8652.12081908112
"23075",5301.94036038192
"23076",6178.86820903508
"23077",6130.60861133799
"23078",7829.82134840191
"23079",9099.57661108275
"23080",8215.87938654999
"23081",6204.86277098979
"23082",7074.17633363331
"23083",9368.85528644752
"23084",8457.34983534009
"23085",7722.88097279508
"23086",6270.78157563448
"23087",8388.64904458245
"23088",6312.7416522067
"23089",5906.69464617964
"23090",8844.74377131378
"23091",5809.20027756939
"23092",7459.99684073461
"23093",9203.55999809469
"23094",5910.57722071975
"23095",5171.16129495259
"23096",7914.71698432895
"23097",8604.79390299443
"23098",7246.26253048262
"23099",6981.92581299196
"23100",6334.29223802522
"23101",5316.3926241925
"23102",6855.10353052143
"23103",5692.36603753962
"23104",4659.65067749211
"23105",8288.17904969266
"23106",7721.01316980689
"23107",7199.08054677666
"23108",6711.09675210478
"23109",5544.78312185972
"23110",5957.1916439818
"23111",6876.4580568921
"23112",8585.07600460277
"23113",7335.73167798041
"23114",6028.54898752604
"23115",7463.63919164741
"23116",6169.89798778078
"23117",5219.37519763342
"23118",7346.55892056589
"23119",5428.97297392343
"23120",9130.05511827202
"23121",5277.26995102948
"23122",5727.79852180286
"23123",4312.85208334629
"23124",5758.40280358073
"23125",7592.00737393446
"23126",8147.72139598855
"23127",6697.0712102704
"23128",6601.21956974665
"23129",8618.1904571182
"23130",7482.30630790696
"23131",5919.1769871761
"23132",11873.855831162
"23133",8869.40007031602
"23134",8207.0012608649
"23135",10795.9073988484
"23136",7168.26469886278
"23137",6333.88249294025
"23138",9223.25426742143
"23139",5361.77050141155
"23140",8243.85550468456
"23141",8658.27711551585
"23142",5924.09738670643
"23143",7524.45807691862
"23144",8547.3248712248
"23145",8186.71042184704
"23146",8676.67463012902
"23147",6610.68196678126
"23148",8479.06523365066
"23149",5638.25185145982
"23150",7825.80311247129
"23151",6319.08000045992
"23152",7202.61673398189
"23153",7168.4223723283
"23154",9040.79837288223
"23155",7962.10330628058
"23156",7053.91521905878
"23157",8066.03186816775
"23158",5765.33446706938
"23159",5573.3970387344
"23160",8155.14199889415
"23161",9314.30676859358
"23162",9695.22967003623
"23163",7340.06096363929
"23164",5634.79924492087
"23165",7398.92405032778
"23166",7109.39647609671
"23167",6559.99282546527
"23168",5887.33252712534
"23169",6517.59915404277
"23170",7005.81005272339
"23171",4999.87101898109
"23172",7107.01752139944
"23173",6938.90160054145
"23174",6704.72193794564
"23175",6968.14681181483
"23176",7002.91131578054
"23177",8162.21366832372
"23178",7355.87377987926
"23179",5764.23505118446
"23180",7971.3438826315
"23181",7111.11331812162
"23182",7253.81605137886
"23183",5054.57723226908
"23184",7697.81635794761
"23185",5702.68681979089
"23186",8440.90742839509
"23187",7697.38981355464
"23188",7277.48047322342
"23189",6834.21904701486
"23190",6366.39674816899
"23191",6412.63167709665
"23192",7450.53534592771
"23193",6363.07669452529
"23194",7035.64686347886
"23195",8407.82811921148
"23196",5738.02018146676
"23197",7420.34408276742
"23198",10248.6569818884
"23199",7434.68785376847
"23200",8988.24000317327
"23201",8288.9904443227
"23202",6676.88066758644
"23203",7159.96598491021
"23204",10850.8968169574
"23205",7219.84138323423
"23206",8700.83566007193
"23207",6125.71374415244
"23208",7256.96196857776
"23209",9338.33057292261
"23210",7609.23954248992
"23211",6662.0516719098
"23212",6833.41845028842
"23213",5497.42660515171
"23214",5906.88508275078
"23215",5411.19220167691
"23216",5599.6514566467
"23217",6056.5634758884
"23218",11315.0187482969
"23219",8907.381076861
"23220",8373.9050659504
"23221",7581.45318628398
"23222",7048.58481154827
"23223",4927.78645333406
"23224",6347.21280471726
"23225",5298.55279149941
"23226",7261.84225749861
"23227",8331.77487333062
"23228",7323.16799365244
"23229",5764.127731758
"23230",6808.88257797468
"23231",5715.04943874285
"23232",8924.68900294422
"23233",8800.58683675169
"23234",10738.0150725815
"23235",4998.33274738859
"23236",6977.75307475355
"23237",6052.66682459219
"23238",5010.87171249116
"23239",8318.73125075077
"23240",4945.53545874902
"23241",6393.88584748069
"23242",7074.33384538673
"23243",8997.32791090676
"23244",6243.31672110062
"23245",8003.29326051939
"23246",4440.64092099434
"23247",8997.4096398078
"23248",7494.3146053126
"23249",7981.33134544514
"23250",4952.06285413558
"23251",5534.96814694391
"23252",6800.31826694741
"23253",10023.7920442417
"23254",8011.86829244865
"23255",6067.38170826761
"23256",6303.6516881712
"23257",9155.84673173043
"23258",5539.71757164116
"23259",6351.33231263461
"23260",6091.83622076497
"23261",8203.93765085511
"23262",6408.6528449027
"23263",6697.40304338447
"23264",4104.3591523312
"23265",7256.64040658087
"23266",8079.63786997881
"23267",7735.05221872943
"23268",6782.82601505724
"23269",8015.95163675911
"23270",7663.44572912473
"23271",6395.78404125577
"23272",6286.81283442864
"23273",8116.81088140471
"23274",4918.0782796566
"23275",9157.83654132227
"23276",7128.43011578081
"23277",5572.35640023878
"23278",6717.09878432921
"23279",7928.08073122939
"23280",8325.95736769651
"23281",7235.87745232522
"23282",7854.1256787626
"23283",6746.09443021681
"23284",7258.11272108372
"23285",5936.59408162877
"23286",6266.59573061576
"23287",6275.92166849651
"23288",8720.14082756564
"23289",8065.6999460907
"23290",6610.8066303493
"23291",7857.84803711557
"23292",7912.91383204534
"23293",7273.84306756317
"23294",7180.03389939297
"23295",6140.87928220479
"23296",7236.43302106322
"23297",7297.6882845842
"23298",6851.25702821476
"23299",4778.8112371219
"23300",5695.33718448547
"23301",6620.25922659156
"23302",5720.38673334107
"23303",6991.09980116645
"23304",5263.52770452867
"23305",7930.61174771767
"23306",6833.36419311755
"23307",8284.85450298142
"23308",5588.79716058362
"23309",7633.63697955577
"23310",7452.09815161969
"23311",6334.11204669663
"23312",6624.6913923719
"23313",5311.05197998038
"23314",8656.22947433706
"23315",7035.92203604584
"23316",6552.836512077
"23317",5695.09109403866
"23318",7028.30499070329
"23319",7345.90870578897
"23320",7020.48296651161
"23321",6578.4376162987
"23322",6913.78937827057
"23323",6894.34160590074
"23324",9432.01528000085
"23325",5948.20991303528
"23326",5226.09682002785
"23327",8804.69675818942
"23328",11933.1693782165
"23329",9472.05674453085
"23330",6043.00278884027
"23331",4999.13159360327
"23332",5659.0578430888
"23333",8164.40290025732
"23334",9045.63834259668
"23335",8395.05245723489
"23336",7894.18218481729
"23337",5634.17603274857
"23338",7849.02863721948
"23339",7003.14186107478
"23340",6040.64862355124
"23341",7167.65742105378
"23342",9231.15542690202
"23343",8774.05915080954
"23344",6578.55060725092
"23345",5830.95070944615
"23346",4067.95195810785
"23347",7063.24956293815
"23348",5287.64421432887
"23349",7763.27106328335
"23350",6637.10593714831
"23351",6803.18772735691
"23352",8162.32850059233
"23353",8147.71854263933
"23354",10047.1918707616
"23355",8604.84445745247
"23356",7010.67736650085
"23357",6681.9974764643
"23358",7544.91115189641
"23359",4785.94291180469
"23360",5804.15410094161
"23361",7863.31719021643
"23362",7422.47811202779
"23363",7807.76164673807
"23364",7749.49309858469
"23365",7615.33148903022
"23366",9192.59801560447
"23367",5965.89403867117
"23368",5723.72984119516
"23369",6595.26596236362
"23370",9275.01480065918
"23371",8546.86849939233
"23372",7063.15531490453
"23373",7921.57430769615
"23374",7795.22940677339
"23375",6855.30968538747
"23376",8422.56597968508
"23377",7804.94799241807
"23378",7796.02421425207
"23379",6209.93357479258
"23380",10754.4374707501
"23381",5984.06008677501
"23382",5940.33823774766
"23383",6648.72061606257
"23384",7469.82312263563
"23385",8673.21757043523
"23386",7407.53781306808
"23387",7683.74557683167
"23388",9317.23327048006
"23389",8110.86346292738
"23390",5579.74832425649
"23391",7014.26032795438
"23392",8461.49599340308
"23393",8541.96281649584
"23394",4333.70952210551
"23395",7814.47507896445
"23396",6160.27636079599
"23397",5716.27625330214
"23398",6956.28932258151
"23399",6799.61404837844
"23400",7949.4935967611
"23401",6703.04770465359
"23402",6162.0652989142
"23403",7974.97567720109
"23404",11037.5547881761
"23405",8576.78434336649
"23406",5997.69898095817
"23407",8384.9072701065
"23408",8916.9987590127
"23409",8561.60094758131
"23410",5834.47907305592
"23411",6617.3240950199
"23412",8930.500607263
"23413",6777.41454996023
"23414",6590.15097597653
"23415",6070.02910596109
"23416",9325.44579280258
"23417",7778.94797102347
"23418",5821.50729993456
"23419",8046.44762762542
"23420",7372.66556160929
"23421",9829.28114271451
"23422",5780.35309896396
"23423",6924.98552841137
"23424",7259.86627070253
"23425",6876.36838100149
"23426",6682.080870982
"23427",7149.18402023517
"23428",8133.38339615018
"23429",6276.27419187721
"23430",6995.94018224844
"23431",8220.61255262626
"23432",7857.12978922192
"23433",7163.5574415725
"23434",7036.38469455858
"23435",7243.88109564548
"23436",7946.91542245297
"23437",4883.25379599124
"23438",6648.27632173118
"23439",8593.19754799378
"23440",7848.00074193904
"23441",4926.69666045671
"23442",6338.87379008625
"23443",6761.76003192623
"23444",6747.83684809107
"23445",4935.82297391192
"23446",6510.41363836621
"23447",6651.84467497875
"23448",5038.49094807484
"23449",7737.40556740661
"23450",8011.52738353865
"23451",6591.97691168921
"23452",6785.87207043596
"23453",5877.02895313567
"23454",5753.30299741851
"23455",7152.7005942144
"23456",7461.74604491309
"23457",5198.21091725776
"23458",8002.46713240751
"23459",5853.6523077771
"23460",7325.3831095133
"23461",6627.84447693627
"23462",5938.29062302579
"23463",5484.50313038641
"23464",6655.49048353535
"23465",4326.95779726972
"23466",4984.55564720581
"23467",6744.87339272689
"23468",7385.07547385886
"23469",8742.31336168605
"23470",6889.73572947272
"23471",7347.7802078106
"23472",9907.21325283858
"23473",6690.63571201132
"23474",8696.40115884271
"23475",6012.71883153958
"23476",5991.45074805859
"23477",9531.39517444718
"23478",6887.48767036606
"23479",9501.57606737413
"23480",9277.4085495674
"23481",7381.41492371366
"23482",7249.88601945597
"23483",4686.01069348075
"23484",7156.84824468811
"23485",7393.27425455409
"23486",5068.54236325053
"23487",7236.42076100263
"23488",7961.50196530629
"23489",7603.21062380431
"23490",8555.33370984832
"23491",8710.25122770672
"23492",6524.98719888965
"23493",8091.89209035178
"23494",7489.02913906706
"23495",5883.33394152977
"23496",6726.40582416664
"23497",9538.25846798847
"23498",7002.09157346661
"23499",6035.36935690535
"23500",5969.58702008166
"23501",6862.23995153695
"23502",8222.7544724424
"23503",7933.16833224273
"23504",6862.57958386075
"23505",6164.68348650786
"23506",7611.84622228033
"23507",7094.41292458306
"23508",7695.06464012758
"23509",7474.54921619141
"23510",6346.36719756876
"23511",8212.91426800073
"23512",7631.09149164911
"23513",8676.07026483713
"23514",7444.48451778762
"23515",6651.47405452858
"23516",8329.90235722778
"23517",7282.00844399201
"23518",7764.3404811522
"23519",7057.54488399282
"23520",4439.08926306634
"23521",5185.8453007314
"23522",6901.01883641928
"23523",8777.54900110884
"23524",7587.63693563407
"23525",5696.65138765916
"23526",7828.86416725697
"23527",6695.33005825519
"23528",4510.3414883352
"23529",5631.39816039099
"23530",4915.1814299092
"23531",6952.51741286398
"23532",5632.86176613851
"23533",7637.67783969571
"23534",7772.99213411206
"23535",6202.72759762233
"23536",6152.30669545214
"23537",5071.25185872662
"23538",9275.34873273802
"23539",6842.31859493328
"23540",6744.72909267725
"23541",7256.4405299485
"23542",6418.33027014943
"23543",10018.0092230313
"23544",6530.53277348726
"23545",9894.02460981436
"23546",6195.73714487811
"23547",8247.6147608198
"23548",7768.0375175083
"23549",6040.09260229653
"23550",7743.37235181024
"23551",7142.06896750616
"23552",6804.8919183796
"23553",6353.43225643545
"23554",8331.63894983614
"23555",6962.04058061915
"23556",4713.62251470248
"23557",7008.72627809488
"23558",4612.20261202343
"23559",8562.04528921953
"23560",6004.04707767668
"23561",5040.31660141754
"23562",6269.19991112044
"23563",7762.592510793
"23564",6946.15770755577
"23565",6624.64899405285
"23566",7864.62277016834
"23567",7060.33748511353
"23568",7983.74572964803
"23569",5350.49194190666
"23570",6577.8173706374
"23571",6889.56754875419
"23572",5007.21748067408
"23573",5793.52237794232
"23574",8152.92392947743
"23575",7986.62064171935
"23576",6387.64787753504
"23577",7865.32794757122
"23578",8277.39407781812
"23579",5840.37351495341
"23580",7964.70873298034
"23581",7811.63704378597
"23582",5928.82109425621
"23583",5933.47690996539
"23584",5894.86676872309
"23585",5502.17689731971
"23586",6586.92472140008
"23587",9767.25587984028
"23588",7852.83525447288
"23589",7313.46772254334
"23590",6548.34698489602
"23591",5559.39711925747
"23592",8543.1228082268
"23593",7402.77670399291
"23594",11107.6765597869
"23595",6036.94102769215
"23596",9670.06625098925
"23597",8599.21914047415
"23598",7129.20777428277
"23599",6410.33749398819
"23600",5079.11309910521
"23601",5733.44389902586
"23602",9826.17271065905
"23603",5977.87544110376
"23604",6839.62906183748
"23605",7477.16291743758
"23606",9869.20195850356
"23607",6516.89713962353
"23608",11519.9739404595
"23609",6685.52878702047
"23610",7523.80541628057
"23611",6009.16149717832
"23612",6130.59050641576
"23613",10589.0991829365
"23614",5866.91395836193
"23615",8480.89169938243
"23616",4887.68635549952
"23617",6112.86983985958
"23618",7301.35590228547
"23619",4868.6739289915
"23620",5609.59565852916
"23621",6456.70377245918
"23622",5770.26726711612
"23623",10536.8429977751
"23624",8598.68044401528
"23625",5252.67773996413
"23626",5810.40915666787
"23627",5243.62458758103
"23628",10732.0027290102
"23629",7619.78025896973
"23630",10795.2389604695
"23631",7914.269640748
"23632",9331.52450402594
"23633",6173.27187993985
"23634",5085.65135745513
"23635",5120.62718148137
"23636",6652.92179839949
"23637",7530.00761177798
"23638",5818.7351680759
"23639",7903.97241679621
"23640",8481.76797495005
"23641",7059.29836453985
"23642",7341.28944297585
"23643",6597.11893588079
"23644",5734.30991163752
"23645",7386.00180085811
"23646",7814.7535684594
"23647",6955.37850405
"23648",5896.03364526741
"23649",7778.64608746466
"23650",7147.95706040814
"23651",5385.43062138899
"23652",7541.587905954
"23653",8108.13400599592
"23654",8311.029941232
"23655",5223.62791845432
"23656",8344.1300761051
"23657",5359.86164563421
"23658",7857.79775714683
"23659",6531.64577518474
"23660",7154.98305207485
"23661",6724.02864799436
"23662",6157.34413219442
"23663",10700.5826810995
"23664",5818.51416617584
"23665",9548.61943100841
"23666",8979.38636491638
"23667",8866.23325045721
"23668",7667.96125108725
"23669",8447.72021920651
"23670",5546.79705228005
"23671",7997.76963909503
"23672",7012.59267953316
"23673",8730.31907707297
"23674",6474.33285260025
"23675",6546.94558412412
"23676",8591.47412746317
"23677",10370.1337758694
"23678",8693.23505903117
"23679",5955.16810346317
"23680",5510.13251805505
"23681",6162.04115250021
"23682",10195.0769222926
"23683",9475.15239668595
"23684",7183.69590540376
"23685",7039.30980949528
"23686",4707.23384208222
"23687",9942.78305339216
"23688",9968.00418310174
"23689",9419.74693488906
"23690",8832.53142838405
"23691",7649.94456048201
"23692",7964.38908032102
"23693",6349.81120558456
"23694",10645.8531310771
"23695",7503.48603873514
"23696",7676.25627257328
"23697",6315.21438735124
"23698",7145.63125149638
"23699",8197.37287501751
"23700",5284.79232666191
"23701",9314.71606921332
"23702",7758.05434452214
"23703",5136.56371573667
"23704",8713.69241771707
"23705",6770.65075878809
"23706",6337.95953558532
"23707",6812.2088888816
"23708",6991.89199521701
"23709",6308.73814633374
"23710",7223.54024072013
"23711",5715.04401659869
"23712",7984.94693635043
"23713",6666.15707104202
"23714",5498.41945681355
"23715",8545.16810143456
"23716",7082.70448430621
"23717",7112.58819117553
"23718",7544.03537495231
"23719",7769.12651446092
"23720",6332.25604860255
"23721",7358.48577840287
"23722",9408.63008840539
"23723",6617.60814303724
"23724",6889.93033949171
"23725",10324.5350989207
"23726",9445.75834941843
"23727",6342.29827139482
"23728",7165.12148046386
"23729",9553.26900614073
"23730",6506.87596537876
"23731",8528.50427154539
"23732",7400.84224624335
"23733",5275.77515751959
"23734",8714.54028711276
"23735",6955.71180401082
"23736",7198.96836942481
"23737",7422.93122730818
"23738",4980.95332853936
"23739",9277.73975987313
"23740",6565.79306906607
"23741",6199.01227484731
"23742",6869.75562228242
"23743",5586.54501649392
"23744",9339.85113669321
"23745",6002.60370223253
"23746",5966.10327801453
"23747",6854.2542383722
"23748",8293.7263175896
"23749",9279.6552699187
"23750",5664.32304871531
"23751",5415.54818342764
"23752",5975.88251833496
"23753",8846.18897564651
"23754",7825.79244255973
"23755",5483.31372116583
"23756",8062.07998700393
"23757",7045.6783582362
"23758",8869.5236286172
"23759",11355.6867021267
"23760",5884.99466148644
"23761",8771.17680222699
"23762",6355.72251862391
"23763",4865.73844338404
"23764",6867.80447071256
"23765",7916.77041660563
"23766",5888.94159962147
"23767",5776.19776222309
"23768",5970.29931544776
"23769",6548.54873180558
"23770",6893.92401457273
"23771",7072.56630940816
"23772",6479.82928595248
"23773",8221.21682925449
"23774",7072.53393085146
"23775",8335.48594329623
"23776",6118.60293587326
"23777",6619.3974325287
"23778",8128.64458886167
"23779",8214.88724711011
"23780",7843.36893389306
"23781",7036.86064578735
"23782",8415.62390811297
"23783",7948.41618098443
"23784",6177.15734102323
"23785",9441.45973619121
"23786",10630.733297753
"23787",4733.32854893067
"23788",4966.34997465995
"23789",6888.7371269944
"23790",8612.03304993918
"23791",6795.64544899987
"23792",8210.76222041097
"23793",7278.07707949438
"23794",8474.85866537707
"23795",6036.48485102431
"23796",5989.64767254233
"23797",6683.95870801277
"23798",8355.2179036251
"23799",7190.10169560533
"23800",6983.14860923398
"23801",9084.44615761219
"23802",6988.64714074074
"23803",5635.26448056919
"23804",8099.04524325107
"23805",5295.54802038876
"23806",7637.92688937762
"23807",7970.25892655627
"23808",6880.09185746567
"23809",5499.95880566302
"23810",7367.44897478667
"23811",8220.68729117318
"23812",6664.21991774724
"23813",8815.76498356174
"23814",6546.38894447658
"23815",6358.2101881628
"23816",7967.5635196295
"23817",7808.29331763611
"23818",8879.24533622757
"23819",6856.0934286573
"23820",8679.13606164333
"23821",7021.25184528277
"23822",5649.86117053004
"23823",7519.39184434926
"23824",7674.7955338513
"23825",8225.86266593821
"23826",8817.67723743749
"23827",7077.16636521582
"23828",7349.31748080915
"23829",6790.69156445522
"23830",7034.51422470637
"23831",7244.89367289611
"23832",5441.55144072004
"23833",8344.45857400182
"23834",11516.4568748106
"23835",10755.3848309491
"23836",3636.47864717113
"23837",5007.63781524359
"23838",6713.30510589701
"23839",7362.33817985984
"23840",7436.13332596713
"23841",6811.04799213045
"23842",9093.40430125185
"23843",7062.91427528814
"23844",9694.54562832228
"23845",7469.92139834046
"23846",9261.32895444613
"23847",9562.32749625442
"23848",9986.12278104615
"23849",5373.98552440431
"23850",7498.80755925791
"23851",6892.67886330847
"23852",8205.03275610053
"23853",5624.41107697799
"23854",9095.29025452648
"23855",8124.05662322906
"23856",5095.13148220044
"23857",5978.24405963405
"23858",9518.11844450302
"23859",6401.49169894872
"23860",6162.93990872287
"23861",6833.84636134125
"23862",9143.14758638484
"23863",5271.71501609577
"23864",7128.53724008406
"23865",7679.82019631993
"23866",5503.80268466807
"23867",6625.17090724945
"23868",7919.08287673205
"23869",7937.62234224378
"23870",6470.39848208156
"23871",5052.02548440546
"23872",6952.82642031933
"23873",9459.68075526657
"23874",6456.52517953714
"23875",9825.79530679354
"23876",8543.5188633162
"23877",7412.28832748422
"23878",7081.53661705556
"23879",6099.56891488274
"23880",6961.69997135183
"23881",5309.0899749114
"23882",6283.53805514254
"23883",10249.944063131
"23884",8318.60422789496
"23885",7074.24415318634
"23886",4631.47995125475
"23887",5914.78565831028
"23888",6593.32742347551
"23889",6648.97950163113
"23890",8438.79630397276
"23891",6399.73034852553
"23892",6791.82230497479
"23893",8101.69842389476
"23894",8220.9225174888
"23895",6814.95464815227
"23896",7855.49175558163
"23897",7497.50280631718
"23898",6588.36353212233
"23899",9036.35040162877
"23900",5780.78338565617
"23901",6507.29371315185
"23902",6750.35917384652
"23903",6146.78070789125
"23904",8168.7714631986
"23905",9344.3372380191
"23906",6523.85225282805
"23907",7261.24358393392
"23908",8021.42867749724
"23909",6432.0934340317
"23910",8322.67416066726
"23911",5598.05489354183
"23912",7887.65135119416
"23913",7712.08316924386
"23914",7289.55011131722
"23915",10417.3520011392
"23916",7049.34526954958
"23917",7743.74882839273
"23918",5733.03177008949
"23919",7533.29277908443
"23920",7638.34873164647
"23921",6274.43956359269
"23922",8729.39682445716
"23923",7411.25740786837
"23924",7391.23309755563
"23925",5659.18475315166
"23926",7338.97389537967
"23927",5950.89023897722
"23928",9214.96573239357
"23929",6016.89690024253
"23930",6069.45905010291
"23931",8113.73200700804
"23932",9787.01999399666
"23933",5743.37404839995
"23934",6746.71067798678
"23935",7363.55477520584
"23936",7783.01624215875
"23937",5454.97400842716
"23938",9138.45459059656
"23939",4985.63085504905
"23940",8480.7132018575
"23941",5233.19374787646
"23942",14807.8892688281
"23943",8928.00993531271
"23944",6925.69209942968
"23945",7078.8265198206
"23946",5983.21481693853
"23947",6205.22772383187
"23948",6709.00290198815
"23949",6700.31584490297
"23950",6361.38661148686
"23951",7572.0696520171
"23952",7702.56603370672
"23953",6591.47395131336
"23954",8527.70169159557
"23955",6451.79856406009
"23956",8213.95389768901
"23957",5625.20296336216
"23958",7741.73080432249
"23959",8050.55139790664
"23960",8204.2304259862
"23961",5667.93507223825
"23962",8178.97750544638
"23963",5556.58367950421
"23964",6073.92910963326
"23965",9838.99652942596
"23966",6998.76889412112
"23967",7385.11969511904
"23968",8987.2833384463
"23969",8781.49864715135
"23970",5789.14248438561
"23971",11106.0735198034
"23972",6335.61673496512
"23973",8105.67007233586
"23974",6279.96354023678
"23975",5926.89715510409
"23976",7370.79737677796
"23977",6556.81231527522
"23978",7405.84142739857
"23979",7704.25239599649
"23980",6248.91858013756
"23981",7982.83688158661
"23982",7900.23663181992
"23983",5674.12977168363
"23984",9788.89650855423
"23985",8183.55749637591
"23986",8738.91851993378
"23987",5019.03227966457
"23988",8357.90944289545
"23989",6516.49044464875
"23990",5273.09092868337
"23991",6393.15879666474
"23992",7285.4254982827
"23993",7589.14177048297
"23994",8309.72818150772
"23995",6782.1262886031
"23996",9366.20100633542
"23997",8158.17008472706
"23998",8891.54297670778
"23999",6340.27512334631
"24000",6222.10771916855
"24001",7914.93047931939
"24002",5487.36679784267
"24003",5774.27337235952
"24004",11103.2548376161
"24005",5706.68274204772
"24006",8548.03666404398
"24007",6525.32436476792
"24008",5779.01775671294
"24009",7416.99661297705
"24010",6753.65152743573
"24011",8429.25294752715
"24012",8990.03487161849
"24013",8143.15975644899
"24014",6826.88938590243
"24015",6925.22179986133
"24016",5772.7186047994
"24017",7971.51920738119
"24018",5896.0385143197
"24019",7092.64774394608
"24020",6422.90997757968
"24021",7612.09083628024
"24022",8596.63810875269
"24023",6849.57687064973
"24024",8589.66200489522
"24025",6593.78185985517
"24026",7500.03344738678
"24027",6737.5465271305
"24028",6850.26296315981
"24029",8030.53196584521
"24030",6340.68645339875
"24031",8438.69948184382
"24032",4351.57933850242
"24033",6374.55029529806
"24034",9431.41767326352
"24035",7351.74506514144
"24036",6685.39649515279
"24037",4423.20839050971
"24038",6460.96507464858
"24039",5510.93545978246
"24040",7332.35583224726
"24041",7105.95397622922
"24042",5294.85044535763
"24043",7494.06804759128
"24044",6774.65044259592
"24045",7847.55318555374
"24046",6124.60944555612
"24047",9163.40189261033
"24048",7259.47516065266
"24049",9811.38152666047
"24050",5553.36160169352
"24051",7232.89945085673
"24052",6154.77352414457
"24053",7053.53675190973
"24054",7638.76105013
"24055",7546.60023210747
"24056",9029.63724828898
"24057",6178.15469295076
"24058",5508.80880970255
"24059",5545.70044373152
"24060",6012.39530212188
"24061",6816.56590654149
"24062",7819.70881288746
"24063",6125.87843535451
"24064",9311.22643836388
"24065",7505.83666051813
"24066",7616.64527295302
"24067",8005.80298265302
"24068",6052.92823770548
"24069",8378.57583359658
"24070",7903.30146244136
"24071",4673.87891758747
"24072",10005.2037374702
"24073",6382.07211481698
"24074",13069.650684346
"24075",5740.89953476826
"24076",9382.78517467423
"24077",6954.0832370443
"24078",8136.8615974088
"24079",6219.94932094425
"24080",7137.09005016806
"24081",6370.09500112984
"24082",6768.35291992363
"24083",7394.02438430651
"24084",5622.554357373
"24085",6684.52794921746
"24086",7607.20044735396
"24087",7527.52938113131
"24088",7013.1655226968
"24089",7965.08228284546
"24090",6680.08949042171
"24091",5714.05460358319
"24092",8476.88094224198
"24093",6084.78243545519
"24094",6680.73890090201
"24095",6280.54561096305
"24096",4674.66845254473
"24097",7729.54413224625
"24098",6538.4868884718
"24099",6376.06937076782
"24100",7866.7989838922
"24101",8559.52805356626
"24102",7808.07747582663
"24103",7488.87586053145
"24104",8138.03619377294
"24105",5397.67447925966
"24106",6080.69044203732
"24107",7145.16932883536
"24108",7033.44789488931
"24109",6533.70826253779
"24110",5481.04563583641
"24111",7453.23649145331
"24112",9558.98295973042
"24113",7798.48553760273
"24114",5333.84857502203
"24115",7739.99558428442
"24116",6523.54425922264
"24117",7517.82141403791
"24118",5644.2856034338
"24119",6271.22514621005
"24120",6597.69112970643
"24121",5829.72506854682
"24122",6921.01531173188
"24123",6694.98308773158
"24124",5873.32978790193
"24125",9290.52297945592
"24126",8264.30862362945
"24127",9193.33874928089
"24128",8330.85022470316
"24129",6678.98263341291
"24130",8747.77004945778
"24131",9571.51350123489
"24132",6209.65588483826
"24133",8712.85311079411
"24134",8324.84100032629
"24135",8508.13486063262
"24136",6197.94561088078
"24137",6488.9945702873
"24138",5355.6592215583
"24139",8324.38260360993
"24140",7440.93782508308
"24141",7173.65226516882
"24142",4257.53452884105
"24143",7565.23738172341
"24144",6983.60244032615
"24145",6524.52104724649
"24146",8944.27282935642
"24147",6217.31953000469
"24148",6311.1915349758
"24149",6139.0787204254
"24150",7458.49369976869
"24151",6751.70317388175
"24152",6493.31723521981
"24153",5471.45454269848
"24154",7775.40655780068
"24155",7237.27098976509
"24156",9233.3994308026
"24157",6607.16302516856
"24158",6505.72001493826
"24159",8185.08135709134
"24160",9512.43428757037
"24161",6486.10424187442
"24162",6376.38761645868
"24163",5730.1004087463
"24164",4676.59747676218
"24165",6014.68003057144
"24166",8322.04922906504
"24167",5812.17696310992
"24168",4938.60310962517
"24169",5457.9871304236
"24170",6058.77495035134
"24171",10277.386275061
"24172",4779.47385213302
"24173",7078.67154660885
"24174",8460.83200196159
"24175",5035.09312730729
"24176",5172.86508456969
"24177",9856.32234701413
"24178",6657.20932801795
"24179",7379.93482087591
"24180",4882.11216205813
"24181",6340.78311377531
"24182",8574.32124104359
"24183",5767.74414949261
"24184",6123.26377051499
"24185",7573.75656567757
"24186",7466.01652843173
"24187",7005.82441025525
"24188",7399.32334408195
"24189",6921.41679913985
"24190",6536.05349385609
"24191",10822.9298416292
"24192",5461.91783643774
"24193",6477.39778559112
"24194",9087.46783026691
"24195",6308.53178929969
"24196",6232.55733319005
"24197",6603.94702791072
"24198",5994.51760844346
"24199",5933.40611532813
"24200",6620.14439446
"24201",6214.79003098438
"24202",6723.75702268296
"24203",5173.68318594544
"24204",8113.16122210271
"24205",7267.30942037707
"24206",7035.3580087236
"24207",5984.92522106399
"24208",9355.58433052954
"24209",7135.05620447348
"24210",10354.0917484052
"24211",5739.31925975878
"24212",9850.21208105081
"24213",7233.86317767253
"24214",8463.67975902548
"24215",8713.81747664095
"24216",5377.76557861058
"24217",5833.10954524044
"24218",5210.77572536622
"24219",6556.02824014916
"24220",11786.2006035662
"24221",7705.55200414232
"24222",6338.47049473793
"24223",7325.42460786098
"24224",5971.89446105762
"24225",5592.35931297781
"24226",5090.18432231891
"24227",7173.55086100871
"24228",6411.45734853337
"24229",6053.23887920675
"24230",8150.13197072322
"24231",9654.1860260439
"24232",6539.68046501999
"24233",6323.46683015553
"24234",6913.06193544068
"24235",7563.59998057437
"24236",5060.45313780043
"24237",9422.81335227324
"24238",7354.97095698206
"24239",8161.7659521256
"24240",7208.59926403557
"24241",6350.62743421062
"24242",5205.2057935618
"24243",5681.44305866028
"24244",6522.12181218715
"24245",7035.33805865962
"24246",6411.75891220639
"24247",5708.55916445786
"24248",6454.06407321372
"24249",7073.86327172691
"24250",7029.46910333189
"24251",6160.1485180562
"24252",5765.50912330303
"24253",8463.50033057519
"24254",5613.20281090925
"24255",8681.44307198422
"24256",7814.77182876828
"24257",6347.63145781939
"24258",7144.45703268865
"24259",7426.21020039215
"24260",8329.78427035452
"24261",6454.04288746895
"24262",5165.78118871932
"24263",8802.03137960477
"24264",6956.37517587261
"24265",6789.98534507892
"24266",6503.54500696287
"24267",7011.93503887779
"24268",6009.2113282103
"24269",5937.68715618809
"24270",5171.05294613585
"24271",6303.75283044781
"24272",7082.57457666186
"24273",5592.23177805904
"24274",8013.1923340717
"24275",6490.89188055975
"24276",8679.69916507105
"24277",6618.02202655378
"24278",5005.31848674385
"24279",7730.94111262093
"24280",7473.51361447563
"24281",5928.13479331902
"24282",9010.26809727611
"24283",7653.22800227143
"24284",8066.16659135309
"24285",8585.18803664938
"24286",5016.82412884179
"24287",5699.88601388806
"24288",6486.32226903744
"24289",7310.79326425292
"24290",6862.98334575848
"24291",4814.76723458797
"24292",9129.09470074261
"24293",7249.84861380002
"24294",5471.3962497353
"24295",7566.59797602567
"24296",6833.826349603
"24297",8396.52285416317
"24298",6011.50174276559
"24299",6603.50940917599
"24300",7329.38989399029
"24301",8865.32054162613
"24302",4606.96310269764
"24303",4399.52435728851
"24304",7493.13559304816
"24305",5717.67714278409
"24306",6524.12872341791
"24307",6649.89660299859
"24308",8593.03927976504
"24309",7014.06956276182
"24310",7723.10732721845
"24311",6792.40624390693
"24312",6862.64147508108
"24313",6919.88279677138
"24314",7624.25407955553
"24315",9916.67671494491
"24316",6128.91686313431
"24317",6975.44442502436
"24318",5678.13564885536
"24319",6555.64451104594
"24320",6577.72576398127
"24321",9715.57931449416
"24322",6737.42235690985
"24323",7719.13154206732
"24324",7608.84934612032
"24325",9888.77678748818
"24326",9387.25842903797
"24327",6304.10549890219
"24328",6975.4619736395
"24329",5353.81471241795
"24330",7653.27453010096
"24331",7005.15476868802
"24332",5476.14008084498
"24333",5938.62350850153
"24334",8386.77357157809
"24335",7639.48238252083
"24336",8004.2804744431
"24337",7130.33011731858
"24338",7995.75017619272
"24339",6524.87766567847
"24340",7633.65115026352
"24341",8228.61175531518
"24342",6018.50135869076
"24343",6655.65472154668
"24344",7768.53987510062
"24345",7094.19158421415
"24346",7242.59246901321
"24347",7564.13648169289
"24348",7623.1035076962
"24349",8510.20239393618
"24350",7099.16119047045
"24351",6694.34440063289
"24352",6267.14202467918
"24353",7541.10532851484
"24354",7693.79570904654
"24355",9892.65031425561
"24356",10516.9483711207
"24357",6550.35121439437
"24358",6987.28214859753
"24359",8066.84113431665
"24360",8036.8629632919
"24361",6529.30417695834
"24362",5982.71642644349
"24363",6475.83158088056
"24364",6434.20943210179
"24365",5140.85069463427
"24366",8524.80898648608
"24367",11901.6607764496
"24368",7347.94904076999
"24369",8650.98392160511
"24370",6929.37051357128
"24371",8520.82919386615
"24372",6608.83113442894
"24373",5055.97172753855
"24374",7775.30493301916
"24375",8308.95184475091
"24376",6078.4275297478
"24377",7155.25960371296
"24378",7368.48126327746
"24379",7384.44006053753
"24380",6035.07277140577
"24381",8562.75824587036
"24382",11545.0654417761
"24383",6012.35919527196
"24384",7370.68058118929
"24385",6133.95754657983
"24386",9077.04542321506
"24387",5369.10289606375
"24388",8511.83046629777
"24389",5857.75935109191
"24390",8562.1356209061
"24391",9441.95868824878
"24392",9343.04643259653
"24393",5873.04729219864
"24394",8733.88778447809
"24395",7360.31129250056
"24396",6434.08904795094
"24397",4483.69839941225
"24398",6090.3757221999
"24399",5016.37958420057
"24400",6438.70599781371
"24401",6176.13836054552
"24402",5907.12194048862
"24403",9209.01006926091
"24404",7985.46762231389
"24405",8969.02227579841
"24406",7731.23934223968
"24407",7946.93138985085
"24408",7474.27897255684
"24409",7720.48442537581
"24410",7693.10898381858
"24411",5815.20160043934
"24412",7415.89032814003
"24413",7777.56724936211
"24414",8278.26962028585
"24415",9084.94277239351
"24416",6302.56351818616
"24417",8332.1833353703
"24418",7231.2243042104
"24419",5909.96275025965
"24420",6455.06194769749
"24421",6654.7590792672
"24422",5265.64249144961
"24423",8116.88800966468
"24424",4761.85370237733
"24425",7144.04137222719
"24426",6899.56801043552
"24427",6213.43012510256
"24428",10356.0631512665
"24429",6688.31471540675
"24430",8249.43009331373
"24431",8376.16938695149
"24432",5924.26287684338
"24433",6633.03437182562
"24434",6688.03321405429
"24435",6142.7045323398
"24436",6673.47818959372
"24437",8880.63726912024
"24438",5559.6572493511
"24439",7348.81474412748
"24440",8075.97974178984
"24441",8242.47597495428
"24442",6857.53135590214
"24443",6579.23375945794
"24444",6733.62054168418
"24445",7498.36147633786
"24446",8231.32425242473
"24447",6468.52845039553
"24448",6944.14643246836
"24449",6124.51344649628
"24450",5017.03200212265
"24451",6385.03920126812
"24452",6991.23634889496
"24453",7035.14178444151
"24454",6809.55400195577
"24455",8081.06184759865
"24456",4821.50901308891
"24457",7019.49486966937
"24458",5677.50431304707
"24459",6190.5220490919
"24460",6527.08671035243
"24461",9572.21843176751
"24462",9973.22854991801
"24463",11543.518661386
"24464",10032.5428733446
"24465",10644.5032985162
"24466",7430.15292274538
"24467",8890.4905897925
"24468",6842.709541309
"24469",6659.40992055806
"24470",6726.79995416289
"24471",5920.21714823482
"24472",7068.65430609026
"24473",7898.02599886129
"24474",6911.39230740291
"24475",7033.15524180225
"24476",6783.28399721295
"24477",9424.91581900309
"24478",6222.49935315274
"24479",5650.05276622217
"24480",7680.02986331887
"24481",7594.57373610931
"24482",10277.5763540283
"24483",8231.17934281191
"24484",8492.94532770654
"24485",7781.81581196595
"24486",7196.18380459416
"24487",8240.7556364485
"24488",6560.19828504079
"24489",6526.48487042596
"24490",6004.91851304003
"24491",9904.24244136099
"24492",8539.99765834309
"24493",6055.78611507561
"24494",9824.79297142526
"24495",7547.44340424916
"24496",7302.03864824153
"24497",5761.22909704593
"24498",8956.78332647091
"24499",8239.68279900693
"24500",7183.1608718284
"24501",7579.40406605935
"24502",8132.48130534585
"24503",7068.5863236837
"24504",7930.75213886917
"24505",7909.13760930531
"24506",5785.37215467866
"24507",7301.79490653379
"24508",6534.83002747115
"24509",7230.80442126271
"24510",6101.28912309213
"24511",6313.27174265922
"24512",5692.9669612957
"24513",9167.38570973206
"24514",8334.64543769938
"24515",6430.69094263341
"24516",10605.330655456
"24517",9865.67612646326
"24518",9904.63179823014
"24519",9265.41494255488
"24520",4469.22938340331
"24521",5300.69737824636
"24522",7242.25413626872
"24523",5561.12673156223
"24524",5909.8200501359
"24525",6997.36097110666
"24526",6793.92601144883
"24527",6452.04746267702
"24528",6476.9876988991
"24529",5172.75975888323
"24530",7035.30151396139
"24531",5472.62041207501
"24532",6699.6074870254
"24533",7318.7918558161
"24534",7174.21900521714
"24535",6898.7112320249
"24536",8295.43270650839
"24537",6709.06990584329
"24538",8647.92366224938
"24539",5532.39935499713
"24540",7114.3089843647
"24541",7619.88698446577
"24542",5164.62281424019
"24543",8430.26479729905
"24544",5802.27546609819
"24545",7051.13065023906
"24546",8154.4250013204
"24547",7129.61649566971
"24548",6694.96436358015
"24549",7547.7039467571
"24550",6415.71693464941
"24551",5319.10433100389
"24552",6470.91515477009
"24553",7188.50291844077
"24554",6520.8218957008
"24555",7672.60283019685
"24556",7839.91759274103
"24557",7209.2373851021
"24558",7264.42485729775
"24559",6647.75978559989
"24560",7086.2081238287
"24561",6407.57561007385
"24562",6438.65000338432
"24563",9167.04376090817
"24564",8149.78818863089
"24565",7798.42245814004
"24566",4873.01816687401
"24567",9767.67895741929
"24568",9193.14309755518
"24569",8294.91724141865
"24570",5347.55246284245
"24571",7885.50251164057
"24572",6794.22591430246
"24573",7439.14623431576
"24574",7374.46146229471
"24575",8123.42571007252
"24576",6457.57443964006
"24577",7689.1771059683
"24578",4955.41978608916
"24579",7367.04218699426
"24580",6090.5977033139
"24581",7367.60465328773
"24582",4632.19936426577
"24583",7725.57811474603
"24584",7231.51341051266
"24585",7698.16818196768
"24586",6598.16806872888
"24587",9629.65428510399
"24588",7197.19324137995
"24589",6434.68846384498
"24590",5733.44141951507
"24591",6633.29481684809
"24592",7191.41857342027
"24593",6729.60071772394
"24594",7623.11407370307
"24595",6956.88206086156
"24596",7859.41853479247
"24597",9532.8875067101
"24598",8979.2286782554
"24599",7247.53107431141
"24600",8634.85933976889
"24601",7747.63669796152
"24602",5019.85070642486
"24603",6047.74045096661
"24604",6336.47372018712
"24605",8618.05098974023
"24606",6056.54297989529
"24607",6207.17726746796
"24608",8618.22132610098
"24609",10060.9300801044
"24610",5154.24857409778
"24611",5364.38177253797
"24612",8692.95203241631
"24613",5869.78330368918
"24614",7404.50449792194
"24615",4252.29389469266
"24616",9114.92485769491
"24617",6418.73346544258
"24618",6235.62238459419
"24619",6532.62817789458
"24620",7076.55584834835
"24621",6881.28846103448
"24622",7371.0735488703
"24623",6424.09840283509
"24624",5676.00098497283
"24625",7872.82962152848
"24626",6732.9751891245
"24627",10664.1856191875
"24628",8528.59443970112
"24629",7576.04109305361
"24630",8477.11405937141
"24631",5195.64012888264
"24632",6717.76976327081
"24633",7291.66514587461
"24634",5686.03416005836
"24635",5696.81931105942
"24636",6370.88652813392
"24637",6026.23176535495
"24638",7765.60475603854
"24639",6506.07031162775
"24640",6676.52318092826
"24641",5410.71067705701
"24642",6867.20178111482
"24643",6277.42022068789
"24644",6284.02705292093
"24645",7391.4999359835
"24646",6291.40647915297
"24647",8022.54477407474
"24648",7719.17049339702
"24649",6155.997896531
"24650",5674.19488712051
"24651",5114.7285999378
"24652",5991.62285089806
"24653",7341.4450023693
"24654",6574.87961189735
"24655",6707.26748132128
"24656",9037.18057473625
"24657",8397.47107813328
"24658",6369.44596241339
"24659",6805.19163155745
"24660",6656.25801959138
"24661",7096.55173074768
"24662",6126.00550782624
"24663",5981.05854384496
"24664",7644.94989226768
"24665",7082.45586359655
"24666",5714.44850420613
"24667",5768.2373369103
"24668",9778.88510925845
"24669",5389.85589161345
"24670",6198.73501463824
"24671",5732.63183418904
"24672",5660.10331929107
"24673",7382.36640280387
"24674",7491.76986237608
"24675",4212.81615454579
"24676",6010.52730381551
"24677",10168.8331089959
"24678",6928.30735064894
"24679",7328.03345845161
"24680",8593.99726990417
"24681",6139.17459065017
"24682",6143.65975305724
"24683",8558.52879220832
"24684",5795.27906375366
"24685",6462.34582653759
"24686",7878.03497810114
"24687",7129.3920173408
"24688",9626.62662621544
"24689",7756.9751744285
"24690",8541.16592265049
"24691",8080.82912180268
"24692",8155.98827768826
"24693",9171.88385774794
"24694",5593.19037361223
"24695",6849.93101992246
"24696",5760.06283926902
"24697",7998.05739085025
"24698",6828.47183739583
"24699",5983.28063190931
"24700",5814.86801278217
"24701",5872.61951501657
"24702",7229.69894860162
"24703",5220.31757588663
"24704",7057.47884428438
"24705",5149.65366503965
"24706",7338.73351977034
"24707",5157.50333013572
"24708",6340.26996752953
"24709",8161.41330534695
"24710",7330.24355843566
"24711",6742.08170690705
"24712",6144.41033132162
"24713",4342.44896695328
"24714",4782.47008197227
"24715",6017.39662175891
"24716",9462.08798782251
"24717",9148.67232694906
"24718",7485.79828724888
"24719",6985.43208237275
"24720",7536.97265163028
"24721",5129.83265656649
"24722",6561.23565615988
"24723",7064.02084360494
"24724",8192.16295695315
"24725",7349.44163579619
"24726",6706.99780690882
"24727",4560.08028628583
"24728",9296.68484165977
"24729",6979.49421703026
"24730",6625.17677824682
"24731",6424.29197375618
"24732",5402.05743952055
"24733",8157.74877777338
"24734",9633.48793801855
"24735",8393.81891687103
"24736",6714.67246826309
"24737",7160.2225000088
"24738",11914.9545793816
"24739",5728.57055609175
"24740",6166.43390213585
"24741",4834.76638214944
"24742",4818.68632680687
"24743",7166.5150149201
"24744",6878.94202160115
"24745",6947.42961330245
"24746",7004.49420286313
"24747",7151.70279695581
"24748",5818.79114146892
"24749",10477.538342452
"24750",4290.54090696847
"24751",8820.12158021177
"24752",7114.45591377885
"24753",6815.61678270708
"24754",6487.81721624796
"24755",8485.53889396019
"24756",7102.32172872567
"24757",8731.91788327794
"24758",6903.09109926126
"24759",7729.94273629322
"24760",6622.15033849194
"24761",10376.0899583421
"24762",7609.68014845618
"24763",7617.50988529862
"24764",4871.15809425364
"24765",5140.76652724688
"24766",6379.21619156957
"24767",9897.06266770589
"24768",7059.08111456638
"24769",8855.88448730451
"24770",7105.29680806656
"24771",7025.36024083011
"24772",6769.39202478142
"24773",7978.29567598683
"24774",5477.35243036537
"24775",5992.67029029499
"24776",7318.34136631367
"24777",7542.84734375427
"24778",5436.25675404427
"24779",7969.34045836342
"24780",8504.4211124992
"24781",5557.49013811175
"24782",5733.27896771524
"24783",7989.50955520643
"24784",7626.4293646593
"24785",5167.85702541679
"24786",8433.13051194088
"24787",4239.22545254866
"24788",6244.29705580784
"24789",6321.49148854008
"24790",6392.51707242803
"24791",5134.32662816358
"24792",7317.67816557856
"24793",10676.0827435545
"24794",5322.5784534554
"24795",5672.90557915062
"24796",8587.74286312535
"24797",5879.40348341893
"24798",5646.49238563194
"24799",7636.48885848645
"24800",5724.0988146375
"24801",6004.05547121681
"24802",7970.69835002984
"24803",6752.15328872062
"24804",7203.27057916252
"24805",7180.71003135422
"24806",6842.16140456157
"24807",5123.87096737743
"24808",5711.14885350447
"24809",9505.92747511483
"24810",6244.81545392386
"24811",9807.55756386662
"24812",7174.57749558021
"24813",7766.32212989219
"24814",7398.38529999948
"24815",7077.79522781774
"24816",6798.32659191889
"24817",6111.75630459063
"24818",6480.0778896702
"24819",7973.5307740551
"24820",5444.99871956595
"24821",12421.7880772481
"24822",7283.39986889582
"24823",7130.55115433981
"24824",5826.61142222179
"24825",6690.62169382846
"24826",7262.74475836173
"24827",6181.37378333557
"24828",8406.92705216017
"24829",7967.22636883555
"24830",5750.16136104454
"24831",5229.51786799163
"24832",5889.76369664551
"24833",7756.39683809561
"24834",6959.17850318514
"24835",6767.63978353211
"24836",6178.27372059238
"24837",4324.27877740233
"24838",5717.21152357879
"24839",6297.23523769034
"24840",7123.43749195788
"24841",10082.7105659087
"24842",6232.72475959266
"24843",8238.7384100319
"24844",5865.84105777105
"24845",6420.18053043971
"24846",7340.68964312905
"24847",8605.42875220339
"24848",8066.52219682029
"24849",6402.07274137457
"24850",9575.31976553627
"24851",5671.03297890249
"24852",6412.65144284673
"24853",6561.53330022282
"24854",5064.26860492873
"24855",7185.92271983848
"24856",6582.57357935256
"24857",7079.10959432279
"24858",7057.13510167904
"24859",7588.94373759222
"24860",4749.96453156114
"24861",7903.69810194558
"24862",7562.03246506484
"24863",7772.30874936493
"24864",5625.39177460408
"24865",6916.65419623371
"24866",5895.94356142312
"24867",4854.26987078374
"24868",7354.67258716581
"24869",6176.10362179384
"24870",7104.98415619068
"24871",6944.65368880997
"24872",5715.71757597594
"24873",6757.05529894707
"24874",7183.35201898021
"24875",6263.76054113486
"24876",9264.6971427326
"24877",7027.88240056607
"24878",5582.05412072878
"24879",7255.51730242825
"24880",6679.82785780535
"24881",8919.4610690581
"24882",7160.975038721
"24883",7872.2487439982
"24884",7599.55348404225
"24885",4452.99286846022
"24886",8110.73657406033
"24887",9132.90860961703
"24888",7541.42399043867
"24889",8303.14146945412
"24890",8969.95128857053
"24891",10426.147284662
"24892",7221.7983191537
"24893",8368.10882197833
"24894",7491.12230333978
"24895",5973.15490034069
"24896",8196.57653436395
"24897",6656.21714337171
"24898",5491.91424145471
"24899",4310.87256303312
"24900",7392.20247288921
"24901",8161.85319588712
"24902",6831.7535866546
"24903",6371.45350048486
"24904",9140.60501927418
"24905",7687.80736916383
"24906",11283.0271050395
"24907",5625.98237236761
"24908",6274.90293488981
"24909",7486.02175077366
"24910",6610.40259204638
"24911",7617.78677998025
"24912",6410.04791392579
"24913",8835.26901392722
"24914",4937.48181319675
"24915",7621.71836184008
"24916",6976.43212079624
"24917",6010.50043516002
"24918",8033.33840465189
"24919",6762.14509613729
"24920",6616.24196399
"24921",7308.37297805323
"24922",10242.2310973528
"24923",8058.59537871565
"24924",4454.73864876713
"24925",5251.91202805821
"24926",7370.65906187636
"24927",8656.5679035168
"24928",6175.73180269389
"24929",5605.97025995124
"24930",6208.38011963307
"24931",6223.80574794017
"24932",7035.84398732218
"24933",6228.61375398533
"24934",6572.19225874015
"24935",7360.51075558462
"24936",6653.66032291005
"24937",8058.89721283712
"24938",5603.76540222195
"24939",6629.90032839939
"24940",5468.2732612789
"24941",7360.45363398463
"24942",7015.29499807474
"24943",4850.56745418593
"24944",8679.89421837053
"24945",7959.33783455675
"24946",7674.1853685763
"24947",8793.08467547406
"24948",6568.06720954916
"24949",8803.79842329765
"24950",7613.83355096429
"24951",6917.47933200076
"24952",8007.06815206814
"24953",6668.92515771938
"24954",6946.60817603009
"24955",6045.23401211684
"24956",6895.81910868145
"24957",8427.52950850273
"24958",9878.17508465893
"24959",6743.5604428389
"24960",6039.43340538056
"24961",5373.47502588235
"24962",9297.30989615385
"24963",7651.20761118565
"24964",6622.52971385385
"24965",6984.92404997056
"24966",8206.77831923087
"24967",6563.24883459238
"24968",6418.63792514679
"24969",5583.27080811703
"24970",6175.59208112165
"24971",6631.68447082132
"24972",4356.04997568996
"24973",7046.29729010556
"24974",6371.48583658457
"24975",6082.41111935309
"24976",9862.66701615423
"24977",6088.76260804242
"24978",5922.10196058526
"24979",8822.26067673884
"24980",7845.99517175157
"24981",9132.79980195599
"24982",9119.2572770762
"24983",5659.97712649712
"24984",9247.21250824883
"24985",3822.47266439169
"24986",6400.22112922215
"24987",7275.03976410038
"24988",5750.99647669122
"24989",7152.15650307416
"24990",6109.42823535277
"24991",7640.71391460352
"24992",4091.46243375541
"24993",7577.90896056862
"24994",9720.7133111498
"24995",6612.64026896731
"24996",7038.06373369521
"24997",6547.50551350828
"24998",8462.55521361113
"24999",8687.29720524835
"25000",6965.2766511488
