"","Estimate"
"1",93530.5737762467
"2",65521.2740830213
"3",68283.0283460328
"4",171065.882515199
"5",114760.012513059
"6",60491.7963051861
"7",124869.65641543
"8",23138.8452047903
"9",161040.628445617
"10",91165.2426659458
"11",47604.7836878418
"12",78992.7741831524
"13",46703.3944430361
"14",72215.600626604
"15",100119.890778986
"16",86568.0809765839
"17",97494.1611287118
"18",108597.290264226
"19",75126.4342144538
"20",320242.869802696
"21",53071.2945172988
"22",46745.5324734329
"23",67254.5454332881
"24",63787.440701892
"25",90826.9785356848
"26",64334.2172343103
"27",73621.9200586064
"28",27149.1599585036
"29",173068.95272107
"30",105399.269184619
"31",104381.489037507
"32",51801.2991688694
"33",77819.0790043043
"34",75402.287630181
"35",37497.2162926682
"36",47328.6874234155
"37",104272.677842019
"38",52092.6782009
"39",143943.084384359
"40",61946.5603415765
"41",54051.9500216682
"42",91582.3952248366
"43",93127.9454558436
"44",70042.9843928798
"45",81464.2824510421
"46",56408.5678232912
"47",76503.4374893582
"48",215912.631694677
"49",45013.1225871084
"50",120389.369000016
"51",89012.7446477972
"52",57512.5050294971
"53",178261.832769014
"54",34046.9798397255
"55",54368.0500916478
"56",56949.1595159241
"57",162436.99114894
"58",86839.1279288049
"59",57467.0058405386
"60",52454.9567090142
"61",80334.5789903838
"62",79324.4662543743
"63",94919.6570444723
"64",132587.450824146
"65",84548.2365058681
"66",126803.632974582
"67",31383.8675901631
"68",31110.1243687837
"69",113375.061991669
"70",46599.6170492888
"71",98974.9976037366
"72",78076.7803646957
"73",185387.4110027
"74",140669.61551001
"75",38430.7579704568
"76",44814.0963144275
"77",42899.4888638964
"78",126756.801491972
"79",61387.6429351725
"80",53349.261669269
"81",35338.0357495076
"82",176482.961911187
"83",290139.493868548
"84",60609.268784374
"85",75479.4023864253
"86",103164.054583148
"87",50414.2529386011
"88",85291.6789928898
"89",69681.1438843451
"90",59794.8267462036
"91",91696.4462599671
"92",201134.230391106
"93",92954.184838349
"94",23332.0661144477
"95",49496.2603945664
"96",124628.345532663
"97",26466.1503927783
"98",28477.1993241699
"99",99444.5134488248
"100",13106.247603889
"101",102460.683218432
"102",139967.825897641
"103",114476.741151415
"104",34529.3685827974
"105",48517.5215072728
"106",65738.0557332316
"107",41185.1379215725
"108",71152.7414776986
"109",243105.17307635
"110",59995.9055618907
"111",84507.7988709644
"112",39365.5866718896
"113",84226.7007441807
"114",55123.9863312485
"115",37216.7852608096
"116",117429.020460873
"117",97355.8757193129
"118",18704.1090578936
"119",62568.6649119227
"120",58047.8337138866
"121",337698.975883731
"122",75238.7276263253
"123",40611.3000964229
"124",88024.5961596806
"125",73212.5364296004
"126",91481.9352307556
"127",36090.9719546161
"128",35640.3424088353
"129",70039.7764519409
"130",70464.2588167536
"131",63308.1418473965
"132",62191.8607656281
"133",39395.9553887319
"134",76603.1278373881
"135",64425.1595164746
"136",75954.124142342
"137",146443.264271826
"138",101308.048483753
"139",105867.790786092
"140",127053.017665951
"141",75388.3124651089
"142",56985.5688661688
"143",172519.705345269
"144",68782.7191467164
"145",79387.5536001069
"146",59568.1897716792
"147",100669.996608682
"148",352274.124948608
"149",75315.2433768339
"150",176429.879603572
"151",98859.2802042944
"152",98833.0173643435
"153",134065.570464841
"154",202172.518135643
"155",73585.9797644807
"156",253103.376796037
"157",76044.6358628248
"158",139972.332690575
"159",40037.351326479
"160",33865.0371369281
"161",67617.5708594797
"162",95312.2625791013
"163",123297.631633826
"164",76948.6884044375
"165",102460.893983651
"166",119157.098266496
"167",40516.4486073437
"168",26428.8339691936
"169",163216.768501651
"170",173516.06960128
"171",97128.4853682208
"172",99960.6383449946
"173",16005.3249951863
"174",90057.9816427938
"175",101525.13666343
"176",76709.9291296826
"177",64302.0683571102
"178",90266.9410942252
"179",36775.2780013712
"180",81842.2832197006
"181",39144.815364287
"182",79619.7967927264
"183",21883.0026110961
"184",85577.4351485675
"185",84121.494929109
"186",98483.1243561929
"187",34199.5103657533
"188",26817.1508465085
"189",110658.982849376
"190",107887.054962329
"191",32056.5552328657
"192",25146.0147385821
"193",22290.9460448378
"194",34198.4858463993
"195",456877.749276583
"196",99667.2000196251
"197",61614.8841969541
"198",131288.426752072
"199",119860.423921509
"200",147211.096900767
"201",64277.5453301871
"202",139700.681228467
"203",57193.5600378552
"204",62690.7526444698
"205",53997.6233317192
"206",49116.2741221015
"207",72728.9719876054
"208",226119.621612438
"209",54474.9224537902
"210",55260.5286049797
"211",41095.0166723138
"212",118618.70992115
"213",29860.5579084234
"214",47151.0248691369
"215",37514.9657482649
"216",41944.402940678
"217",75845.6425689716
"218",27617.6519063677
"219",77780.7913736456
"220",69950.7205821995
"221",137306.827955952
"222",111545.021944171
"223",31012.6788089729
"224",79019.9856570074
"225",78860.494519959
"226",42359.320133485
"227",93501.8942109036
"228",119670.628022951
"229",140276.190727497
"230",65309.3252775852
"231",88136.7659674864
"232",24365.1183453775
"233",89327.3203156274
"234",114239.137348717
"235",41893.0323447701
"236",85958.789039743
"237",103926.126819361
"238",136235.078674786
"239",68241.7861310701
"240",52191.1294065185
"241",68698.5769894332
"242",101121.588459592
"243",71600.9897384278
"244",168632.189131701
"245",90851.3506091328
"246",40253.7574920458
"247",39203.9239588078
"248",89892.4598472572
"249",16679.7016985081
"250",32032.6556351167
"251",45801.509809179
"252",58792.185526241
"253",63401.3813881273
"254",208197.63614655
"255",130125.218305338
"256",161853.891293754
"257",168803.414533568
"258",24069.7482390691
"259",135681.167692302
"260",98504.9550868547
"261",60851.9612039066
"262",195021.531320797
"263",38363.5921191012
"264",184669.044827619
"265",99257.8513726435
"266",47336.7479540768
"267",50938.0077019174
"268",26891.6489028987
"269",112271.360631301
"270",52008.8359475944
"271",40657.3614211831
"272",22369.797600364
"273",96509.7030068011
"274",95228.539808588
"275",100926.409592731
"276",62259.5479286053
"277",53728.4322674241
"278",47960.5404551957
"279",147680.576391077
"280",132182.315285055
"281",65298.420538244
"282",79272.7028762876
"283",88192.7971163625
"284",86842.9803477829
"285",58367.3784701598
"286",131703.831644186
"287",90032.1422986178
"288",60410.4374083635
"289",70724.4829254616
"290",54570.6049719817
"291",41531.8129611678
"292",161900.377879761
"293",51652.524607316
"294",32669.0429399929
"295",55668.7063722744
"296",195600.958393884
"297",138066.077377977
"298",58735.0627577586
"299",65797.2115901833
"300",53963.1817246279
"301",20289.4526785075
"302",120512.051427579
"303",96700.9689589272
"304",63026.3330422233
"305",125308.118381438
"306",48005.8421284361
"307",27287.0450400329
"308",81345.8972222504
"309",80829.2308061096
"310",64361.1609489067
"311",29346.9265238889
"312",43953.6564077152
"313",36366.6925451714
"314",71177.6081607739
"315",52968.7587037582
"316",39385.9707184951
"317",76562.6108321417
"318",24608.39230595
"319",96330.6086859483
"320",69912.1238536915
"321",65654.8488059309
"322",57599.151823599
"323",147733.281143762
"324",47137.8445052638
"325",31664.0446740112
"326",137148.531825524
"327",58525.1364926617
"328",89236.3178645057
"329",46604.2982117221
"330",81324.4995835741
"331",66797.1723176393
"332",51255.7255884827
"333",112050.874511299
"334",134156.061311477
"335",78771.5401977368
"336",55398.9549581818
"337",66366.9593206716
"338",72483.7574984119
"339",173882.44668825
"340",120373.050402344
"341",67548.5452245467
"342",37660.4972934022
"343",119611.970077074
"344",95929.6617896891
"345",249739.982590422
"346",60338.5401662184
"347",116168.858041852
"348",87888.6114342979
"349",73709.3006146054
"350",26130.8931481796
"351",81016.2865496445
"352",154909.23212796
"353",71755.6841669145
"354",38807.1943872435
"355",56479.5957473926
"356",58755.6327829022
"357",40425.3733034916
"358",32257.771068843
"359",48946.1200970453
"360",52248.0954440014
"361",33856.935060194
"362",53286.5530883331
"363",24915.0911718538
"364",37524.8443993748
"365",163467.019664216
"366",40454.105432583
"367",87063.3936141692
"368",331281.585548648
"369",53526.3907515484
"370",51641.2134767127
"371",93265.17504798
"372",79046.8434448289
"373",140219.212185546
"374",52371.4704423364
"375",43989.5073801126
"376",40756.4455870757
"377",101827.500266129
"378",125257.75512972
"379",56412.3330119642
"380",58946.6991381768
"381",23950.0399445549
"382",34089.3173973207
"383",70437.5794329327
"384",23799.3988811025
"385",184685.746977925
"386",74612.0423837828
"387",109496.517795288
"388",78220.3157825248
"389",117076.243871113
"390",86296.1834939938
"391",46666.9306051816
"392",42257.0159232666
"393",66991.8221410063
"394",34012.2700354742
"395",86987.9381327635
"396",62746.5570860223
"397",73800.4197069412
"398",35735.9430485679
"399",46295.5851223032
"400",66164.5974056044
"401",32444.7977360738
"402",52230.8261385083
"403",242402.698823131
"404",27311.6735128603
"405",17449.5165802315
"406",85042.8781938007
"407",140429.640763836
"408",74050.7429824716
"409",37789.1300732395
"410",30277.5859037961
"411",79080.8414300294
"412",109917.69503793
"413",145529.638674798
"414",68288.5825647902
"415",89644.2655604685
"416",50800.8156792294
"417",40215.9231576011
"418",135620.528112016
"419",76401.7881458824
"420",59089.7067717457
"421",51660.7696709515
"422",104012.132504805
"423",153486.847198602
"424",27104.1940786452
"425",71058.3501337487
"426",22747.0265688791
"427",29878.8791764806
"428",62812.0565430172
"429",35297.0638190087
"430",115731.75198169
"431",63843.9921038491
"432",33566.1405795496
"433",90162.8003994074
"434",22699.6320074015
"435",97202.1645370799
"436",99269.4457965993
"437",81071.0158380389
"438",52620.1149104682
"439",100949.43670775
"440",109834.728073067
"441",78687.7102158777
"442",142118.565345692
"443",37629.7098116061
"444",98741.8471754731
"445",86773.4498624125
"446",86242.8764100819
"447",56556.1927717692
"448",99337.3164162462
"449",41259.1626466281
"450",62319.8317548542
"451",64274.1038745312
"452",76561.9232603511
"453",95000.9101276187
"454",31791.1649639663
"455",124007.33003349
"456",85709.2934214594
"457",49514.819855007
"458",40626.573846346
"459",47569.3166995309
"460",210570.330084632
"461",59510.0394587057
"462",71485.670213521
"463",55612.407752664
"464",30548.6823684533
"465",50108.643352609
"466",74717.2953734919
"467",242537.354610121
"468",183189.467373944
"469",33003.0696635778
"470",170647.497029999
"471",62634.4848189014
"472",84735.2939328215
"473",19452.1980699984
"474",110718.718441475
"475",38822.6250852896
"476",93489.4550221368
"477",52109.7223682642
"478",64763.1304339091
"479",74506.1251730837
"480",122760.890525732
"481",50517.9760646828
"482",101536.798464337
"483",60679.7403978956
"484",73393.5619384925
"485",50620.9846455219
"486",63265.0820737642
"487",78973.0549520584
"488",29887.4382685919
"489",46125.1430420093
"490",154349.842578849
"491",37485.903784555
"492",57328.1826631915
"493",81436.2721940641
"494",48025.0127232627
"495",70151.6507024408
"496",63741.2728375865
"497",20800.1719263213
"498",453392.014547734
"499",110019.187810042
"500",89840.9906596541
"501",67764.1577474246
"502",21001.2274480642
"503",275983.596198191
"504",50672.5983684557
"505",49537.2987676572
"506",66485.6417874972
"507",32092.6771276969
"508",70879.2881872785
"509",96073.5503287295
"510",40302.8424858562
"511",108796.109406294
"512",176292.703616254
"513",31766.022474421
"514",89281.053806473
"515",89680.3998549997
"516",153022.748691585
"517",85869.4930486028
"518",46633.1797994163
"519",60618.6797539127
"520",34699.345009716
"521",51582.1624090838
"522",59709.065738635
"523",105044.461474423
"524",42848.7136234235
"525",68244.5603988046
"526",53702.1532732684
"527",32907.5691478434
"528",159780.740857384
"529",38849.4331975861
"530",74424.6788554722
"531",30542.3987911561
"532",146191.1604595
"533",41649.4591801272
"534",101219.57748193
"535",110882.53474256
"536",107736.595410666
"537",28522.9833493712
"538",275186.407194639
"539",123953.884844465
"540",43275.5964112595
"541",57346.1402094448
"542",52729.5347279259
"543",119488.573855236
"544",276059.538407033
"545",40532.6738556675
"546",87283.0875127968
"547",176732.19606372
"548",66118.8026762689
"549",66375.1266240035
"550",123603.666891323
"551",42357.9888053507
"552",65104.8284926992
"553",58757.6267997649
"554",34835.963592422
"555",59301.3605947269
"556",46670.8956621418
"557",77321.549191899
"558",56665.3339410556
"559",140819.138550627
"560",87424.9777657132
"561",23328.0112770364
"562",16921.2578526871
"563",48581.0670071177
"564",104771.428940052
"565",157559.504672463
"566",33694.4616503285
"567",65760.8640531056
"568",54806.4126459368
"569",104144.960579817
"570",34152.0678351877
"571",51468.4339624907
"572",78235.2511780841
"573",30819.0514278558
"574",120641.202623948
"575",54786.9329765178
"576",69026.8136418911
"577",71846.7241596968
"578",83514.7941090786
"579",140807.583750945
"580",28776.1736280472
"581",96245.4184892215
"582",60648.149935909
"583",16414.4581024168
"584",42603.1440670492
"585",44869.093640869
"586",62144.1945006475
"587",131875.785158501
"588",95437.3154816389
"589",59524.6385121623
"590",60743.7182271811
"591",110140.024840978
"592",120723.986682096
"593",39183.0738328622
"594",50374.827363978
"595",288035.329872424
"596",158600.844264674
"597",77844.3794854637
"598",74079.2010652218
"599",81373.2680013895
"600",62653.8434814545
"601",93511.9497932547
"602",89274.6866533682
"603",81957.8298352964
"604",88961.1785941876
"605",58192.3274278746
"606",51348.5601870431
"607",213663.853145066
"608",120536.491609855
"609",41804.1705774713
"610",49966.0039270153
"611",208696.927329644
"612",54820.5513816975
"613",203556.6845241
"614",71958.9281325439
"615",54351.7643852721
"616",29445.1057696485
"617",81279.1461428677
"618",25312.3792891014
"619",39934.6366726931
"620",45074.9672821119
"621",108916.471986586
"622",66129.8012995504
"623",41334.9304577433
"624",41600.0771712834
"625",110496.692595965
"626",85598.7652844839
"627",22245.7209737091
"628",113693.784787701
"629",15734.1113081536
"630",37764.6347005389
"631",53722.5978474306
"632",59898.9181369942
"633",30761.3849694709
"634",71412.2626407804
"635",45503.7916107301
"636",147739.191417364
"637",65733.7249768474
"638",34405.3472994276
"639",65539.9805664582
"640",22751.5270990305
"641",79736.4735249004
"642",74063.0016666639
"643",60054.4310301173
"644",43120.7935723312
"645",50943.5744367521
"646",69406.107054784
"647",143790.868373584
"648",241815.322862433
"649",45921.8532269831
"650",39490.7717582763
"651",101639.100135771
"652",25381.2669207303
"653",62357.3223964215
"654",72929.0931360618
"655",85086.1059459201
"656",150391.141842351
"657",32794.5688875312
"658",82866.1912991952
"659",56762.2846615499
"660",64180.8898737855
"661",61626.5997547203
"662",59927.033143214
"663",46890.9800730388
"664",32440.482668967
"665",133504.199247773
"666",106967.87361072
"667",62824.5609030035
"668",29226.8112581736
"669",46413.0607182058
"670",61947.4898993436
"671",90911.2017281072
"672",14316.8751773152
"673",95893.722701615
"674",49417.879854773
"675",83881.9798837705
"676",43588.2310977533
"677",43102.5282444372
"678",49659.9003407202
"679",128272.90162518
"680",40067.9227852087
"681",95043.3059371706
"682",80617.1677444203
"683",92321.5759239234
"684",194858.548401865
"685",246445.051130316
"686",63593.449622797
"687",157855.733386217
"688",69468.5642188735
"689",193995.889144631
"690",85476.4919803033
"691",98702.4085791144
"692",73407.537231621
"693",59128.1007548104
"694",54412.196016161
"695",115233.016411128
"696",48630.1748475781
"697",52345.1775918151
"698",46588.5797895597
"699",82717.6202824978
"700",30164.7859683541
"701",76454.8156514444
"702",31768.9840220095
"703",37342.3332980157
"704",54541.2421657408
"705",59595.5016791293
"706",100295.394993424
"707",76227.2051315739
"708",68196.0521725666
"709",18844.3790446661
"710",59295.2408444837
"711",61148.4181410851
"712",52556.9005250472
"713",72822.7291331144
"714",100247.373957989
"715",289434.487396796
"716",49555.2068508128
"717",104966.246000645
"718",62932.5916127639
"719",63582.6475293273
"720",51665.9808800372
"721",57651.4128626706
"722",95644.408619967
"723",86957.3823698147
"724",207368.441599073
"725",66301.5795129553
"726",94509.2097112988
"727",59586.5812638947
"728",30542.4181395478
"729",30879.4979476841
"730",177348.711181881
"731",32430.0250642389
"732",130095.993746879
"733",50385.6139343162
"734",43443.9066367143
"735",50870.2295841689
"736",138007.278540379
"737",51724.8555062157
"738",46339.5786617722
"739",134675.180895051
"740",144769.550888204
"741",58267.9309973054
"742",58574.4071389615
"743",96121.3743505659
"744",154620.917262646
"745",133073.163041211
"746",62852.0854564957
"747",393118.86182189
"748",86094.6065851119
"749",63187.7297206225
"750",35573.0041743359
"751",77144.3878569524
"752",178448.551664934
"753",154745.626146485
"754",87117.517494711
"755",71399.56934308
"756",113439.453493459
"757",53200.3606237724
"758",119601.641697344
"759",130888.12792459
"760",62427.1838523822
"761",71997.6656479642
"762",54145.1057051507
"763",81172.6856822719
"764",71303.6466016201
"765",66430.7100075784
"766",46030.3401785863
"767",52662.6018080569
"768",53499.2391771891
"769",60108.0877605788
"770",53686.7273666562
"771",39699.3705992217
"772",37439.3449953681
"773",27543.8606728864
"774",102269.35974095
"775",106201.131678572
"776",38070.8514105603
"777",90253.000540825
"778",126143.820989739
"779",90326.4839154102
"780",41918.3783191055
"781",61092.2258432376
"782",188916.449212201
"783",46681.3431010316
"784",91874.4486360791
"785",63490.4966797407
"786",63612.1806669576
"787",61712.5463045666
"788",95556.2200440343
"789",45015.9711382229
"790",87464.0572482951
"791",128727.481367058
"792",66502.2146113799
"793",121113.944054675
"794",15775.736174291
"795",60276.5306035681
"796",121094.119461711
"797",46847.1337018343
"798",116264.832470765
"799",78868.6270400774
"800",51911.6250990729
"801",44462.4365343391
"802",58510.0649654232
"803",153410.464954824
"804",120111.621412227
"805",41012.7737677182
"806",210884.277805448
"807",84641.9366072162
"808",47713.6769852103
"809",48820.5954888308
"810",54235.5893327153
"811",62316.5337212863
"812",108081.946695874
"813",66948.6458321242
"814",117327.190970047
"815",87161.9679821663
"816",77940.739390434
"817",97609.3052760225
"818",94113.1780238968
"819",46404.1516470828
"820",157870.224161164
"821",101479.906863086
"822",65512.3487766455
"823",165296.396341306
"824",135900.664421739
"825",113131.132918398
"826",80848.964694878
"827",58403.3040864422
"828",58636.8845982993
"829",77941.7765293535
"830",43078.8578557182
"831",153457.895745153
"832",46005.5984145336
"833",42940.5647374489
"834",50452.0748454971
"835",155002.876346599
"836",149732.994174759
"837",32880.1172630639
"838",172418.549042603
"839",98288.6426422667
"840",78254.1594169344
"841",21103.333333571
"842",222244.744008699
"843",35677.7526770217
"844",55596.6667129664
"845",70621.200792997
"846",49687.2915160298
"847",80739.3782782691
"848",51755.9106416531
"849",185170.87228295
"850",99038.5234188208
"851",45744.6980484
"852",117554.178746433
"853",160946.980513505
"854",94770.0206093086
"855",116795.053374329
"856",64332.433997885
"857",67319.2202039066
"858",116851.711264514
"859",151029.143133133
"860",90894.6553723977
"861",80368.2266469748
"862",136867.156540948
"863",96148.6642286341
"864",81605.140790818
"865",92867.2598285047
"866",108230.906152881
"867",60106.6579390169
"868",49582.5865166374
"869",155633.67275429
"870",80742.606913759
"871",112491.756524801
"872",39030.7972635331
"873",71617.581455671
"874",26518.3571494588
"875",65697.0448157745
"876",14030.2034919504
"877",99405.2110068912
"878",63762.2580526099
"879",96367.4751959753
"880",47817.6618382163
"881",94116.0307736332
"882",175374.997238202
"883",61893.2501466227
"884",84385.0149663063
"885",130942.515216543
"886",62543.8910877716
"887",143881.787058364
"888",84140.4302740628
"889",124386.995312912
"890",25688.1455606111
"891",133745.276000499
"892",73884.4505925451
"893",71528.7720777072
"894",25077.5610491056
"895",76594.7504349621
"896",121470.877122806
"897",94634.940268234
"898",211038.566931858
"899",19788.7084462142
"900",36454.7605243563
"901",84775.6920682242
"902",62098.69390934
"903",199961.738546919
"904",74472.3991997702
"905",19445.7352622631
"906",93614.4545722823
"907",197786.621994583
"908",123222.191736171
"909",107111.588190785
"910",55830.1384481209
"911",62732.8550395992
"912",36735.9116132814
"913",85827.4635377048
"914",117006.831433582
"915",123683.525857323
"916",55470.9281747187
"917",87788.8694994328
"918",72788.4657742212
"919",138612.799486359
"920",127788.807160803
"921",61826.0580341223
"922",45720.4465956591
"923",41537.783913454
"924",53073.4888647281
"925",71506.8429548023
"926",32393.6198309432
"927",92868.6228615909
"928",154933.429985662
"929",78635.5034613215
"930",49691.1409814662
"931",53550.3669043603
"932",30018.9193421357
"933",73230.9369846646
"934",161242.751069799
"935",59596.89958011
"936",48091.530307961
"937",108311.833763119
"938",159679.815984663
"939",42453.1346868022
"940",42138.673194478
"941",37334.7979840893
"942",52033.1546669707
"943",24494.5760911481
"944",78921.2033743462
"945",38211.3459080227
"946",61032.2644200829
"947",60866.1725531434
"948",90420.8045287086
"949",73912.4529350098
"950",145208.482829656
"951",84483.4003552235
"952",32624.7828541508
"953",52242.9955256392
"954",77655.6483312027
"955",51363.1206272418
"956",44224.833704605
"957",34136.9730683838
"958",153824.594417183
"959",106019.355464893
"960",110946.141835737
"961",76557.5614694642
"962",212038.220555999
"963",107924.054982179
"964",82036.4650934661
"965",105049.250504317
"966",169315.378121188
"967",32983.2407716679
"968",41608.1039758918
"969",37996.3960624098
"970",62847.0144573118
"971",79106.8727077683
"972",124737.715988387
"973",145333.607064328
"974",50678.6127727139
"975",85047.7884271089
"976",65627.7069275188
"977",175405.315971309
"978",65102.1228888951
"979",151608.992489287
"980",94302.1875090051
"981",170254.839867684
"982",149501.766852261
"983",134092.776589124
"984",92930.3464901375
"985",81787.1928271461
"986",41944.4354140577
"987",42344.4613652398
"988",59431.6840831728
"989",97755.7390198694
"990",147806.815965051
"991",143299.567857967
"992",27397.9603373384
"993",37438.0486432333
"994",120440.777298331
"995",123762.419161774
"996",166512.218682358
"997",133118.872504705
"998",58777.3276998588
"999",84504.424247938
"1000",92555.6345623802
"1001",68875.8418715395
"1002",84288.8305983437
"1003",99458.1990335429
"1004",164490.041776922
"1005",79951.2608945223
"1006",235935.295434425
"1007",82153.2464010822
"1008",59101.6708654515
"1009",74132.2227169843
"1010",56007.3970077921
"1011",38181.5591625858
"1012",48228.7186777419
"1013",64775.3720744883
"1014",143166.25657684
"1015",97250.995493677
"1016",95151.2812993211
"1017",40591.0170343372
"1018",217887.129505315
"1019",77952.2546507754
"1020",99902.9720989015
"1021",188292.438685808
"1022",102610.000726363
"1023",90003.7115060734
"1024",25322.649544132
"1025",58276.0008761785
"1026",125112.573756998
"1027",121396.363264184
"1028",124968.835012453
"1029",45562.2897597253
"1030",30220.7301185569
"1031",97878.2188695131
"1032",64808.8884919075
"1033",78549.5954308523
"1034",66586.0846517256
"1035",42910.0822330159
"1036",138952.733812373
"1037",83155.8829024596
"1038",85331.2593218629
"1039",113353.614066452
"1040",50192.2317490489
"1041",31000.01090002
"1042",82672.8759290754
"1043",44677.1395319014
"1044",46121.8632917256
"1045",77190.3601274673
"1046",13349.6193903232
"1047",88931.5164497249
"1048",124995.247729645
"1049",68429.3446236953
"1050",30745.0492995275
"1051",49342.457814619
"1052",180443.49885557
"1053",129105.920338374
"1054",27101.5067389647
"1055",50182.5955069423
"1056",22203.6126429428
"1057",64183.3895757838
"1058",29315.4951870934
"1059",141515.600771665
"1060",116698.429668699
"1061",50829.9495851409
"1062",65170.6599263832
"1063",62067.6548562912
"1064",266897.080386856
"1065",66942.1813930214
"1066",166076.234324858
"1067",55061.4891662071
"1068",88060.4728698639
"1069",82955.8057040954
"1070",52142.471967323
"1071",72861.3302098649
"1072",233667.778502155
"1073",99071.6056047141
"1074",73918.3340074326
"1075",66767.3734926515
"1076",187486.411669847
"1077",65889.6201558943
"1078",75455.8659058756
"1079",178926.046128727
"1080",73088.6283264015
"1081",111899.871681655
"1082",130497.222253116
"1083",52263.9810629261
"1084",104549.207142444
"1085",101950.577540574
"1086",83110.3319482616
"1087",85558.0088047448
"1088",337790.993275327
"1089",140042.908686922
"1090",42311.5228425862
"1091",99009.3720082607
"1092",75053.0947546412
"1093",143855.497619877
"1094",76762.7315275841
"1095",33721.0850849037
"1096",41317.4360438358
"1097",78769.8624023793
"1098",110369.602397152
"1099",73508.5878623988
"1100",125293.606138176
"1101",50366.9541029573
"1102",60191.7246256985
"1103",110161.179687299
"1104",34550.239691064
"1105",27217.3601906092
"1106",120431.804964163
"1107",120104.173088901
"1108",98505.5524395542
"1109",97474.8307613515
"1110",84424.5486574964
"1111",41053.4713521322
"1112",43827.4987684933
"1113",39460.2285439123
"1114",102815.320203522
"1115",31087.5933983838
"1116",32013.1214678234
"1117",99040.1270531063
"1118",72354.6688418427
"1119",98058.7602893803
"1120",94442.0727922933
"1121",58404.9455419718
"1122",91054.2190304548
"1123",105854.987303353
"1124",51354.0720776674
"1125",46731.985921532
"1126",32360.4368189558
"1127",56732.9174410154
"1128",115468.653411016
"1129",69985.3039573256
"1130",106085.084571871
"1131",23110.5078215649
"1132",122428.180042905
"1133",22461.9211951683
"1134",67025.5150465784
"1135",94122.1082353234
"1136",50127.022673867
"1137",55251.1424101978
"1138",76100.4413547089
"1139",140735.522721649
"1140",76735.6810741408
"1141",54577.1715982517
"1142",37409.6290981517
"1143",53210.2135363251
"1144",64006.3598419327
"1145",35547.7669757997
"1146",43503.4232791665
"1147",116263.655312948
"1148",124114.756849384
"1149",42632.2327768233
"1150",30134.5572847114
"1151",96936.5663538324
"1152",77276.5773183199
"1153",38978.6270015254
"1154",110259.386494984
"1155",36707.4925596838
"1156",81512.9354721127
"1157",79827.4903384731
"1158",66508.1729395671
"1159",112287.825216637
"1160",132545.799396455
"1161",81255.3842938771
"1162",56271.078193452
"1163",36658.7617445546
"1164",23333.0509570512
"1165",105987.118849586
"1166",107212.256966058
"1167",51843.2878267809
"1168",32048.1450665512
"1169",58197.1737767825
"1170",76155.2007022994
"1171",100553.445109145
"1172",362426.716509019
"1173",12753.8666644338
"1174",65738.4994148642
"1175",44503.8814299131
"1176",65575.7040572607
"1177",55597.3118490841
"1178",49243.0199132509
"1179",46860.8931269711
"1180",44745.1412964527
"1181",156088.860697491
"1182",58664.8694345681
"1183",100296.216690489
"1184",58033.7990224126
"1185",64123.2293259381
"1186",250006.232329883
"1187",123756.326479596
"1188",153373.947948331
"1189",27780.5261859859
"1190",121025.136229872
"1191",40092.4203706625
"1192",80948.3280962216
"1193",99562.6789232232
"1194",136442.632279797
"1195",39902.6796774712
"1196",224969.258005427
"1197",95565.2140100719
"1198",97407.8328910065
"1199",35189.837310127
"1200",82744.6311640654
"1201",48475.4379966348
"1202",33392.6088268366
"1203",40141.4658753962
"1204",59750.7251053295
"1205",92418.894571334
"1206",71898.8929527429
"1207",43814.9825288056
"1208",42186.8364741975
"1209",32913.6016383756
"1210",68717.1713920645
"1211",163322.637796485
"1212",53603.04066194
"1213",173767.871569534
"1214",67513.9896634541
"1215",163565.198529279
"1216",134579.397950184
"1217",88102.6339736189
"1218",49684.412031321
"1219",77097.1373469972
"1220",151453.447704045
"1221",24572.4873257245
"1222",119121.530295345
"1223",32633.8628072627
"1224",42498.2942814065
"1225",46189.32124417
"1226",94104.7446570275
"1227",78182.0054603954
"1228",78453.1575194287
"1229",133883.407379903
"1230",83423.6248627138
"1231",98577.055351914
"1232",16587.5054458032
"1233",131515.024174862
"1234",62740.6892176939
"1235",69146.0966055367
"1236",74299.3712232883
"1237",80361.5327182753
"1238",42368.5595732835
"1239",150485.660543181
"1240",181380.133905354
"1241",65094.2045662527
"1242",75074.3061379086
"1243",43597.5872404934
"1244",66916.7190098703
"1245",62399.9097949387
"1246",227177.664587782
"1247",60552.6567449756
"1248",33728.8384781055
"1249",79901.3463746882
"1250",47368.1778842407
"1251",214925.238399061
"1252",24379.75362704
"1253",180457.735348199
"1254",62783.6203275331
"1255",82003.1268547552
"1256",119173.275382219
"1257",99160.7056315922
"1258",93127.9613943298
"1259",180372.142407426
"1260",72959.3737208851
"1261",32766.7648988883
"1262",157495.268604233
"1263",71710.4634558803
"1264",64216.6907140351
"1265",54356.9459948242
"1266",57313.1974082464
"1267",153435.842248385
"1268",68085.0988504655
"1269",48868.1799098686
"1270",183257.211353959
"1271",66096.4089214419
"1272",51959.9805126766
"1273",22016.477033325
"1274",64395.7296669777
"1275",57558.7399427188
"1276",42085.4304370531
"1277",149459.007779039
"1278",38035.5676421936
"1279",67212.8355220697
"1280",34492.6611902084
"1281",115390.178961371
"1282",81341.4798891985
"1283",36139.5911690709
"1284",69500.2657720144
"1285",134391.759485108
"1286",32900.591689514
"1287",127207.620726426
"1288",49869.5700028685
"1289",94127.9726032301
"1290",33569.2053405551
"1291",48236.0926088529
"1292",127112.582909768
"1293",140326.533986168
"1294",82285.9996012744
"1295",102916.247385037
"1296",45462.2722717287
"1297",169462.367437001
"1298",71153.3570088255
"1299",103995.064446583
"1300",63821.730278863
"1301",85569.3352504195
"1302",50607.2674518618
"1303",82173.3489222086
"1304",26269.0100606026
"1305",80230.1182249771
"1306",32884.7419033723
"1307",64908.0190852929
"1308",214533.450973263
"1309",135097.906629399
"1310",76704.5572447739
"1311",37820.8508009622
"1312",48077.7477123079
"1313",38822.5072988616
"1314",78342.8804622615
"1315",118017.67765196
"1316",146222.344872432
"1317",33907.6404990811
"1318",72569.4646557289
"1319",89946.4115066992
"1320",148359.924499307
"1321",49397.1065187738
"1322",51497.59423348
"1323",69532.4523098943
"1324",31663.1736007405
"1325",26624.5940121238
"1326",28326.2653589721
"1327",83970.2060406345
"1328",215587.002983256
"1329",188181.676314268
"1330",81578.8428041517
"1331",58968.1004211794
"1332",68163.3238768679
"1333",154682.994289993
"1334",48596.8662159437
"1335",209849.941862954
"1336",72187.125616736
"1337",41905.1572159288
"1338",138117.20190949
"1339",97881.9146240136
"1340",60347.4848192772
"1341",49709.195152365
"1342",110644.528564456
"1343",99888.4845498213
"1344",54112.5754050232
"1345",82009.5538447682
"1346",62232.3020896282
"1347",33794.9641515819
"1348",22406.7289500117
"1349",82657.6958368819
"1350",46210.4357848921
"1351",277172.814846081
"1352",110320.009500127
"1353",94866.957345264
"1354",121712.252429126
"1355",86084.4928511423
"1356",122468.659211545
"1357",77951.4195262326
"1358",49613.8454025196
"1359",122556.26209822
"1360",105787.089730623
"1361",93100.1207029023
"1362",91761.3349721932
"1363",223878.264908719
"1364",71585.5217296414
"1365",41856.5700378959
"1366",35099.9981704852
"1367",41290.7770417137
"1368",56939.0595705829
"1369",20035.2376841785
"1370",63266.8048786201
"1371",106157.912984989
"1372",67572.1582663517
"1373",46351.2458146883
"1374",196706.697941296
"1375",45108.7652537987
"1376",92828.9318843607
"1377",56362.325818792
"1378",111398.529064341
"1379",47922.151653773
"1380",34240.7915064089
"1381",48021.7979150685
"1382",72751.5018074192
"1383",86517.6168392391
"1384",33004.8968858871
"1385",83536.8046312527
"1386",61851.8538875765
"1387",41252.9379198566
"1388",98076.8160589521
"1389",89208.3880073164
"1390",168357.093707549
"1391",54668.0018279396
"1392",76812.486080407
"1393",59784.8035440874
"1394",30583.3637744881
"1395",129528.133977501
"1396",103112.053960132
"1397",38526.5391214819
"1398",189295.536028545
"1399",117051.735596301
"1400",113642.547008388
"1401",99814.2092939404
"1402",106038.355063161
"1403",84277.6427429037
"1404",49059.5026722012
"1405",130385.52499866
"1406",264254.117373027
"1407",174674.754138583
"1408",234938.364677817
"1409",57791.4567279181
"1410",163609.368560711
"1411",125207.881744883
"1412",28454.4782485301
"1413",35197.5108140524
"1414",32335.210918531
"1415",38441.5098882839
"1416",139439.636763623
"1417",22374.8296452813
"1418",17423.9659042882
"1419",81340.4412398357
"1420",109933.940055085
"1421",71063.926409562
"1422",78154.4871505953
"1423",38008.8340783293
"1424",134697.28463966
"1425",85322.899321241
"1426",102902.251611901
"1427",88184.4006883361
"1428",23714.5989106238
"1429",265180.485896697
"1430",70858.8574863967
"1431",89574.1048444752
"1432",41458.9559403632
"1433",125409.390878361
"1434",70335.3716830037
"1435",165070.864627765
"1436",74362.9034666198
"1437",163026.335626021
"1438",27564.485979173
"1439",94375.6720014124
"1440",112328.562646013
"1441",65196.5925562454
"1442",79937.1053623475
"1443",89370.4838738175
"1444",58100.9074992261
"1445",127992.985789849
"1446",70888.4893646421
"1447",21433.1412663167
"1448",181203.070716985
"1449",51988.8530141533
"1450",75214.8754189683
"1451",70507.4839559234
"1452",39747.0260194842
"1453",73758.7396895933
"1454",96649.3817392897
"1455",28554.4162874133
"1456",92187.1781344034
"1457",110047.366838836
"1458",46619.2221189537
"1459",31349.9302881455
"1460",79271.452204573
"1461",72719.8859637724
"1462",130910.516461474
"1463",93535.0526941374
"1464",77721.2110000042
"1465",78943.8097455812
"1466",36810.6868417094
"1467",67682.922595813
"1468",22219.1637604609
"1469",72985.8107773293
"1470",104938.060158531
"1471",64984.2678102275
"1472",171500.489905196
"1473",70072.6020731965
"1474",103407.578525096
"1475",33720.9381469863
"1476",34795.8689229579
"1477",84014.3661159808
"1478",81587.6101094924
"1479",98199.9888752595
"1480",44676.2548204026
"1481",70506.5135141419
"1482",63176.4341519426
"1483",57374.625403079
"1484",38761.2274119442
"1485",59448.8849069634
"1486",86523.217563677
"1487",72235.7879320797
"1488",94142.4808880846
"1489",66622.8271303785
"1490",124817.522326091
"1491",73818.2269884512
"1492",105978.486839534
"1493",64747.0283180412
"1494",79275.3107347789
"1495",199818.362916563
"1496",41826.0606503188
"1497",139344.33161595
"1498",43750.6087057757
"1499",182550.47983426
"1500",18707.9050418651
"1501",132406.25012818
"1502",43413.1916666616
"1503",94054.4613269888
"1504",30033.0327564275
"1505",44365.0090926511
"1506",57433.0569495553
"1507",53639.0489830545
"1508",53376.1864817197
"1509",52526.8467211751
"1510",58598.1361921237
"1511",86819.5737415375
"1512",137315.778193293
"1513",34302.9310280231
"1514",79683.8082240771
"1515",88185.0243121259
"1516",83153.3498281968
"1517",73925.1190188893
"1518",73650.7848674036
"1519",170503.036016572
"1520",86868.2090943761
"1521",40496.5280584092
"1522",172551.473465278
"1523",15053.2013599918
"1524",16647.4448936435
"1525",102868.162783473
"1526",117732.51856667
"1527",92355.7761845233
"1528",112945.984028026
"1529",44903.7976544127
"1530",99058.9664915385
"1531",30104.3501678699
"1532",182202.011232154
"1533",36969.3337632749
"1534",124953.651179984
"1535",100099.089221771
"1536",33188.23868709
"1537",100017.59398305
"1538",106630.530730099
"1539",66516.2994864409
"1540",45460.7000913594
"1541",31101.1987030553
"1542",49177.1555372523
"1543",69081.2146866009
"1544",149860.435185409
"1545",58521.553285121
"1546",35212.5143712627
"1547",48702.6218741716
"1548",33856.8850525467
"1549",39908.6572070776
"1550",70896.3768874619
"1551",89491.9709698889
"1552",100339.064482313
"1553",94427.3031818024
"1554",57240.9681738112
"1555",61254.4141072026
"1556",56876.9614139608
"1557",203502.667818342
"1558",75809.1693375607
"1559",54203.9646582603
"1560",56539.7611281518
"1561",24620.6010166024
"1562",37969.3760933581
"1563",53394.9963572559
"1564",144623.292262981
"1565",52803.0050587207
"1566",139136.294713844
"1567",68464.7109495711
"1568",44954.8888715374
"1569",66011.5160644368
"1570",220004.921066104
"1571",130957.866592545
"1572",70949.7395635542
"1573",75322.7677556582
"1574",191873.051300059
"1575",104008.176186685
"1576",49381.7838061083
"1577",94755.5994063924
"1578",43890.0309681726
"1579",48537.5710460265
"1580",73110.1096300593
"1581",130487.591805021
"1582",35305.2386236868
"1583",124347.717691842
"1584",51297.5821094298
"1585",80870.4365935636
"1586",107562.500261922
"1587",32465.9193560152
"1588",76379.2680158584
"1589",19933.9345022011
"1590",43357.417557805
"1591",29991.5665882965
"1592",113955.00472494
"1593",47094.3247245273
"1594",48384.7432061706
"1595",67328.2347059593
"1596",126911.974692971
"1597",41041.6938913096
"1598",82233.6122505731
"1599",35604.2794250177
"1600",83937.0405492238
"1601",31805.2827708631
"1602",72884.1017060877
"1603",48700.6682972042
"1604",76857.2487299466
"1605",38520.4670290095
"1606",106446.201291895
"1607",47628.9326990272
"1608",25679.5764258243
"1609",61292.0578468637
"1610",41094.758181038
"1611",213291.7182161
"1612",101889.726110515
"1613",52243.874897524
"1614",79586.0974227833
"1615",36281.814042419
"1616",64747.1008577078
"1617",68821.847531644
"1618",39126.4429721421
"1619",96026.0166949189
"1620",87767.0364601839
"1621",88351.2666856984
"1622",127327.748301677
"1623",136407.775044662
"1624",57516.7448839163
"1625",132433.828503841
"1626",92128.6145105996
"1627",105088.161978834
"1628",42608.6909935791
"1629",63195.5847042546
"1630",155641.829313048
"1631",63701.4510224664
"1632",59339.8672135315
"1633",128038.483075066
"1634",110368.453210654
"1635",82836.0527149746
"1636",93032.7871195102
"1637",28405.2047381167
"1638",67131.0352151295
"1639",90032.1411840834
"1640",85174.0210768674
"1641",106553.704219453
"1642",144969.803133112
"1643",124710.245918448
"1644",67596.712837953
"1645",23280.9847894238
"1646",107410.639450758
"1647",157520.138485934
"1648",105743.33499685
"1649",33603.880725574
"1650",85499.5479936698
"1651",82274.6704893818
"1652",129503.113203871
"1653",68090.2160332878
"1654",65600.9667131717
"1655",88275.8245169757
"1656",31927.8010883961
"1657",116911.677380452
"1658",159641.889851845
"1659",111769.262999226
"1660",21148.0142702331
"1661",41503.3886723963
"1662",79573.6785178569
"1663",31235.0714454578
"1664",56669.7810428933
"1665",56695.0209702708
"1666",82857.3301479832
"1667",82527.8322359584
"1668",166037.044237886
"1669",24959.3105883951
"1670",141111.300482224
"1671",154362.952368763
"1672",18201.0127058614
"1673",57031.5873154604
"1674",107676.945011781
"1675",34708.1319289917
"1676",69377.8832996254
"1677",123451.124317014
"1678",141144.841119115
"1679",43903.6816805452
"1680",177188.06526468
"1681",115192.917404799
"1682",115016.463490106
"1683",129686.467804336
"1684",65197.9105007367
"1685",40546.5654224559
"1686",204117.836745686
"1687",17991.1538517582
"1688",75695.2622758408
"1689",69979.9858933087
"1690",85413.5828190646
"1691",27939.842452505
"1692",59195.2550948501
"1693",113243.193614919
"1694",53891.5017116453
"1695",120745.371939183
"1696",241776.710471632
"1697",17173.2756646965
"1698",161671.9842199
"1699",195929.916460205
"1700",65170.5021856135
"1701",79301.4990337735
"1702",48449.1983225812
"1703",56531.3322112323
"1704",94446.1418101408
"1705",72169.8428360853
"1706",52411.8186536214
"1707",56515.8832723699
"1708",76467.3183437161
"1709",32264.0409668931
"1710",41284.5724814839
"1711",47654.0884239188
"1712",28181.1982512145
"1713",58630.0781356304
"1714",50588.2717463583
"1715",51425.0371124383
"1716",135902.132717369
"1717",123698.967139623
"1718",89596.0548639985
"1719",49013.3117878154
"1720",28502.0392101933
"1721",63725.9260693713
"1722",80631.9510557415
"1723",81352.1164426145
"1724",67742.0706984224
"1725",113982.899422394
"1726",71485.3736282375
"1727",37327.8048679167
"1728",48199.7675276293
"1729",64194.9912213491
"1730",73416.2252145527
"1731",141506.220311363
"1732",139896.707866807
"1733",61099.3772116583
"1734",53993.3296354047
"1735",44374.2103402711
"1736",85765.3795487513
"1737",57426.3051632479
"1738",49460.2432409141
"1739",57896.3569457138
"1740",203099.212833546
"1741",92153.4143946211
"1742",52851.3868756633
"1743",64077.9572969034
"1744",70140.391934628
"1745",65406.3123010008
"1746",36699.6137606835
"1747",83203.9414467899
"1748",31190.8108319514
"1749",46099.9003762238
"1750",56705.5213211438
"1751",25256.345661059
"1752",63486.4353998691
"1753",32692.5232091608
"1754",64039.2051682477
"1755",138734.067921716
"1756",151340.400534255
"1757",78890.3171546557
"1758",61133.8346149724
"1759",55248.1456905806
"1760",53794.0805670696
"1761",109243.515280621
"1762",119671.893412344
"1763",129542.154935906
"1764",48154.5999117805
"1765",48056.9554675943
"1766",61792.4647307913
"1767",147465.673666278
"1768",113675.445596356
"1769",77765.6647492772
"1770",54798.7246600962
"1771",89775.1862438151
"1772",71945.6266934292
"1773",60886.2556753676
"1774",40606.6849871274
"1775",87639.0314124053
"1776",23349.2869646249
"1777",38019.0071375159
"1778",121225.152578713
"1779",42155.8945136489
"1780",109813.912764907
"1781",76339.1563858179
"1782",93349.3255373196
"1783",62458.9391853888
"1784",54081.0786638529
"1785",33809.1187998455
"1786",50366.667363597
"1787",94556.9225095504
"1788",109815.36210798
"1789",77414.1276466086
"1790",82771.6755620653
"1791",45078.013885861
"1792",102613.429568273
"1793",259955.474491758
"1794",126334.606155951
"1795",58272.8777484138
"1796",55902.0072591125
"1797",76709.5633420525
"1798",125861.911316737
"1799",58331.8761476138
"1800",58532.6267628513
"1801",52278.4557942599
"1802",87414.4463654649
"1803",33201.7878511011
"1804",93849.5977009371
"1805",58815.0847107226
"1806",71845.2842160555
"1807",66955.0321717554
"1808",129096.21394107
"1809",45207.1340756431
"1810",114053.270316563
"1811",215838.146635899
"1812",60748.9576161769
"1813",62623.5210983253
"1814",56899.3979285731
"1815",76169.9935003244
"1816",74874.4495181886
"1817",62138.330533251
"1818",55387.4664029173
"1819",180447.12734226
"1820",81052.864857855
"1821",49426.9794126727
"1822",29870.704585635
"1823",52836.4542936271
"1824",79772.9491335365
"1825",196021.585520574
"1826",75989.7633137603
"1827",46383.0111855171
"1828",25555.3601864977
"1829",68496.8150043787
"1830",144812.060615126
"1831",216574.108585807
"1832",141608.47374982
"1833",171021.066132085
"1834",24052.8078498127
"1835",96934.6104461793
"1836",63531.9969015603
"1837",192483.92929289
"1838",46437.736649699
"1839",66887.4329731695
"1840",114044.592408732
"1841",95132.3752409876
"1842",188332.320710003
"1843",45163.4014173162
"1844",90983.4310548237
"1845",116097.032394124
"1846",58510.0159990091
"1847",55862.3839723858
"1848",110340.657247557
"1849",30746.2188408058
"1850",117789.98522748
"1851",88719.4543547813
"1852",132133.994123143
"1853",145866.814316761
"1854",74207.5412618951
"1855",125252.092413418
"1856",115438.271817424
"1857",92883.7406268783
"1858",34611.3254199408
"1859",30128.7425313652
"1860",50212.3895713802
"1861",87661.9794050623
"1862",48968.2337711733
"1863",161876.528458801
"1864",26227.2774643648
"1865",41936.4399580855
"1866",108503.140615928
"1867",57398.7015780081
"1868",36801.6318372451
"1869",46938.3841941896
"1870",45881.5292940941
"1871",50759.246540467
"1872",163226.560169885
"1873",32024.3925802568
"1874",122048.219224507
"1875",143400.642741035
"1876",146465.536695793
"1877",156703.411638148
"1878",103112.973913045
"1879",60471.5897416239
"1880",78934.6696453336
"1881",37244.0842641005
"1882",64502.4503428583
"1883",107989.283716263
"1884",70718.6567703326
"1885",106674.37489461
"1886",63115.1896565589
"1887",48274.6121685115
"1888",118196.788907819
"1889",35612.6465659402
"1890",73459.7180172219
"1891",25465.1192549408
"1892",21738.3119206091
"1893",58368.989182142
"1894",140288.877581743
"1895",36046.8686091963
"1896",113929.170458668
"1897",60852.137529275
"1898",88149.8302088415
"1899",92565.2753144887
"1900",147924.833043632
"1901",51237.1371311571
"1902",138345.831035158
"1903",115278.462296865
"1904",63436.3530210666
"1905",22950.1107303885
"1906",41344.4021229218
"1907",159803.581730282
"1908",48294.6231468775
"1909",20906.8495855118
"1910",76389.2837776887
"1911",55186.6030721237
"1912",135630.608728651
"1913",89392.6526677574
"1914",186120.153362
"1915",159011.394437277
"1916",92210.3523001709
"1917",71864.9504339733
"1918",48701.4187650797
"1919",72656.4683614206
"1920",99152.8192299818
"1921",91420.5693977505
"1922",58635.4531713694
"1923",54859.2359583982
"1924",81184.4982314498
"1925",50774.0271006999
"1926",52938.0545280284
"1927",74931.7422814605
"1928",100234.547601422
"1929",69069.2353344575
"1930",78979.5557005389
"1931",152243.590665216
"1932",66412.7311668451
"1933",102087.747319732
"1934",82348.2526486242
"1935",134942.691880208
"1936",62616.2252428086
"1937",43188.5401417286
"1938",58786.2160773602
"1939",57672.0964994976
"1940",73506.0551445126
"1941",51144.2683229522
"1942",83264.3603432806
"1943",71774.9841690806
"1944",28400.8760573768
"1945",153530.182456332
"1946",80522.6178967005
"1947",250408.212002086
"1948",80609.373803248
"1949",155099.400989417
"1950",86621.805773354
"1951",85227.0001017539
"1952",66203.7764629412
"1953",137616.157387239
"1954",17441.6578674568
"1955",110623.774009727
"1956",55345.7290060982
"1957",132779.436463445
"1958",96415.1780055591
"1959",21688.1534525343
"1960",138843.452956608
"1961",65080.2652229934
"1962",46669.4250684185
"1963",71114.4085166078
"1964",39462.7407781334
"1965",41504.1636586442
"1966",49538.6957190248
"1967",148481.754246544
"1968",60019.7534131769
"1969",128655.727227953
"1970",37161.8587560121
"1971",90527.9640439731
"1972",67128.9349595659
"1973",61500.3403765088
"1974",136356.784990031
"1975",55072.7274697475
"1976",112592.294377794
"1977",41880.1700654532
"1978",113158.309854117
"1979",61318.4849106518
"1980",28296.1453671273
"1981",106618.275799762
"1982",33073.6943824317
"1983",97773.5936579312
"1984",84879.8539158852
"1985",58551.8961750418
"1986",81020.2941688177
"1987",46623.776889896
"1988",165311.577737176
"1989",33386.9422755859
"1990",64358.4641610794
"1991",169100.513749236
"1992",48445.8123173042
"1993",43048.7019877966
"1994",68995.5571196592
"1995",35046.6620170272
"1996",124727.71641888
"1997",183210.310588245
"1998",171884.33408819
"1999",94082.0806019576
"2000",136873.180860686
"2001",109077.211612411
"2002",31754.2598335383
"2003",122934.014011833
"2004",62657.1759745627
"2005",68270.1916463094
"2006",98508.3113270828
"2007",138903.47902994
"2008",46093.5873045998
"2009",123461.665896557
"2010",29288.7831842457
"2011",73312.6333336392
"2012",98524.2699978977
"2013",47294.3345748615
"2014",58073.91103354
"2015",64225.1149405927
"2016",127421.599524534
"2017",82174.8755465211
"2018",24347.0809754053
"2019",173731.479843921
"2020",91248.3340854033
"2021",26501.3533454657
"2022",111232.31328559
"2023",39443.2638875193
"2024",40176.1280397994
"2025",137724.581250698
"2026",123419.760724109
"2027",123212.62147468
"2028",47277.5529895673
"2029",74006.9495364748
"2030",34196.4938982543
"2031",24143.3713449062
"2032",42746.0832394768
"2033",146694.33852404
"2034",223458.690608233
"2035",37099.2152183871
"2036",31457.3051002037
"2037",57394.6591403608
"2038",151680.873307019
"2039",132185.141840436
"2040",149346.445575251
"2041",21431.0113623156
"2042",58684.2175227265
"2043",88498.4067795997
"2044",59055.4034016948
"2045",98851.9376766279
"2046",136888.559403573
"2047",170120.394751678
"2048",53448.2242868181
"2049",95058.775490334
"2050",15725.4710403351
"2051",79204.8288902492
"2052",145958.162139174
"2053",15473.3195696821
"2054",116702.081361076
"2055",81486.2804888784
"2056",114640.546059981
"2057",22819.9143784703
"2058",47520.8200503528
"2059",52941.2497762357
"2060",30662.3287957578
"2061",151169.863079704
"2062",152105.805389167
"2063",196222.125093417
"2064",30031.0406693739
"2065",125973.563784313
"2066",116107.354848671
"2067",97451.8167746488
"2068",35450.2855321936
"2069",37365.0456743384
"2070",140115.448998411
"2071",58235.4920409174
"2072",69061.6520075002
"2073",35922.6715906104
"2074",107713.092399662
"2075",82969.2723818101
"2076",42668.7008467164
"2077",33985.7903272965
"2078",171405.801768099
"2079",317382.527602421
"2080",107137.160100915
"2081",96233.8483455168
"2082",168621.723018399
"2083",54547.3345579117
"2084",54027.4463169862
"2085",84563.1213392249
"2086",62816.5119974702
"2087",59037.2309596695
"2088",48439.6938136289
"2089",110820.777590414
"2090",74297.8945853054
"2091",38352.3344289451
"2092",47176.6307967485
"2093",105858.410961991
"2094",68143.6997857569
"2095",206601.019897101
"2096",138568.36723996
"2097",55401.537911347
"2098",67119.6716028865
"2099",92041.5128983556
"2100",66439.8152938537
"2101",139218.193735202
"2102",48183.5075328829
"2103",31610.7634548878
"2104",67509.703722125
"2105",89795.0624961208
"2106",110193.734008164
"2107",103620.551282724
"2108",33495.772816693
"2109",84456.585146813
"2110",54494.5732219905
"2111",57133.9019688279
"2112",27681.8432671324
"2113",40065.315588118
"2114",84374.3631993683
"2115",46864.9895510659
"2116",154714.767049865
"2117",42240.5061387763
"2118",55345.0335806951
"2119",56944.0432621735
"2120",194410.910711529
"2121",23306.953461847
"2122",57569.8869560047
"2123",30600.5995622628
"2124",95625.8032230412
"2125",57952.6117097475
"2126",121681.172945959
"2127",138377.780723754
"2128",31281.156364597
"2129",46435.8598174143
"2130",29799.270262252
"2131",33271.4869796783
"2132",70835.1075085584
"2133",58349.7603679859
"2134",102319.347266964
"2135",58333.6666821013
"2136",44399.878363801
"2137",55153.2785174853
"2138",84337.6073704781
"2139",33139.0614309599
"2140",97427.6409100781
"2141",47508.4255394225
"2142",107825.222089103
"2143",76950.8277405972
"2144",191783.872468642
"2145",85504.3310594515
"2146",176050.358339525
"2147",131779.274555376
"2148",72254.5259172141
"2149",52296.3000936074
"2150",61690.481059317
"2151",37477.3418753219
"2152",59412.9677990592
"2153",114116.731695968
"2154",28131.6402413919
"2155",41848.6062229143
"2156",32844.4795462049
"2157",113013.925283294
"2158",105418.879006972
"2159",90215.9633683882
"2160",61248.9524619343
"2161",77657.2060837113
"2162",41514.0102197398
"2163",238045.193245119
"2164",42098.0274253157
"2165",102375.908901595
"2166",97659.0733394729
"2167",25922.8589679471
"2168",71578.8386008419
"2169",33166.689466295
"2170",29541.5585207086
"2171",34262.6261241898
"2172",41703.8677195771
"2173",85098.0696453093
"2174",130727.409042989
"2175",149339.401427583
"2176",54358.3786092775
"2177",34936.4254816686
"2178",53059.2951060527
"2179",67076.515341664
"2180",225404.544449985
"2181",26626.835483593
"2182",75359.7788080981
"2183",95430.4523008143
"2184",107225.868288763
"2185",34008.6907259443
"2186",35369.4286417716
"2187",82129.0147631543
"2188",51186.5077092208
"2189",40972.7994785263
"2190",28929.7727155795
"2191",86535.5086778143
"2192",45711.8255547164
"2193",50692.0198814571
"2194",54317.5178896601
"2195",209557.364855701
"2196",64036.879606764
"2197",59724.2841093706
"2198",63208.3865815717
"2199",104889.841598619
"2200",39447.2254380499
"2201",84698.0542201776
"2202",104966.822323312
"2203",20288.1297212494
"2204",94468.3837304188
"2205",101016.451162088
"2206",117545.336281081
"2207",28703.2418791899
"2208",84688.4583022615
"2209",73078.7156232883
"2210",31192.5942099175
"2211",24280.1334718307
"2212",70506.9605452455
"2213",77156.1352675222
"2214",79451.2205135997
"2215",96058.9266985868
"2216",150220.129575414
"2217",63615.3221805939
"2218",81633.4764998306
"2219",109931.814576488
"2220",90058.5108873269
"2221",93295.8811707993
"2222",56042.3846702484
"2223",172679.539964145
"2224",124250.220444406
"2225",176009.106545419
"2226",43596.4760937528
"2227",67908.6888857632
"2228",55966.5183695589
"2229",41178.9732633202
"2230",87468.8993345369
"2231",66754.6336679574
"2232",110686.008459174
"2233",166631.486923691
"2234",31075.8728878466
"2235",65559.6125078498
"2236",17179.8900898761
"2237",76792.0194856219
"2238",70750.1446820647
"2239",53710.8333513988
"2240",70560.6054285787
"2241",116968.560123531
"2242",140359.982811688
"2243",80421.8379321198
"2244",133394.556564675
"2245",54050.1667902316
"2246",250519.876281403
"2247",127596.694859973
"2248",90452.4431200399
"2249",52718.3370583561
"2250",143854.208494182
"2251",35972.0291850275
"2252",91956.5643387727
"2253",31651.2774390888
"2254",96575.5177405083
"2255",186028.468191529
"2256",174341.423871893
"2257",71901.265962928
"2258",68110.005313103
"2259",77408.2135335705
"2260",29675.7871867278
"2261",19236.6814457066
"2262",97450.2131146611
"2263",92134.9069528168
"2264",103474.852319222
"2265",77812.5297121792
"2266",37550.2911707468
"2267",82196.9390816451
"2268",125595.891860852
"2269",38523.5158104733
"2270",97302.2066455687
"2271",95850.1577332131
"2272",98339.6290818732
"2273",79800.1055369717
"2274",92468.783246524
"2275",52710.4543705172
"2276",101823.707398194
"2277",66416.1094124715
"2278",16789.519503466
"2279",15879.9360728348
"2280",62594.8947998068
"2281",56171.2234740371
"2282",173013.746904246
"2283",221643.22241193
"2284",52169.721893956
"2285",22942.4466411008
"2286",50192.3480459169
"2287",104052.599110987
"2288",30513.8985413297
"2289",41058.8445805308
"2290",46495.0931191258
"2291",120364.281597181
"2292",17919.2805936149
"2293",61941.7624036511
"2294",147572.967467892
"2295",62496.4777022827
"2296",42694.2560055374
"2297",167075.212540538
"2298",73727.1388922267
"2299",20192.6645534316
"2300",60205.3101009974
"2301",46356.1509986009
"2302",86109.9833950225
"2303",107144.255515643
"2304",61419.5496720296
"2305",51643.8879918956
"2306",72553.865026929
"2307",119584.491171244
"2308",34285.6050557648
"2309",76802.93057089
"2310",95396.4236027962
"2311",157569.921051364
"2312",82415.0270844438
"2313",212613.604289043
"2314",48114.2462157566
"2315",223368.87950181
"2316",51574.770134025
"2317",31640.9554721536
"2318",121542.023969596
"2319",56870.693821282
"2320",108041.778325481
"2321",187820.076108082
"2322",50455.7968518624
"2323",241524.693281795
"2324",166368.460599255
"2325",99090.1433244689
"2326",64794.3128768077
"2327",66323.8355114226
"2328",105103.634482651
"2329",43105.733062474
"2330",41066.6171506448
"2331",101946.146847118
"2332",109006.253283752
"2333",94515.8544409517
"2334",40552.2048438202
"2335",105784.019021445
"2336",135014.451570616
"2337",64049.3531764951
"2338",50319.5171888848
"2339",50297.6915972402
"2340",36566.8899425452
"2341",73564.3911544342
"2342",29252.6407911192
"2343",73811.6499442536
"2344",154469.961585022
"2345",38847.2693178577
"2346",148284.35663185
"2347",114644.003771623
"2348",76071.5041384798
"2349",18142.4397895926
"2350",22725.6161029805
"2351",64799.8178623141
"2352",91817.5152036407
"2353",43209.8568477774
"2354",139957.313201776
"2355",28496.4843397668
"2356",85668.8379252864
"2357",87970.0815914547
"2358",153551.409206495
"2359",62992.2790519898
"2360",69529.1796634702
"2361",92333.242033656
"2362",82827.209822115
"2363",77760.9228077376
"2364",16723.5732887657
"2365",31086.6624285863
"2366",57981.60489012
"2367",25586.0206735519
"2368",49171.9786730164
"2369",33486.8804608527
"2370",41603.5368467864
"2371",177174.773512202
"2372",115649.224477884
"2373",121310.556910396
"2374",49591.0533035578
"2375",59701.5476052213
"2376",201897.572048258
"2377",137211.44460017
"2378",64056.587437533
"2379",169963.803133298
"2380",82733.4016286206
"2381",31004.1136619568
"2382",32818.1601264921
"2383",56608.8375848601
"2384",20943.1872653396
"2385",105686.732676276
"2386",144658.301775983
"2387",147270.553869848
"2388",19681.573937259
"2389",39739.7024879525
"2390",48959.2823229502
"2391",37317.3902848683
"2392",54019.18073822
"2393",62938.434508628
"2394",155457.251590606
"2395",92192.5194790489
"2396",261689.764349922
"2397",53574.2219248564
"2398",35684.7622957008
"2399",60146.2119538527
"2400",148518.35779049
"2401",55828.87944601
"2402",63753.7513029974
"2403",44224.5212383711
"2404",192770.447525145
"2405",87353.5572689359
"2406",158447.075157149
"2407",64144.568069076
"2408",39036.6139525682
"2409",55640.435840017
"2410",61074.6777004876
"2411",189505.31474914
"2412",69706.0146118903
"2413",58739.7692721169
"2414",47205.3482100056
"2415",35530.7318577289
"2416",39518.9310689031
"2417",145445.265650559
"2418",66536.510249325
"2419",214125.9062805
"2420",84429.1200885435
"2421",257785.580078815
"2422",83347.7043731785
"2423",128811.024573315
"2424",38769.6900446567
"2425",63730.1963454457
"2426",78839.8682839268
"2427",41749.3171400331
"2428",55727.3459063626
"2429",85285.7384954185
"2430",23346.7859493784
"2431",166091.800007026
"2432",88375.9645244895
"2433",80682.1825370484
"2434",25143.7098164445
"2435",43899.7520388918
"2436",121042.473371787
"2437",83084.4517018251
"2438",104954.689296565
"2439",141257.459483275
"2440",148721.846923489
"2441",109306.609551139
"2442",116639.033801358
"2443",126187.917829472
"2444",52402.7314237847
"2445",54085.9299424995
"2446",130556.582853101
"2447",91191.6486208354
"2448",33428.1784701664
"2449",362136.56744505
"2450",25194.8432117856
"2451",59802.8893483735
"2452",51795.2726819389
"2453",88278.0994363942
"2454",54095.3097665857
"2455",39057.8089289754
"2456",109240.392830025
"2457",170447.428909928
"2458",66062.3369682777
"2459",38997.7632213371
"2460",77110.9990371065
"2461",83002.7916952711
"2462",145626.726087811
"2463",47583.9050438243
"2464",103750.157889745
"2465",25835.6349294437
"2466",72979.9504353679
"2467",94100.10135414
"2468",45742.8620212875
"2469",47691.8803971296
"2470",146224.132670625
"2471",181911.950675613
"2472",30633.9390729292
"2473",120298.734383007
"2474",53286.3842321537
"2475",70452.7803518604
"2476",23385.9977348492
"2477",73430.7797435729
"2478",54558.3027301265
"2479",25463.0103343899
"2480",92258.8724131122
"2481",112716.352398313
"2482",22852.8317736189
"2483",48921.8122054666
"2484",152688.802159289
"2485",48852.7756865267
"2486",61427.4890871753
"2487",90912.4785693213
"2488",91120.0929199771
"2489",54825.7506591713
"2490",57592.3427677217
"2491",104451.24795833
"2492",66429.3084774988
"2493",140795.449784752
"2494",51944.8843248084
"2495",44983.0753505023
"2496",117254.004254032
"2497",89140.7764327374
"2498",33857.6328009096
"2499",152453.89793207
"2500",74865.3936574412
"2501",47106.1180861818
"2502",78028.5110997126
"2503",153089.606563836
"2504",213984.147697222
"2505",32279.5915746193
"2506",40163.7588914782
"2507",108177.147533381
"2508",46744.6340706709
"2509",136452.880900683
"2510",85628.8734841793
"2511",41105.2767427432
"2512",120002.605214176
"2513",68461.7604782614
"2514",42215.1158901453
"2515",35273.0374339868
"2516",198021.018725105
"2517",122710.243358937
"2518",55479.6648992988
"2519",138740.201535253
"2520",88060.6984434222
"2521",59721.2138276621
"2522",47947.517750897
"2523",68681.7611060287
"2524",82437.2786012328
"2525",31137.7635355134
"2526",199244.419563895
"2527",43965.7855547963
"2528",81877.0223746612
"2529",25295.3034588721
"2530",32223.8799905685
"2531",107250.213558369
"2532",193793.102712616
"2533",58645.8754799598
"2534",223084.036272603
"2535",78399.0192399602
"2536",19739.4754293832
"2537",54712.4324558857
"2538",107056.94517055
"2539",78242.1192914905
"2540",86009.0169758654
"2541",88443.6127831973
"2542",125997.349604194
"2543",33102.1573008808
"2544",45968.8261110353
"2545",112991.729372293
"2546",106851.171753156
"2547",119533.752558772
"2548",78317.5233844938
"2549",81709.3349288019
"2550",43920.2786498074
"2551",92993.689772276
"2552",41160.2029759703
"2553",89385.1340018104
"2554",55160.8361110458
"2555",98785.2459333267
"2556",104655.881442702
"2557",46819.1675053685
"2558",93002.3582139196
"2559",61853.562782721
"2560",48079.2308015517
"2561",106766.747818702
"2562",58873.7035717466
"2563",54202.1747795816
"2564",61623.9709931745
"2565",50711.9106760416
"2566",136033.172850458
"2567",88508.5290548682
"2568",151251.555735341
"2569",40274.2526836405
"2570",86030.3046744538
"2571",192644.756766425
"2572",50799.2016694355
"2573",63971.1788350985
"2574",135740.073140365
"2575",30129.4215354497
"2576",23793.2186205593
"2577",45420.0231460174
"2578",35550.6858344798
"2579",99003.6889829527
"2580",58942.9473501587
"2581",84968.1016615908
"2582",66773.3014455279
"2583",20695.1132004095
"2584",107166.662646635
"2585",70678.8676767478
"2586",120546.778500362
"2587",47073.0688071985
"2588",60275.9146610272
"2589",70692.588906572
"2590",50773.5687846184
"2591",101964.937967622
"2592",48513.0003632063
"2593",54241.1472473846
"2594",63788.2096008923
"2595",60392.6874071266
"2596",57362.0455951312
"2597",96472.9585945088
"2598",124677.818858773
"2599",113569.813166964
"2600",78326.980123679
"2601",179410.26045045
"2602",43668.278695205
"2603",34035.3705447574
"2604",31195.1394113261
"2605",152112.343747469
"2606",33171.0981660312
"2607",26223.7230985564
"2608",87969.6071554496
"2609",104097.223114864
"2610",187588.906194977
"2611",87882.0347586794
"2612",132767.963089724
"2613",14317.5773873499
"2614",28164.046629408
"2615",74551.5977478895
"2616",46475.6262681431
"2617",71693.6463067828
"2618",41139.6194292158
"2619",84500.8971423881
"2620",41091.1774716355
"2621",42936.8543378752
"2622",110234.888386834
"2623",96374.1838049125
"2624",69838.6501500455
"2625",89353.9576323358
"2626",149478.386313961
"2627",282442.296370755
"2628",90335.720133427
"2629",184574.072528343
"2630",85012.3160637725
"2631",96445.8229208849
"2632",60581.5361855147
"2633",61685.5798653409
"2634",102898.353581394
"2635",141441.141087192
"2636",42072.4260820792
"2637",28681.2833585292
"2638",219902.061485147
"2639",47094.5016632922
"2640",77319.3419334329
"2641",45706.8697624575
"2642",58320.2754747778
"2643",56088.5763925534
"2644",63452.7090041582
"2645",125666.379478678
"2646",25385.4942904379
"2647",327407.408417147
"2648",85009.5151827397
"2649",40946.2753445842
"2650",94741.4345028059
"2651",35584.4572362586
"2652",46006.9728140333
"2653",142197.078883078
"2654",29686.8474167157
"2655",64915.0167798555
"2656",76020.2599300828
"2657",16896.1134355772
"2658",52872.5270177975
"2659",76963.913844769
"2660",57634.9869531992
"2661",62182.9808648556
"2662",81986.3350656956
"2663",88949.2606044194
"2664",92911.3921940135
"2665",59786.6914113812
"2666",64086.9375156277
"2667",38431.8260605854
"2668",132451.80353651
"2669",43543.2065713279
"2670",34058.2842384471
"2671",202245.201990335
"2672",70129.0644448063
"2673",75225.0794056812
"2674",199500.443770365
"2675",114765.6106669
"2676",90171.5097128592
"2677",43225.9459987377
"2678",126697.270707798
"2679",26680.3818042724
"2680",86613.2654161072
"2681",60577.536743322
"2682",52094.6369764843
"2683",37132.0686493087
"2684",52025.2330187331
"2685",88381.9108296491
"2686",50744.696645062
"2687",160863.564542141
"2688",160528.127180396
"2689",78031.5960792928
"2690",38957.882745521
"2691",47171.565283492
"2692",46811.3737866734
"2693",39846.4181242616
"2694",62821.0979549723
"2695",98809.314678027
"2696",43632.1232106986
"2697",51379.9275817075
"2698",80437.2711434087
"2699",39947.8734788487
"2700",98269.6503933934
"2701",125929.673967999
"2702",75495.4994967721
"2703",87934.9442701264
"2704",54609.6189867776
"2705",94013.4454011099
"2706",160391.448003935
"2707",117250.233139297
"2708",204222.754038896
"2709",30931.884383412
"2710",83769.1527200651
"2711",45111.7482757005
"2712",100066.388591737
"2713",58887.6675863027
"2714",61913.6056427709
"2715",105900.024603186
"2716",89972.2826109653
"2717",49286.6726885973
"2718",207429.766140726
"2719",46764.988576787
"2720",52507.7980188097
"2721",96486.9445334595
"2722",336690.36253959
"2723",93169.2134830075
"2724",85270.6491802919
"2725",51851.8252100059
"2726",63398.7408569564
"2727",45457.0121582222
"2728",193311.691214967
"2729",32203.2772315484
"2730",61776.8198292421
"2731",66552.0977016346
"2732",45855.3326257778
"2733",43687.6022619561
"2734",45285.3668326534
"2735",44244.0277780826
"2736",140338.861979855
"2737",182729.367381204
"2738",45420.0438601476
"2739",85582.1159465117
"2740",67894.015257912
"2741",60561.3560983312
"2742",41585.6382028281
"2743",101572.103755986
"2744",51442.4898993023
"2745",57545.8021826558
"2746",67497.2721120405
"2747",86612.079153182
"2748",112515.574592626
"2749",86526.7971570683
"2750",115267.568494712
"2751",142735.958691272
"2752",266914.767947052
"2753",47173.6184218228
"2754",83421.490189893
"2755",57329.3199944615
"2756",58768.502075049
"2757",76236.8995759096
"2758",271380.825628163
"2759",186207.707465254
"2760",102293.688781395
"2761",39073.7733291195
"2762",89073.9991319283
"2763",216185.140500117
"2764",111051.016893461
"2765",80214.4697165194
"2766",61187.539674757
"2767",237487.091362648
"2768",74714.7268719247
"2769",158473.274047429
"2770",120775.96287592
"2771",51995.1958278439
"2772",80315.895361877
"2773",92229.3539872643
"2774",97878.9163154997
"2775",90621.6641995355
"2776",91918.9827872858
"2777",136963.654768594
"2778",51476.7278266818
"2779",59965.138979484
"2780",98163.9586560266
"2781",149396.977515624
"2782",111347.55115175
"2783",75418.7839365173
"2784",105904.991502985
"2785",112141.94282214
"2786",39555.6563340426
"2787",79552.8422146879
"2788",132343.268456774
"2789",49612.3533235741
"2790",187698.094652722
"2791",52745.9077146431
"2792",115589.90122588
"2793",16484.8227040643
"2794",27691.7861698291
"2795",88014.6258649047
"2796",51100.7818350675
"2797",34790.0702277439
"2798",109251.200648766
"2799",46051.4416832559
"2800",73975.5070445985
"2801",56753.9530485032
"2802",107642.921073699
"2803",38874.1411780681
"2804",110155.138647002
"2805",151842.283155207
"2806",28646.3614129027
"2807",42576.9278333265
"2808",100307.138991387
"2809",101527.092069395
"2810",42596.1978568527
"2811",65173.8878844851
"2812",118617.877015434
"2813",44676.8124732191
"2814",47141.9004437397
"2815",29774.2163276483
"2816",76048.7824367312
"2817",42108.7006813665
"2818",49482.628770505
"2819",16393.6288165684
"2820",38442.9595681545
"2821",92205.3120382359
"2822",54617.2772316787
"2823",73370.3932638623
"2824",69638.6104774081
"2825",68088.9492235368
"2826",59565.9103489727
"2827",32727.583340511
"2828",27603.664061598
"2829",132665.16565766
"2830",95057.3222109121
"2831",67215.5755701593
"2832",127120.163388212
"2833",95457.5266432816
"2834",36824.8295861266
"2835",96001.5691521507
"2836",65609.2346708254
"2837",68244.8221313266
"2838",79659.18799479
"2839",61503.8722841192
"2840",78740.0231352317
"2841",114146.291840234
"2842",46077.9636705907
"2843",14860.4609814761
"2844",76812.4811171245
"2845",55675.2731319331
"2846",49022.777015437
"2847",95472.8197666692
"2848",56664.0498733997
"2849",81240.9520832567
"2850",234592.544047117
"2851",76348.3930973365
"2852",69831.6288120725
"2853",93146.6285741481
"2854",65559.3322989602
"2855",86236.5745284356
"2856",67280.3187070448
"2857",112368.105967046
"2858",51950.8289215508
"2859",35247.9730678903
"2860",59204.511800933
"2861",64481.7028231354
"2862",129398.259864074
"2863",128423.496614566
"2864",68112.0503879385
"2865",19036.3714362986
"2866",133071.716473102
"2867",63161.6192742718
"2868",150577.022358471
"2869",199439.722448165
"2870",45708.9328540819
"2871",60512.433955128
"2872",166771.606996604
"2873",104170.410992827
"2874",42526.6656311055
"2875",93513.0543385027
"2876",62378.8759287864
"2877",31958.812131731
"2878",52352.3487554611
"2879",36421.5732887329
"2880",38727.2341525524
"2881",27850.8089514511
"2882",155280.200588263
"2883",85658.3955669267
"2884",79993.5619965369
"2885",58638.4501379406
"2886",69433.1798397831
"2887",110944.194019901
"2888",57356.7047052758
"2889",53052.9320719537
"2890",96153.3784797645
"2891",35517.0412593465
"2892",50624.9350627963
"2893",37568.0942711458
"2894",54923.4076111664
"2895",171363.057601366
"2896",118587.948001331
"2897",83049.5693392106
"2898",109410.60162858
"2899",78485.1310695778
"2900",19870.1982029789
"2901",80319.4926686422
"2902",72825.3635457493
"2903",38980.1250758271
"2904",62690.1493324982
"2905",22693.2990914978
"2906",127789.495504893
"2907",61193.5461117408
"2908",38621.3988336768
"2909",78084.1026067247
"2910",104550.780526711
"2911",66332.9612009075
"2912",80808.0329345068
"2913",62233.5593694415
"2914",28407.9773599063
"2915",45884.8405313066
"2916",93036.0233951013
"2917",89013.6008843511
"2918",296961.268379986
"2919",106600.345863052
"2920",91380.9760137874
"2921",53990.0803872223
"2922",75969.7655682831
"2923",49824.8145370601
"2924",83274.6471836013
"2925",90614.901091374
"2926",45491.0284017807
"2927",112888.308468607
"2928",75125.4327850024
"2929",31809.7760836851
"2930",126409.492380551
"2931",115475.740883438
"2932",73428.9209906297
"2933",184431.025018921
"2934",110342.928361706
"2935",54690.7779484852
"2936",85773.1061537776
"2937",69588.396075358
"2938",131780.83790497
"2939",29121.1240060903
"2940",60890.8797396664
"2941",109475.116450681
"2942",14634.1472123081
"2943",84277.5663726524
"2944",62392.1896056989
"2945",68755.915704186
"2946",44974.6781989928
"2947",80307.7103281548
"2948",170273.959249936
"2949",58632.0231201904
"2950",57891.4559678763
"2951",38616.031459314
"2952",67303.621534724
"2953",93949.5778836933
"2954",41235.4041408352
"2955",107458.745904128
"2956",45666.9447734211
"2957",71979.25721936
"2958",68211.3119948491
"2959",19477.504548179
"2960",91881.6995466374
"2961",101814.631090704
"2962",96262.7247587003
"2963",69240.7507149019
"2964",71581.6156773728
"2965",21915.6836442681
"2966",100070.061926349
"2967",54644.6036670867
"2968",45382.5998947359
"2969",74280.7133566459
"2970",71147.6664125738
"2971",28492.218956417
"2972",105434.714464789
"2973",51449.8666402029
"2974",68576.7392624924
"2975",51262.9302625665
"2976",61242.145634722
"2977",70879.9315233945
"2978",24161.1394131008
"2979",31970.991724355
"2980",57113.4058288555
"2981",44814.922475879
"2982",146367.893675651
"2983",84790.6136216004
"2984",58746.4132223008
"2985",65641.8134409926
"2986",145908.714904051
"2987",95438.618627518
"2988",88440.4473786679
"2989",67681.3642544489
"2990",54372.6671619519
"2991",102156.983020973
"2992",87406.2288881427
"2993",134885.98286131
"2994",47136.8043574999
"2995",37473.1209970087
"2996",72725.5960166065
"2997",60230.6300820096
"2998",93185.6633990559
"2999",37807.1262401271
"3000",92159.5516958298
"3001",47957.7282970484
"3002",86429.7112051265
"3003",41656.3431139024
"3004",141942.663199751
"3005",40493.9315577345
"3006",98807.746227677
"3007",129965.947240533
"3008",28994.7888455583
"3009",106807.621835422
"3010",47280.6099821375
"3011",38727.1063803981
"3012",101422.51861099
"3013",25814.0764020175
"3014",94627.4866939843
"3015",203876.246140558
"3016",97181.8941478133
"3017",70259.9181973175
"3018",83641.8645419528
"3019",28843.4911859958
"3020",19452.053121404
"3021",50324.3728324086
"3022",33849.1699207972
"3023",51810.4313251348
"3024",65926.172213705
"3025",41392.1556834028
"3026",46889.3071940215
"3027",75365.7146070187
"3028",63855.6216691266
"3029",218087.319737467
"3030",48386.3614831559
"3031",96080.4912127305
"3032",232116.517447007
"3033",58923.5245689234
"3034",44940.4373584114
"3035",39468.305670692
"3036",38719.6162771472
"3037",61538.2184810554
"3038",20027.550101587
"3039",20411.7891981112
"3040",66174.1835004138
"3041",138137.662511103
"3042",74463.8533973473
"3043",61944.433849666
"3044",28625.9947244218
"3045",45682.1494729285
"3046",41480.1976909694
"3047",62930.78510634
"3048",91088.5647541762
"3049",24988.9318623418
"3050",31433.8297964835
"3051",173652.295661682
"3052",109846.238750034
"3053",53169.9155367426
"3054",76444.6133223602
"3055",53257.383510153
"3056",32092.4468403593
"3057",49068.3208658926
"3058",103732.035268943
"3059",43973.2631383321
"3060",40044.5186589207
"3061",31211.8784929699
"3062",59614.0594034596
"3063",47911.5817747027
"3064",95171.8632946929
"3065",75711.1503835042
"3066",90015.0612221196
"3067",81071.8321713779
"3068",39160.3934264086
"3069",81170.5668994253
"3070",61958.830596954
"3071",55749.019591753
"3072",79787.9725610061
"3073",151353.453620442
"3074",34489.4430414072
"3075",39574.803376391
"3076",195110.088024174
"3077",104040.050861207
"3078",65288.4854620426
"3079",68958.5047770009
"3080",38922.6533613821
"3081",18914.6534195678
"3082",188634.690828376
"3083",84305.8628421133
"3084",41925.3815828702
"3085",74825.7246111927
"3086",121562.720513745
"3087",92248.5966023828
"3088",91967.3171889223
"3089",58144.0872589614
"3090",136756.378977164
"3091",158338.274594723
"3092",78283.6587486605
"3093",58462.0843573681
"3094",53733.4678238921
"3095",50307.8076260856
"3096",95413.9884937887
"3097",94284.3236976787
"3098",77049.4833821592
"3099",239395.581325972
"3100",61641.2734066007
"3101",53238.6895879787
"3102",114851.591864481
"3103",86688.2265431053
"3104",196055.678609775
"3105",145216.694687277
"3106",52104.6483681831
"3107",50239.0270652055
"3108",53910.2801071653
"3109",80938.2839036633
"3110",186777.050207613
"3111",38181.7153683522
"3112",61247.5742837388
"3113",26032.7004910053
"3114",40169.0890328368
"3115",97898.6319806964
"3116",58729.7487845979
"3117",127300.468042607
"3118",31242.1291771482
"3119",67124.2244561131
"3120",81187.7854947071
"3121",63068.3880406792
"3122",48980.8164598121
"3123",53125.6561215825
"3124",61243.4082913597
"3125",151417.051038039
"3126",106210.122822375
"3127",119235.348408427
"3128",145953.829389241
"3129",89662.0531248926
"3130",189548.607667697
"3131",25583.3447541851
"3132",56939.2155170825
"3133",116129.523210381
"3134",16459.6179235546
"3135",159777.801032164
"3136",66290.1930039719
"3137",29842.6753298814
"3138",130862.826811653
"3139",28390.766892093
"3140",47205.1506435946
"3141",187668.649621296
"3142",247954.736929887
"3143",41741.832407393
"3144",108963.392572376
"3145",75977.9492113791
"3146",35915.2290742723
"3147",123926.018975032
"3148",173700.086952161
"3149",61168.1557590658
"3150",56355.7309117631
"3151",129860.82438596
"3152",28628.6535810507
"3153",51110.7864809868
"3154",79678.1549418126
"3155",108498.634848898
"3156",68077.6756467015
"3157",43699.8712139873
"3158",23807.5781518218
"3159",43160.7331799109
"3160",37891.721830514
"3161",42904.9296576918
"3162",102326.542344745
"3163",30635.8377706509
"3164",70066.3294373604
"3165",87277.3083646237
"3166",69041.2093277347
"3167",51544.6648009536
"3168",151557.079889311
"3169",64620.166223775
"3170",109960.655611997
"3171",110543.364428926
"3172",30908.7344892873
"3173",61796.766152177
"3174",112288.930382101
"3175",45925.6598160534
"3176",45022.1031760784
"3177",209901.814567102
"3178",84060.4778656814
"3179",74634.5257436169
"3180",62193.8294646627
"3181",69610.9275938178
"3182",27226.5600021752
"3183",63404.1574399278
"3184",39076.7338517724
"3185",68377.763183847
"3186",61691.6927123065
"3187",75009.1562721271
"3188",32978.1653859898
"3189",57056.7701285174
"3190",132509.262095564
"3191",82436.3952025281
"3192",22760.6137129121
"3193",165695.435838007
"3194",125760.250504946
"3195",70278.0162836946
"3196",94807.3665848872
"3197",27105.6576165477
"3198",44416.1735247862
"3199",58116.3461773094
"3200",84107.4431665148
"3201",115366.312138757
"3202",100394.678256399
"3203",135489.150801461
"3204",51197.6935860816
"3205",65207.2125055179
"3206",108831.868911585
"3207",23212.4483670456
"3208",31232.2398752902
"3209",69686.0989974999
"3210",81671.2198345795
"3211",51453.9381704051
"3212",119765.531429837
"3213",70605.0808732294
"3214",59240.3036140314
"3215",101149.421834328
"3216",29672.9170714443
"3217",86936.4045191888
"3218",31411.6412383214
"3219",37170.3483985162
"3220",90650.4587624088
"3221",82932.5029307485
"3222",63471.3785791643
"3223",320738.542427328
"3224",92766.503397783
"3225",39199.9771902646
"3226",136097.991373089
"3227",55833.0734799924
"3228",53881.9885251744
"3229",40013.1649709623
"3230",102817.955886562
"3231",99615.1862477134
"3232",66104.9030321541
"3233",26983.2862900134
"3234",91009.5845365623
"3235",63967.1977278248
"3236",57994.1940008425
"3237",26404.332160908
"3238",49242.9048747781
"3239",33145.4483136144
"3240",47326.8633198803
"3241",70167.9238712782
"3242",85539.1497838692
"3243",58664.2758992775
"3244",156291.975515598
"3245",23950.270742275
"3246",82105.781321263
"3247",163858.441069536
"3248",111742.870223007
"3249",46173.5942286657
"3250",82522.2289270839
"3251",122746.506195717
"3252",52636.499920083
"3253",128230.877769625
"3254",28000.3316979956
"3255",48600.757688444
"3256",58232.0834899482
"3257",92803.0856215151
"3258",98614.1571800185
"3259",61408.8708553356
"3260",200060.520095056
"3261",84290.1376288241
"3262",32716.7958278337
"3263",57353.6205131382
"3264",92189.2509308837
"3265",43016.0889763826
"3266",68633.4048484332
"3267",30706.3967626996
"3268",94996.6491622299
"3269",60228.6879181941
"3270",55279.4303312264
"3271",97360.4072066866
"3272",63409.4006864783
"3273",58972.4986267837
"3274",38937.6703027481
"3275",96185.593820362
"3276",43359.9572715198
"3277",75407.739783883
"3278",98812.202666954
"3279",72136.2099193011
"3280",91482.8108423007
"3281",144749.682699156
"3282",40511.0572343314
"3283",65539.8623504704
"3284",38169.1337830117
"3285",57725.5476062227
"3286",70308.3317385883
"3287",53548.3279045629
"3288",73748.1340752335
"3289",70081.4235150312
"3290",92359.0420784639
"3291",125891.413877594
"3292",70588.3532032858
"3293",122244.188177248
"3294",50441.1641049677
"3295",41230.4716749421
"3296",86013.0038630519
"3297",85669.457114745
"3298",39656.0748025371
"3299",105674.372154608
"3300",109622.634107618
"3301",105841.865188968
"3302",43888.2955818568
"3303",67466.8697728168
"3304",19443.3950624051
"3305",65242.9153487544
"3306",41852.5471776319
"3307",63676.2287941379
"3308",32795.1731316668
"3309",39943.9786995627
"3310",106167.454631927
"3311",74788.0585670374
"3312",34493.597682882
"3313",136292.472027759
"3314",49910.6622513042
"3315",98317.2856737739
"3316",131207.469220254
"3317",45615.3123189465
"3318",34481.049003498
"3319",60715.4026030864
"3320",41507.1710417839
"3321",50228.5551873856
"3322",114033.426313932
"3323",48164.4158101529
"3324",96170.080935249
"3325",57579.0223876869
"3326",81882.8022941566
"3327",220842.539503004
"3328",196864.191133393
"3329",60466.6844694846
"3330",69536.850775365
"3331",45014.7467711228
"3332",130288.762734132
"3333",40307.1536967736
"3334",152604.145477721
"3335",78636.2020417043
"3336",132551.044532469
"3337",109832.809958842
"3338",113095.902678772
"3339",37599.3648168116
"3340",88339.5084149421
"3341",40102.5515593546
"3342",87148.3988788179
"3343",118472.067789332
"3344",58438.8347500621
"3345",71082.6218924548
"3346",81524.5944627979
"3347",129585.452659324
"3348",32551.3711605835
"3349",47357.5118640109
"3350",145063.255340394
"3351",75914.5458117169
"3352",44083.3964024842
"3353",72823.860347888
"3354",120973.838835215
"3355",37805.9155741864
"3356",117832.960153432
"3357",105218.444941284
"3358",55555.8275652201
"3359",26189.8544457358
"3360",156975.415534283
"3361",201155.985850857
"3362",54325.0073239178
"3363",51136.1508916874
"3364",76596.0759574148
"3365",141461.480249688
"3366",166814.3732238
"3367",109268.44690214
"3368",152410.276978063
"3369",117990.902246524
"3370",69420.1003440213
"3371",58673.5397566579
"3372",76058.3874719942
"3373",103045.570942444
"3374",96508.2232828805
"3375",88120.4543673607
"3376",80797.3562861071
"3377",49849.4098245579
"3378",104146.510515648
"3379",92608.9281504686
"3380",107322.895402131
"3381",52513.8160621656
"3382",25288.6612703623
"3383",92048.7453501459
"3384",52693.2290548992
"3385",123319.762726012
"3386",77871.6438788122
"3387",92082.9945483771
"3388",74297.9514033222
"3389",80384.9899781628
"3390",72682.6621834462
"3391",43957.364927677
"3392",107381.832539121
"3393",56095.8645242359
"3394",191446.520513484
"3395",113495.116065023
"3396",64865.650683332
"3397",49653.481926397
"3398",59050.7730679575
"3399",60693.3595942368
"3400",264408.199036811
"3401",25479.8520144249
"3402",68533.9624019734
"3403",44772.8350435551
"3404",134567.929153621
"3405",51389.5700895607
"3406",128379.850233973
"3407",51334.8572924305
"3408",116812.24340694
"3409",60204.1924941627
"3410",26768.573996186
"3411",69312.3910919816
"3412",69719.4715261669
"3413",55245.1786536397
"3414",141297.241702315
"3415",114224.563048827
"3416",68454.6744217931
"3417",58694.0083372651
"3418",52210.1327716719
"3419",86469.9000465962
"3420",22249.2639900599
"3421",46747.2800894479
"3422",72767.9580522393
"3423",57771.8054609225
"3424",82324.7593280059
"3425",99734.7528078569
"3426",69442.278932337
"3427",62846.3077692469
"3428",44334.1752239814
"3429",113842.494762734
"3430",289780.165180359
"3431",51976.2119684861
"3432",34432.437713072
"3433",68635.4699331811
"3434",70046.4227618296
"3435",71207.7580776353
"3436",29736.2417518544
"3437",117802.883795524
"3438",19045.5332685339
"3439",50746.3735144317
"3440",56207.4540393558
"3441",53654.4135525511
"3442",56719.1186671686
"3443",41000.243350224
"3444",45901.6067192399
"3445",33041.5529327667
"3446",78717.1702835787
"3447",74151.3948631097
"3448",129672.816180466
"3449",153870.719768087
"3450",15411.7101010541
"3451",39782.0499704193
"3452",108019.470065377
"3453",38971.7536757582
"3454",340030.418302716
"3455",60863.9382257696
"3456",46577.2588783624
"3457",61151.7236915654
"3458",61979.8464497556
"3459",101285.519528373
"3460",69875.5431789143
"3461",52073.6037527747
"3462",72847.0507333082
"3463",19637.8367863287
"3464",88111.8846409566
"3465",52108.2320638122
"3466",94171.0512100348
"3467",68925.3057694882
"3468",48578.2804133464
"3469",68687.557487331
"3470",31259.4238294871
"3471",46208.4067544433
"3472",24474.5945047074
"3473",48975.7696589518
"3474",39310.9310506435
"3475",106920.953847308
"3476",28020.7888179631
"3477",19818.0383182481
"3478",100466.93590431
"3479",96602.786443809
"3480",46574.1773338374
"3481",86870.9076115524
"3482",112289.395048548
"3483",159215.978551875
"3484",91452.6893587822
"3485",90079.9645267101
"3486",102387.135590106
"3487",75694.1329469241
"3488",172269.12890169
"3489",53946.5705217492
"3490",197482.884785673
"3491",152431.393442419
"3492",129915.440721537
"3493",52136.5112364816
"3494",36031.9557287776
"3495",45859.512282454
"3496",41325.2941990797
"3497",127154.226000462
"3498",128546.636156608
"3499",44954.9505662344
"3500",14732.0130018008
"3501",46932.1832179407
"3502",164184.244147168
"3503",89147.7277175319
"3504",61347.5645974709
"3505",62599.3972916738
"3506",64346.681517113
"3507",103366.549927285
"3508",44722.1782939256
"3509",49223.2117024653
"3510",24603.4187519
"3511",49276.3870555531
"3512",39557.6304003292
"3513",99004.4063962143
"3514",230006.025454407
"3515",113116.117776018
"3516",78284.6123102533
"3517",32457.172000638
"3518",46569.5006241892
"3519",33732.8177170084
"3520",148027.83835301
"3521",44502.18070949
"3522",58957.7772130845
"3523",93826.5107864129
"3524",29494.1915559751
"3525",61968.6118378262
"3526",47535.2672347144
"3527",125537.198404821
"3528",186843.097710042
"3529",93757.0219545003
"3530",106612.123581793
"3531",145856.061750438
"3532",31295.7004006658
"3533",97846.0012415339
"3534",32947.6768965584
"3535",84176.5555344663
"3536",87954.1129873631
"3537",42389.1133856044
"3538",99352.7747656543
"3539",181579.601493257
"3540",42227.5221158549
"3541",146820.804887278
"3542",72799.8355204265
"3543",115775.898577253
"3544",16849.6462937771
"3545",68511.24011465
"3546",62351.9825420079
"3547",28554.4032690067
"3548",77012.820521994
"3549",149825.999111191
"3550",33133.6849389953
"3551",78884.5611237047
"3552",30839.4279941917
"3553",103550.319272515
"3554",64683.4605491987
"3555",63909.4563890954
"3556",36159.4995086129
"3557",55539.7960200861
"3558",61270.7103626579
"3559",43911.4281969308
"3560",100489.619951479
"3561",37712.7944477263
"3562",34970.0116221437
"3563",68888.457340838
"3564",31044.788187315
"3565",127528.759307216
"3566",55475.8114109311
"3567",138074.419766498
"3568",43289.8120830154
"3569",213322.748486376
"3570",75193.2860200151
"3571",42104.3706792688
"3572",94527.3165910082
"3573",142961.154024735
"3574",33615.7992907994
"3575",26286.6143040695
"3576",88149.6345112588
"3577",422364.211902143
"3578",147146.035898771
"3579",48774.1851971541
"3580",94268.8136834718
"3581",45847.0898650201
"3582",48223.0124831481
"3583",86057.2763947184
"3584",17220.488095434
"3585",93340.130707176
"3586",69917.1420465796
"3587",55444.4779768146
"3588",71734.0062393346
"3589",112260.986692981
"3590",218670.439286106
"3591",60610.325760829
"3592",69930.9692602702
"3593",221870.774022102
"3594",226153.137088185
"3595",41193.4433078137
"3596",202092.349947228
"3597",33951.3364826116
"3598",86035.1923591568
"3599",71969.0209755147
"3600",78728.0588265409
"3601",131735.709101071
"3602",67518.4648178286
"3603",98644.429244315
"3604",34904.6052507205
"3605",358251.27283657
"3606",60565.1500833248
"3607",111465.364900913
"3608",76245.7589562932
"3609",114113.007628077
"3610",74724.5426652834
"3611",160807.632853293
"3612",144565.826775873
"3613",52217.8646663167
"3614",49081.9111063068
"3615",55117.8589509467
"3616",72379.0129761491
"3617",113561.596614734
"3618",35716.0498352731
"3619",109490.310146353
"3620",24361.7450236071
"3621",66971.0107316351
"3622",61881.372259365
"3623",66601.227701997
"3624",182890.678455498
"3625",61620.8993788846
"3626",109798.947381287
"3627",49766.3856757753
"3628",38603.5169586076
"3629",66448.9848352939
"3630",175425.501374602
"3631",96670.7683434187
"3632",67280.1655579033
"3633",107028.079670741
"3634",58969.4828524915
"3635",128112.243629012
"3636",294015.255609359
"3637",62048.8283132417
"3638",59590.0464627689
"3639",84958.3077872747
"3640",119603.497583665
"3641",71455.3263433837
"3642",140929.532045445
"3643",47600.3452998919
"3644",37922.0430758256
"3645",61985.5697795488
"3646",22446.2974784196
"3647",71679.8567531058
"3648",42128.1214398629
"3649",93266.6554437849
"3650",63996.1314197015
"3651",57216.0929054972
"3652",359021.254886553
"3653",16786.4433591259
"3654",100419.11923581
"3655",32464.2959185321
"3656",78057.3834388004
"3657",73631.3848434085
"3658",69450.4261614746
"3659",49334.8107784308
"3660",19073.9425399999
"3661",44063.9855717347
"3662",129944.783753982
"3663",125547.627538386
"3664",116364.875669192
"3665",86939.0347725874
"3666",455724.925229601
"3667",55056.1289112695
"3668",96055.9810010655
"3669",11014.3942254661
"3670",72803.0497674968
"3671",126994.352842451
"3672",137854.229613885
"3673",215532.811545638
"3674",148290.187502594
"3675",57795.5198263571
"3676",106116.585815765
"3677",139238.529270143
"3678",86101.3354871489
"3679",54687.7327085045
"3680",71506.495392091
"3681",52915.4957279814
"3682",66578.8365166255
"3683",58017.1755814781
"3684",32592.0510702074
"3685",104788.598354214
"3686",231813.299836154
"3687",37675.939345526
"3688",33848.1786205184
"3689",58272.438640696
"3690",55085.9398225475
"3691",123802.26648899
"3692",67896.9053670379
"3693",110956.858890099
"3694",81270.1947320811
"3695",40083.9707853776
"3696",26018.1379107974
"3697",48464.473102051
"3698",54310.7054391574
"3699",60378.3769489925
"3700",36240.5756335928
"3701",85247.3127699508
"3702",52937.1883365366
"3703",29191.9389512827
"3704",60101.5169153263
"3705",45014.7473303064
"3706",82678.6206010338
"3707",24223.4206282709
"3708",189512.159120715
"3709",75897.008656021
"3710",68214.3509058726
"3711",19346.3770305095
"3712",88464.4311296357
"3713",47321.1931686275
"3714",37854.9183130138
"3715",160782.096268167
"3716",70704.8965062718
"3717",33797.0038457204
"3718",29689.9558306961
"3719",169440.445900547
"3720",26013.424881432
"3721",34294.805482883
"3722",85386.6150356804
"3723",109396.324489768
"3724",77610.0952010335
"3725",38359.9825128896
"3726",90901.6195513863
"3727",213454.732148322
"3728",27847.9108315108
"3729",60742.9475823854
"3730",68971.4222640852
"3731",83032.0023769623
"3732",30460.855989704
"3733",23833.0991819944
"3734",165400.342011501
"3735",49138.2523285508
"3736",55780.7391942519
"3737",50995.4295109512
"3738",44450.7259505404
"3739",94734.4897625878
"3740",177134.605526395
"3741",61322.0131149772
"3742",40042.3384093892
"3743",54656.3030806199
"3744",80947.0584977008
"3745",104501.650513995
"3746",34730.0727335782
"3747",85365.9109867887
"3748",102258.795066547
"3749",109901.969641201
"3750",63741.6301669043
"3751",78558.68052399
"3752",76051.1417080844
"3753",73942.2169916729
"3754",50091.0476626566
"3755",104008.130797
"3756",59625.4825018973
"3757",47948.2633026688
"3758",94958.2823973374
"3759",187830.502947838
"3760",103124.108352767
"3761",61055.7206490646
"3762",68486.7896489405
"3763",36717.4963092688
"3764",112332.555933986
"3765",72800.7062528256
"3766",94822.4257839654
"3767",63116.9036904121
"3768",44237.0186423789
"3769",69579.1530504512
"3770",192700.875382281
"3771",44575.8473429255
"3772",114571.864544502
"3773",56484.8777394067
"3774",23702.0636831533
"3775",32514.2682759809
"3776",114961.786981962
"3777",67024.3825743877
"3778",37861.26089807
"3779",20628.2730669156
"3780",32701.47884161
"3781",149765.581651032
"3782",76494.6080213027
"3783",62513.7812398359
"3784",62439.2656502709
"3785",32901.5111321042
"3786",69868.3136020945
"3787",65185.0492930407
"3788",69966.0576508649
"3789",66100.5983384235
"3790",54824.1152513502
"3791",15702.6175524866
"3792",56048.6634992508
"3793",152799.207534767
"3794",80493.6805389779
"3795",62384.9913340557
"3796",84517.1823848989
"3797",44155.5761584303
"3798",95339.0531725281
"3799",108291.376678342
"3800",78498.8638812205
"3801",16314.6642300003
"3802",89533.8220539111
"3803",87638.1996151285
"3804",56939.7063617578
"3805",37507.2499389173
"3806",62648.1957146894
"3807",56672.0674342593
"3808",59233.1820503461
"3809",140890.551261006
"3810",38019.1385440908
"3811",65466.7688907036
"3812",115751.473043556
"3813",57909.9315190005
"3814",90155.0845616564
"3815",44505.8911548814
"3816",58161.3410182286
"3817",95546.1931505865
"3818",89260.6025729696
"3819",55261.8435839415
"3820",87742.5329152154
"3821",223004.48791546
"3822",209041.799621311
"3823",37137.2943178992
"3824",222562.844643518
"3825",94638.1153583284
"3826",43877.6808207853
"3827",43806.9140447586
"3828",114077.967592616
"3829",60867.3346897829
"3830",109641.362106716
"3831",134453.389381183
"3832",42083.0525265395
"3833",21358.7682753002
"3834",59265.2295188703
"3835",65332.9713265336
"3836",206600.236070803
"3837",71729.7316148328
"3838",58455.1034491962
"3839",220605.163243884
"3840",141525.847184788
"3841",21861.5840454731
"3842",29616.4369642903
"3843",73237.7213627951
"3844",53499.053711592
"3845",32817.3343502987
"3846",38660.2042046622
"3847",49369.7714199531
"3848",93695.7753861903
"3849",112892.948570032
"3850",110322.474629761
"3851",61742.4678827384
"3852",92927.9666146802
"3853",129887.071156474
"3854",41070.2480536314
"3855",154059.429443208
"3856",143074.701615836
"3857",79559.2240463406
"3858",103876.404242747
"3859",34015.9750948899
"3860",75343.4173898829
"3861",155350.988292657
"3862",107125.292115289
"3863",98361.6743707785
"3864",49814.6161627256
"3865",133923.475957792
"3866",170417.178038883
"3867",102332.996565426
"3868",15587.2357753759
"3869",58384.8964547303
"3870",45884.2147956115
"3871",57651.2991380643
"3872",128205.975456842
"3873",164114.391639436
"3874",18121.2059602637
"3875",17050.9578328964
"3876",32549.7018166594
"3877",101655.812688967
"3878",50630.097090831
"3879",57852.3942132091
"3880",54227.5935330709
"3881",31808.6477381021
"3882",70094.7000927487
"3883",35968.4347172898
"3884",128701.959791555
"3885",107363.14754874
"3886",96466.017408131
"3887",198271.450070216
"3888",120384.540736744
"3889",87732.5951604584
"3890",115354.992421267
"3891",87088.7300429281
"3892",54957.2014348417
"3893",20757.4833133413
"3894",46518.7096026755
"3895",116501.076103484
"3896",62607.5857231476
"3897",29260.0345464234
"3898",203986.831571664
"3899",53108.0750935005
"3900",82333.854448778
"3901",126260.239901098
"3902",110908.433824428
"3903",34990.1223321469
"3904",102654.791590279
"3905",60272.4608234973
"3906",338338.628485452
"3907",39305.0018822556
"3908",199549.625728532
"3909",32052.4987029493
"3910",107158.255386692
"3911",42734.2851337432
"3912",224434.9847096
"3913",131937.195342431
"3914",176252.202909476
"3915",48300.9523456831
"3916",76178.7142197198
"3917",116474.821601207
"3918",86718.4950511198
"3919",110927.56272222
"3920",41656.6321089533
"3921",75675.3637953492
"3922",59387.5937861302
"3923",144563.967777871
"3924",56170.6562043403
"3925",45188.1634207428
"3926",41012.748039367
"3927",98358.5147839488
"3928",109663.756565395
"3929",26012.8852907144
"3930",102202.511246281
"3931",43516.5294384886
"3932",62824.5707383363
"3933",285487.327713061
"3934",51100.1377081501
"3935",162481.279053236
"3936",72091.9698847176
"3937",195918.846189836
"3938",26261.6282484293
"3939",67899.0770333579
"3940",89960.7640434283
"3941",45136.9956992359
"3942",124964.417322471
"3943",61416.0428186508
"3944",84094.1732663754
"3945",123313.272744164
"3946",127583.039352333
"3947",63937.650552706
"3948",46361.6564220719
"3949",49965.943401571
"3950",233805.519344025
"3951",29234.2771220432
"3952",25969.5188331269
"3953",34650.0523793095
"3954",82773.0461734247
"3955",61600.2269136338
"3956",53500.7294452788
"3957",126995.970569384
"3958",117719.29374876
"3959",32205.440428924
"3960",50568.2734448017
"3961",127116.946229322
"3962",180201.77364069
"3963",102070.266620762
"3964",60892.0850412359
"3965",91137.695372707
"3966",127653.973043816
"3967",173867.026044939
"3968",74307.448614504
"3969",103308.639957343
"3970",36724.8537332167
"3971",137439.008610381
"3972",28512.5547602669
"3973",87782.5456518249
"3974",121468.338221096
"3975",51873.3493932183
"3976",63697.3851548758
"3977",156549.633727429
"3978",57127.7791487995
"3979",48724.498927742
"3980",53073.1421817073
"3981",349889.083055909
"3982",28655.1873906589
"3983",212541.049758535
"3984",66936.5773505559
"3985",29093.2545413142
"3986",58828.2389004429
"3987",52352.4486877466
"3988",264617.57448492
"3989",40916.9125474788
"3990",83245.7506868991
"3991",76443.611529095
"3992",88396.6746385965
"3993",94297.284596131
"3994",57384.0000507547
"3995",67645.2339279934
"3996",27570.1462525069
"3997",96033.7695874669
"3998",48474.862377589
"3999",33142.0395300284
"4000",117011.868786004
"4001",166960.97149026
"4002",41196.3006716666
"4003",127289.971512017
"4004",32908.0000154602
"4005",92711.5628354344
"4006",62166.8898513841
"4007",97947.084400423
"4008",76249.2314208361
"4009",77975.0553452481
"4010",39857.1748736065
"4011",142323.126458856
"4012",215553.187640886
"4013",87111.5888559467
"4014",45430.666688961
"4015",28029.5563863195
"4016",38618.8319012521
"4017",46157.03055527
"4018",34510.8900579301
"4019",44213.4629875773
"4020",32109.5367128127
"4021",36598.4421752456
"4022",74812.7288622903
"4023",156433.278155283
"4024",115829.252783315
"4025",169329.336042829
"4026",24847.6327931424
"4027",74870.1995505493
"4028",153745.731222731
"4029",64168.3555977664
"4030",180060.159170514
"4031",63350.7371624848
"4032",37218.1096860372
"4033",107199.441261304
"4034",41238.1560809523
"4035",190354.484845185
"4036",67741.4592069873
"4037",111492.371378423
"4038",65608.0483152976
"4039",120188.909828555
"4040",43422.9430228525
"4041",97245.6046390808
"4042",80192.538177751
"4043",74469.1294633671
"4044",55019.9268885246
"4045",31342.6602924233
"4046",49100.299901785
"4047",135080.537261336
"4048",80348.1156208405
"4049",32152.6123134486
"4050",78867.9014529735
"4051",70725.3520568862
"4052",50994.5540500867
"4053",89974.5436793305
"4054",21501.096355763
"4055",70809.4066356052
"4056",50550.3165505248
"4057",63919.5379048449
"4058",32878.4655312855
"4059",68843.9330101074
"4060",67169.503605096
"4061",78499.6120650132
"4062",200909.303578903
"4063",37030.8418955498
"4064",134503.779704372
"4065",63794.4325661809
"4066",39061.0442227359
"4067",89440.494300841
"4068",70148.391314699
"4069",33052.5134478788
"4070",17055.016772166
"4071",182302.667185577
"4072",101159.092242425
"4073",70920.5022162661
"4074",24558.9054531799
"4075",35524.6584822912
"4076",268231.508035064
"4077",44653.4224099187
"4078",100127.828774667
"4079",118512.111324927
"4080",67207.265800712
"4081",50107.9288163216
"4082",35379.5774565186
"4083",288754.214649919
"4084",60137.9374252611
"4085",177571.855397468
"4086",34231.0241532656
"4087",75714.0893554922
"4088",51824.5193529831
"4089",372094.167573727
"4090",50057.9335938311
"4091",165683.709565923
"4092",142623.606338503
"4093",132988.550417797
"4094",105911.98084462
"4095",58176.8341844773
"4096",64123.9472267953
"4097",151588.707183006
"4098",68385.420220213
"4099",76927.5718844564
"4100",77379.9292468245
"4101",142590.377711638
"4102",41269.421288256
"4103",72475.7010840021
"4104",65593.1086415803
"4105",55429.0677061584
"4106",267881.647056965
"4107",50058.3526387724
"4108",42699.8450449655
"4109",143636.219366109
"4110",79246.3064765027
"4111",143671.04019157
"4112",94256.6708417272
"4113",40674.2675321061
"4114",152657.542598596
"4115",40626.9411068387
"4116",151821.465301266
"4117",64432.3789219268
"4118",154785.744877824
"4119",28193.4972784617
"4120",107555.017905448
"4121",36385.9438523619
"4122",23725.111999874
"4123",18205.8558282834
"4124",23453.6886474261
"4125",53477.7365650549
"4126",26544.2419577264
"4127",179142.439727856
"4128",168479.24007365
"4129",141134.973463023
"4130",37194.1307663236
"4131",22752.2067112992
"4132",50111.8277081866
"4133",124622.637152241
"4134",95376.8522913019
"4135",45834.2512115809
"4136",290867.318110279
"4137",82677.8917149964
"4138",163472.583905928
"4139",96979.4809052882
"4140",116062.944603944
"4141",58736.3095119892
"4142",68995.3287782631
"4143",50699.0523600123
"4144",84778.1852656918
"4145",63139.8135904542
"4146",134394.01817005
"4147",47583.5513235075
"4148",22703.2172000453
"4149",24763.4098879174
"4150",56743.9021729325
"4151",48801.6821443405
"4152",102567.124043642
"4153",77123.6831556053
"4154",53795.8621208226
"4155",88230.1908504029
"4156",20595.7881531032
"4157",48191.9559066272
"4158",66174.9058755583
"4159",88104.9724420555
"4160",86893.8387734868
"4161",120632.059898878
"4162",49984.3506359492
"4163",112313.474643941
"4164",48291.5966597882
"4165",101894.367644371
"4166",79956.4774153211
"4167",69405.3161026165
"4168",92205.4828853843
"4169",26167.9633534463
"4170",62115.6804570575
"4171",48456.0315907311
"4172",98991.8561073426
"4173",55716.1043526852
"4174",108537.953664056
"4175",135870.963002518
"4176",257888.359574658
"4177",94407.1973745232
"4178",43219.8817514362
"4179",166458.323633114
"4180",121017.935034138
"4181",25916.2517135784
"4182",89219.1183495009
"4183",73991.6447582261
"4184",70512.7319449385
"4185",76782.8624029707
"4186",85252.0161009493
"4187",43029.7353877019
"4188",51840.5496114411
"4189",28992.7071257764
"4190",51954.6813433947
"4191",97059.79449837
"4192",81976.8910079696
"4193",72806.7837109959
"4194",87426.6957712744
"4195",331508.650285712
"4196",64712.0045636501
"4197",69906.7894536976
"4198",94450.2402964942
"4199",93813.50095306
"4200",156502.113360036
"4201",48545.6033083917
"4202",92172.9492206643
"4203",36364.1852403563
"4204",43244.589514795
"4205",225427.490020444
"4206",221218.312707493
"4207",69489.3017634838
"4208",73588.8207399563
"4209",185724.324730183
"4210",64730.801201774
"4211",130480.307500666
"4212",84046.3738877054
"4213",43956.3758202097
"4214",114785.227104786
"4215",176281.083523119
"4216",65861.5009150253
"4217",67768.6212555554
"4218",77770.0180768757
"4219",159787.9054462
"4220",47037.3257834727
"4221",71381.5638120755
"4222",48055.6055569997
"4223",51404.8506249476
"4224",40977.9685139835
"4225",58307.8531334786
"4226",45606.5610464477
"4227",46003.234173883
"4228",109482.428313418
"4229",87717.3233626222
"4230",43840.346322751
"4231",190502.758873884
"4232",75397.4778306582
"4233",77557.7531137846
"4234",138437.227086033
"4235",29588.567209139
"4236",147205.692927918
"4237",48051.9384968826
"4238",212359.955565286
"4239",28061.0663011747
"4240",89329.0635846967
"4241",51266.1092291642
"4242",329736.615056338
"4243",174539.535384715
"4244",28768.8517730086
"4245",62926.2327654703
"4246",38108.8944547215
"4247",118350.61524835
"4248",90702.0989253491
"4249",66072.6194867023
"4250",74119.7036507068
"4251",75868.4162712577
"4252",88527.8083715991
"4253",39073.8898611284
"4254",52539.3254574221
"4255",65240.9748177948
"4256",59624.0521213492
"4257",125978.437337767
"4258",66912.2215886061
"4259",42351.3918258331
"4260",103506.405084837
"4261",137883.105708725
"4262",40846.8732430059
"4263",230592.436029849
"4264",69531.5540622909
"4265",175897.140294045
"4266",94636.0114368307
"4267",42205.0210677371
"4268",18143.0332301527
"4269",98213.3232990665
"4270",130588.711062949
"4271",107554.174352886
"4272",40881.999489614
"4273",114412.983602311
"4274",70436.1329902993
"4275",67095.7111836124
"4276",73862.341866281
"4277",111053.698658386
"4278",88253.7152075205
"4279",89071.6334998824
"4280",58455.4989377691
"4281",68491.6996207673
"4282",151089.009712613
"4283",55112.9498950533
"4284",77527.3139594335
"4285",68675.5927384676
"4286",45777.8784230573
"4287",19233.7400630679
"4288",57770.0512876729
"4289",55894.1584757385
"4290",51537.99936783
"4291",104910.286233003
"4292",92104.6194020099
"4293",34659.6243108283
"4294",24744.4518082845
"4295",51321.3564079048
"4296",140647.395259794
"4297",44519.7411052754
"4298",35168.8902630552
"4299",84775.1873969908
"4300",74615.0260084636
"4301",57532.48070506
"4302",95418.2217544537
"4303",83273.6376945683
"4304",41446.078592911
"4305",86173.248061667
"4306",61223.8959922978
"4307",36384.048503868
"4308",94877.1612918003
"4309",113386.086305389
"4310",43895.0660334157
"4311",107584.961631333
"4312",399007.464423793
"4313",78357.2242570062
"4314",103106.966368713
"4315",162922.865449951
"4316",36705.6070688894
"4317",53990.9385747871
"4318",15662.841272802
"4319",47346.1135099759
"4320",107034.176130273
"4321",59430.7021226462
"4322",51924.6234957956
"4323",48869.1827756813
"4324",47677.2398671269
"4325",93319.1060834502
"4326",76800.4336992874
"4327",69321.6274105591
"4328",145945.669546896
"4329",119631.502040786
"4330",49546.1584538037
"4331",73480.4779121836
"4332",34949.9088643637
"4333",31462.3320339833
"4334",90667.5694921292
"4335",93309.2585208274
"4336",84581.4848252514
"4337",82996.9675052481
"4338",182938.527316643
"4339",128366.447092342
"4340",61539.102811691
"4341",165121.822606879
"4342",111135.419953556
"4343",51097.3226890222
"4344",38856.1881203291
"4345",61165.3626257255
"4346",96872.576834427
"4347",30290.7135180881
"4348",31416.6898086349
"4349",28358.3141577397
"4350",81743.8347086748
"4351",128635.202479174
"4352",85011.1645869055
"4353",52089.8753956434
"4354",31344.1336933894
"4355",29672.848110781
"4356",35433.2525689232
"4357",100586.190782886
"4358",128432.42908824
"4359",54878.6402079608
"4360",67806.1303769614
"4361",100080.712841667
"4362",93171.9617661834
"4363",49812.7470839631
"4364",203451.510692905
"4365",112770.856915968
"4366",48705.2491337197
"4367",113068.262004454
"4368",158184.857510688
"4369",45264.5030088227
"4370",44929.373621155
"4371",81474.298446434
"4372",57046.9808530877
"4373",86959.1918601214
"4374",78181.7297580268
"4375",89004.0191688956
"4376",91813.4758911791
"4377",50838.0354282616
"4378",23808.2495659323
"4379",100145.888920935
"4380",123426.161017175
"4381",82038.2631229689
"4382",18435.2533460135
"4383",145508.146782295
"4384",30715.4974063326
"4385",124968.663314384
"4386",77382.2329048944
"4387",121644.089340638
"4388",38452.8806568927
"4389",45560.4592773563
"4390",92687.8896825222
"4391",92702.340094854
"4392",105738.423787138
"4393",47339.7971465552
"4394",38699.7179685642
"4395",38655.9721010782
"4396",73854.8117473628
"4397",172271.471902572
"4398",269005.070248195
"4399",180281.135109264
"4400",21709.6872861122
"4401",119123.430091868
"4402",46537.8873592706
"4403",94797.0573363431
"4404",113406.823148854
"4405",42285.4761879004
"4406",93910.3601213088
"4407",53062.0899110331
"4408",127251.717260008
"4409",50669.3916561076
"4410",54196.6819079879
"4411",55818.7182169947
"4412",36810.7903688832
"4413",45417.0048498733
"4414",74240.8804187927
"4415",49122.3486699043
"4416",73284.1787144756
"4417",133830.163401355
"4418",142475.910362046
"4419",36991.3501549131
"4420",93159.7351176549
"4421",53198.5021222285
"4422",54211.5186293785
"4423",53052.0487709531
"4424",73803.6755201674
"4425",52612.6468729527
"4426",85133.2929807
"4427",48336.0931494805
"4428",31895.7662505863
"4429",123158.780026386
"4430",64864.5025613088
"4431",43527.5074741107
"4432",37274.1843478354
"4433",78251.8001679659
"4434",64815.7418254179
"4435",150742.733310482
"4436",94922.8922470767
"4437",41772.6092028398
"4438",59341.6442912482
"4439",32163.573701129
"4440",69089.9023377209
"4441",31716.8905325444
"4442",152164.302678098
"4443",52848.4238012
"4444",93325.4480306245
"4445",70184.7964420655
"4446",55959.5351018152
"4447",60111.5030751025
"4448",54352.5169259664
"4449",45031.8273706096
"4450",51679.7296048057
"4451",46409.1782382613
"4452",63381.3501374639
"4453",38711.8875377759
"4454",111867.714189657
"4455",21562.051105233
"4456",162032.895474096
"4457",49560.856089185
"4458",48837.4043330346
"4459",74116.9928469874
"4460",41548.9835999511
"4461",31821.9696177735
"4462",98211.8307044359
"4463",91987.4661947418
"4464",76113.7810906092
"4465",50074.1329662075
"4466",42038.415788009
"4467",48155.1995397446
"4468",62635.1585032885
"4469",100822.275045504
"4470",83965.7624715322
"4471",40527.0417221163
"4472",40072.3682881016
"4473",65306.2120971242
"4474",76808.0892766314
"4475",48649.8173993735
"4476",55029.8090913501
"4477",134909.423926439
"4478",104505.122624053
"4479",36442.702038416
"4480",89063.9629474325
"4481",37717.0358226076
"4482",42307.5812793211
"4483",47915.2994914699
"4484",98979.2529408647
"4485",112214.291591301
"4486",38013.6726143043
"4487",60651.7854605878
"4488",91791.5319282893
"4489",80049.0463884419
"4490",26595.2572098771
"4491",34837.1310579021
"4492",74867.7585943106
"4493",130495.46381768
"4494",327057.793438591
"4495",155077.853452609
"4496",57882.5619182506
"4497",181009.203707657
"4498",118449.592489392
"4499",99629.4377809438
"4500",129468.383281306
"4501",75074.7843991267
"4502",330066.474011703
"4503",49220.346148862
"4504",56309.442172305
"4505",36700.4299660733
"4506",65744.7708123166
"4507",82892.4580454685
"4508",47489.851490478
"4509",41806.0815153615
"4510",51671.385292647
"4511",95103.6412518126
"4512",102665.143536319
"4513",38807.2899478241
"4514",99372.9788745204
"4515",50115.7412426027
"4516",313010.63988575
"4517",111196.882391855
"4518",36327.2645216751
"4519",53506.982391544
"4520",39420.8015619285
"4521",44090.3706580561
"4522",42288.0826003253
"4523",103384.541818775
"4524",81397.1510394718
"4525",67578.3117324929
"4526",72971.7793599442
"4527",188333.347164998
"4528",23856.4580362755
"4529",41049.3070323125
"4530",81096.1247630192
"4531",28913.0970471267
"4532",82852.3825431396
"4533",73582.7854740865
"4534",174329.145312828
"4535",113503.041456507
"4536",107655.513833735
"4537",38406.1721377964
"4538",31334.2990399786
"4539",82950.7423312153
"4540",54095.8756169178
"4541",108023.495285454
"4542",248125.92462763
"4543",33877.0199197951
"4544",181774.955404136
"4545",30999.3249363823
"4546",116210.296772947
"4547",36593.1138843576
"4548",13180.1844496156
"4549",104359.408298371
"4550",137896.511864147
"4551",45360.9978568359
"4552",82026.4454592191
"4553",78938.8910645312
"4554",47075.9026494948
"4555",121976.911943905
"4556",265713.787758088
"4557",83633.7338700866
"4558",241076.900945773
"4559",46826.2022715161
"4560",22205.2338947309
"4561",77677.3684734293
"4562",21958.8095054741
"4563",34277.5602629953
"4564",55681.578337524
"4565",38645.9917847314
"4566",97294.9675882827
"4567",50698.1567426793
"4568",145871.364326816
"4569",31681.9880627407
"4570",56167.882258427
"4571",58257.9904367486
"4572",51780.3719106436
"4573",113898.594926152
"4574",71174.7091084208
"4575",87587.4865240445
"4576",52865.1937016169
"4577",45172.8156773384
"4578",326879.787763073
"4579",49827.9924373063
"4580",33928.5969875274
"4581",115964.171802289
"4582",35839.2784765086
"4583",102098.089345126
"4584",190589.826126344
"4585",43062.6296787983
"4586",188296.328998282
"4587",21851.7486529573
"4588",29842.8780613087
"4589",159208.171474398
"4590",42475.837964934
"4591",48307.7034979238
"4592",131169.321169784
"4593",50549.1409274327
"4594",110184.438075373
"4595",44494.9177474167
"4596",31229.6981023471
"4597",36540.5851076293
"4598",71192.8955171926
"4599",147878.743457308
"4600",47843.7823625014
"4601",111580.103918047
"4602",288394.550254794
"4603",140000.790549422
"4604",72539.8841990693
"4605",60533.1966415067
"4606",38021.8542766106
"4607",127826.58321025
"4608",75357.1294864313
"4609",99629.3511066287
"4610",51901.1332698255
"4611",138637.462203934
"4612",117766.970547635
"4613",75673.5868730926
"4614",67645.2280080262
"4615",35903.43734039
"4616",65051.8254249912
"4617",59310.476781208
"4618",127347.036880428
"4619",284652.12176599
"4620",102015.721067304
"4621",72692.3173190681
"4622",93626.487430415
"4623",92870.2125360218
"4624",61574.3146126496
"4625",52564.0226271969
"4626",26123.5561871109
"4627",45557.7736039385
"4628",215615.376195787
"4629",33883.6872728726
"4630",94904.7419850024
"4631",114202.747521446
"4632",127285.085144933
"4633",70182.9805650587
"4634",123763.066659404
"4635",119809.728164441
"4636",82391.5637930389
"4637",126725.782299696
"4638",154805.813031322
"4639",217493.347400774
"4640",101516.903051344
"4641",54409.207383313
"4642",103835.196933644
"4643",64807.2207405354
"4644",32827.1001434247
"4645",16873.0420234494
"4646",55495.5431641646
"4647",32851.4176289145
"4648",133692.689098238
"4649",33130.0088841331
"4650",63908.7840672004
"4651",182620.400994451
"4652",58069.7264673278
"4653",47299.4286440532
"4654",117157.920527993
"4655",75367.7627572571
"4656",59176.3188813333
"4657",147755.227089956
"4658",60494.1130451753
"4659",58340.84068432
"4660",117828.924587452
"4661",20829.4454910341
"4662",138955.717228339
"4663",83671.5096757237
"4664",47185.6065506201
"4665",63913.4530220686
"4666",53549.4640957563
"4667",35908.8808306845
"4668",82464.0689482406
"4669",126269.212845147
"4670",249002.414396933
"4671",70278.6407452628
"4672",123654.190592714
"4673",33303.2819421854
"4674",68166.8705034737
"4675",66960.0365601196
"4676",122329.484280667
"4677",75806.3773251312
"4678",68991.3472047077
"4679",93523.3106110942
"4680",63158.7317202599
"4681",118102.258389924
"4682",71019.844364765
"4683",30972.9715076405
"4684",284188.679534488
"4685",61117.2843631839
"4686",70387.3566712416
"4687",40604.617336849
"4688",49930.2800386534
"4689",36185.0668278153
"4690",45708.8527878814
"4691",79030.7149948415
"4692",100854.717640259
"4693",178875.409709814
"4694",22776.427968953
"4695",90415.9878255829
"4696",209903.449138862
"4697",82275.4536193013
"4698",102386.446325917
"4699",49380.1551413554
"4700",63852.3630816287
"4701",110602.898781805
"4702",44638.5602848076
"4703",127819.289654164
"4704",63328.8040638489
"4705",26137.8280709652
"4706",91204.0467741137
"4707",24050.5478680906
"4708",19773.5409382
"4709",107593.212474422
"4710",60071.1763742258
"4711",145570.873537804
"4712",86226.7269831799
"4713",56517.8068899262
"4714",40307.7262135317
"4715",42704.4145579508
"4716",36162.9801094363
"4717",68415.5497815547
"4718",49379.8258885523
"4719",34699.1914255103
"4720",46358.5263526874
"4721",232882.404511039
"4722",256812.570440343
"4723",331764.903418354
"4724",64288.9012524566
"4725",44706.1686088956
"4726",138803.698704741
"4727",49891.2657284784
"4728",92637.05641894
"4729",112406.444310251
"4730",52836.5333320796
"4731",101655.949211674
"4732",109818.514748496
"4733",99193.9002694093
"4734",92508.2984983183
"4735",49839.6422191217
"4736",100902.720179444
"4737",185737.436888756
"4738",28617.6983395675
"4739",126299.777710611
"4740",142087.396338092
"4741",44203.2616111655
"4742",115637.410205152
"4743",47173.8160575056
"4744",77059.5461552283
"4745",34956.5859056797
"4746",64548.153441922
"4747",235774.121305019
"4748",57421.2406568867
"4749",75239.7261691616
"4750",99416.2720902734
"4751",67171.5352587269
"4752",24226.3857698081
"4753",70565.54851092
"4754",98744.5302491279
"4755",23237.8088474569
"4756",83210.2946838602
"4757",35760.4368588101
"4758",37653.8708078105
"4759",151125.125186547
"4760",129914.023236521
"4761",142201.994646403
"4762",82976.5433081993
"4763",258625.577888779
"4764",81645.8102461096
"4765",77336.5625185894
"4766",92124.7418801276
"4767",66176.8358343724
"4768",121702.026914289
"4769",57252.7080555416
"4770",45422.2996236062
"4771",57479.3508832238
"4772",50526.0242574267
"4773",89628.7294256658
"4774",55193.4099740061
"4775",53283.7792426564
"4776",50646.8154295877
"4777",20362.9408821372
"4778",56452.0943888486
"4779",79500.6018434834
"4780",54304.8456563896
"4781",41980.3621701832
"4782",48653.9745322188
"4783",82242.587486496
"4784",156192.611112803
"4785",36236.7889111096
"4786",33351.8927020807
"4787",105402.574710551
"4788",118647.387980487
"4789",237994.631907529
"4790",126244.389978731
"4791",86241.7703937563
"4792",39694.9034237361
"4793",62056.8055606964
"4794",111388.037853913
"4795",18759.6072506175
"4796",86557.2870924755
"4797",37972.4528317391
"4798",29011.2125343459
"4799",93768.6730308848
"4800",76111.4660935815
"4801",167709.224504316
"4802",59682.3161065442
"4803",40970.4554562373
"4804",43269.0721548744
"4805",45815.9044461735
"4806",33966.0249386773
"4807",61537.4164354721
"4808",30064.9667635383
"4809",40400.3937882071
"4810",89702.9071598945
"4811",65262.9146902868
"4812",64277.4660992974
"4813",204276.177905931
"4814",72748.7986767658
"4815",69587.1223710646
"4816",65039.2576694488
"4817",104557.667317073
"4818",129259.42842912
"4819",126773.631961944
"4820",48847.3542804349
"4821",109315.300956478
"4822",26647.7920513582
"4823",97184.8174251712
"4824",87867.6588016138
"4825",58095.2626974851
"4826",70642.188564773
"4827",149815.401391065
"4828",181584.164065264
"4829",104322.353471779
"4830",47892.488881057
"4831",146659.836501427
"4832",65101.9112854878
"4833",101786.034670749
"4834",29882.4268394257
"4835",52653.1784761846
"4836",147190.559039536
"4837",39418.9000420719
"4838",48474.6091962636
"4839",81435.2040681138
"4840",52999.9799787751
"4841",30268.6485791534
"4842",88235.413115348
"4843",69935.7475717512
"4844",62305.9146785396
"4845",56326.113561986
"4846",37210.202949908
"4847",39686.9715958516
"4848",117040.210646924
"4849",72716.9567684654
"4850",57742.0528903767
"4851",137378.18690393
"4852",55831.7001439801
"4853",162613.143208624
"4854",65111.4178261189
"4855",29272.8297399277
"4856",177668.443841254
"4857",51991.8044214544
"4858",46552.8010646971
"4859",85328.2732958522
"4860",125404.54613574
"4861",63241.2416821172
"4862",161937.087856309
"4863",58334.6452557253
"4864",48741.0426180424
"4865",160502.858592508
"4866",110684.993606699
"4867",62956.0785351674
"4868",88480.5520578956
"4869",92477.8829786505
"4870",55925.5785362799
"4871",34425.2784716274
"4872",150245.431633627
"4873",107980.926635964
"4874",93451.2738343513
"4875",72408.7240247803
"4876",36042.5924570585
"4877",99935.9093012013
"4878",31935.7530101707
"4879",41026.2584847404
"4880",114780.156450044
"4881",50400.9129142732
"4882",138850.608383888
"4883",50797.599526839
"4884",168666.394134477
"4885",220438.638498503
"4886",39595.6394062454
"4887",52239.4601150218
"4888",115887.942190998
"4889",142073.960962137
"4890",150095.049279506
"4891",18471.3410904355
"4892",15423.8530884342
"4893",69909.0914727211
"4894",68365.0678448572
"4895",30193.8284813288
"4896",55203.8495695403
"4897",45059.9475626534
"4898",122723.191551608
"4899",66532.7031843847
"4900",153903.596786822
"4901",40995.5590108499
"4902",137198.667427656
"4903",36581.2329644044
"4904",129355.221143779
"4905",73436.7331779123
"4906",72561.226595146
"4907",72697.2323934958
"4908",95658.8352032164
"4909",40522.9120687527
"4910",103298.483684226
"4911",72657.4283074593
"4912",137805.441787247
"4913",139852.855358396
"4914",125566.358215976
"4915",44396.227939763
"4916",38346.9577805287
"4917",36018.0455155002
"4918",52614.5645218088
"4919",140054.341175575
"4920",142120.231242501
"4921",55031.1003181941
"4922",67668.7627922505
"4923",70202.734166981
"4924",39626.7285867999
"4925",39776.8668563167
"4926",38898.5710330224
"4927",58587.6340346606
"4928",74727.7531646658
"4929",68484.7787628239
"4930",64196.8411423619
"4931",41387.8847462199
"4932",25873.3851940609
"4933",168174.66354843
"4934",157360.42956719
"4935",175907.487682851
"4936",73901.1968206279
"4937",99142.9286577761
"4938",65201.3260777739
"4939",73107.1934653092
"4940",49195.2642861346
"4941",57510.3649559088
"4942",91129.431921007
"4943",36431.3165861954
"4944",29019.6763413303
"4945",90025.6300976257
"4946",27814.7549916704
"4947",26745.7465861726
"4948",52693.0037860414
"4949",41592.0527864153
"4950",38176.9320202296
"4951",98298.376344418
"4952",20805.2602706546
"4953",49033.3732340565
"4954",37806.779350665
"4955",156580.477320444
"4956",129839.88235044
"4957",51793.165916502
"4958",91475.8274873754
"4959",120226.91054181
"4960",20489.288630029
"4961",113528.704092173
"4962",84905.2948325341
"4963",74936.9117799216
"4964",74934.0156581466
"4965",100908.241325747
"4966",74571.3237236558
"4967",40228.9750490915
"4968",47048.176050479
"4969",39736.2271827953
"4970",109684.424192878
"4971",108649.401413272
"4972",92722.1950580238
"4973",40030.3742071997
"4974",28399.7966115073
"4975",117894.859061986
"4976",39719.6718838448
"4977",23121.8137415895
"4978",53688.6910866562
"4979",100849.172797434
"4980",38632.6325764892
"4981",57014.9963003888
"4982",77414.5784117109
"4983",39740.3730125171
"4984",142577.119959382
"4985",60517.3564579199
"4986",84408.7922699421
"4987",77975.0345207104
"4988",57098.1779619932
"4989",75493.6950374804
"4990",110825.790058538
"4991",35816.8672673696
"4992",47306.227774632
"4993",40356.953991231
"4994",38075.4442874602
"4995",56678.3118760409
"4996",49076.3913363144
"4997",22925.1255861357
"4998",139140.651099537
"4999",127437.178737513
"5000",41445.1815524994
"5001",75128.5728895641
"5002",134135.425242596
"5003",100767.003316156
"5004",53448.3045055329
"5005",88535.2993503785
"5006",38961.1229011664
"5007",198425.430015172
"5008",93096.438309914
"5009",62726.725437139
"5010",22925.3387427021
"5011",51590.7537299694
"5012",24159.789023333
"5013",45161.527416144
"5014",134563.213298451
"5015",50086.7089181181
"5016",44996.1150495296
"5017",31940.249296736
"5018",173085.460173934
"5019",47713.0067668565
"5020",82226.9099504243
"5021",55722.7809089608
"5022",48383.4215518365
"5023",174923.684498244
"5024",55702.8406966338
"5025",53079.9601295838
"5026",44335.2927887677
"5027",147461.831412129
"5028",311976.548252176
"5029",125317.960090503
"5030",117625.599428032
"5031",54264.0943124764
"5032",50914.406852372
"5033",135661.817119715
"5034",77775.9950990687
"5035",104808.5151587
"5036",59810.3225874336
"5037",186066.100767473
"5038",38386.327924984
"5039",78416.3920433744
"5040",61386.4889047707
"5041",74697.430977974
"5042",45409.4041492031
"5043",42147.2224609668
"5044",53223.7615704707
"5045",52629.576253084
"5046",146872.029485058
"5047",30561.9568035665
"5048",61923.6670944745
"5049",47483.4337928497
"5050",48210.0448699891
"5051",68652.1613871159
"5052",55800.7195957266
"5053",81778.9036008159
"5054",90159.5492101753
"5055",62392.2423292898
"5056",40088.5966442933
"5057",58027.3596389048
"5058",131268.910129886
"5059",104243.696705242
"5060",305710.578942512
"5061",29266.9024798136
"5062",40008.6550906792
"5063",52430.359411129
"5064",98792.663421155
"5065",49188.7787441215
"5066",122832.074020956
"5067",37531.8326089625
"5068",122252.072978917
"5069",46064.4796937294
"5070",55273.8879218587
"5071",152894.03381858
"5072",47555.0904488417
"5073",81154.7305981592
"5074",108109.934898949
"5075",26728.0741893703
"5076",167677.824241955
"5077",16260.822072059
"5078",39854.800816846
"5079",53487.91735537
"5080",32803.725211356
"5081",182524.154776278
"5082",129807.778863783
"5083",90841.4497781933
"5084",60113.4651328298
"5085",39710.4593903744
"5086",54858.1120553287
"5087",86149.9019761832
"5088",153786.768856675
"5089",51388.4671159312
"5090",47426.0520076712
"5091",53676.4444380991
"5092",58721.7712402315
"5093",91071.8342395537
"5094",73275.514889128
"5095",39270.5457229382
"5096",57254.8238381059
"5097",106487.988217362
"5098",42561.714848114
"5099",235440.923466994
"5100",131215.714000219
"5101",117791.963617811
"5102",48620.592485029
"5103",54895.7982775696
"5104",128882.850691287
"5105",123373.688994504
"5106",54007.6242883954
"5107",23454.2160630264
"5108",38535.9664626583
"5109",38931.2289172607
"5110",101501.082872048
"5111",37102.7123913031
"5112",98106.3214158432
"5113",36899.1065121935
"5114",118890.224674584
"5115",32807.7131334581
"5116",79825.1082473478
"5117",92808.2051339739
"5118",69741.5156089783
"5119",111933.796943083
"5120",91183.1159958119
"5121",72371.8731913876
"5122",42328.7653344087
"5123",35450.9530801808
"5124",32804.4229710425
"5125",45283.6491097641
"5126",69531.0059523939
"5127",156049.176402866
"5128",208095.181802402
"5129",87786.0267838818
"5130",120445.655818525
"5131",89220.1565032593
"5132",44407.4224825837
"5133",22297.5132987169
"5134",46174.5019914211
"5135",78777.2293503574
"5136",59719.1878407386
"5137",223038.979361977
"5138",253753.832400799
"5139",67103.9255331872
"5140",51876.7559131001
"5141",65493.719585319
"5142",21298.271642721
"5143",54970.8235939373
"5144",71978.1782775923
"5145",107914.768792561
"5146",40569.0816579082
"5147",110795.201906043
"5148",108607.824286056
"5149",47361.0504048015
"5150",48626.6703299054
"5151",108353.989920231
"5152",85655.1058695352
"5153",307639.434830246
"5154",106356.303379418
"5155",96504.7789273252
"5156",83663.8438128361
"5157",123180.16875403
"5158",103188.67392299
"5159",72258.7180974585
"5160",40247.4866167475
"5161",69998.1475470323
"5162",24746.683897043
"5163",71099.0053380544
"5164",129636.260237637
"5165",128052.041826253
"5166",138670.239228171
"5167",107505.341196013
"5168",228129.281091629
"5169",86643.7063505272
"5170",25588.5088809724
"5171",45236.5662928447
"5172",118151.338915163
"5173",20374.6756998158
"5174",85679.8819119736
"5175",51994.8501031318
"5176",54046.5810755565
"5177",31370.8453436751
"5178",61493.9314894647
"5179",92411.7907804369
"5180",36119.109111278
"5181",185821.690282502
"5182",68381.5754786807
"5183",42615.4678994384
"5184",83198.5153733976
"5185",25694.3926845776
"5186",70010.3031008265
"5187",145164.8551547
"5188",45772.3739245671
"5189",47023.8974075708
"5190",88671.9306233575
"5191",145170.870041004
"5192",21993.4995311781
"5193",31517.3236477253
"5194",33665.7989704697
"5195",91050.4882850069
"5196",82277.5776521314
"5197",88817.4175022871
"5198",57340.4718980226
"5199",45807.1064044532
"5200",217652.98434936
"5201",137403.046388541
"5202",54921.2003840444
"5203",59420.4316191976
"5204",65945.1413685316
"5205",51907.4463165848
"5206",47191.4939538238
"5207",26622.8267271052
"5208",75922.5553485252
"5209",110378.600040862
"5210",66803.3460633791
"5211",75752.5538929641
"5212",77294.4379729702
"5213",34229.1610395315
"5214",24579.6502371434
"5215",182078.640697139
"5216",79106.6123040688
"5217",93079.4151080051
"5218",47446.7955622888
"5219",97080.722911604
"5220",172383.725275674
"5221",43639.3698956718
"5222",92613.93068527
"5223",64479.76852609
"5224",56381.7832235382
"5225",53356.4295556205
"5226",137738.076459642
"5227",68964.1603549586
"5228",25935.7332053241
"5229",55521.9749942381
"5230",33208.3487435384
"5231",87723.7819665959
"5232",81429.3235214079
"5233",48653.1301236113
"5234",154327.124574504
"5235",29941.3527776702
"5236",34308.3586821069
"5237",43306.950156553
"5238",86705.5147035879
"5239",61766.0343845836
"5240",43142.8507590801
"5241",34447.7910152696
"5242",75346.4784410563
"5243",25936.3800518074
"5244",93793.81337479
"5245",79800.0094866543
"5246",51498.1723159758
"5247",90572.2677666396
"5248",45663.2825625165
"5249",31564.0538920638
"5250",185262.769013584
"5251",84911.6191212493
"5252",120335.922013652
"5253",102117.897436918
"5254",100929.795385034
"5255",87760.4210245607
"5256",60896.6927951276
"5257",56707.44443865
"5258",125643.306838528
"5259",25933.6518192053
"5260",48669.968073106
"5261",103243.579365634
"5262",61791.5508374457
"5263",64997.662948579
"5264",90175.7300297253
"5265",70675.4120437735
"5266",49637.7497404031
"5267",240728.664675992
"5268",120317.482702226
"5269",140095.532416772
"5270",41227.7050603726
"5271",144201.827742992
"5272",141919.188701127
"5273",78436.8756101974
"5274",40792.3113128432
"5275",26414.396234595
"5276",94276.0448101911
"5277",66966.6177783174
"5278",139076.615441471
"5279",27661.8883443417
"5280",64248.5799064732
"5281",37468.920067356
"5282",225658.475949634
"5283",117837.903428173
"5284",59953.2347119355
"5285",35185.1352063361
"5286",56661.8369482417
"5287",58332.6627151962
"5288",31215.3855819003
"5289",88474.7414854848
"5290",55387.5581437382
"5291",107574.079909108
"5292",60777.4399744178
"5293",58907.1294584995
"5294",41927.9869428338
"5295",152806.963299381
"5296",76358.4323183435
"5297",123675.77867743
"5298",31289.2028567034
"5299",130668.776668589
"5300",281146.101861791
"5301",63471.2643877194
"5302",115872.496940707
"5303",67450.5062906255
"5304",31261.3619922967
"5305",57444.4128159264
"5306",58186.0386053219
"5307",66165.6371975638
"5308",259549.843335764
"5309",184957.691792747
"5310",85696.6295008562
"5311",51608.0642950483
"5312",56214.2532054013
"5313",40536.6701464477
"5314",30834.670473915
"5315",31178.1657647119
"5316",17541.9966204998
"5317",60488.3151030823
"5318",41962.1758394319
"5319",27097.5586794333
"5320",52587.8853164627
"5321",53163.2027043627
"5322",114794.742597905
"5323",64925.2201293487
"5324",47480.4515891182
"5325",122625.516866494
"5326",18783.4629783306
"5327",92409.2507970348
"5328",30684.5648156091
"5329",81433.6985420636
"5330",85764.1235827496
"5331",24780.7880630436
"5332",122294.013940798
"5333",147728.581904194
"5334",65550.1034750062
"5335",36328.3151232745
"5336",70817.8431671573
"5337",64059.1738172725
"5338",113160.084567583
"5339",40772.204881249
"5340",30547.612827949
"5341",94710.0936795464
"5342",49478.5373628122
"5343",34756.7846834932
"5344",58026.6308071733
"5345",123598.112992078
"5346",105045.706520537
"5347",34390.1165753941
"5348",83745.4160396557
"5349",131719.253163437
"5350",141424.052567995
"5351",60702.2670898127
"5352",64416.8320728887
"5353",130841.600502504
"5354",189468.849087405
"5355",87607.795082997
"5356",78194.9054632417
"5357",43725.7142417478
"5358",145579.321340964
"5359",121057.163015212
"5360",70259.3137857129
"5361",34257.9919995335
"5362",32351.038569408
"5363",63572.9552960592
"5364",50634.4793586331
"5365",43680.5314505147
"5366",52778.5228383888
"5367",147282.43718713
"5368",83968.2509820721
"5369",45427.8427646974
"5370",142421.480738716
"5371",85932.2756576033
"5372",72412.4129808971
"5373",53147.5812246714
"5374",99990.0429351331
"5375",88266.1774861542
"5376",111264.299167479
"5377",44494.988950787
"5378",42872.1895812704
"5379",143388.017979584
"5380",117506.032896576
"5381",43637.510930692
"5382",155930.579288483
"5383",24072.3562255012
"5384",40508.5575160838
"5385",165021.647586657
"5386",62659.8272408317
"5387",60513.0002319864
"5388",20033.6715818537
"5389",77845.3200704574
"5390",263494.215914454
"5391",55235.7208363957
"5392",139161.068957694
"5393",83096.6976723852
"5394",78744.5061639065
"5395",54667.5367481306
"5396",97590.255411533
"5397",67991.9471512064
"5398",104945.401492521
"5399",72023.1580300772
"5400",82984.2684573909
"5401",63991.4477955305
"5402",51312.5973535816
"5403",105879.543325304
"5404",79554.3357656159
"5405",85933.8502839497
"5406",76503.4452867841
"5407",42535.8137693147
"5408",69779.7974946786
"5409",47933.8466648455
"5410",66743.3687569268
"5411",180242.646714403
"5412",142789.10919991
"5413",35426.4461167391
"5414",47822.2031209212
"5415",77547.4416545351
"5416",76384.1992056659
"5417",89061.9095451989
"5418",65674.1140245908
"5419",95579.0676492777
"5420",65599.3956343681
"5421",33609.0991572503
"5422",60258.5121150003
"5423",41817.0273934802
"5424",86329.4031093841
"5425",115946.013440885
"5426",48895.5853037575
"5427",130541.365734495
"5428",70160.8480624147
"5429",70835.4841829119
"5430",82261.2215939653
"5431",144060.918993025
"5432",161166.395263919
"5433",190540.154254809
"5434",50350.0091840613
"5435",81979.2434612147
"5436",33320.1180457332
"5437",41618.6923717593
"5438",119669.065663072
"5439",184016.60959961
"5440",59676.9748943302
"5441",56178.9258187793
"5442",34671.5477851188
"5443",49352.891592684
"5444",138003.246643961
"5445",33263.6359185466
"5446",206399.527184749
"5447",88661.9982956628
"5448",18594.3064132418
"5449",60284.544018403
"5450",111995.758759525
"5451",36300.105148987
"5452",74016.9096144084
"5453",74936.6908886169
"5454",46611.7068098493
"5455",52731.6616548065
"5456",68059.3373797275
"5457",62893.9612247689
"5458",89622.0210322357
"5459",69879.208117065
"5460",37000.9584130716
"5461",83900.3197659024
"5462",50991.9058593632
"5463",65769.4594036119
"5464",48381.9567697232
"5465",53272.1357963632
"5466",54926.3976733925
"5467",143157.514664094
"5468",157838.04372889
"5469",271884.593888548
"5470",60317.4446336024
"5471",156144.202190039
"5472",201814.554053509
"5473",145654.884163971
"5474",85546.8791401504
"5475",34269.0255328813
"5476",67050.6635982427
"5477",37332.7034197871
"5478",34888.8546895849
"5479",84564.000558436
"5480",56908.3646401891
"5481",54659.7850370805
"5482",162197.15488486
"5483",72061.2513917093
"5484",50002.3073882236
"5485",112876.269071055
"5486",61620.8104367737
"5487",126937.54538257
"5488",100703.501445349
"5489",39471.546561698
"5490",165198.160655139
"5491",111067.420971992
"5492",68944.3817392326
"5493",115436.279477733
"5494",164210.008159615
"5495",110263.111477528
"5496",44738.5849493397
"5497",107766.697679836
"5498",32686.9447574273
"5499",51030.5531932913
"5500",38130.3651385831
"5501",42969.4882752408
"5502",302544.520607097
"5503",201946.156361391
"5504",45046.6692351618
"5505",75706.3869141523
"5506",18211.3458297617
"5507",24801.3872540545
"5508",63159.3552329445
"5509",64685.7830512796
"5510",44469.1697372656
"5511",133631.088570915
"5512",118845.943379593
"5513",165250.847627114
"5514",66314.2154294643
"5515",36405.384015129
"5516",38210.5228738725
"5517",35020.6824725129
"5518",53056.6743179872
"5519",80480.2334075307
"5520",69436.8963414455
"5521",20388.3634722686
"5522",118101.331887444
"5523",64629.0043797616
"5524",38172.625172634
"5525",50946.7153835301
"5526",72182.3802815358
"5527",36957.730660697
"5528",43810.7563339975
"5529",336296.284816189
"5530",103424.51491133
"5531",208654.783547458
"5532",52317.8001178061
"5533",77587.5864392436
"5534",125803.550736909
"5535",191486.145778109
"5536",125494.277755285
"5537",110180.428396201
"5538",82270.2037527641
"5539",22388.5318122759
"5540",176083.658332764
"5541",52554.1788661449
"5542",43940.7529507448
"5543",79725.8251284087
"5544",43149.2729017928
"5545",30328.3594165316
"5546",91753.6446550864
"5547",55541.1623197958
"5548",207115.382264215
"5549",97917.5055926592
"5550",71883.7703483679
"5551",61450.8239191474
"5552",35359.9780311395
"5553",34693.7306324052
"5554",12976.0966413679
"5555",85730.8349108893
"5556",104291.162507547
"5557",112108.456644629
"5558",62933.8703560807
"5559",45308.8946104116
"5560",151507.185462873
"5561",228104.603871563
"5562",100611.760118602
"5563",139760.435434935
"5564",46564.1196230541
"5565",121797.63047902
"5566",38181.9670131846
"5567",34168.8230408408
"5568",117614.719592981
"5569",57300.4502156369
"5570",39115.480286254
"5571",73094.8068607668
"5572",36429.9005315116
"5573",127974.334825795
"5574",153571.901840141
"5575",22032.3701765134
"5576",51605.2570210464
"5577",18075.3519673089
"5578",135131.73916094
"5579",59206.5462709807
"5580",56229.3429602425
"5581",53012.4713305335
"5582",69836.3063022276
"5583",38565.5253761821
"5584",81941.2418551739
"5585",28260.3071247573
"5586",212480.947993203
"5587",95015.7349674022
"5588",37313.1983038411
"5589",52724.3717032387
"5590",147443.174652763
"5591",63347.6847132521
"5592",56171.9697661796
"5593",68700.2085536869
"5594",70404.0334279485
"5595",178562.282267921
"5596",70563.7104835027
"5597",58070.9725247128
"5598",212518.30806305
"5599",168091.519811642
"5600",59894.3814041743
"5601",42514.5859503001
"5602",38804.8125837731
"5603",100530.103462672
"5604",83967.1370076841
"5605",127433.836975881
"5606",70653.8649893754
"5607",138074.949086896
"5608",103843.434906013
"5609",94772.8053353849
"5610",55911.5282646141
"5611",91905.0483831509
"5612",27401.9877625855
"5613",49982.1439546466
"5614",46271.8372601582
"5615",40071.0458443597
"5616",85950.5166020906
"5617",58392.5986749372
"5618",228992.703303651
"5619",41937.6246049606
"5620",59811.7905195451
"5621",103592.443471337
"5622",71719.316138169
"5623",64235.9354930414
"5624",131859.515759748
"5625",19485.7141834137
"5626",86476.9038797734
"5627",44558.2192714252
"5628",24854.1148499381
"5629",99570.1429355647
"5630",212629.953159786
"5631",50091.2233345433
"5632",66150.2486625674
"5633",39004.1025961638
"5634",58655.8354057535
"5635",130009.826192089
"5636",63140.165184376
"5637",106175.695804909
"5638",31483.1323399648
"5639",56792.6507536966
"5640",43745.287562474
"5641",47067.9098021053
"5642",83781.1667271881
"5643",32659.7818421331
"5644",141542.716931807
"5645",27727.5446465298
"5646",108866.076712595
"5647",60941.7192190782
"5648",65973.1520517706
"5649",94147.8129098252
"5650",152188.11008128
"5651",147488.997475063
"5652",97598.1588828072
"5653",37083.9252929312
"5654",58209.7727160244
"5655",34189.6984560866
"5656",56510.3145471943
"5657",56253.1913975365
"5658",83770.8264306528
"5659",57754.6202050992
"5660",98728.7299833827
"5661",60368.8910953504
"5662",32201.5652988739
"5663",70148.8848558852
"5664",296070.321389517
"5665",64754.3287059122
"5666",55789.6116280114
"5667",57653.9177649689
"5668",46941.6358476661
"5669",82802.7180331374
"5670",30055.9126638697
"5671",114131.451530323
"5672",148186.79587908
"5673",155436.981836714
"5674",67065.8574791733
"5675",141684.477055683
"5676",80671.2681122834
"5677",129080.383060538
"5678",93944.1383675447
"5679",38757.0090135608
"5680",348088.144760047
"5681",140168.951482423
"5682",139734.942624612
"5683",43205.4822350745
"5684",33740.4555582074
"5685",32409.7958442193
"5686",154760.758105375
"5687",45520.1737026315
"5688",72314.6285584846
"5689",165959.159707977
"5690",56864.7089199781
"5691",30158.3226366587
"5692",18458.2220189955
"5693",46704.4160670645
"5694",92909.7376367565
"5695",39670.7959377394
"5696",81095.4310354859
"5697",61367.9408724525
"5698",87362.888192101
"5699",107045.859654465
"5700",120591.130261321
"5701",40975.0945203411
"5702",97292.517121099
"5703",59481.8204668986
"5704",40493.8358698195
"5705",214731.289707
"5706",74224.6582822348
"5707",99150.7514501977
"5708",111950.884207916
"5709",45223.658468613
"5710",71725.1069070984
"5711",63096.1073874583
"5712",53758.8942928345
"5713",111239.691687542
"5714",75648.1421270048
"5715",74115.2628798375
"5716",46173.1361865636
"5717",110280.639049517
"5718",61561.8000991244
"5719",44897.2069709896
"5720",10350.6570738425
"5721",166305.366867124
"5722",177610.567477748
"5723",149719.071950375
"5724",36810.7289474855
"5725",21690.3483732617
"5726",89739.9362981116
"5727",55841.0560465078
"5728",83395.7525048315
"5729",103472.853618217
"5730",119932.657725921
"5731",32102.7867349379
"5732",45920.0867496173
"5733",270532.499241761
"5734",118001.10882023
"5735",106175.307052709
"5736",43548.8978914062
"5737",59494.8612607876
"5738",30518.7332075476
"5739",34741.620762364
"5740",36878.0238991711
"5741",70470.1304280761
"5742",60917.5240638866
"5743",14236.2168596964
"5744",115245.835130732
"5745",55932.7268915897
"5746",138040.907733542
"5747",121232.781599153
"5748",83587.2253548593
"5749",73072.9969319913
"5750",120017.94394383
"5751",91044.5804261173
"5752",69037.3670791086
"5753",61144.2543352469
"5754",150626.893131606
"5755",72231.3138001666
"5756",65083.3399782174
"5757",149477.607902947
"5758",174743.456587406
"5759",54214.0622723609
"5760",85837.815594128
"5761",49647.8464977243
"5762",54255.1484091048
"5763",87401.4043193126
"5764",24534.3920487056
"5765",70949.1705974701
"5766",190101.415939252
"5767",46681.1154908839
"5768",31381.7979635061
"5769",58258.9408444166
"5770",153116.309410419
"5771",182247.641785433
"5772",73885.9133929979
"5773",30957.4057956767
"5774",95525.7445464662
"5775",98919.6117119014
"5776",42629.0847139362
"5777",124115.561873489
"5778",111845.372735213
"5779",80804.9477479587
"5780",88143.3486971575
"5781",47601.5072760026
"5782",99827.4995994875
"5783",62645.7924900896
"5784",68657.3631010563
"5785",132903.250893964
"5786",57488.6471305272
"5787",78134.6676678197
"5788",228825.280678548
"5789",50604.7771433967
"5790",104649.191244327
"5791",22286.9131700878
"5792",194082.426285435
"5793",63952.9238964059
"5794",58548.6804839048
"5795",61072.6841186281
"5796",167804.637678887
"5797",179754.660324402
"5798",106363.765266216
"5799",70800.5328366525
"5800",100835.41740351
"5801",41701.7348046435
"5802",16829.3774816156
"5803",149228.569361042
"5804",31903.0905266866
"5805",83761.3739455971
"5806",376004.797472338
"5807",74606.0316380808
"5808",119622.689468116
"5809",191313.182587354
"5810",43333.2303333327
"5811",57187.160397446
"5812",170019.801332111
"5813",100571.690569821
"5814",35760.715165898
"5815",27527.9439995566
"5816",31248.6331646368
"5817",53815.6026498605
"5818",54350.4850929641
"5819",43581.8964636748
"5820",70257.6776138587
"5821",88680.1416574835
"5822",46434.0021020899
"5823",98183.452926925
"5824",104306.494819019
"5825",31421.4924546831
"5826",125399.073151905
"5827",31570.6200395498
"5828",50922.2395631986
"5829",51002.1112400866
"5830",62329.2064665798
"5831",53153.4612690414
"5832",68301.1996917898
"5833",137857.975696481
"5834",78170.293384588
"5835",121660.718248815
"5836",174522.655357759
"5837",96853.1680774779
"5838",34866.7873372205
"5839",54918.0841058588
"5840",60298.1491984695
"5841",25353.5008161943
"5842",43630.675847244
"5843",59021.4301119453
"5844",36981.3712217912
"5845",86233.4661190892
"5846",67269.4858269095
"5847",207188.470221904
"5848",22222.6757270254
"5849",28186.3715800246
"5850",78046.486450468
"5851",73600.6069970171
"5852",229224.527160306
"5853",56529.8045925481
"5854",80887.302425276
"5855",124069.955168523
"5856",82011.9359093837
"5857",171967.450341123
"5858",64701.8557868612
"5859",56794.0669148385
"5860",115623.809543332
"5861",67957.6745140063
"5862",103922.922305711
"5863",92890.1125586795
"5864",45476.3304680869
"5865",29644.5928145045
"5866",141422.720424905
"5867",58808.8868642393
"5868",186345.397080866
"5869",95954.3786079772
"5870",53898.7037227115
"5871",63472.846860625
"5872",76677.739704072
"5873",101230.267440376
"5874",93655.265761984
"5875",83835.0253792208
"5876",59910.1950243254
"5877",81993.8468279194
"5878",205241.893851054
"5879",30615.8581118074
"5880",136167.951691121
"5881",159597.088772927
"5882",60468.2634050611
"5883",42951.1271771178
"5884",49332.0583375893
"5885",110664.867032448
"5886",127662.152518276
"5887",126068.831708452
"5888",73507.9683775697
"5889",51610.4138295309
"5890",43643.826323679
"5891",37931.4577452939
"5892",82841.0820727804
"5893",141040.88095119
"5894",60810.5119613772
"5895",37445.7544406396
"5896",232802.389956088
"5897",52351.3484758981
"5898",104442.482790195
"5899",42621.9064904503
"5900",76030.3435403412
"5901",33797.1273917779
"5902",70167.5393889783
"5903",122675.827425779
"5904",152043.026511808
"5905",105886.300861384
"5906",65981.1420105641
"5907",37290.8195961609
"5908",140759.868893269
"5909",57694.6135617614
"5910",42720.0633464927
"5911",39692.3577602465
"5912",33195.2149028902
"5913",100181.800322278
"5914",136533.918498967
"5915",156650.583261367
"5916",139381.563775104
"5917",74132.4574776941
"5918",50535.6707369559
"5919",88994.7175867567
"5920",30001.403051532
"5921",51539.337710601
"5922",64195.2431517359
"5923",36996.7743033479
"5924",200587.793723588
"5925",147892.776438723
"5926",67103.4570599179
"5927",54377.5777915315
"5928",80509.2300047116
"5929",121653.526401507
"5930",59145.5594002045
"5931",114964.987777887
"5932",129309.521057187
"5933",84170.5098336955
"5934",15129.3780290262
"5935",79754.3680945145
"5936",83746.1378169922
"5937",102910.986387199
"5938",83017.4528848353
"5939",63762.6563272117
"5940",55438.4582881195
"5941",84446.2532305239
"5942",299707.81135775
"5943",95369.6782793967
"5944",121373.568747606
"5945",101170.86095894
"5946",68972.802666687
"5947",59692.8675441906
"5948",85607.6077979751
"5949",169345.147302234
"5950",50924.3915722541
"5951",25149.6315463409
"5952",65239.0933455918
"5953",143946.942898988
"5954",102898.689394765
"5955",135587.49786335
"5956",108702.417363359
"5957",122903.035626994
"5958",42209.2102565514
"5959",110039.734962166
"5960",49355.2391211128
"5961",42089.6322368886
"5962",70268.8996146337
"5963",66668.4442781213
"5964",88792.6220015263
"5965",102500.462298657
"5966",61897.6487949078
"5967",104341.579774336
"5968",39124.053403921
"5969",73624.5971803219
"5970",90464.1345392493
"5971",131180.688819292
"5972",99900.3682324342
"5973",131115.649501441
"5974",69725.5921105501
"5975",68767.3658767684
"5976",83748.9160447879
"5977",20700.6072145185
"5978",166609.568312128
"5979",84266.715953172
"5980",71934.1506018212
"5981",72758.7296316722
"5982",103095.030988061
"5983",48910.9573655691
"5984",137875.34250537
"5985",91700.1115599655
"5986",42713.9597115013
"5987",64973.8949017228
"5988",70035.6077248027
"5989",37323.043510798
"5990",105907.880314052
"5991",39846.4238570738
"5992",52642.064582437
"5993",17127.4784703431
"5994",87012.1432874031
"5995",103959.534809673
"5996",122538.19681037
"5997",37033.1749232775
"5998",89200.098716578
"5999",313843.105770955
"6000",64809.5780519182
"6001",228759.445957503
"6002",45589.7259072411
"6003",40674.7878609906
"6004",144888.816002171
"6005",162956.532458978
"6006",79018.0253277802
"6007",71010.0883692258
"6008",44007.9965732818
"6009",78323.6534972148
"6010",148779.668083522
"6011",52335.0826951491
"6012",61489.9484337262
"6013",55582.878649609
"6014",86258.5339833338
"6015",147208.346602389
"6016",158903.732623293
"6017",34652.2796271599
"6018",29859.4343310454
"6019",128026.632673535
"6020",105676.754429178
"6021",207884.211131764
"6022",218333.657678473
"6023",35486.8225966828
"6024",77296.7568293963
"6025",106057.392365677
"6026",65360.7108095725
"6027",44021.4356384087
"6028",31899.8795878534
"6029",21628.4008213442
"6030",79004.8815619834
"6031",40397.1250250662
"6032",33386.5600294377
"6033",41159.6941870118
"6034",28737.1104350763
"6035",43450.6852207082
"6036",56370.3762247958
"6037",163262.397119009
"6038",82359.1620304088
"6039",178939.364225329
"6040",36756.7781556809
"6041",81411.2372713167
"6042",73937.985857312
"6043",82736.0026298971
"6044",71896.4060711071
"6045",47709.2991817866
"6046",51472.1559922175
"6047",29662.098799556
"6048",37426.9268525507
"6049",87958.36266036
"6050",64973.6671092374
"6051",167378.069895196
"6052",33667.5440638706
"6053",35208.3129546305
"6054",54091.2799055108
"6055",207801.022248444
"6056",43663.5130334091
"6057",142349.07161043
"6058",143534.899816251
"6059",76503.450423729
"6060",208213.280214245
"6061",28714.6703169731
"6062",68630.1609158989
"6063",103618.392476088
"6064",61964.9832681889
"6065",46545.0786621796
"6066",82246.4683501778
"6067",36973.8973468564
"6068",126120.085878835
"6069",51330.4961661576
"6070",158841.873254834
"6071",170823.168388434
"6072",28296.4230386284
"6073",107340.342192023
"6074",32169.391561382
"6075",72675.892186007
"6076",229139.976831081
"6077",72427.8896805598
"6078",94741.6416404006
"6079",85028.3104665242
"6080",208571.742400222
"6081",43300.1724094269
"6082",69966.0706231244
"6083",69501.9931895694
"6084",73657.7715382123
"6085",42257.7031024725
"6086",100617.420518542
"6087",180930.288533044
"6088",69395.2084380495
"6089",197015.438542545
"6090",70874.5127326141
"6091",37991.9393612831
"6092",172209.380800796
"6093",94005.893074949
"6094",127850.186370429
"6095",59637.1183429334
"6096",137579.576595903
"6097",81804.9652075228
"6098",90307.5744328654
"6099",32274.6894772363
"6100",86555.7290040369
"6101",40550.765699009
"6102",31717.8142258995
"6103",112381.775239628
"6104",117208.94760352
"6105",78706.2008267795
"6106",72964.0041720647
"6107",48992.6460673328
"6108",157451.502542636
"6109",155701.977556422
"6110",97634.457635635
"6111",100611.389382955
"6112",365922.723020907
"6113",42600.0828577675
"6114",31505.0170647358
"6115",27302.8695238413
"6116",117983.377953211
"6117",39438.7651679234
"6118",39221.8464269579
"6119",87560.5216973951
"6120",68202.8227191918
"6121",91554.7989153508
"6122",87511.686562016
"6123",62398.3203008724
"6124",24981.1542559358
"6125",39761.2990243467
"6126",22630.5983509219
"6127",95844.8016536767
"6128",98628.2548159698
"6129",41664.5579779329
"6130",160706.435659926
"6131",319739.893430158
"6132",55099.07264169
"6133",61586.1931152245
"6134",80109.0608640701
"6135",185233.733224288
"6136",41949.822986568
"6137",59224.4944799079
"6138",63703.3346501717
"6139",53513.6317624822
"6140",45033.1575809132
"6141",85965.2542196094
"6142",102979.686316161
"6143",87298.4303693864
"6144",30083.8373599734
"6145",71703.6712661136
"6146",250995.378862043
"6147",113630.629168044
"6148",114645.292139528
"6149",43273.107462416
"6150",192644.510152415
"6151",49017.7663230532
"6152",69239.2495109659
"6153",34521.8123011523
"6154",60763.4746338985
"6155",83510.9934935027
"6156",42646.7648747634
"6157",17754.5423107495
"6158",91774.4431385098
"6159",71061.3338192691
"6160",72029.6886129222
"6161",114496.565182783
"6162",30588.8037520673
"6163",74761.0112702103
"6164",44177.0096730939
"6165",78469.186377241
"6166",79954.0185638421
"6167",117974.046487218
"6168",76321.0239111945
"6169",59052.8249655889
"6170",41557.0114925236
"6171",47657.8454916589
"6172",44268.2697705102
"6173",46746.6992775038
"6174",65724.3849070324
"6175",112020.220275798
"6176",181781.072641736
"6177",195447.889190316
"6178",50190.7664560744
"6179",69345.0421042689
"6180",112289.279213822
"6181",48225.4948861866
"6182",103358.437133465
"6183",23473.402438336
"6184",91694.1358564016
"6185",92885.9505323951
"6186",77213.7830441112
"6187",114885.028928748
"6188",39500.676147699
"6189",89695.4007875724
"6190",52140.7029911045
"6191",94591.688019896
"6192",65079.2737879625
"6193",136206.403034237
"6194",36337.2621669346
"6195",131433.70179601
"6196",31614.4416351413
"6197",118685.514299406
"6198",151170.360105871
"6199",69197.4073914728
"6200",77110.1232162259
"6201",127703.980507779
"6202",34885.0771780623
"6203",21068.6648877331
"6204",60666.0152534816
"6205",120690.10847208
"6206",58123.6974356516
"6207",33877.5597413997
"6208",39566.4408068608
"6209",46260.5750903609
"6210",12067.8953007022
"6211",77748.3934500265
"6212",41980.4913234069
"6213",114313.359720249
"6214",90574.0607442008
"6215",102596.305734005
"6216",52186.2499751547
"6217",16586.3977683067
"6218",54868.1008578908
"6219",73858.0321391772
"6220",298304.967219773
"6221",78683.6885175796
"6222",213413.705115862
"6223",32639.0437068067
"6224",59038.9089435055
"6225",34408.6200853986
"6226",93921.625857997
"6227",43166.2587069471
"6228",35947.3335219936
"6229",52936.4357348041
"6230",63341.5353989177
"6231",72764.7100891284
"6232",50483.8502987384
"6233",137597.380847121
"6234",58186.6066037932
"6235",57555.4426686015
"6236",98988.678381627
"6237",171672.613098461
"6238",81309.3528393931
"6239",84384.6313979678
"6240",48105.2655664378
"6241",51917.4602591701
"6242",172896.484198865
"6243",21129.6609641288
"6244",142890.746958603
"6245",40339.9916365366
"6246",83709.0203389228
"6247",20331.4591490461
"6248",144504.283587205
"6249",35169.5046409831
"6250",43015.4568960129
"6251",63537.2945049345
"6252",79890.3090485456
"6253",30006.0314157651
"6254",54522.3004824541
"6255",33358.9356908367
"6256",54931.6892223248
"6257",29978.586375059
"6258",55188.6951195019
"6259",49221.959320603
"6260",37059.8891697398
"6261",67182.088435559
"6262",86478.3935190916
"6263",30536.235806523
"6264",21496.2668935669
"6265",37946.3435254665
"6266",74140.3016056491
"6267",59580.6396432986
"6268",47013.3960808899
"6269",67362.8638778022
"6270",106152.390207182
"6271",45076.8761400548
"6272",79476.8291812021
"6273",120599.239215681
"6274",109401.418157017
"6275",166237.690250853
"6276",22039.4676489223
"6277",55082.9918806312
"6278",45943.5575548598
"6279",26590.9212050682
"6280",94701.0651117819
"6281",171205.57904769
"6282",132717.014007445
"6283",309695.761518
"6284",61197.9300221639
"6285",44844.5440525563
"6286",53374.8769893346
"6287",39969.663331145
"6288",60038.5071085376
"6289",159281.864045202
"6290",123334.228953054
"6291",44463.0589307357
"6292",41713.7047723938
"6293",93698.0867370861
"6294",61023.4921703451
"6295",34709.7768094018
"6296",110939.879829789
"6297",190181.530433165
"6298",54846.7370537482
"6299",49899.506844446
"6300",60074.4554249285
"6301",60393.7030034049
"6302",41624.4937968341
"6303",79249.3452442918
"6304",14171.0947034543
"6305",47466.9379354628
"6306",305372.866712106
"6307",121724.233858349
"6308",50077.308320587
"6309",61389.3746621744
"6310",143778.045028645
"6311",100909.383494055
"6312",108102.454766151
"6313",42399.2639379805
"6314",72172.5091845189
"6315",76274.4010475099
"6316",65076.1222158505
"6317",78112.6441961073
"6318",65585.0630362796
"6319",37556.6149417892
"6320",157941.323603905
"6321",80276.9700343417
"6322",64339.659736667
"6323",60082.3623233766
"6324",119467.712358701
"6325",17014.0539356702
"6326",74647.849707386
"6327",146032.084113225
"6328",287624.197271175
"6329",167480.010334485
"6330",116433.594912992
"6331",38946.2763996584
"6332",158960.358451835
"6333",110771.154975611
"6334",121277.296378416
"6335",54190.3670352152
"6336",30095.0410112784
"6337",29163.8967449418
"6338",47368.4165986257
"6339",113654.194740001
"6340",38492.68544382
"6341",79086.9224036622
"6342",163465.046213156
"6343",182679.306358208
"6344",159238.763790177
"6345",147464.666372015
"6346",126987.727852091
"6347",102526.242388193
"6348",94867.7372042585
"6349",79873.5212310243
"6350",56928.1303866158
"6351",48970.7839019486
"6352",52884.0965163901
"6353",86486.3795718706
"6354",76543.8022793434
"6355",45218.6124795258
"6356",39243.9931576113
"6357",49425.0659683215
"6358",69042.8610785769
"6359",55463.3691847472
"6360",163406.567079822
"6361",32469.9910774468
"6362",58882.4437334731
"6363",85490.6517674601
"6364",91223.9611243277
"6365",98461.5189988671
"6366",137062.571377238
"6367",61872.831873497
"6368",26437.3392291915
"6369",153607.876180252
"6370",234364.679383543
"6371",38862.0593054766
"6372",192635.442875811
"6373",139389.851973813
"6374",88640.754757213
"6375",68089.7690912009
"6376",43120.3592640783
"6377",78218.8311459143
"6378",133602.939213807
"6379",23561.858880281
"6380",156880.647162144
"6381",46182.5822676161
"6382",97525.4990092316
"6383",57072.1657598995
"6384",54605.1138485665
"6385",65564.2434723337
"6386",124519.342170335
"6387",26059.4118509453
"6388",75347.5114007314
"6389",156998.941712808
"6390",35227.6035499627
"6391",30858.0440155297
"6392",14137.5834942541
"6393",72454.0638631786
"6394",31396.027765513
"6395",177582.97115878
"6396",95524.4632661446
"6397",164219.450109636
"6398",63638.3024197688
"6399",105318.206936746
"6400",64318.5548489159
"6401",132792.365205599
"6402",43423.5302036767
"6403",87524.449296942
"6404",110971.978440015
"6405",94478.8519342046
"6406",30068.9703180387
"6407",96915.0732143131
"6408",145050.25270001
"6409",72998.5010178533
"6410",42213.596536661
"6411",57299.6560245226
"6412",74397.4859489325
"6413",118892.956064527
"6414",66358.2783161575
"6415",22949.4743904362
"6416",185407.082260486
"6417",48205.3091036075
"6418",113488.739725924
"6419",34862.5674961756
"6420",85158.3680699416
"6421",54373.2959264277
"6422",132047.167133542
"6423",57854.9568527302
"6424",35261.5775932972
"6425",64142.0532825879
"6426",55217.1897803591
"6427",11904.9069572876
"6428",52068.6222771276
"6429",44873.1724555662
"6430",43111.6655173019
"6431",100242.786675376
"6432",107295.041822866
"6433",187676.541050138
"6434",26896.4183061356
"6435",33620.0185601463
"6436",70276.3328321701
"6437",94580.7677388383
"6438",53486.378842456
"6439",22246.3794104513
"6440",50679.9459450729
"6441",51807.7829626792
"6442",108169.967072628
"6443",54133.1470309139
"6444",49391.2316667243
"6445",33381.043908282
"6446",29466.8400703894
"6447",155589.201551333
"6448",68728.7745217957
"6449",89128.7173717278
"6450",45342.2431679894
"6451",57071.893977366
"6452",37425.4167775922
"6453",49077.9286317086
"6454",67382.6098753912
"6455",101183.585893481
"6456",92985.7621119059
"6457",55830.5311309352
"6458",97605.2479497638
"6459",162914.412005595
"6460",50249.4674915767
"6461",77454.0270287984
"6462",119335.048003813
"6463",50865.5184620541
"6464",86867.4951778268
"6465",341838.5599144
"6466",33522.5546336278
"6467",94471.158310908
"6468",47497.679521422
"6469",88219.3903334981
"6470",77363.855486507
"6471",119514.024430296
"6472",118412.57189056
"6473",142062.573308342
"6474",166143.243309964
"6475",134684.636758596
"6476",40666.9590382786
"6477",22769.4762834665
"6478",53511.3020049466
"6479",39660.0613514026
"6480",5140.13385946544
"6481",78745.0998205663
"6482",156914.194246418
"6483",33856.6034268715
"6484",35059.8706733071
"6485",50151.8757707407
"6486",75947.4307670908
"6487",30274.6756272165
"6488",166359.412250514
"6489",101558.251362409
"6490",103689.479940973
"6491",70266.8533753444
"6492",141878.511212175
"6493",71741.2031233263
"6494",109406.9428538
"6495",142337.613508184
"6496",57518.8568830425
"6497",65233.8702972494
"6498",140540.734740268
"6499",63024.8344884182
"6500",36301.6037080902
"6501",75470.8183162364
"6502",154803.664999967
"6503",63116.8956541405
"6504",158329.465027146
"6505",93126.205383586
"6506",72633.2452205413
"6507",56434.5719968696
"6508",72981.1301148002
"6509",64457.3175328682
"6510",66242.6120512562
"6511",62536.0973903473
"6512",58970.226299703
"6513",83776.1823823876
"6514",122431.526812943
"6515",62123.8180687419
"6516",52762.5564458744
"6517",81182.2558416656
"6518",173461.68693365
"6519",25523.6437855674
"6520",77848.9058228162
"6521",33303.6761187388
"6522",144618.999621156
"6523",105583.546557527
"6524",53279.1063609666
"6525",50717.3488853081
"6526",66957.096365923
"6527",156351.319075133
"6528",72367.4715495986
"6529",75991.8042978176
"6530",157012.714346668
"6531",59034.5236854161
"6532",92342.7708889041
"6533",47774.9317875047
"6534",33329.0169905864
"6535",56035.6082341795
"6536",385410.072338923
"6537",24064.9777304166
"6538",60093.7212683603
"6539",94998.6573117374
"6540",75542.64629745
"6541",36370.4443833028
"6542",82128.9341010112
"6543",28279.9465798257
"6544",23258.5793950192
"6545",59737.5180294198
"6546",38240.0180288019
"6547",47746.1615495923
"6548",106110.58339152
"6549",38084.8709900462
"6550",98326.2665614185
"6551",43113.4566740447
"6552",103450.113490773
"6553",64954.6534501249
"6554",61033.0324088255
"6555",43511.7625000315
"6556",102330.179097719
"6557",43159.0232660947
"6558",127585.09112122
"6559",33631.2258371597
"6560",38958.5331042803
"6561",150670.22515147
"6562",47641.1407936349
"6563",166815.170487471
"6564",35540.3232990407
"6565",18709.5744591879
"6566",182528.234882032
"6567",73096.9409165622
"6568",128444.482806792
"6569",58939.5192740637
"6570",21322.9697047328
"6571",126260.8987409
"6572",89947.3194016278
"6573",73238.560171969
"6574",48102.7779446408
"6575",15718.2109573484
"6576",46633.1741426881
"6577",62479.8903430269
"6578",43700.8321621307
"6579",198384.697547636
"6580",49918.4345358085
"6581",69778.5123482533
"6582",123010.495223632
"6583",25381.2308484667
"6584",82201.7702326041
"6585",72912.7476820394
"6586",88333.5148791556
"6587",125908.364529584
"6588",28090.136980442
"6589",25823.3015294816
"6590",172294.96885362
"6591",121488.243806612
"6592",65053.5122447
"6593",70426.5380113197
"6594",38887.4685722924
"6595",93467.50936877
"6596",255266.351249191
"6597",51235.4919761587
"6598",49953.6280661396
"6599",54739.960559931
"6600",129036.966329477
"6601",14276.3332220994
"6602",245990.940110504
"6603",53596.1261534104
"6604",72554.5970568973
"6605",143927.189661668
"6606",269421.239041188
"6607",172940.070238452
"6608",223514.680707372
"6609",80790.1342248976
"6610",129834.441829932
"6611",17649.5460781509
"6612",105129.53763611
"6613",126661.124104355
"6614",56748.2404788095
"6615",46140.5723955846
"6616",70408.4868971544
"6617",159398.751586071
"6618",92684.5617483997
"6619",53001.6924049932
"6620",19140.2359194828
"6621",155916.809157906
"6622",153151.587719752
"6623",122611.265110296
"6624",149410.078839676
"6625",142991.058173157
"6626",80028.8268997228
"6627",131586.035625885
"6628",22479.1124941563
"6629",53451.9489976865
"6630",133070.527145206
"6631",122019.889658489
"6632",39790.3559091519
"6633",163120.719065054
"6634",45855.2996200733
"6635",134583.989001426
"6636",60539.2487099158
"6637",148032.925429759
"6638",70343.3145670367
"6639",72566.7217201887
"6640",72739.6149900259
"6641",70738.0256229099
"6642",125013.635903117
"6643",47191.0728628843
"6644",85438.7528232129
"6645",63576.4444388402
"6646",48367.45306699
"6647",59553.2031350773
"6648",55036.0889555594
"6649",156190.158741638
"6650",124959.751754447
"6651",37337.1323264353
"6652",24896.7411443501
"6653",172159.895867713
"6654",35639.413417053
"6655",110464.792667212
"6656",71027.0242905542
"6657",138220.903637173
"6658",47735.3047688584
"6659",53013.2294007384
"6660",40210.1042017047
"6661",34999.7853867284
"6662",9983.04528737466
"6663",99632.7464553521
"6664",63110.2956250078
"6665",48810.74686876
"6666",39256.731230287
"6667",162781.912741534
"6668",68103.0195863221
"6669",130071.241281536
"6670",76403.0925183557
"6671",22568.2187891881
"6672",131985.913369509
"6673",43378.9827133663
"6674",27651.0228559367
"6675",100453.145911221
"6676",22911.4358105603
"6677",51711.2504837878
"6678",54220.9844986227
"6679",26249.3307827251
"6680",61174.3444939733
"6681",58969.4704464517
"6682",79530.8198935381
"6683",67092.3751673122
"6684",31176.2510332601
"6685",70826.4984545177
"6686",30421.1697408267
"6687",22214.8928088044
"6688",87043.2070636092
"6689",59117.5764118901
"6690",41729.2808156915
"6691",76996.3383805098
"6692",95547.8147969179
"6693",46945.021386901
"6694",59345.1050387161
"6695",57859.3913364566
"6696",36881.6919616494
"6697",129328.612969867
"6698",67498.2943631995
"6699",176797.721775059
"6700",87811.0923468947
"6701",135475.903661017
"6702",120430.184378588
"6703",65494.1874204001
"6704",61784.680069269
"6705",72104.9997214561
"6706",31267.9355283968
"6707",52333.9278925899
"6708",140019.770984842
"6709",74082.8814459989
"6710",47385.9945941742
"6711",124251.736692775
"6712",134124.577077977
"6713",71691.929571011
"6714",47183.5546117547
"6715",67271.1265715235
"6716",81789.1404575432
"6717",48725.963989278
"6718",133325.798487983
"6719",103651.249418238
"6720",90602.8750880198
"6721",153744.646294911
"6722",136253.663681924
"6723",34996.6726524053
"6724",88473.3813504593
"6725",39383.2657637396
"6726",50659.8514785158
"6727",54423.6624405299
"6728",124265.305215872
"6729",74781.1017880588
"6730",80441.9804229107
"6731",79653.7119091092
"6732",108516.41580498
"6733",74097.2714688385
"6734",109426.361950293
"6735",148495.685263697
"6736",62809.6947284599
"6737",75711.9038096211
"6738",131665.215817865
"6739",43757.5885801394
"6740",169240.19162199
"6741",55273.422073839
"6742",28448.3090218002
"6743",153099.64286541
"6744",44296.6743235553
"6745",133783.4219862
"6746",74882.0364590014
"6747",75804.498796672
"6748",60759.5555005638
"6749",86679.6162822865
"6750",113646.630043478
"6751",144152.005534651
"6752",97735.5476257403
"6753",49972.1099205773
"6754",20697.4355895839
"6755",19734.5975930536
"6756",102455.941343484
"6757",186470.098635584
"6758",66682.8741496901
"6759",85315.6549396009
"6760",24265.8969472558
"6761",48591.772116392
"6762",104009.68256137
"6763",20558.9144892793
"6764",106265.706896879
"6765",49631.2035935266
"6766",20525.3063960153
"6767",45943.4677081192
"6768",48497.1095656079
"6769",30083.9606466257
"6770",40094.8611834535
"6771",64607.6425374417
"6772",49251.5311413277
"6773",95903.8302050821
"6774",35318.9167904523
"6775",31189.1946753813
"6776",84935.067096824
"6777",155012.171327166
"6778",54498.2732598557
"6779",76774.4360911789
"6780",105755.258068837
"6781",43404.3995249574
"6782",76803.306608011
"6783",21632.618624912
"6784",81214.0873564357
"6785",55209.8204615338
"6786",162426.39233829
"6787",31414.6986660665
"6788",34135.7701026293
"6789",44896.0677748578
"6790",25622.263962028
"6791",59436.5128620722
"6792",42885.9304587737
"6793",117196.194483657
"6794",241157.71950529
"6795",175983.280124014
"6796",102040.369318607
"6797",55107.2473158221
"6798",134027.985540593
"6799",29469.7831963627
"6800",105851.876095495
"6801",40948.4925585467
"6802",71409.3360904
"6803",62511.040957167
"6804",59437.3986399633
"6805",41111.0279724342
"6806",89054.8686157004
"6807",111888.389357373
"6808",64659.8868418057
"6809",274117.190301856
"6810",50839.6989023213
"6811",28902.7002597642
"6812",73574.0364982024
"6813",51640.6295107657
"6814",243499.029907591
"6815",28569.0191660673
"6816",60631.0061140867
"6817",45243.9634561418
"6818",103973.014824488
"6819",39882.3474579228
"6820",75926.3459707394
"6821",96655.5876503454
"6822",221439.561027721
"6823",52923.2519024313
"6824",74147.5681983454
"6825",70829.8680865079
"6826",74173.5856013707
"6827",30611.6762062715
"6828",50217.8013457745
"6829",74169.7826029541
"6830",123084.987567266
"6831",22261.1231225426
"6832",54237.2050630862
"6833",64997.5624168507
"6834",53055.7216249802
"6835",34103.4742361401
"6836",49136.6341538775
"6837",44919.1067884504
"6838",41182.2946317039
"6839",83525.0550127747
"6840",102215.756223159
"6841",34369.6150792088
"6842",76553.271380887
"6843",53609.705882799
"6844",26424.0187730739
"6845",104575.017851377
"6846",87964.9421910406
"6847",33118.2951954995
"6848",38918.0915573349
"6849",76397.1209185262
"6850",90264.8708107492
"6851",945040.689825838
"6852",131415.186400961
"6853",67735.1191935794
"6854",82476.8117523767
"6855",35441.1784130128
"6856",194218.932317351
"6857",78470.9636153927
"6858",64540.7267807866
"6859",52896.7522037853
"6860",53419.7057955542
"6861",61690.1797191192
"6862",55654.5378416473
"6863",38689.5052148734
"6864",70632.7520414563
"6865",92375.7494510197
"6866",54777.6728584453
"6867",142663.380313644
"6868",96429.8564445385
"6869",33258.6695015901
"6870",99601.5219701946
"6871",129914.248403495
"6872",50612.5040790172
"6873",233327.47361522
"6874",60736.0466686942
"6875",113398.217381805
"6876",37171.6619977224
"6877",49451.915487328
"6878",68265.740950861
"6879",106324.298401401
"6880",68336.0665130664
"6881",26330.8068500459
"6882",100865.690195923
"6883",118290.519571586
"6884",134307.131411075
"6885",28559.338374607
"6886",66233.1939909501
"6887",106779.013831019
"6888",106989.422169354
"6889",87390.3747487767
"6890",130278.754628118
"6891",107452.260591225
"6892",38984.5205362933
"6893",96027.226004172
"6894",65622.0304738775
"6895",68910.0153245693
"6896",66853.9573572958
"6897",118572.290794034
"6898",53453.6328756544
"6899",72669.0587011986
"6900",92938.2273613337
"6901",44340.6756921589
"6902",73695.1350512051
"6903",136887.026451913
"6904",43962.3513050555
"6905",65262.7849788877
"6906",59057.7172998471
"6907",119944.945790203
"6908",166393.524448249
"6909",84515.695288627
"6910",131002.658064382
"6911",125976.510466937
"6912",92756.2557960472
"6913",152883.898471491
"6914",58424.8083535144
"6915",30663.9198629315
"6916",87617.9128986996
"6917",49257.8462944739
"6918",49277.5777530591
"6919",75952.9891493359
"6920",39213.0229616732
"6921",130740.954792936
"6922",163705.553462127
"6923",54631.3216706951
"6924",25126.6597892514
"6925",33028.9568254537
"6926",108868.504705279
"6927",140380.050656519
"6928",77330.3385041196
"6929",126911.303311605
"6930",150298.619116145
"6931",118437.287718799
"6932",27516.660493542
"6933",145764.881148176
"6934",91939.5442730171
"6935",27351.4664953496
"6936",61304.7272069268
"6937",33735.1111399724
"6938",53770.6560629534
"6939",74534.1359644474
"6940",49241.7364896398
"6941",73997.2260750832
"6942",120100.62598238
"6943",255456.82833699
"6944",42194.1835530564
"6945",80443.9662268245
"6946",70642.4600169163
"6947",40361.9037694619
"6948",146362.034261576
"6949",50380.9750728539
"6950",76636.781726381
"6951",37977.8920476775
"6952",129222.041655535
"6953",36720.3529138227
"6954",24356.1824967557
"6955",45502.3717073957
"6956",60635.2340089905
"6957",80831.7947086225
"6958",114202.806283405
"6959",69665.8420879608
"6960",188189.368801489
"6961",39586.9559631485
"6962",27145.4002643332
"6963",186819.008412319
"6964",87322.4578759069
"6965",135101.609763256
"6966",93845.3867876029
"6967",84508.3809099931
"6968",34729.6504255225
"6969",72535.0006498064
"6970",28984.6223464449
"6971",66778.9556462772
"6972",175373.904232901
"6973",162947.952168685
"6974",24732.2149484355
"6975",41019.2141045247
"6976",63854.6156824861
"6977",32978.2890219588
"6978",117039.309570986
"6979",74081.9132789782
"6980",68888.1963630272
"6981",58260.6640399195
"6982",114166.697932635
"6983",34369.1239154582
"6984",158375.742592551
"6985",58433.7716998423
"6986",103232.412532853
"6987",90307.2955706103
"6988",25035.9509188847
"6989",37491.8066597204
"6990",46316.5800940058
"6991",55125.1977762642
"6992",89809.1770280437
"6993",29470.9862886734
"6994",52387.6308034572
"6995",53486.9770687451
"6996",74630.0565169385
"6997",63817.0523131295
"6998",114280.717061238
"6999",107798.117078803
"7000",89341.8832545239
"7001",39924.2366147923
"7002",47835.5104256264
"7003",116490.918663795
"7004",156829.90665308
"7005",62500.3207244341
"7006",106343.254843458
"7007",81416.6884941528
"7008",44877.0756408442
"7009",33095.9991726866
"7010",45905.154141167
"7011",25995.7312474046
"7012",76137.4557942407
"7013",139686.683288769
"7014",100425.949247616
"7015",49256.5661885821
"7016",56304.052673701
"7017",10508.1143213815
"7018",44550.6075966369
"7019",106563.293684111
"7020",149921.504208551
"7021",85574.692234038
"7022",38367.754027026
"7023",63577.1368919552
"7024",115322.775466894
"7025",191816.747317895
"7026",148348.760640657
"7027",239754.988060787
"7028",20831.7742273622
"7029",94335.1470936307
"7030",28079.1204396332
"7031",93141.6441235681
"7032",50679.2252013757
"7033",131926.201040376
"7034",57866.4690114304
"7035",18538.5216928298
"7036",34900.7210545727
"7037",95891.5292260808
"7038",108662.227853918
"7039",50212.5327721841
"7040",69164.6017701395
"7041",101868.375906137
"7042",60038.2781176538
"7043",34595.0763171786
"7044",52289.4408215098
"7045",86225.7103297586
"7046",48533.9984736715
"7047",150678.556913437
"7048",56540.0469084691
"7049",52520.9532854065
"7050",87847.154239289
"7051",33502.4181548933
"7052",65116.8108994804
"7053",136843.854527438
"7054",101769.651430181
"7055",47031.9614577451
"7056",177484.154439568
"7057",48541.4327003335
"7058",59341.243803014
"7059",64685.0681357864
"7060",52767.2072086605
"7061",163603.786364185
"7062",70737.475007161
"7063",51419.352387539
"7064",57862.0674648151
"7065",70931.8232629047
"7066",69693.1524259859
"7067",66217.1377497284
"7068",61512.4474809671
"7069",78320.1995949026
"7070",24728.5695712843
"7071",104296.024125948
"7072",98673.6082259206
"7073",101196.197626249
"7074",36231.3777014604
"7075",111585.684964115
"7076",65025.2458549917
"7077",48536.1814764764
"7078",32632.9825259894
"7079",122735.901476748
"7080",19685.1273653643
"7081",15304.6875841709
"7082",31902.1321417177
"7083",112022.669365505
"7084",238731.330082555
"7085",135427.664815939
"7086",65827.6259516721
"7087",59091.2835022054
"7088",155951.79777505
"7089",32940.5711388272
"7090",125120.774404194
"7091",64304.9771724127
"7092",50007.4071364658
"7093",52129.2260824348
"7094",99251.7149449442
"7095",161649.257868838
"7096",54432.2708778301
"7097",159482.681143765
"7098",62799.7015095959
"7099",79182.1921341148
"7100",72573.5262750991
"7101",103990.754117715
"7102",134090.684219934
"7103",59230.6907352994
"7104",50713.491713973
"7105",80187.141005462
"7106",73214.0996995227
"7107",136538.828452041
"7108",116482.816092998
"7109",84221.2707242472
"7110",67282.9841073538
"7111",82868.4876314265
"7112",181421.49143958
"7113",158800.088838863
"7114",28943.3359544718
"7115",115109.464998134
"7116",40448.150854489
"7117",76868.6510711517
"7118",54191.7960269381
"7119",41353.1416762086
"7120",122691.869266884
"7121",64065.0101460231
"7122",172152.098188866
"7123",43483.8813466146
"7124",75461.7016292552
"7125",88489.3267847178
"7126",28457.5127911831
"7127",93296.1287292214
"7128",94324.6227095129
"7129",60201.4273918051
"7130",34936.7504007344
"7131",83224.2499295731
"7132",39805.1692683787
"7133",158636.710884037
"7134",195761.589286824
"7135",92056.0804522932
"7136",105990.432270747
"7137",41272.6394152545
"7138",67988.5474337485
"7139",49196.0953356081
"7140",78208.1245696061
"7141",83158.6518673309
"7142",68841.3969439193
"7143",52181.1137286086
"7144",77794.0603605076
"7145",72439.8528023452
"7146",90034.4664466881
"7147",28857.6208574311
"7148",69070.5456936243
"7149",79869.3298157121
"7150",201941.796028992
"7151",29376.0879262799
"7152",114260.408763029
"7153",42238.381490179
"7154",47220.1518246044
"7155",64503.1022789105
"7156",118868.520378401
"7157",84126.1154094663
"7158",76740.1160915598
"7159",129401.57119116
"7160",40978.4743482179
"7161",56535.9963678793
"7162",97963.7046886877
"7163",29291.3198973608
"7164",81311.1802851809
"7165",96240.6128328033
"7166",91974.5539495366
"7167",112284.220422228
"7168",77245.0285935937
"7169",75835.8570244474
"7170",48395.0977133617
"7171",55508.8187726769
"7172",72099.6684473032
"7173",72589.3357400189
"7174",56806.852765626
"7175",25997.5364859835
"7176",96567.4574685717
"7177",27499.5705064909
"7178",120546.717698366
"7179",150524.731503246
"7180",75832.1540970106
"7181",76970.2836803531
"7182",81214.299497758
"7183",155400.556439149
"7184",49891.7488093607
"7185",48884.9134914959
"7186",107861.601581433
"7187",83900.5799195939
"7188",46859.3951090605
"7189",106484.501739293
"7190",72218.1914885972
"7191",44517.9767382619
"7192",121522.680713044
"7193",131040.965088276
"7194",258442.004066509
"7195",66426.8393069008
"7196",235280.726086002
"7197",70873.048581112
"7198",148207.018369256
"7199",10265.1363640436
"7200",63095.6666836543
"7201",72351.8371897986
"7202",151993.931198598
"7203",77774.457134406
"7204",55681.8272884052
"7205",65513.9733978798
"7206",56444.5402039899
"7207",30415.2798055116
"7208",29018.8787514372
"7209",156957.145989907
"7210",47999.5796004092
"7211",34283.6649833897
"7212",24093.8779803215
"7213",77893.950748334
"7214",74320.7739608598
"7215",50558.9312130092
"7216",60571.2066392519
"7217",165208.177355061
"7218",98032.1766616581
"7219",95081.6296988692
"7220",82101.5119649361
"7221",98101.4918478598
"7222",25702.7007034639
"7223",102386.996280139
"7224",86117.1235110078
"7225",110749.473962574
"7226",110144.775739794
"7227",88795.3405499126
"7228",69532.588959928
"7229",156318.605258582
"7230",42027.096894245
"7231",89785.9741056662
"7232",155680.089834395
"7233",75950.0424841843
"7234",106017.19877655
"7235",59779.770388536
"7236",70890.2730146831
"7237",18884.1836476468
"7238",57007.1106512176
"7239",23597.0542988611
"7240",150573.34619661
"7241",163728.001505359
"7242",54112.7596723311
"7243",121768.311053088
"7244",71652.4778250941
"7245",55173.3313024218
"7246",46774.8205226753
"7247",54612.6925143936
"7248",31581.7379651339
"7249",56469.20386697
"7250",47622.4274056667
"7251",90313.5437448058
"7252",71726.5135201538
"7253",68932.944640601
"7254",41342.4071769901
"7255",66562.1237717203
"7256",120804.416983683
"7257",118058.671692374
"7258",25529.169404147
"7259",50818.3960726127
"7260",71196.6187078801
"7261",32366.7568216798
"7262",105984.178943829
"7263",59006.9802259021
"7264",117228.639009524
"7265",38004.2252100502
"7266",87402.7969462327
"7267",37275.0514213312
"7268",67294.6984469223
"7269",21743.805854781
"7270",47873.4088406965
"7271",218082.067881191
"7272",57326.8324550377
"7273",60181.9692521239
"7274",32246.1238110379
"7275",51585.7586709153
"7276",30193.1101234821
"7277",56471.0664509899
"7278",127263.516393774
"7279",191523.725442234
"7280",83563.6731083673
"7281",89850.7416727685
"7282",34848.0711147036
"7283",45003.6656658792
"7284",38827.0761566543
"7285",67430.4264832142
"7286",50456.5591415944
"7287",79041.578924379
"7288",93479.431775233
"7289",57195.2386286775
"7290",77276.9056176165
"7291",43061.7853637727
"7292",119951.187291819
"7293",147236.669267057
"7294",171582.218589941
"7295",77912.2380861113
"7296",72069.6116474337
"7297",29995.6886909704
"7298",106264.670403958
"7299",135922.97352108
"7300",33881.9991715287
"7301",160708.616592848
"7302",60003.6339480144
"7303",72495.4673660182
"7304",30773.7937911972
"7305",43525.244944217
"7306",66177.9887180518
"7307",143445.667099942
"7308",125969.729538858
"7309",71328.3541649509
"7310",67484.6096283026
"7311",35619.7326023174
"7312",36999.6139908625
"7313",203185.539189493
"7314",68408.2897825233
"7315",191980.92728681
"7316",93809.821674357
"7317",101669.485313545
"7318",103045.468389814
"7319",94074.1112486338
"7320",62775.1567073177
"7321",100696.936104075
"7322",134847.61919916
"7323",44655.367815022
"7324",29772.9088207273
"7325",49060.6609495715
"7326",37591.1226043776
"7327",43241.3884937635
"7328",105187.996617735
"7329",103093.844910534
"7330",64928.7940696135
"7331",41986.4851394779
"7332",102262.204123048
"7333",82293.0091849127
"7334",187918.449272208
"7335",96540.3188962278
"7336",41313.4862232408
"7337",49204.7960999488
"7338",62268.8329739443
"7339",125593.329686027
"7340",33055.2239672868
"7341",96972.9177119051
"7342",107278.160317132
"7343",71120.0856343458
"7344",60487.278965513
"7345",50033.6517755744
"7346",58162.4103832392
"7347",46288.5208136137
"7348",127101.828095667
"7349",86570.3336638839
"7350",37134.3281812316
"7351",48606.5765098437
"7352",31268.6332367082
"7353",59171.6248401936
"7354",92052.643250451
"7355",160320.893940102
"7356",95274.0168134781
"7357",53784.6123298738
"7358",44098.8473464009
"7359",53743.4908894807
"7360",87643.7947395253
"7361",67047.2113117835
"7362",28174.1995984512
"7363",104954.475958718
"7364",161847.054369585
"7365",40723.4880981045
"7366",60945.31915402
"7367",78077.3620942839
"7368",44852.0670197116
"7369",169050.717781373
"7370",29968.0073666833
"7371",53065.7306763493
"7372",36171.0416915518
"7373",75579.1987344288
"7374",26753.6897867458
"7375",64309.0772992968
"7376",185649.299293689
"7377",34685.6887378511
"7378",95844.1661795857
"7379",104719.797118127
"7380",56702.07986226
"7381",45180.2565437979
"7382",215080.172640745
"7383",202700.448749437
"7384",55856.8294335838
"7385",53856.3493706268
"7386",85822.3549500358
"7387",166665.866511143
"7388",38155.7899839529
"7389",54068.8028133254
"7390",46306.4768631161
"7391",143183.164440008
"7392",260983.063258615
"7393",135353.597545465
"7394",82321.5865480882
"7395",57373.7877784457
"7396",53663.2432496928
"7397",126405.466779407
"7398",85649.4323944177
"7399",22100.9020943006
"7400",80217.0647564716
"7401",28866.4582030739
"7402",85992.9465332601
"7403",43679.676457254
"7404",33855.3063035356
"7405",52696.9904150563
"7406",58705.4613476612
"7407",17711.3174562691
"7408",114149.316243087
"7409",137606.856436785
"7410",53433.7801082756
"7411",72470.2306009462
"7412",83751.0440829611
"7413",54939.4081696147
"7414",124616.329901444
"7415",175158.915340381
"7416",60658.4165110052
"7417",30359.2008488255
"7418",144606.55197385
"7419",156979.618190605
"7420",112323.876798551
"7421",113813.715406757
"7422",36364.8729883951
"7423",78182.567838897
"7424",72083.2340834715
"7425",44150.7529561689
"7426",78717.4195127306
"7427",48621.8538556746
"7428",70229.6901267864
"7429",58667.9633494977
"7430",92970.9744781723
"7431",37982.0364560987
"7432",30148.5001769972
"7433",72724.3345537638
"7434",60839.9691874788
"7435",29950.507794418
"7436",84494.1054069735
"7437",60285.6580036684
"7438",74345.0447030751
"7439",44247.0344300264
"7440",42612.8674419955
"7441",49478.4199643386
"7442",73572.1918647495
"7443",76709.6251294503
"7444",23533.0859089376
"7445",47157.0587699612
"7446",40776.6359819106
"7447",87754.9140457815
"7448",27818.0513016703
"7449",75090.0076089244
"7450",55660.0340463555
"7451",23055.1847702086
"7452",117788.949430371
"7453",104928.512505794
"7454",85240.2046210181
"7455",48213.4481647528
"7456",36641.262368823
"7457",69021.3367345196
"7458",345997.230588129
"7459",69790.7303954802
"7460",138076.168216023
"7461",72571.5589383811
"7462",43913.7010592707
"7463",89510.6684041587
"7464",80940.4679958035
"7465",40457.9244598711
"7466",28906.4798375914
"7467",105790.787372194
"7468",76517.626724428
"7469",97830.2890004929
"7470",95686.1133608378
"7471",49163.8184623943
"7472",267276.248694548
"7473",146920.317775795
"7474",70144.7278560208
"7475",323305.305852165
"7476",114417.495924516
"7477",44225.6537559665
"7478",46597.0256549706
"7479",43804.7758249878
"7480",36405.0567559538
"7481",97609.0298418768
"7482",131675.411029448
"7483",103943.281681522
"7484",41185.0733468378
"7485",130011.436307823
"7486",24288.7419025674
"7487",91117.0078050317
"7488",93941.5926445153
"7489",77703.9525983056
"7490",52247.1554291499
"7491",36707.0757707477
"7492",130973.675361968
"7493",259736.351660264
"7494",98834.8120636246
"7495",85487.4515682157
"7496",78455.5811026422
"7497",103185.465265458
"7498",40585.2250654383
"7499",71372.7425561855
"7500",86787.6636679529
"7501",36458.0198055189
"7502",93109.7928450725
"7503",53951.9711332383
"7504",97960.5478253845
"7505",49999.7295219414
"7506",75288.1320799843
"7507",45180.875940051
"7508",33912.5389057744
"7509",47752.6549234828
"7510",70179.195663682
"7511",219162.69905041
"7512",122572.319392449
"7513",86398.2183649061
"7514",100290.483107287
"7515",69394.8605014371
"7516",83838.0918223462
"7517",105940.239995154
"7518",74450.3682101491
"7519",106989.331253135
"7520",107026.110501062
"7521",42475.2638100957
"7522",17252.6538401199
"7523",70746.2086908551
"7524",37325.2735534797
"7525",156560.625646573
"7526",124257.062723689
"7527",66806.6210501112
"7528",63478.568662648
"7529",72771.7530503549
"7530",73073.3737329456
"7531",72960.7527022239
"7532",58164.0574942644
"7533",71924.7030418579
"7534",59820.9586356834
"7535",114952.772020974
"7536",107316.609259302
"7537",191420.596191759
"7538",74485.1975537766
"7539",53165.4408050812
"7540",85799.4192547313
"7541",82579.184349786
"7542",53412.5575333233
"7543",54831.8908629759
"7544",180395.460121471
"7545",104645.355145483
"7546",100704.265389064
"7547",115566.046639984
"7548",77187.4607163007
"7549",35042.5596298014
"7550",107357.002091648
"7551",89387.5559027601
"7552",28300.8093646877
"7553",76603.2859371171
"7554",43259.812380833
"7555",133249.559747218
"7556",44729.0313375944
"7557",28157.7083058603
"7558",22137.6298656395
"7559",92784.6423271867
"7560",109758.16104881
"7561",97328.3097642131
"7562",62706.9069808782
"7563",197586.97984699
"7564",39052.8998118261
"7565",103959.526247439
"7566",69894.970826406
"7567",80737.0880277027
"7568",187324.007727579
"7569",180291.624288917
"7570",21341.8494475181
"7571",20924.7244298276
"7572",79836.7179325322
"7573",31710.8523900792
"7574",121258.601606411
"7575",115417.860975502
"7576",117499.827491779
"7577",93054.3292254148
"7578",81418.5383864941
"7579",42714.370277601
"7580",191438.787156538
"7581",104533.560214396
"7582",124152.38498483
"7583",352331.396742763
"7584",109620.044889902
"7585",54004.5110671269
"7586",118179.844386074
"7587",189379.905883006
"7588",23877.0661502324
"7589",93659.3739326497
"7590",38892.6047650432
"7591",108148.463264707
"7592",141098.464624985
"7593",88330.2135938386
"7594",20145.5325261982
"7595",213226.204110288
"7596",239682.893857929
"7597",88006.1356907301
"7598",90853.5123698526
"7599",108403.264213702
"7600",67416.0719579137
"7601",159440.439725976
"7602",23772.4525684276
"7603",61009.4560696771
"7604",41772.5416825394
"7605",215704.281402586
"7606",49880.9513804009
"7607",113574.206661739
"7608",42554.2087443958
"7609",29112.4748165594
"7610",34615.0339209413
"7611",143293.557892261
"7612",153927.405708614
"7613",88810.701559278
"7614",36758.2608575641
"7615",48762.4245646014
"7616",48287.3335334414
"7617",61112.5470040072
"7618",93916.2357937981
"7619",158499.734884502
"7620",44976.4673369411
"7621",81818.9040268469
"7622",42993.4251718086
"7623",41770.2276269267
"7624",70370.5528614309
"7625",47080.222963473
"7626",89380.6448169736
"7627",27589.8444185865
"7628",109752.352039309
"7629",32989.1172241329
"7630",61254.6002087436
"7631",28262.0172846375
"7632",149104.352231258
"7633",150826.506308886
"7634",36072.6486117055
"7635",44835.9321987603
"7636",48232.5219100008
"7637",179499.847994422
"7638",98994.57034131
"7639",97274.5606592678
"7640",97911.9944310705
"7641",20048.5745094966
"7642",26539.2752165469
"7643",93703.08428383
"7644",53632.66896769
"7645",155074.091684768
"7646",128430.408232548
"7647",86000.7063714505
"7648",200365.588804066
"7649",25555.2382184858
"7650",84773.7539519826
"7651",86456.0932684831
"7652",100186.817566231
"7653",84068.6396034004
"7654",52648.4563095995
"7655",128848.087095608
"7656",76125.3472190613
"7657",44951.7008019259
"7658",80022.1062647838
"7659",153999.573639308
"7660",79024.655698798
"7661",50712.6820263453
"7662",96906.0640466864
"7663",47290.4444807841
"7664",236298.662403199
"7665",53305.5502710243
"7666",87800.7978464153
"7667",33459.4161660433
"7668",108837.553994458
"7669",94994.6132979956
"7670",244485.882105668
"7671",61127.3792122858
"7672",103843.85157754
"7673",93917.6101013819
"7674",83218.354319475
"7675",110800.034075601
"7676",52346.961243795
"7677",101691.256948352
"7678",44504.8680170102
"7679",22196.2539597048
"7680",70105.9168781788
"7681",96007.551472793
"7682",94347.1478100889
"7683",27710.9074239181
"7684",63277.8958691245
"7685",45185.1552300288
"7686",46817.5581036144
"7687",88642.7494070007
"7688",192756.619665343
"7689",72727.3133620567
"7690",64672.043448187
"7691",21537.0162970215
"7692",57932.4642100588
"7693",43041.5235745859
"7694",116079.457188087
"7695",50900.1111915005
"7696",33523.1802060786
"7697",15874.8114011197
"7698",56494.9931350348
"7699",111015.249111198
"7700",124339.025753959
"7701",67909.2364252043
"7702",23990.7197123224
"7703",92263.220684863
"7704",32210.853079702
"7705",71027.1794081341
"7706",91240.1789837556
"7707",397486.78429217
"7708",26194.4431543543
"7709",66244.1436551866
"7710",34403.6933794008
"7711",171094.093490071
"7712",69233.9795028272
"7713",54256.0725262668
"7714",131533.763874351
"7715",40065.5337103195
"7716",97705.4937286115
"7717",22072.9301093156
"7718",20310.3922008072
"7719",36229.664544476
"7720",83201.9705466126
"7721",51883.9224381923
"7722",82796.4891763045
"7723",210042.115692246
"7724",41276.0909019486
"7725",83429.1325266449
"7726",63859.6360858987
"7727",130912.778132648
"7728",58046.9893890242
"7729",72548.7307537042
"7730",150801.170182478
"7731",146709.926688252
"7732",62654.1307668751
"7733",49869.8351917877
"7734",22211.8149197054
"7735",69954.3564231463
"7736",85566.8721448629
"7737",45510.1780132997
"7738",59918.9535923502
"7739",41305.7606828139
"7740",50029.3578829055
"7741",59742.7740081265
"7742",47283.6522176303
"7743",77929.2887385418
"7744",69594.330011089
"7745",123643.298171734
"7746",46082.6677313631
"7747",72782.8360524321
"7748",39879.3161011033
"7749",128872.397384666
"7750",64267.0396432984
"7751",107708.090313196
"7752",78797.2602676816
"7753",89293.5249411938
"7754",88778.2639955117
"7755",104718.4313638
"7756",76679.7664414121
"7757",12607.9252188716
"7758",48306.7334067111
"7759",62521.8794211993
"7760",109667.238453357
"7761",40021.0481321495
"7762",96929.6505002894
"7763",105547.740534453
"7764",150487.908003889
"7765",62697.7269534127
"7766",14615.119096017
"7767",157539.810382714
"7768",42966.2063596504
"7769",73675.639725097
"7770",66469.7770867927
"7771",124767.343096561
"7772",130396.293221431
"7773",78782.3981277333
"7774",30959.7245063569
"7775",80978.2808245634
"7776",57518.2510445944
"7777",91995.7375525868
"7778",85061.0854942865
"7779",70618.4327738495
"7780",69283.7078141265
"7781",103090.0980101
"7782",73809.8036714687
"7783",135493.861028568
"7784",155276.640599508
"7785",138793.587808518
"7786",144520.594603633
"7787",38334.2557266676
"7788",52551.9205662593
"7789",61655.3803131138
"7790",42237.9487724596
"7791",88299.458387121
"7792",108659.997092042
"7793",60433.1269241714
"7794",159311.058820703
"7795",78421.6830586123
"7796",84153.427371488
"7797",78132.8427190441
"7798",36575.4265799789
"7799",116766.252681102
"7800",59346.516882303
"7801",98846.4104143523
"7802",93059.908534763
"7803",17507.5197773987
"7804",79695.9681045751
"7805",23218.134949537
"7806",27427.9595051139
"7807",107907.730917482
"7808",71735.3418662176
"7809",59347.1164630599
"7810",65930.0809110806
"7811",90662.7783477564
"7812",27730.386016766
"7813",43657.6010092819
"7814",88947.1600096496
"7815",63109.7964044444
"7816",39872.210449451
"7817",103210.820176757
"7818",130385.185855135
"7819",16043.3965305551
"7820",44913.8185249292
"7821",111089.92175958
"7822",42930.0841706742
"7823",133633.913211499
"7824",69386.8977696673
"7825",105857.976325343
"7826",60412.4309070434
"7827",177113.247343467
"7828",46277.0117120613
"7829",82292.8758993033
"7830",149760.649659231
"7831",209858.847208432
"7832",32803.4684815626
"7833",87261.2097387631
"7834",68680.6757416696
"7835",54775.495120371
"7836",20971.9194696377
"7837",59793.0328031766
"7838",90587.5617895791
"7839",26820.6766530178
"7840",80416.5637822308
"7841",75828.3285005917
"7842",102767.717411266
"7843",35176.4286490171
"7844",38133.4261465393
"7845",32332.8289099335
"7846",216812.965797207
"7847",166620.582546933
"7848",56949.039413329
"7849",37701.4638346738
"7850",68376.6832703575
"7851",80756.5788828986
"7852",44823.6967864457
"7853",51039.6262840693
"7854",71170.3414113746
"7855",102080.183123968
"7856",59778.654145846
"7857",38570.5915756852
"7858",98227.2763731123
"7859",61425.3232065917
"7860",42303.4938701147
"7861",172778.50016055
"7862",59926.0425537597
"7863",47042.1965966616
"7864",116532.619110778
"7865",94593.3903013979
"7866",141443.977200041
"7867",42295.0495621053
"7868",17958.8065697717
"7869",47677.4605732237
"7870",120409.035233635
"7871",48879.9187230631
"7872",153939.41548077
"7873",30923.3110257536
"7874",74026.5587049902
"7875",43260.2394924743
"7876",81029.0527564998
"7877",65658.0377219084
"7878",35365.3672698565
"7879",47695.8209459954
"7880",36537.7369219514
"7881",130503.424654995
"7882",79562.8842687591
"7883",50848.1425835089
"7884",155529.796291212
"7885",195081.900134566
"7886",158116.26112081
"7887",88441.3812778459
"7888",158127.439576647
"7889",47760.9346835129
"7890",45592.0738111475
"7891",98725.2254706984
"7892",49980.6477953874
"7893",32654.283361269
"7894",213185.324832691
"7895",114663.367305373
"7896",87651.976332511
"7897",107085.413577952
"7898",154677.573487607
"7899",138876.442774033
"7900",99139.0102779242
"7901",105490.658742953
"7902",90065.2506734871
"7903",80708.8011890808
"7904",64559.5039098105
"7905",86482.8131328616
"7906",137910.719797456
"7907",49962.3420410084
"7908",102022.470161912
"7909",67339.6612175378
"7910",51450.1675056812
"7911",57109.4737660694
"7912",29826.4975904584
"7913",55154.9735056352
"7914",110952.906733372
"7915",19261.2246676401
"7916",41796.8347703121
"7917",56517.8763861435
"7918",18407.769131766
"7919",83756.5950094708
"7920",106350.417232938
"7921",134215.676338909
"7922",64482.3564745918
"7923",113358.972680354
"7924",39718.7611027208
"7925",51843.5932007377
"7926",73565.4413000977
"7927",39268.2077428041
"7928",194988.237034803
"7929",62674.3055617013
"7930",50072.6910373441
"7931",29172.8891064418
"7932",146348.027927213
"7933",68272.1631121041
"7934",22877.8530688857
"7935",94879.3425258809
"7936",36814.6061243832
"7937",157956.575117067
"7938",290465.100238526
"7939",201696.738655403
"7940",51593.2162859661
"7941",166795.740398412
"7942",36991.6743253062
"7943",98780.7217150689
"7944",110013.678817441
"7945",64155.4499848339
"7946",72795.3908951637
"7947",227486.34651121
"7948",41344.4174078837
"7949",84710.1374911372
"7950",147439.588902492
"7951",68256.847361637
"7952",28352.6863572104
"7953",142426.463153964
"7954",72873.2627167132
"7955",129350.819377524
"7956",37785.7360516945
"7957",38927.6555889707
"7958",24397.9747687953
"7959",49414.1936201664
"7960",73587.8295390356
"7961",100099.132239309
"7962",75841.4655404419
"7963",47332.2206916797
"7964",35757.0644858795
"7965",149723.574330255
"7966",57638.7858639592
"7967",100312.195823091
"7968",73704.922090897
"7969",70466.4997901291
"7970",27001.7831118596
"7971",51828.7471784597
"7972",91635.7195328862
"7973",71624.7352754074
"7974",49167.5268972802
"7975",74416.8388892614
"7976",41567.1570725145
"7977",27769.5699818622
"7978",110712.423768926
"7979",113158.234404522
"7980",104410.549549738
"7981",61428.8877739671
"7982",47254.0138061274
"7983",94465.8540559005
"7984",94144.6928418968
"7985",167157.598402947
"7986",23097.9058152485
"7987",75694.5618185154
"7988",52767.3481119252
"7989",66599.3312479085
"7990",40350.1519664188
"7991",16051.6273344444
"7992",129032.69717921
"7993",61718.1467414116
"7994",15276.9908980501
"7995",108417.497776985
"7996",41378.7827389176
"7997",72375.5318765389
"7998",127541.321683462
"7999",40459.5154439182
"8000",68591.3111951746
"8001",91136.5935894552
"8002",106050.228959849
"8003",92891.707312009
"8004",76610.7163489592
"8005",57223.9774277893
"8006",105095.799197487
"8007",70684.1692220017
"8008",78185.6301445311
"8009",66777.8456142419
"8010",110074.588966921
"8011",135008.967945788
"8012",220368.736682747
"8013",67790.119644251
"8014",62790.4943516969
"8015",132866.305090579
"8016",93668.0080997008
"8017",74240.1796763832
"8018",82353.5458864
"8019",70924.4719191271
"8020",39632.5704552123
"8021",76061.8303354242
"8022",83007.4489332031
"8023",54604.0332706634
"8024",75379.9893872742
"8025",63553.417284382
"8026",36904.1155434884
"8027",93854.8055048023
"8028",123501.246036294
"8029",21644.0667392522
"8030",41961.3633946745
"8031",226195.691824139
"8032",36565.2207194315
"8033",350736.207958756
"8034",94962.8668363164
"8035",152113.150625576
"8036",73433.6794904218
"8037",81690.2831246639
"8038",137515.637885465
"8039",102819.078300911
"8040",152716.181891092
"8041",59505.6672144313
"8042",43232.2045458972
"8043",42289.4670614031
"8044",57272.1343731529
"8045",46521.158554935
"8046",59896.1141326427
"8047",212578.501864625
"8048",57132.1324752866
"8049",58609.5737453837
"8050",50667.6877533613
"8051",20786.0059149277
"8052",109176.20523289
"8053",42833.3339987155
"8054",56149.5285901435
"8055",56376.9354932722
"8056",67026.3733876211
"8057",85891.1007462143
"8058",180303.048713628
"8059",87777.9127112607
"8060",115059.616337652
"8061",129899.104958016
"8062",87914.3814691955
"8063",43610.4677177878
"8064",174879.941094202
"8065",82908.6040640523
"8066",119794.428399006
"8067",43722.4330930273
"8068",114113.299376301
"8069",68331.457736651
"8070",34930.128627764
"8071",208671.603263056
"8072",38827.8306676962
"8073",82132.1922625516
"8074",50209.8081101169
"8075",39616.1120496357
"8076",109789.876011985
"8077",112656.618165563
"8078",39410.3769778339
"8079",86806.7385243435
"8080",78035.8646650989
"8081",88183.3081048692
"8082",25449.5116660497
"8083",57608.2258479787
"8084",107928.597649853
"8085",70002.7243055359
"8086",94717.9913139238
"8087",41201.4935044284
"8088",44314.676684215
"8089",57638.5552694897
"8090",133276.160011115
"8091",42739.2790337059
"8092",120801.900473381
"8093",52141.1580286983
"8094",49583.9593072285
"8095",122934.051868307
"8096",73956.2223512256
"8097",64651.1931716778
"8098",77672.1043889938
"8099",114918.786501114
"8100",173515.915891064
"8101",74633.5528100018
"8102",80159.3825840999
"8103",36443.7344178271
"8104",58106.04627676
"8105",183017.050310287
"8106",117613.08057457
"8107",59068.8719926871
"8108",100040.390727527
"8109",159248.887070118
"8110",38970.5215496264
"8111",52437.568849907
"8112",169884.651265475
"8113",29622.6416761019
"8114",53744.3007084924
"8115",160777.429935675
"8116",133530.483821879
"8117",46046.1285755753
"8118",83648.1763396535
"8119",79768.3114575186
"8120",114372.073471256
"8121",187117.302118014
"8122",85148.3530384008
"8123",34827.8136986297
"8124",143694.807927288
"8125",169758.117423721
"8126",72762.107069448
"8127",70533.0422927
"8128",54901.8934694442
"8129",145524.094144895
"8130",64034.522166025
"8131",151494.01495917
"8132",50781.4212889694
"8133",147718.727942456
"8134",46193.036010013
"8135",86712.0959573201
"8136",165165.93078021
"8137",71910.5123323122
"8138",90516.0932762461
"8139",49374.7308072236
"8140",61904.3963302835
"8141",67303.6891430891
"8142",48089.3171864325
"8143",72864.1425989848
"8144",85872.3660038315
"8145",138079.645053901
"8146",125474.288463684
"8147",119251.308671547
"8148",39004.6576469951
"8149",40455.2702961198
"8150",30585.9883672832
"8151",91654.6365196149
"8152",51761.4240780505
"8153",96321.1390967253
"8154",69082.3671550592
"8155",57782.6251144084
"8156",135980.567767921
"8157",63045.8886372689
"8158",100718.519409244
"8159",51695.6137016387
"8160",73408.2223230906
"8161",56840.8864660733
"8162",60550.8967760542
"8163",79943.116256817
"8164",45785.9827790247
"8165",59506.4794140473
"8166",30076.1590762349
"8167",101454.709867042
"8168",22268.8357008144
"8169",78859.3780852568
"8170",68475.4634393832
"8171",54457.5157372298
"8172",90309.7117478606
"8173",119204.722894126
"8174",78135.6881692943
"8175",132070.435925546
"8176",52683.1135030295
"8177",54831.2872429781
"8178",123000.140767663
"8179",140919.429113341
"8180",186120.401979514
"8181",108770.268178179
"8182",83471.9267058649
"8183",26002.4738248781
"8184",33943.925725993
"8185",46494.0203867184
"8186",48229.7165276281
"8187",191666.171807148
"8188",114271.740585225
"8189",50370.4645704929
"8190",156187.708012183
"8191",165939.417400857
"8192",29533.2259621404
"8193",125749.610408256
"8194",57098.8094985974
"8195",98305.2312319055
"8196",64313.6217992607
"8197",111998.10552426
"8198",154054.335086254
"8199",40261.7705942571
"8200",39636.3987563009
"8201",220635.274966008
"8202",110194.964032595
"8203",44107.4053407426
"8204",59696.64315729
"8205",79699.5637397544
"8206",125733.430061276
"8207",58597.0619097868
"8208",103862.170625336
"8209",129492.707311381
"8210",128664.360498712
"8211",88128.8149071233
"8212",121556.95340782
"8213",113581.542935399
"8214",68972.0008776885
"8215",61366.2603653051
"8216",95792.2248996157
"8217",98400.8359420345
"8218",48400.5243983254
"8219",42220.2958760024
"8220",78746.5070323903
"8221",20870.9046650275
"8222",55111.7771233203
"8223",62605.649833389
"8224",25881.0054130052
"8225",115262.599162082
"8226",61459.4816810057
"8227",126360.089703667
"8228",48806.9226632081
"8229",65871.5409259099
"8230",218212.594719787
"8231",30515.5367573747
"8232",111645.900870606
"8233",83502.4239481733
"8234",70110.1761837637
"8235",137784.490657749
"8236",88119.3571677192
"8237",35933.7074542399
"8238",47884.0946170885
"8239",32260.3148285769
"8240",78444.7408406937
"8241",157436.465289874
"8242",38719.6162102645
"8243",25651.7670456366
"8244",56553.2638652947
"8245",108803.055205688
"8246",37991.342931836
"8247",100092.574066791
"8248",198801.510837963
"8249",228806.050815998
"8250",169722.19591618
"8251",79313.4226907561
"8252",57715.336255787
"8253",160564.383269527
"8254",70732.8036531072
"8255",74517.6277139695
"8256",61668.2555522079
"8257",89973.1266598479
"8258",241733.918608184
"8259",80481.4594440936
"8260",116342.318253167
"8261",88135.2493147314
"8262",70330.1588116234
"8263",22893.6974980957
"8264",38569.6512366317
"8265",199555.687703776
"8266",112516.447753616
"8267",65041.1992101607
"8268",110784.270956816
"8269",79398.4091286537
"8270",101298.604410697
"8271",27838.038856878
"8272",75836.6678959809
"8273",35818.6839325637
"8274",67217.108875081
"8275",191324.364905117
"8276",83532.5944719023
"8277",74155.3663668533
"8278",153096.702678616
"8279",218302.940440715
"8280",80497.8430490666
"8281",38935.0533936621
"8282",69184.4537692854
"8283",131269.734776339
"8284",58420.2825886246
"8285",69568.5260085446
"8286",109550.973828707
"8287",63698.8016407915
"8288",31652.2115487075
"8289",73509.7068123312
"8290",57591.8357962639
"8291",61411.9737190338
"8292",46361.1346079215
"8293",34612.1280390458
"8294",98692.1808387057
"8295",72267.4907300535
"8296",116865.453633279
"8297",29459.5690609996
"8298",185802.172672859
"8299",161413.419226379
"8300",45442.3579031568
"8301",120701.362329574
"8302",127694.214631385
"8303",46660.2304864033
"8304",109481.967803122
"8305",47537.8987430022
"8306",71085.4812483779
"8307",194316.753975999
"8308",49594.3440345804
"8309",112792.875646485
"8310",134526.012934957
"8311",22266.1049249259
"8312",33228.5124909085
"8313",43628.0026842109
"8314",52223.0394084656
"8315",161078.506086383
"8316",93151.3542332975
"8317",38946.5170087425
"8318",60716.4471938706
"8319",95356.9400184684
"8320",27089.6312476857
"8321",152577.765169056
"8322",51081.5473753983
"8323",29487.681241771
"8324",99043.9863436711
"8325",25790.6414689951
"8326",185211.366327278
"8327",65836.8813475035
"8328",35169.6779588998
"8329",134420.720467193
"8330",104260.986902969
"8331",133340.052620744
"8332",46965.5053965451
"8333",52597.2374556984
"8334",69008.6158558082
"8335",102197.480052381
"8336",19653.8931212014
"8337",206947.408391376
"8338",39281.548059509
"8339",68152.2779634031
"8340",30006.834673582
"8341",47166.79419922
"8342",182603.844242225
"8343",76357.7912739466
"8344",124386.425804074
"8345",153814.129583568
"8346",323714.765673105
"8347",66312.4056821591
"8348",35196.892273043
"8349",31822.7779631048
"8350",77874.1817908805
"8351",78431.646780089
"8352",77824.0537826262
"8353",105845.033953088
"8354",53295.3927631473
"8355",59523.3712319514
"8356",64764.6458715973
"8357",67393.732251201
"8358",110069.063682171
"8359",96007.8892165561
"8360",65797.653074058
"8361",80937.1861813004
"8362",140838.850415398
"8363",46053.5306449502
"8364",37659.1942933644
"8365",55477.6639027709
"8366",57360.1239771419
"8367",141510.857576875
"8368",19039.8358786197
"8369",66317.214142434
"8370",57692.2659339828
"8371",63228.3089333825
"8372",28591.3992591478
"8373",142863.989848549
"8374",30072.4764551665
"8375",63936.1827820036
"8376",152249.226557241
"8377",113878.101401787
"8378",88334.9280523506
"8379",193015.361082259
"8380",86667.3175041124
"8381",47991.1144684515
"8382",112290.001874431
"8383",65822.5719112165
"8384",125606.398034526
"8385",59679.5431991415
"8386",55281.5636723813
"8387",72346.3406388611
"8388",74061.9125193113
"8389",267673.060757399
"8390",29671.3530530047
"8391",63759.1746755427
"8392",129555.682175812
"8393",59177.5668283982
"8394",150595.428172248
"8395",102707.689374055
"8396",88593.6035899028
"8397",63475.3224046529
"8398",135646.029292478
"8399",52222.8741127457
"8400",41282.954050168
"8401",29758.8885571159
"8402",95311.0342743832
"8403",73788.5401473989
"8404",64300.8512861402
"8405",123509.098316918
"8406",51805.8154149382
"8407",48786.3056086682
"8408",16219.4969723613
"8409",39672.2436406178
"8410",46002.1096267031
"8411",61813.2265008058
"8412",138181.724071527
"8413",154107.257325494
"8414",114256.05200394
"8415",185677.413300494
"8416",45385.2144405394
"8417",117557.866272948
"8418",54882.61939836
"8419",30484.1194766887
"8420",21944.158612241
"8421",46374.8032914468
"8422",61444.1166048752
"8423",104121.738567213
"8424",196575.7027323
"8425",62655.321805609
"8426",54929.9894954894
"8427",38870.352033209
"8428",101621.449377586
"8429",77403.3079091527
"8430",14181.0511703231
"8431",207599.606088322
"8432",45238.0367969755
"8433",81732.3185146257
"8434",125333.204925057
"8435",50626.6485150652
"8436",30626.9168313119
"8437",66541.6081419753
"8438",222878.767129451
"8439",81972.1825358817
"8440",197795.853490735
"8441",76812.9560887202
"8442",64715.0389328414
"8443",82175.8146963792
"8444",171851.192040072
"8445",60353.2000287282
"8446",36956.2099240115
"8447",100076.815035298
"8448",122045.014413574
"8449",215291.081871954
"8450",265899.501340808
"8451",108208.701973767
"8452",30810.7550858943
"8453",52052.7475655243
"8454",134179.663817261
"8455",46442.6376151907
"8456",89002.6239555552
"8457",167235.896955955
"8458",18243.7899077907
"8459",63643.5357732323
"8460",95818.1708090751
"8461",37516.335820875
"8462",79238.3390906327
"8463",102635.654075022
"8464",135675.227208262
"8465",198262.950939614
"8466",79820.3665312055
"8467",52446.431040823
"8468",130662.259133136
"8469",73648.1556228539
"8470",63419.1338946653
"8471",159629.529149973
"8472",59811.1762812575
"8473",205730.875732765
"8474",20936.4399399015
"8475",64302.5417198373
"8476",33193.6167764464
"8477",93977.4461374807
"8478",53034.1644447877
"8479",84503.6699918922
"8480",67686.9158558174
"8481",145615.872724681
"8482",71844.1452434138
"8483",123780.511237498
"8484",52160.9736239949
"8485",102130.014686969
"8486",121760.295589446
"8487",47236.5749087183
"8488",151476.123460303
"8489",91377.5320474166
"8490",103283.057795087
"8491",195285.768162044
"8492",100076.743186318
"8493",87683.2684717968
"8494",101942.822532832
"8495",69600.3784031323
"8496",131588.60395148
"8497",108708.796507427
"8498",82822.5201088378
"8499",56181.8476706449
"8500",114944.530096567
"8501",271526.427304433
"8502",75027.171064888
"8503",132324.028752596
"8504",74593.4631068705
"8505",124597.355706344
"8506",77389.2179775082
"8507",93434.18314132
"8508",71745.2617948858
"8509",95594.5612511514
"8510",30365.7839811798
"8511",78285.501141766
"8512",20575.1433319571
"8513",133077.21767134
"8514",31289.7569077421
"8515",90011.7687371493
"8516",83142.5843106758
"8517",44206.2184744236
"8518",30882.8752759998
"8519",27914.6525816097
"8520",81640.4433007396
"8521",208313.040815991
"8522",64818.4333457068
"8523",166741.942274082
"8524",70967.3158029804
"8525",12777.4025076717
"8526",62390.1172705464
"8527",43039.5427526511
"8528",22595.8233075666
"8529",41585.1303433743
"8530",90281.1059165965
"8531",74667.0682036549
"8532",29894.0719678555
"8533",42099.2736293002
"8534",162419.293526931
"8535",52383.118511933
"8536",40293.8705490224
"8537",260667.704885227
"8538",84692.4065819339
"8539",180972.661181255
"8540",18533.8894833578
"8541",62308.3422277938
"8542",81945.4292599656
"8543",134546.392159065
"8544",72297.5142808153
"8545",33084.6339558253
"8546",96837.8320487736
"8547",249467.822994304
"8548",59498.3833343604
"8549",94968.506093073
"8550",54546.3686929334
"8551",140163.109902765
"8552",56632.9077683705
"8553",191557.920228383
"8554",55340.7731083614
"8555",130832.245319761
"8556",66985.8163514868
"8557",57547.9242534063
"8558",139144.887936224
"8559",41426.8411497398
"8560",137111.463188023
"8561",60639.9793226905
"8562",85775.9337649742
"8563",55539.3241736119
"8564",81991.4892073792
"8565",130007.471992828
"8566",25005.3315235417
"8567",21198.2166168262
"8568",36760.4855600436
"8569",35961.7400192854
"8570",39228.0458316747
"8571",79439.1082267418
"8572",118847.617841083
"8573",81811.8964534545
"8574",285069.774033126
"8575",40693.276152939
"8576",98996.3539119194
"8577",46858.4039152702
"8578",91757.3463513715
"8579",123447.615311205
"8580",97203.8647366585
"8581",67941.6285042348
"8582",55607.2938623736
"8583",21176.7370278686
"8584",191554.205755103
"8585",38848.8255646071
"8586",125890.92996187
"8587",47754.3445007193
"8588",75317.4169347137
"8589",35771.345162305
"8590",164211.462129115
"8591",92048.6482912104
"8592",79246.4832842318
"8593",57882.9127931937
"8594",86133.9678366681
"8595",37249.6614306381
"8596",79199.9142167019
"8597",227989.605672545
"8598",54287.0848183659
"8599",87025.3877442218
"8600",227512.714255793
"8601",148815.119781854
"8602",38621.1895409691
"8603",58184.8005954568
"8604",47336.2145991458
"8605",51220.4480026111
"8606",80043.4750022719
"8607",44518.3068997392
"8608",40700.5502011855
"8609",177920.471827418
"8610",71749.9489683328
"8611",80129.8920806873
"8612",65659.8501438413
"8613",30812.6846455565
"8614",151414.562212499
"8615",63349.1978831688
"8616",50446.1948666443
"8617",51604.2364352344
"8618",89358.6762569185
"8619",48881.1212356399
"8620",75792.2694108955
"8621",27630.6911552172
"8622",41547.9841196939
"8623",52090.7765440192
"8624",44803.8553920833
"8625",64330.035929442
"8626",83348.4229385285
"8627",56270.5666296266
"8628",96598.0093280265
"8629",84746.2381894479
"8630",45259.0942224456
"8631",201470.171611556
"8632",271743.832704093
"8633",75826.8171880472
"8634",96192.7395537535
"8635",87934.4314985673
"8636",139115.483988826
"8637",80188.6855658404
"8638",42291.9907134596
"8639",63128.2760182272
"8640",91831.4729701629
"8641",81905.2193187794
"8642",56794.6646712344
"8643",148530.927302596
"8644",237357.639621215
"8645",45153.8064737836
"8646",42244.7057521126
"8647",99025.2147480686
"8648",51881.6872602824
"8649",71636.23817812
"8650",72695.4143147648
"8651",24567.9460462552
"8652",83041.1969746943
"8653",37039.9148297426
"8654",34379.4951255109
"8655",45199.5049307111
"8656",96582.3735862668
"8657",139693.724713787
"8658",31365.9619765593
"8659",112143.628355917
"8660",36025.590123452
"8661",44652.2474827182
"8662",40337.2805989288
"8663",49969.8776553175
"8664",37313.1373198576
"8665",127632.71532043
"8666",25902.4093189244
"8667",38572.9104333205
"8668",72404.8773240436
"8669",44246.0606228115
"8670",68836.2088142015
"8671",50199.2635288505
"8672",198430.779572146
"8673",65418.0785668368
"8674",52900.2830877291
"8675",58143.5684590472
"8676",56611.7415178735
"8677",94838.4715105185
"8678",64992.7095376424
"8679",59855.4327743783
"8680",51305.2230768335
"8681",90299.0245402061
"8682",93916.9796455923
"8683",105826.25446995
"8684",33404.4879489088
"8685",94477.9429465192
"8686",73637.8215780876
"8687",46427.240670439
"8688",48553.9314292701
"8689",35141.3887197264
"8690",148695.226375068
"8691",41942.5391540522
"8692",85166.5553053553
"8693",104515.106428539
"8694",24293.4796508128
"8695",73641.6732938246
"8696",169955.120930955
"8697",91310.7210791988
"8698",25530.1965718423
"8699",79816.5692476088
"8700",47923.4630090235
"8701",59359.2280104087
"8702",106400.305474786
"8703",101754.181085472
"8704",18207.9953369671
"8705",82709.8922033585
"8706",251869.468983834
"8707",115181.154156057
"8708",41576.4687666659
"8709",241240.970373974
"8710",203787.859207384
"8711",32962.7953319876
"8712",177944.161684685
"8713",50132.1071144714
"8714",78840.3845677498
"8715",76634.4995314631
"8716",60800.8254173594
"8717",47323.7580124855
"8718",100143.426450897
"8719",18540.7802775611
"8720",17842.9885135057
"8721",41161.4924353453
"8722",48898.0657363885
"8723",45503.5053930355
"8724",56722.6986738734
"8725",34304.0560897618
"8726",258155.024241016
"8727",175660.688093043
"8728",42494.7580832806
"8729",279429.197949327
"8730",78796.9671905393
"8731",88315.367630036
"8732",122191.493698291
"8733",98731.6877381244
"8734",231004.280738354
"8735",65477.0577654512
"8736",53846.5043858189
"8737",106209.461055877
"8738",93149.0291736631
"8739",28291.9473999773
"8740",74490.7955577508
"8741",118906.175932271
"8742",52160.1000160973
"8743",110192.373857354
"8744",86651.3908631625
"8745",42576.5304720536
"8746",61377.6640114052
"8747",199838.81911215
"8748",65179.8787830919
"8749",79437.9031420383
"8750",40130.8526308158
"8751",250855.926744273
"8752",83003.9745313047
"8753",69691.6219369391
"8754",54288.2425012141
"8755",83437.851991349
"8756",56833.3035691991
"8757",112058.027772043
"8758",71227.6750827381
"8759",60409.2291513846
"8760",63469.7553481839
"8761",62767.5929677263
"8762",46779.1443527761
"8763",151636.38436976
"8764",44395.5276880846
"8765",41663.1908740178
"8766",32006.6429674452
"8767",45983.6611582034
"8768",91838.0597192298
"8769",44838.7589802679
"8770",161182.864711687
"8771",90797.1366265304
"8772",36689.767786303
"8773",272353.203174242
"8774",71459.7784003303
"8775",11778.6596250428
"8776",53156.5487968168
"8777",63577.0681265935
"8778",62221.0213231525
"8779",148362.967594461
"8780",138302.009510334
"8781",124040.309303518
"8782",170111.040786451
"8783",173225.114081116
"8784",99401.2825769249
"8785",168553.898051045
"8786",65866.3081266376
"8787",166143.543024545
"8788",180241.805154479
"8789",70655.4785897104
"8790",7979.41002047212
"8791",236652.96825705
"8792",193991.345951486
"8793",95687.1490148627
"8794",266699.685964464
"8795",57616.2060503206
"8796",27931.5167882324
"8797",39957.8420633929
"8798",88385.8005315862
"8799",127277.204093497
"8800",66197.9859961658
"8801",37890.7598183054
"8802",43908.7144483752
"8803",210300.401251049
"8804",53654.1474397931
"8805",123107.241974965
"8806",85745.9939660172
"8807",82846.7353752949
"8808",67863.4436076024
"8809",90008.0726496463
"8810",74694.8197591894
"8811",59491.2761177724
"8812",49201.6665300385
"8813",41185.0262575179
"8814",156597.853858753
"8815",56367.3735592289
"8816",46511.0428521943
"8817",52400.6431271423
"8818",37010.4422090803
"8819",44752.899245697
"8820",104861.822674709
"8821",113607.681941208
"8822",53474.5217039624
"8823",99470.46799045
"8824",49677.0590874936
"8825",84588.5405702531
"8826",37294.7165463495
"8827",57512.1533408385
"8828",64080.1589224529
"8829",252902.476945367
"8830",68347.5064605966
"8831",71402.764132469
"8832",23736.7167934959
"8833",132989.875502525
"8834",86097.6078896648
"8835",49149.5299067496
"8836",49198.0546572808
"8837",53929.7598776118
"8838",57620.2045147231
"8839",90406.5220368754
"8840",53147.6251524433
"8841",107796.261191311
"8842",124100.287177283
"8843",39915.9913896305
"8844",43863.457665542
"8845",32446.3461377324
"8846",81865.7786014559
"8847",53484.1656051207
"8848",113068.619494033
"8849",120538.174013161
"8850",64396.7694782198
"8851",97848.4309931461
"8852",42654.5295072283
"8853",64443.1301112579
"8854",132147.230378184
"8855",75224.4427893312
"8856",80429.2864058253
"8857",55231.6958411886
"8858",104227.088080134
"8859",26688.4055170079
"8860",62835.7251180668
"8861",66803.8573277674
"8862",36791.6523261442
"8863",59483.1180771432
"8864",90261.4796644625
"8865",25983.3881614662
"8866",33367.4091833458
"8867",34112.3682578944
"8868",134812.658612779
"8869",38278.5875479921
"8870",155180.821929642
"8871",92544.8374959303
"8872",98899.2211931629
"8873",50119.2082886732
"8874",43200.4675039191
"8875",61303.4431283871
"8876",107172.601112144
"8877",111248.168704775
"8878",48212.6230649718
"8879",75962.6302939738
"8880",63725.2495590042
"8881",63876.7291347222
"8882",78059.27714339
"8883",40944.7002159581
"8884",102927.946282077
"8885",89477.8256672901
"8886",124035.087445481
"8887",115987.168700909
"8888",69902.9819861675
"8889",75317.8105788255
"8890",30391.0728875511
"8891",44692.9283754798
"8892",57955.6471790132
"8893",88208.5742237945
"8894",66593.3264362203
"8895",75896.7561135061
"8896",102491.876247433
"8897",109347.373107638
"8898",60657.1190448668
"8899",47908.7818360394
"8900",36367.5684810177
"8901",103251.482353781
"8902",58428.6586327438
"8903",96006.9978297984
"8904",98316.4620300343
"8905",230919.848379994
"8906",22564.2641368968
"8907",12377.4638487172
"8908",55115.3044747031
"8909",85610.1828856879
"8910",80703.5739556004
"8911",82701.7960671645
"8912",70149.6911740769
"8913",20079.4569328411
"8914",134586.076056266
"8915",57212.6210840027
"8916",68076.5692410776
"8917",299752.625052435
"8918",29146.4253737449
"8919",56748.6462012716
"8920",51864.5948002622
"8921",34442.2592625357
"8922",86157.2489387479
"8923",174211.617179969
"8924",56698.2553587145
"8925",148839.324776609
"8926",149690.473788744
"8927",138590.677355385
"8928",54053.534826694
"8929",409900.428873302
"8930",78273.721489049
"8931",61218.8192003332
"8932",59997.9208162936
"8933",83306.222896915
"8934",99768.5472517595
"8935",25991.9867210193
"8936",133961.062933301
"8937",133239.218593922
"8938",69361.6805179151
"8939",40861.6741244051
"8940",251348.707602677
"8941",112687.451463378
"8942",25040.1470458913
"8943",96152.8849085039
"8944",165408.424456771
"8945",76780.8341601737
"8946",87557.848384747
"8947",96801.7105359982
"8948",38657.2605640199
"8949",155521.081211694
"8950",33835.7988611679
"8951",66996.4180281011
"8952",43668.0074551317
"8953",48303.7654384402
"8954",43116.7588187736
"8955",164451.356854379
"8956",63979.5914290594
"8957",53070.5918496193
"8958",80452.3483870634
"8959",96812.0937582427
"8960",41327.9376991466
"8961",71306.1383012825
"8962",96808.0294245361
"8963",174851.511260692
"8964",77860.9066208316
"8965",153064.906885767
"8966",17979.7189987651
"8967",68943.5027071827
"8968",85823.6032272991
"8969",166511.423952292
"8970",117414.08291178
"8971",80497.5532693818
"8972",90719.9051181929
"8973",83816.9597509046
"8974",30421.2934192862
"8975",57384.6154999714
"8976",50196.8305070672
"8977",69935.2686406758
"8978",60407.8855996918
"8979",221519.759947182
"8980",42107.5299535212
"8981",71386.1368431206
"8982",126257.359933846
"8983",64454.2147709887
"8984",156872.137715544
"8985",27392.3906388862
"8986",72296.6158185638
"8987",52117.0720594462
"8988",136287.093703616
"8989",161487.830317175
"8990",23742.4715058029
"8991",86252.3653485031
"8992",29833.9639308859
"8993",34445.6796915402
"8994",67655.2501474876
"8995",41283.9354356495
"8996",60661.2541406489
"8997",216531.328601381
"8998",52639.8047408016
"8999",103639.211107949
"9000",68820.3814167169
"9001",92416.8931343028
"9002",143582.712809743
"9003",97477.7997575963
"9004",54017.2002074613
"9005",104590.65518978
"9006",34571.5216576315
"9007",76313.4572116191
"9008",20553.7241377392
"9009",34512.597808631
"9010",126102.465630546
"9011",82673.2158282335
"9012",86654.7277256601
"9013",154612.950994114
"9014",116685.913013767
"9015",33446.3717305903
"9016",36093.6013328214
"9017",29621.1371627156
"9018",130091.435761902
"9019",105007.379683372
"9020",102181.761539042
"9021",36519.4624214103
"9022",94980.8218232447
"9023",53714.0148954722
"9024",106552.199200236
"9025",131612.478507616
"9026",31324.2713834911
"9027",74363.6947473376
"9028",95191.4139546116
"9029",148256.981801398
"9030",121274.520245257
"9031",27486.4792382288
"9032",194448.889330777
"9033",47993.0150952791
"9034",165223.93772698
"9035",158493.847740015
"9036",114523.012448318
"9037",41008.2454385361
"9038",217929.450748845
"9039",48843.9592813352
"9040",88887.4934300531
"9041",78370.1643725181
"9042",108095.225575022
"9043",75301.3382777095
"9044",96712.457952853
"9045",22959.734980922
"9046",85638.3730799044
"9047",79275.1277222009
"9048",42595.2969962615
"9049",42103.2020437025
"9050",108801.437597946
"9051",56933.5841593954
"9052",85576.5038429281
"9053",36854.7923645409
"9054",320538.989679248
"9055",89760.1859738336
"9056",82232.1515150474
"9057",132467.998011744
"9058",143862.724252472
"9059",21199.2080353081
"9060",161120.799948976
"9061",46418.1692889056
"9062",104992.931948515
"9063",63760.8376428628
"9064",62740.2552323149
"9065",208603.804036315
"9066",59772.9404335285
"9067",146041.658023112
"9068",123404.633317773
"9069",117660.44221736
"9070",44601.1001932091
"9071",69856.0124701666
"9072",176767.069682579
"9073",55319.94825565
"9074",47258.3798036695
"9075",115930.390938763
"9076",38165.9041899899
"9077",48853.6091797003
"9078",154166.231750055
"9079",146944.398840257
"9080",57764.3653225663
"9081",142631.697766098
"9082",137230.233243997
"9083",118600.796213573
"9084",64582.6493861147
"9085",66072.3830645809
"9086",78178.7537354896
"9087",70360.1857976004
"9088",105667.105632937
"9089",25719.7886400212
"9090",39655.2152007898
"9091",99980.1730523228
"9092",112885.287306868
"9093",101347.991974262
"9094",37586.8199823941
"9095",28943.0387483314
"9096",112486.481580962
"9097",72006.2011351174
"9098",74467.5531034309
"9099",36069.0603946416
"9100",135956.431738931
"9101",70822.0285063001
"9102",109144.947678458
"9103",135617.929659932
"9104",44082.8116528545
"9105",55514.9820897841
"9106",131804.932447398
"9107",34330.5616999382
"9108",29109.2603792199
"9109",54712.8413100082
"9110",136470.989656137
"9111",128473.895801777
"9112",95289.1247403021
"9113",84647.0723190032
"9114",44154.4423032952
"9115",32571.233379787
"9116",130303.175023329
"9117",87403.9675370022
"9118",113702.771773773
"9119",71403.6908696997
"9120",70490.111505003
"9121",103883.101931958
"9122",42382.6569453414
"9123",57355.5205392308
"9124",186408.971299636
"9125",76884.0116011915
"9126",26962.6982326428
"9127",141293.709298811
"9128",36316.1490373036
"9129",162682.688404832
"9130",30501.9275345324
"9131",153455.642469353
"9132",235913.313243989
"9133",75887.3197804926
"9134",38745.4841624524
"9135",29830.9339404077
"9136",115018.080729555
"9137",84333.0426101145
"9138",49484.1310106916
"9139",128877.983518897
"9140",107141.289962703
"9141",102709.910114699
"9142",132195.56066757
"9143",56624.0529467406
"9144",110084.180920259
"9145",92988.1798574094
"9146",56759.0828633284
"9147",58233.7176614722
"9148",66858.8360937996
"9149",50916.5467357125
"9150",64853.0519078543
"9151",220522.062297282
"9152",164353.737149176
"9153",66361.9426809712
"9154",60248.6973123287
"9155",61486.2456376844
"9156",27851.9363042025
"9157",136204.323911767
"9158",148355.920825972
"9159",47014.4748901601
"9160",58322.1796691972
"9161",141760.348220518
"9162",204069.67678712
"9163",96148.2543174381
"9164",145882.201086239
"9165",212588.883775733
"9166",26943.7984073806
"9167",103558.477660817
"9168",93559.4165873334
"9169",32236.801106445
"9170",281131.55204135
"9171",139116.841167299
"9172",48967.3042645143
"9173",74135.0625616107
"9174",69179.0808863922
"9175",99063.5601340184
"9176",24873.143823146
"9177",78216.6212482617
"9178",124844.706298429
"9179",85998.6606214826
"9180",101771.894687406
"9181",58105.6025623179
"9182",91632.7396867574
"9183",26986.5704978596
"9184",76980.7522673331
"9185",145099.466060918
"9186",139960.521518849
"9187",65260.0447289555
"9188",21542.7855443821
"9189",76398.8667137974
"9190",93696.2454885938
"9191",67902.8618517321
"9192",52146.8597877017
"9193",141739.424068713
"9194",80177.1546548436
"9195",44976.5550347737
"9196",28271.5473850942
"9197",67320.0466959689
"9198",68794.7669704066
"9199",43796.6363559687
"9200",48492.3784550384
"9201",116569.175248328
"9202",97327.2009128142
"9203",147063.646346121
"9204",47899.2196590762
"9205",28329.4574233659
"9206",39349.8662354613
"9207",96337.3823714668
"9208",74945.3559730299
"9209",66596.6112837301
"9210",46131.2342495725
"9211",172750.116963814
"9212",106892.036903635
"9213",73002.456453533
"9214",90885.339471215
"9215",168540.21801869
"9216",71222.0324019308
"9217",59266.8156709418
"9218",46700.2220668179
"9219",35047.7150969403
"9220",123380.182476614
"9221",27283.80940788
"9222",34009.1300682922
"9223",87514.5839794363
"9224",69368.1811009131
"9225",38317.3635811028
"9226",46664.0438154539
"9227",71690.4179047064
"9228",99081.5181942713
"9229",115519.411376878
"9230",76498.5365690204
"9231",62536.9938251356
"9232",50110.3413231408
"9233",68347.1659566582
"9234",66463.9395948528
"9235",43566.0934597355
"9236",20445.145996236
"9237",100252.931098544
"9238",82527.8061333957
"9239",203190.490058968
"9240",30661.3540089768
"9241",205845.425267323
"9242",55893.7460154033
"9243",27743.7866168221
"9244",59836.7283050869
"9245",28421.4720558638
"9246",62756.4831776815
"9247",126236.039594093
"9248",87818.7995362844
"9249",102233.647219192
"9250",119593.724785842
"9251",206891.767099252
"9252",73616.8072929428
"9253",100866.523322317
"9254",19718.185051579
"9255",36745.137819377
"9256",70962.3303337315
"9257",199131.721171071
"9258",32171.499520273
"9259",94382.3958805422
"9260",169345.99242097
"9261",374488.842994216
"9262",116323.369353546
"9263",80489.6253127926
"9264",30157.3042175546
"9265",69416.9999507021
"9266",133999.918839223
"9267",55474.7942091626
"9268",133772.502062988
"9269",42047.3059531452
"9270",75538.4338812352
"9271",161004.816701248
"9272",121907.387918125
"9273",80060.6004075209
"9274",78128.3452417701
"9275",72021.8576836848
"9276",39114.7917472317
"9277",165264.509003014
"9278",103489.723697483
"9279",51887.7337598806
"9280",68909.6582696419
"9281",67971.7195781136
"9282",54686.0732918449
"9283",88350.2023312852
"9284",75695.1312658488
"9285",128709.862943752
"9286",122259.63535106
"9287",134026.642916548
"9288",47575.9049509986
"9289",10721.3463406358
"9290",172736.037102117
"9291",103889.061518091
"9292",37655.7662216009
"9293",128996.242809687
"9294",136933.710407736
"9295",28394.1376228349
"9296",98678.7408984517
"9297",94969.3648871904
"9298",35323.7906500549
"9299",34845.7403403783
"9300",105688.907654501
"9301",43568.8459105839
"9302",87981.1055456227
"9303",35320.4677095137
"9304",53982.5368731903
"9305",96865.2071749156
"9306",48749.6185094914
"9307",36408.9490515308
"9308",62475.7360514602
"9309",35303.6878423337
"9310",31294.0055192498
"9311",74601.3667327898
"9312",138848.250943822
"9313",33729.9656782747
"9314",40223.009736238
"9315",45652.2873381806
"9316",53536.9700834793
"9317",45191.9762053283
"9318",38298.6798995672
"9319",37193.3978562139
"9320",50999.9603610349
"9321",53042.9269134535
"9322",93142.4512844988
"9323",49549.3666022449
"9324",102171.362971024
"9325",30980.157289862
"9326",90582.6398169838
"9327",78048.6970238875
"9328",27525.097678643
"9329",71367.5566997625
"9330",64737.661638044
"9331",48309.9869512558
"9332",104923.622914521
"9333",79451.4699624208
"9334",68569.128186408
"9335",116269.988583155
"9336",57520.6812282625
"9337",170433.475315864
"9338",45414.2671669877
"9339",70672.1872304157
"9340",27589.0506088431
"9341",57383.7359241102
"9342",89199.1595164168
"9343",73770.548789192
"9344",249795.262911322
"9345",25023.6805775946
"9346",64147.4492562605
"9347",57392.3475253524
"9348",75121.9410663023
"9349",217204.64121451
"9350",82452.850592335
"9351",54737.4710965241
"9352",30856.7109635524
"9353",64211.7997322991
"9354",115305.685741305
"9355",50875.6981087604
"9356",59816.2362466552
"9357",432277.152032588
"9358",81567.7763746297
"9359",20249.966295583
"9360",67060.8208728273
"9361",68694.785471842
"9362",143949.158188138
"9363",52885.283803014
"9364",53353.683676725
"9365",48405.2647294507
"9366",263410.898565226
"9367",46851.7440060801
"9368",175045.001678833
"9369",49762.0648593785
"9370",138235.195338744
"9371",36051.4448908039
"9372",160578.48795003
"9373",74693.4581742919
"9374",42068.6024714249
"9375",56776.2908499029
"9376",15095.6560858504
"9377",65848.6535432421
"9378",30545.2688002163
"9379",64286.2995850572
"9380",72502.269304898
"9381",109979.625362592
"9382",62864.2252844438
"9383",95653.505419791
"9384",66917.0280971431
"9385",49668.0401708088
"9386",60042.2479944247
"9387",39328.7455519258
"9388",47914.5998790683
"9389",66297.416317911
"9390",27100.8133620831
"9391",157810.365410316
"9392",32073.6535927949
"9393",102505.60659466
"9394",39494.7833749662
"9395",101620.088784538
"9396",177143.538238777
"9397",31217.2743178856
"9398",59481.7584839376
"9399",105269.018703046
"9400",167805.750180104
"9401",76897.3628824306
"9402",77277.0920076971
"9403",61388.2073236376
"9404",70843.8004936028
"9405",167166.800816324
"9406",79812.1429008896
"9407",266857.314474135
"9408",33964.6931216697
"9409",29769.7675001535
"9410",75746.7522699429
"9411",257134.036742439
"9412",204431.104036011
"9413",86215.2452647162
"9414",152242.825088932
"9415",50357.7986676839
"9416",46707.0896909302
"9417",177466.026063147
"9418",107312.899919054
"9419",24727.1031892403
"9420",112806.759432441
"9421",70366.3504796231
"9422",147206.903005887
"9423",21182.1672097674
"9424",43822.6947302913
"9425",138480.631483417
"9426",70762.6854104413
"9427",67053.7854143218
"9428",46232.9311091062
"9429",22791.0865029566
"9430",64108.5035329221
"9431",43844.363072168
"9432",68991.9734062139
"9433",38582.773563845
"9434",153088.260133445
"9435",14528.0086709703
"9436",46844.8722315467
"9437",57545.7511366795
"9438",104514.0580148
"9439",144989.172229575
"9440",22824.149766177
"9441",43019.7458045755
"9442",62603.9182062164
"9443",27029.6447762102
"9444",103498.888372883
"9445",66502.8924700675
"9446",113996.599118797
"9447",65736.7268949566
"9448",58147.8246893945
"9449",79764.9165184127
"9450",151166.906264107
"9451",49496.6642776187
"9452",69489.6081107263
"9453",66348.2823094412
"9454",93009.4296370988
"9455",80686.7917362588
"9456",60047.3296334517
"9457",30192.3736529984
"9458",86229.5372723837
"9459",53637.8063734785
"9460",83591.805497768
"9461",90432.3564708933
"9462",26443.3054276014
"9463",11771.2995408237
"9464",68147.2485910326
"9465",99884.7944251789
"9466",60336.8550413309
"9467",86192.8491943368
"9468",44989.0034250945
"9469",57792.3873030703
"9470",189771.207212424
"9471",68420.2217059705
"9472",85448.7918452172
"9473",36974.504334957
"9474",70666.8212289017
"9475",83297.9271110159
"9476",76427.2262200508
"9477",104839.635691395
"9478",74903.3824284015
"9479",147215.355912221
"9480",51415.4087367004
"9481",49522.9057147171
"9482",56649.7405183921
"9483",51139.7558411885
"9484",54327.7852448139
"9485",68355.4997240259
"9486",244376.156261965
"9487",49058.4189193386
"9488",56712.8226349328
"9489",29161.3905477721
"9490",52361.7342990848
"9491",107819.337096806
"9492",81238.864958342
"9493",120248.527307036
"9494",87997.8859730086
"9495",205734.688733581
"9496",71188.0726723847
"9497",104214.959953679
"9498",57253.1762527698
"9499",27214.5604989823
"9500",109681.932378284
"9501",38266.8086366394
"9502",20682.4888794643
"9503",43706.068398346
"9504",252537.823183498
"9505",92199.7627208351
"9506",42175.9366795594
"9507",47183.7868060503
"9508",197656.368716254
"9509",181776.878786831
"9510",33778.3382198643
"9511",138315.380673528
"9512",88764.6745228686
"9513",87044.9331546572
"9514",121565.401107853
"9515",73913.9184684978
"9516",14070.3759428691
"9517",95200.3405701576
"9518",113580.252809485
"9519",20378.5336814838
"9520",264590.58076185
"9521",61059.9055941745
"9522",149065.596735447
"9523",129112.696625042
"9524",46898.1233911616
"9525",72236.4274284347
"9526",78906.662035843
"9527",67587.2454373997
"9528",49166.0745807864
"9529",51927.9728878164
"9530",66319.6783273073
"9531",24807.0388657616
"9532",115650.086221062
"9533",49693.0472019436
"9534",93335.7463841148
"9535",129244.025489803
"9536",80749.6490803902
"9537",194481.743151308
"9538",57894.730979689
"9539",54757.6519992977
"9540",105146.959640009
"9541",71633.0145727633
"9542",232252.023759925
"9543",34665.4328311142
"9544",55449.140681202
"9545",89188.9201517147
"9546",87185.4748391952
"9547",44005.4206942243
"9548",42189.8558805724
"9549",28445.1564461453
"9550",132257.207042766
"9551",111503.834951789
"9552",40456.2051669768
"9553",92876.1270005176
"9554",29878.3064807726
"9555",79061.0228244587
"9556",40711.7178096522
"9557",96931.5159601545
"9558",124546.398767178
"9559",46058.1238547414
"9560",221152.364274128
"9561",69249.4963934126
"9562",111579.804269447
"9563",58758.9189137898
"9564",113840.40193464
"9565",82434.1020937956
"9566",114089.1545179
"9567",68550.9565647087
"9568",40980.2567199499
"9569",70980.7508008128
"9570",22132.2115589169
"9571",83582.778055959
"9572",42229.2954781736
"9573",90674.2541126521
"9574",112546.848829059
"9575",105570.688039122
"9576",77414.8596156019
"9577",57350.2169525235
"9578",92897.31195343
"9579",111461.432041911
"9580",51434.9789209108
"9581",83338.2078525484
"9582",59890.1945149577
"9583",34243.4053607755
"9584",73816.0471898745
"9585",38874.7492589862
"9586",76342.3239960027
"9587",93350.9428561606
"9588",73373.3826320635
"9589",70455.9776380441
"9590",45437.0453103987
"9591",95578.6165672119
"9592",108225.508355648
"9593",64978.4230266922
"9594",30439.4788842545
"9595",70177.0573544026
"9596",90902.6661498553
"9597",43159.6048782178
"9598",100535.25949066
"9599",69879.6079097756
"9600",85547.7076564864
"9601",75901.2841928614
"9602",73983.6549297533
"9603",45032.1534779759
"9604",142153.638763531
"9605",104342.811284572
"9606",41732.5440940333
"9607",71465.6276113784
"9608",63822.1989224574
"9609",132997.121482495
"9610",118546.404611317
"9611",69199.4414588954
"9612",84044.0309542212
"9613",34567.9746357141
"9614",72206.1615937517
"9615",110311.45901642
"9616",120416.693124953
"9617",49414.3418414741
"9618",100049.997981907
"9619",63125.8624211867
"9620",88590.4156223852
"9621",122827.473616552
"9622",85538.6241540879
"9623",110015.620099798
"9624",128766.300904015
"9625",23945.1661762673
"9626",45921.6865720715
"9627",269311.505440789
"9628",37448.1490755541
"9629",71022.0081822642
"9630",83822.4436759234
"9631",51223.0699271268
"9632",174237.006663531
"9633",86102.5820959056
"9634",59309.4620753507
"9635",96548.5773647629
"9636",40541.6816034565
"9637",94720.0142048982
"9638",137788.600360755
"9639",51754.9093947717
"9640",83696.7954688894
"9641",54367.2582756895
"9642",100171.826265984
"9643",58540.3249718307
"9644",50506.6940550212
"9645",123517.317642774
"9646",57947.0058319927
"9647",98014.2844229838
"9648",65055.963902849
"9649",104990.935956795
"9650",56472.1490424861
"9651",104773.605558737
"9652",93453.1461389863
"9653",38457.7717483772
"9654",145117.375509378
"9655",82418.2274672802
"9656",57174.7499796339
"9657",61594.4224852715
"9658",77069.2441413689
"9659",64742.3106346217
"9660",45495.5091459478
"9661",44592.6958405979
"9662",50464.936242207
"9663",33933.8955959162
"9664",29091.1010628772
"9665",55777.9519360741
"9666",109674.616174145
"9667",117088.822551997
"9668",61592.3701143009
"9669",74332.4546621438
"9670",38274.6646742106
"9671",43788.0178799395
"9672",249519.371613059
"9673",84928.4764088743
"9674",74391.2405040859
"9675",48500.8814193556
"9676",50824.7904249667
"9677",45397.1110734555
"9678",25584.563109687
"9679",182075.25737912
"9680",125092.28479336
"9681",13504.4369871137
"9682",75291.780368855
"9683",202726.665458498
"9684",61805.1985182887
"9685",181336.576460328
"9686",54775.3723209673
"9687",90790.3300385502
"9688",74874.3188017301
"9689",35120.4389538452
"9690",178185.978195131
"9691",304186.936623159
"9692",86751.8248082233
"9693",22943.8876246513
"9694",104250.692810512
"9695",155296.093477724
"9696",25298.1401193894
"9697",48437.5776908777
"9698",106911.261250391
"9699",178263.858181906
"9700",81295.7996465738
"9701",76393.9475670522
"9702",67065.5717621448
"9703",65999.9533267227
"9704",50753.895931399
"9705",47818.1165391651
"9706",21369.7706886177
"9707",19245.8064146745
"9708",132934.778790495
"9709",170522.984703055
"9710",69013.3329904777
"9711",45207.7302571084
"9712",118128.299016232
"9713",53441.0837509848
"9714",44054.7627274998
"9715",20981.0843764707
"9716",76842.3855865641
"9717",33874.0571563157
"9718",154045.898367134
"9719",52046.5079673645
"9720",102018.162666902
"9721",64651.8368847925
"9722",80690.8888425503
"9723",80044.0214239936
"9724",50161.1833179435
"9725",112344.08046455
"9726",126385.890366333
"9727",92717.6570161474
"9728",53177.878188811
"9729",144051.818006859
"9730",53877.6436375407
"9731",63277.1692729317
"9732",42245.8628102966
"9733",70929.9180094083
"9734",60503.7305253063
"9735",166760.887967527
"9736",70801.9007683755
"9737",42491.7261892488
"9738",58404.997052588
"9739",127579.867697714
"9740",78049.1369669962
"9741",88807.981727997
"9742",51674.7191710807
"9743",79165.1488300333
"9744",22113.0463805816
"9745",192702.098307904
"9746",80838.1428355756
"9747",106065.330404297
"9748",65632.3984009026
"9749",88234.5801694143
"9750",55555.0842060158
"9751",31041.9109540654
"9752",149428.623501871
"9753",123746.328150151
"9754",104240.476704456
"9755",18774.1756829591
"9756",37740.9113811783
"9757",242150.590052641
"9758",31280.2250427683
"9759",85329.3330219957
"9760",117887.105376667
"9761",36754.9150544237
"9762",41428.1420943629
"9763",67227.0385816478
"9764",140568.679754146
"9765",84463.1199385938
"9766",46332.811362503
"9767",129485.596504548
"9768",72273.6375996617
"9769",342283.857066844
"9770",126168.26135515
"9771",87473.9240460104
"9772",25495.5968274457
"9773",42102.5416574392
"9774",38254.1905185339
"9775",30980.3253149309
"9776",111459.657436478
"9777",100008.53379467
"9778",231182.196256084
"9779",106772.915064372
"9780",53666.2909565766
"9781",82213.9362079469
"9782",79442.5560932937
"9783",94151.5980801235
"9784",92686.300128331
"9785",105458.454628768
"9786",101684.854198799
"9787",117959.125711138
"9788",101058.847549075
"9789",85672.7211085369
"9790",174482.832764618
"9791",103546.386810013
"9792",35060.862957106
"9793",120107.62899392
"9794",67637.2014709137
"9795",32924.1399782803
"9796",52376.080672667
"9797",78595.9655152213
"9798",47231.3358026874
"9799",32037.9018813296
"9800",55943.8738524733
"9801",79327.2314196722
"9802",66304.6603856214
"9803",139210.357351595
"9804",216569.82819878
"9805",83958.8912845065
"9806",77001.9976869947
"9807",96000.1482820472
"9808",54051.9043173317
"9809",60365.8017948191
"9810",99969.958950787
"9811",73550.3184110112
"9812",39075.4262248257
"9813",46624.3208530681
"9814",85416.6356702263
"9815",59957.3431708969
"9816",64460.4563489825
"9817",83699.76495418
"9818",42379.9418892487
"9819",222702.154862783
"9820",52116.3289689098
"9821",86076.5930152092
"9822",53991.4126625668
"9823",85043.6088658546
"9824",95107.3858254247
"9825",166140.852898819
"9826",72434.4003170368
"9827",72634.5288977209
"9828",64017.0450400847
"9829",59512.0395646946
"9830",25804.5850532101
"9831",58605.0303642122
"9832",25155.0549058866
"9833",21547.8044737444
"9834",104958.584874525
"9835",53021.7358756062
"9836",56798.5411006612
"9837",87951.3182369092
"9838",86074.043209605
"9839",50197.9971915367
"9840",72759.5769487996
"9841",111571.761215373
"9842",62867.6599904907
"9843",96881.5909234313
"9844",54135.8643440218
"9845",126577.287895161
"9846",87416.6872008603
"9847",43855.8135181026
"9848",123850.467692019
"9849",102865.84344672
"9850",53852.9327715391
"9851",40886.3653085698
"9852",80099.262297348
"9853",100638.236281022
"9854",314240.586157117
"9855",74530.1755448517
"9856",23615.4020378894
"9857",77582.1432128994
"9858",21778.6194617602
"9859",40883.305184484
"9860",46239.7029837004
"9861",40026.2325610649
"9862",92969.6597041712
"9863",37309.8704539655
"9864",99549.62310341
"9865",206442.189814175
"9866",34521.6090310838
"9867",31243.0790480449
"9868",46622.1135939168
"9869",111637.328208167
"9870",127583.260235901
"9871",101506.643836271
"9872",115838.818896905
"9873",41218.1893687043
"9874",86591.4003466192
"9875",63570.827783493
"9876",112102.352950129
"9877",108172.679309619
"9878",196867.914568525
"9879",29652.8991444877
"9880",327263.170707908
"9881",58950.8386825067
"9882",51848.3127393401
"9883",93259.1066808605
"9884",39542.9364051678
"9885",118253.957932319
"9886",102954.900638125
"9887",30817.0591763865
"9888",46757.7284886962
"9889",87299.6766381612
"9890",45048.0113166553
"9891",33248.801687536
"9892",59793.6215372491
"9893",41471.1657864787
"9894",100631.266605188
"9895",108919.873646173
"9896",64030.0052037031
"9897",60239.2513951552
"9898",45027.6125717462
"9899",74151.4065887672
"9900",100916.418212781
"9901",61366.414479454
"9902",49307.683066751
"9903",57585.2278278791
"9904",37942.5626015889
"9905",36217.5723523569
"9906",53630.428656365
"9907",92408.4927654059
"9908",47410.6358022385
"9909",265848.81646502
"9910",52259.1216882761
"9911",66805.3436292307
"9912",16136.5128820319
"9913",198325.884394254
"9914",57746.6221019348
"9915",62710.6357512887
"9916",86709.3879192953
"9917",71821.7290826168
"9918",154160.818034432
"9919",124321.417787699
"9920",36680.9144490868
"9921",108247.289013889
"9922",123882.912470415
"9923",205956.991283217
"9924",78464.4326174734
"9925",46267.7070772278
"9926",53013.6607327862
"9927",97043.2910067493
"9928",42326.8617201937
"9929",55890.1200351658
"9930",102862.483728308
"9931",79891.9068885041
"9932",348301.614248573
"9933",151298.74845304
"9934",102301.259837362
"9935",147358.60897593
"9936",63190.3389350203
"9937",72009.498158487
"9938",219550.13944867
"9939",104142.063246028
"9940",39844.8665892842
"9941",99845.4239203473
"9942",72543.1093857533
"9943",162143.563732413
"9944",59809.9603506821
"9945",88106.3348836645
"9946",29730.0705215032
"9947",107928.332718371
"9948",81058.4567846509
"9949",35472.9707166476
"9950",52731.8587023128
"9951",54055.9115757132
"9952",62064.3081723068
"9953",38033.6810516964
"9954",119231.658586358
"9955",110002.087251163
"9956",56946.28917871
"9957",67900.7862354199
"9958",115444.597129457
"9959",104125.869378056
"9960",191458.957477533
"9961",82409.2984683939
"9962",184946.156705311
"9963",80690.5695022876
"9964",70220.2264596171
"9965",34279.2511232059
"9966",154065.560709912
"9967",60674.6634220004
"9968",336386.50660465
"9969",86219.0981092447
"9970",50936.292901014
"9971",103217.913586274
"9972",57823.2618707167
"9973",63666.2715875179
"9974",86206.7047906798
"9975",84661.7889965617
"9976",45688.1384841025
"9977",17539.8413936988
"9978",75495.73762652
"9979",22149.0081658736
"9980",34057.3057578109
"9981",95055.7903712626
"9982",83171.4240393867
"9983",78426.2238311733
"9984",42164.0614118148
"9985",16296.6236919598
"9986",30378.1733369149
"9987",118760.859013825
"9988",92349.4837444161
"9989",59959.6057676357
"9990",48450.3749374082
"9991",13485.4392957044
"9992",50017.3508427639
"9993",139726.349013691
"9994",189787.675826684
"9995",209699.278373765
"9996",56213.0160611898
"9997",40702.3468958629
"9998",57703.6246566544
"9999",73053.9429571712
"10000",71310.0609410868
"10001",79294.7721484634
"10002",35410.5440857469
"10003",39949.475327098
"10004",103340.992983938
"10005",56016.1479460274
"10006",130253.112119554
"10007",29729.36885347
"10008",36242.1890939136
"10009",98343.3713880672
"10010",154627.799233802
"10011",101977.986650636
"10012",87687.7241363434
"10013",109381.901166857
"10014",46033.6073201337
"10015",34442.3773024589
"10016",44413.7400417552
"10017",73140.2617193839
"10018",69832.5681190461
"10019",64579.9435797842
"10020",153407.12541116
"10021",51573.1910526647
"10022",128040.792019169
"10023",128649.919913491
"10024",55206.9151845964
"10025",151448.263755052
"10026",52810.0352983571
"10027",64499.8272792377
"10028",42571.5079527232
"10029",41700.0393566716
"10030",35932.5413745124
"10031",65258.2356987232
"10032",52081.7806143412
"10033",45395.1483169253
"10034",55479.0112106971
"10035",53734.3424369029
"10036",139186.146708547
"10037",62980.2215494058
"10038",83011.7359982062
"10039",25692.5017684415
"10040",39226.814725117
"10041",50821.9808661064
"10042",146961.760044475
"10043",37299.0768233665
"10044",37111.8548897985
"10045",66126.5591497333
"10046",43134.9045319357
"10047",68102.7548709806
"10048",58925.5717339653
"10049",91654.8718766607
"10050",77182.215287007
"10051",54031.0049585576
"10052",176779.158847886
"10053",100473.328445858
"10054",32694.2975623551
"10055",89485.7996993635
"10056",186716.324763768
"10057",50693.1709022551
"10058",40904.7329876421
"10059",122709.88799421
"10060",211403.343717397
"10061",31223.4631700336
"10062",75496.1373285982
"10063",38010.2142384407
"10064",75987.9382254856
"10065",96333.289275903
"10066",48803.3711026147
"10067",39183.9606181367
"10068",30035.7971500673
"10069",46034.2884955831
"10070",95438.889224673
"10071",119307.814948286
"10072",23597.3609528113
"10073",207938.185818754
"10074",40426.9085896975
"10075",74751.1328772581
"10076",72743.318641424
"10077",118115.991630095
"10078",38547.4437285511
"10079",112317.116546918
"10080",70231.9773242955
"10081",61627.7278152505
"10082",44652.7947478819
"10083",24181.179693668
"10084",45092.5236027674
"10085",93121.0812663097
"10086",40818.9369176532
"10087",110828.750479867
"10088",95933.0441836022
"10089",183002.593141283
"10090",26351.6525785541
"10091",32214.5782253064
"10092",77660.9240453661
"10093",208503.120352607
"10094",39097.1208105331
"10095",85641.4776595522
"10096",278692.349476361
"10097",38228.9795264941
"10098",47345.46612949
"10099",106818.613862306
"10100",186057.888294307
"10101",63122.3216917599
"10102",57530.0549027297
"10103",47850.5918957971
"10104",78336.9099279725
"10105",77473.6870423479
"10106",33129.425537188
"10107",54258.9881585415
"10108",56796.0897249383
"10109",63095.1538100087
"10110",99416.9089304799
"10111",75249.9747985902
"10112",50037.0040749838
"10113",166110.407185517
"10114",64594.1959747199
"10115",50517.180489939
"10116",164033.381914045
"10117",40297.9662027454
"10118",25368.5932749948
"10119",56164.2445922361
"10120",58986.5879603772
"10121",61787.729341786
"10122",91563.5928947976
"10123",33925.5714935308
"10124",70255.2817097003
"10125",93936.4125925721
"10126",41436.5466558913
"10127",32110.6645122772
"10128",136099.809116471
"10129",42927.6107609335
"10130",114327.180036292
"10131",294015.405172583
"10132",33078.347018285
"10133",121006.54614093
"10134",92906.2490706492
"10135",30580.7952960634
"10136",177787.254337691
"10137",69058.0572260323
"10138",106221.896131157
"10139",77427.2219909499
"10140",39042.8324026924
"10141",157096.109987096
"10142",80152.2949525227
"10143",52778.0568418036
"10144",53912.1241978258
"10145",105673.734651649
"10146",88168.9082295123
"10147",124577.241033943
"10148",57267.709705224
"10149",38695.7182992026
"10150",206797.964647111
"10151",75662.850563881
"10152",41598.4993553351
"10153",70543.6021915947
"10154",76511.7899469161
"10155",172270.033334602
"10156",42775.7598201006
"10157",29803.5083856178
"10158",162678.106009993
"10159",44039.4130726458
"10160",172243.840547185
"10161",49661.3411687397
"10162",212220.621587552
"10163",31213.4546043299
"10164",64055.1120103226
"10165",54067.9992261931
"10166",63287.9763730965
"10167",54709.3068217974
"10168",33119.8877580478
"10169",60848.5568371327
"10170",91871.2376066143
"10171",84919.3809695418
"10172",63442.2053686268
"10173",34480.7260054589
"10174",122006.924348891
"10175",31167.3273741875
"10176",54635.6070787245
"10177",57744.4827314813
"10178",63354.3728066184
"10179",79010.3925251063
"10180",82455.3141138123
"10181",139715.988991434
"10182",224540.189501753
"10183",18348.74638184
"10184",98439.1954752747
"10185",58070.1272394349
"10186",71241.225299543
"10187",118129.046433132
"10188",75094.2880235938
"10189",158378.105483604
"10190",97000.3288326011
"10191",49747.5857492108
"10192",109219.526781902
"10193",61521.5660521528
"10194",74528.4745987294
"10195",58931.4151469061
"10196",32121.1368939664
"10197",135596.523025891
"10198",23681.2395325288
"10199",71368.7372762406
"10200",46372.7076195989
"10201",99313.4956458622
"10202",115560.471590165
"10203",88830.9666232344
"10204",250924.862819924
"10205",29390.2638672031
"10206",64404.9788429778
"10207",80827.0669091197
"10208",48499.8905771515
"10209",132212.079368039
"10210",124582.129330328
"10211",114026.080955584
"10212",72294.1997268561
"10213",102392.864550222
"10214",108062.38734966
"10215",50690.3528375507
"10216",66725.0505911124
"10217",134934.802249298
"10218",195855.560860756
"10219",36128.7294149829
"10220",209110.276055956
"10221",64348.7938968885
"10222",73272.1970775708
"10223",108194.068037217
"10224",37851.8501606668
"10225",123385.293132325
"10226",70340.5118592344
"10227",334435.846646068
"10228",136943.637189004
"10229",170258.9488964
"10230",74641.3254270769
"10231",125072.577697792
"10232",129776.345422706
"10233",152280.108640165
"10234",63169.5221370865
"10235",75137.8375640475
"10236",60792.5641449342
"10237",31315.9260122108
"10238",46776.7808596775
"10239",24742.8942253546
"10240",89695.394368738
"10241",82225.8683037354
"10242",40410.7091263533
"10243",78018.4896868911
"10244",142229.500549751
"10245",144201.918371102
"10246",30041.7877295122
"10247",86269.4743859479
"10248",109653.446944222
"10249",45395.8590982836
"10250",52262.2811077404
"10251",70275.577287606
"10252",67087.1364918449
"10253",91320.2646283274
"10254",60539.7874091663
"10255",164230.863853785
"10256",58694.0829081831
"10257",130146.925834035
"10258",64900.2302693719
"10259",157225.660913214
"10260",68335.4533369327
"10261",89547.1161775838
"10262",57045.5082976946
"10263",50015.7936936762
"10264",26619.5686634262
"10265",119711.479247167
"10266",118739.151662493
"10267",100146.690796617
"10268",66137.6231359366
"10269",59304.6385101464
"10270",62490.7370709645
"10271",121105.008443047
"10272",37036.6279438249
"10273",96100.9950206136
"10274",172994.512077956
"10275",33744.2546936589
"10276",116759.990359081
"10277",95940.9854208266
"10278",28631.5905706736
"10279",71121.6735081075
"10280",166314.277384459
"10281",77065.4095579671
"10282",52433.4914591824
"10283",61357.4647227574
"10284",110425.949314748
"10285",89616.3106544908
"10286",199844.05534539
"10287",52118.3854717209
"10288",109087.02057475
"10289",53048.6201002331
"10290",154558.122587346
"10291",262988.378442061
"10292",67206.3841930372
"10293",33872.0317747154
"10294",66036.7966559137
"10295",129004.117017803
"10296",125700.748450144
"10297",52546.3076492132
"10298",78104.3949000778
"10299",166919.270015197
"10300",75833.5156498071
"10301",81573.2255598834
"10302",77185.4625200998
"10303",72856.2760340657
"10304",174263.259726797
"10305",78111.4406927087
"10306",94059.8630335972
"10307",165667.005469845
"10308",43851.1514126586
"10309",86115.9993536048
"10310",64055.6285788564
"10311",50178.3979622895
"10312",104282.225439396
"10313",28033.4168875988
"10314",55749.2128500768
"10315",200206.972280887
"10316",47212.5959127399
"10317",29611.0750973272
"10318",97130.1107033909
"10319",31669.184922255
"10320",119327.200951059
"10321",64300.5752396315
"10322",121541.930906528
"10323",76684.4099972432
"10324",65521.4453839616
"10325",63153.6152390767
"10326",35001.6337044747
"10327",191172.130535632
"10328",44085.1465125974
"10329",128897.500502726
"10330",85134.509702364
"10331",171389.597109412
"10332",63548.1804701112
"10333",37686.2476616158
"10334",65196.7441560521
"10335",77218.1063915121
"10336",142838.647787681
"10337",63058.6002029781
"10338",115458.610256713
"10339",34860.7060840026
"10340",126714.634603878
"10341",44115.6390449105
"10342",90430.1953362874
"10343",26135.6904826096
"10344",55034.8880303335
"10345",124105.226500173
"10346",43651.0124779475
"10347",74011.9444079476
"10348",275079.14397089
"10349",94212.7118697557
"10350",25177.6150662399
"10351",31971.0454578628
"10352",21634.0093058094
"10353",67046.386008521
"10354",41506.5050727207
"10355",111073.162578857
"10356",37093.2356477522
"10357",28812.3655004392
"10358",140078.42303359
"10359",63997.9978986464
"10360",148666.120577361
"10361",72198.4381789899
"10362",48395.4627585331
"10363",105277.135607185
"10364",59955.903059656
"10365",35284.7558884855
"10366",80741.8202881022
"10367",39347.6110669279
"10368",26922.6226344302
"10369",66905.5044432975
"10370",36628.0280619232
"10371",60411.6076288285
"10372",81719.7715661649
"10373",88196.1672783834
"10374",110134.438125367
"10375",196875.789054156
"10376",66953.3871784245
"10377",191607.609825379
"10378",46100.7887265008
"10379",131367.958868357
"10380",142126.38296584
"10381",60303.6318984111
"10382",35441.7326639476
"10383",73089.0600428859
"10384",76229.6748314976
"10385",51795.8062698831
"10386",18690.1412200177
"10387",320028.441905155
"10388",127994.473648068
"10389",85946.9779462287
"10390",56708.9391621415
"10391",34743.5433469262
"10392",47120.6626528941
"10393",165515.776881552
"10394",35414.4526363242
"10395",47781.0024549688
"10396",77092.6781195207
"10397",49412.9362612996
"10398",79434.9631346822
"10399",106292.635482526
"10400",80857.8033551571
"10401",175706.964973214
"10402",72275.6534806055
"10403",26128.1363263917
"10404",58676.628896035
"10405",136566.736234891
"10406",77015.508064564
"10407",41219.271646519
"10408",90868.2643723962
"10409",159789.344621753
"10410",108736.762686305
"10411",116582.168993268
"10412",207669.71260623
"10413",103554.017228276
"10414",36594.5912325215
"10415",143302.276412065
"10416",39375.6576089519
"10417",28273.7456264778
"10418",48482.2399669108
"10419",104098.404811852
"10420",84955.4786529682
"10421",109581.686800083
"10422",96384.7657748175
"10423",62144.3423345981
"10424",23575.250931039
"10425",89858.9980989375
"10426",77107.5383865404
"10427",182677.662541814
"10428",116076.20093047
"10429",68355.7762816906
"10430",72428.6557755085
"10431",16604.9627896626
"10432",46799.6059620745
"10433",25883.6019456968
"10434",57219.9881535397
"10435",36159.5546564056
"10436",28143.4724700706
"10437",45140.8137562391
"10438",59810.0283993967
"10439",133966.223014399
"10440",78145.8362148371
"10441",40264.2293638326
"10442",156563.17683771
"10443",39948.932643065
"10444",62089.0032910555
"10445",77115.3658295163
"10446",87783.2564116525
"10447",42217.4504217423
"10448",54026.1522688672
"10449",31826.1368848775
"10450",46535.7925242
"10451",69014.2334039995
"10452",76254.7953215951
"10453",72139.9209146613
"10454",53121.5870568963
"10455",43731.575454236
"10456",37553.2675797823
"10457",57379.7285855419
"10458",68607.5055659372
"10459",133870.55283976
"10460",83689.1529269064
"10461",82419.2553628086
"10462",52859.5289436097
"10463",172035.278645997
"10464",23084.9031857023
"10465",36765.9616049639
"10466",113916.740325143
"10467",56487.9321505736
"10468",82540.0823272808
"10469",46842.7739659908
"10470",72620.7105983703
"10471",60480.1820675096
"10472",42240.7612273189
"10473",25358.6878249782
"10474",56310.847566495
"10475",36976.3904629642
"10476",103554.272826632
"10477",38218.8101134868
"10478",97557.8242463032
"10479",76635.1072261661
"10480",51057.5202013693
"10481",47855.4813796881
"10482",43967.5015241208
"10483",79524.1592486256
"10484",28041.9599813565
"10485",67453.7690176122
"10486",51453.7161177598
"10487",76015.7761011267
"10488",153281.852318736
"10489",98682.4701002553
"10490",23509.8989291049
"10491",64636.8389492221
"10492",50044.1815257327
"10493",285769.4893632
"10494",26091.1704852312
"10495",21462.330141133
"10496",67644.6055955188
"10497",86200.3579650349
"10498",118924.557689392
"10499",55595.1217709127
"10500",44148.7783627505
"10501",133687.418950874
"10502",141271.574360366
"10503",60019.8836403562
"10504",43211.2248888882
"10505",21228.8558183862
"10506",63152.9929185437
"10507",96390.339452713
"10508",114547.119782579
"10509",112690.586296429
"10510",44736.796632697
"10511",94431.8901090962
"10512",113978.715889575
"10513",134083.820895986
"10514",33211.7918907723
"10515",85299.3378686262
"10516",66105.8133711673
"10517",82145.8754187336
"10518",113593.118208555
"10519",61234.1137083303
"10520",148783.127354908
"10521",209608.793851318
"10522",12925.0451466143
"10523",76183.9818247185
"10524",22072.3386718485
"10525",108663.924263756
"10526",27709.1460520703
"10527",186422.606770893
"10528",47404.9329332951
"10529",76357.8739648381
"10530",62136.913565088
"10531",62935.08449658
"10532",60807.3461439144
"10533",86338.7135547338
"10534",52986.5090240499
"10535",28496.8078159406
"10536",36068.296664819
"10537",52260.1734389536
"10538",63987.7514371832
"10539",30471.7952986427
"10540",193703.329204243
"10541",36020.4906188174
"10542",55144.8927490405
"10543",89056.1312228689
"10544",55175.7070747566
"10545",69834.6891668069
"10546",153709.861856767
"10547",28090.0315542768
"10548",58344.037786366
"10549",71154.5367381289
"10550",51882.4267094021
"10551",63700.2812499414
"10552",52660.4396706323
"10553",64805.1061760527
"10554",69736.4790819938
"10555",79073.6351137019
"10556",91716.3260746508
"10557",121100.212787684
"10558",42294.7719511624
"10559",66280.8942681506
"10560",81070.9711656898
"10561",30701.879773548
"10562",113463.722290061
"10563",47700.8136656655
"10564",32513.151115526
"10565",53556.3436576125
"10566",37221.9709353398
"10567",39077.482089647
"10568",85061.139944607
"10569",109735.363698534
"10570",91398.6221062946
"10571",87206.6345393356
"10572",71026.0960274503
"10573",64871.1873552004
"10574",80489.813404939
"10575",75734.4803684489
"10576",60389.7902735548
"10577",67139.1431945315
"10578",42014.946833393
"10579",117361.923375562
"10580",62585.7350640984
"10581",58925.9179766359
"10582",36547.2639225893
"10583",152208.422535925
"10584",127427.679499618
"10585",56476.9055940128
"10586",41670.8717296344
"10587",82514.6351491021
"10588",99163.5870271853
"10589",93042.8608343711
"10590",55633.6744661716
"10591",19218.987461658
"10592",23272.3437027093
"10593",46625.9388431954
"10594",48153.817350501
"10595",89938.2985281368
"10596",64290.4674089015
"10597",199471.346113001
"10598",53972.6126745168
"10599",96418.6978415785
"10600",129914.215999191
"10601",127211.876258379
"10602",36613.2671695121
"10603",32055.3267187529
"10604",111190.235164834
"10605",70832.416066346
"10606",48458.125330375
"10607",67875.0419006375
"10608",38096.7921006613
"10609",62478.3117649803
"10610",32294.9704170742
"10611",43781.3849393253
"10612",72706.6202108039
"10613",166182.805618763
"10614",48905.2214714545
"10615",77379.2036143151
"10616",72384.6587154609
"10617",177317.16978032
"10618",25341.9651474129
"10619",76398.0170005529
"10620",95811.59727232
"10621",24137.761872706
"10622",72151.9980215659
"10623",100432.090466242
"10624",54173.6738354592
"10625",125713.432431694
"10626",153274.225629278
"10627",69304.8814298557
"10628",46327.4985211406
"10629",45756.6769568201
"10630",103882.853287452
"10631",67477.218895918
"10632",65412.0241498338
"10633",36188.3022030698
"10634",132612.437163417
"10635",137018.617124906
"10636",72152.9026421467
"10637",70762.10036484
"10638",70228.3977873529
"10639",133646.850185458
"10640",146028.233744815
"10641",62929.4057602238
"10642",78505.2804292282
"10643",37178.0027669598
"10644",101175.188680529
"10645",243987.367376581
"10646",126318.314421525
"10647",105075.144101768
"10648",38259.4757070832
"10649",120456.05472834
"10650",31498.2982242885
"10651",157216.648665383
"10652",158524.031482199
"10653",121611.534694347
"10654",98121.3315232417
"10655",39602.1905516343
"10656",165343.496258684
"10657",89335.4872070221
"10658",91100.1227229784
"10659",115358.404398503
"10660",87038.8989888685
"10661",46341.5143294384
"10662",56400.047441799
"10663",47985.6024457575
"10664",124772.60927303
"10665",31222.8496260295
"10666",85809.6104954236
"10667",34915.5047973745
"10668",133665.490227819
"10669",174825.57207321
"10670",78521.1783375254
"10671",131546.462715124
"10672",107871.033810961
"10673",93471.5512778976
"10674",60465.8592940841
"10675",58637.6421652187
"10676",63510.303398421
"10677",189727.382440602
"10678",57186.3083736221
"10679",159364.811853161
"10680",27138.423202394
"10681",39156.5229597046
"10682",76478.722051572
"10683",43371.2687317688
"10684",69962.0553513541
"10685",99976.8314337246
"10686",186567.130398076
"10687",122603.624253269
"10688",37168.5818458129
"10689",20000.469144523
"10690",87378.7522877904
"10691",28071.1212522688
"10692",33443.9049526691
"10693",61824.748286976
"10694",72989.1595358157
"10695",58226.9975968973
"10696",51952.3679061426
"10697",75387.3861371124
"10698",29977.0431519563
"10699",93503.5227103593
"10700",85627.0512354718
"10701",50989.3368353769
"10702",45572.8094877361
"10703",61243.4658101275
"10704",168692.107564444
"10705",86107.7635824736
"10706",153428.514142136
"10707",118647.42984309
"10708",79638.0786279669
"10709",33489.2191613463
"10710",40689.1597198349
"10711",25463.0687081022
"10712",96204.7784077136
"10713",78901.7718496321
"10714",55201.1803294612
"10715",73450.74589042
"10716",122132.12871173
"10717",168794.667812216
"10718",82187.3352588719
"10719",44769.0026620939
"10720",23109.2542107309
"10721",121638.397141449
"10722",130601.413694808
"10723",52760.9048719872
"10724",50626.4410332871
"10725",165948.548510635
"10726",43219.531587193
"10727",146844.367467691
"10728",92182.4731363985
"10729",73857.4371059167
"10730",112351.321086347
"10731",47281.8136156727
"10732",140129.540285721
"10733",39724.8917197152
"10734",62081.4473383468
"10735",78778.5290403379
"10736",25281.0605758919
"10737",133135.97948541
"10738",96220.3353497073
"10739",54877.4207191523
"10740",215683.192348236
"10741",54236.2640557276
"10742",113958.82746
"10743",63913.8935763058
"10744",114866.856999271
"10745",216986.242391748
"10746",111071.925574786
"10747",37320.3463127438
"10748",62246.3156558457
"10749",175915.932722267
"10750",71141.7032206791
"10751",130982.843604593
"10752",43067.8037669636
"10753",45090.1198470668
"10754",215696.095364685
"10755",109850.544347705
"10756",33813.0036535048
"10757",47393.8405403883
"10758",102722.387295316
"10759",131231.955771311
"10760",51605.0993757141
"10761",49035.6845021789
"10762",122404.018135116
"10763",31939.1577922668
"10764",75317.9060684676
"10765",71359.2115465661
"10766",39233.8622270884
"10767",199576.165879774
"10768",39229.8650083593
"10769",34720.5219238081
"10770",32572.6985000998
"10771",33469.3398278383
"10772",71858.580446129
"10773",133462.89859616
"10774",272209.477579777
"10775",32012.893695681
"10776",82840.9711096267
"10777",153842.454432677
"10778",100248.704278358
"10779",86274.3823653792
"10780",72121.7681591175
"10781",72965.4701962184
"10782",61005.4172071702
"10783",22238.9716807812
"10784",64070.4570841911
"10785",115833.789825188
"10786",43656.2443239586
"10787",103124.628541787
"10788",59443.5060071519
"10789",103125.690944054
"10790",50294.52658748
"10791",41168.6779086489
"10792",101922.345455204
"10793",22407.0035813694
"10794",168472.01707731
"10795",98914.4725920592
"10796",59841.2218820539
"10797",56186.1183897644
"10798",103869.775881369
"10799",41367.6749236141
"10800",67335.9939862826
"10801",29504.7767513643
"10802",81357.520540208
"10803",31377.2728311862
"10804",35084.6355602204
"10805",32577.3135306206
"10806",66053.0635049324
"10807",36751.7313857573
"10808",57013.959160131
"10809",47821.5136518089
"10810",63450.0163360603
"10811",58884.2341591783
"10812",107582.166838637
"10813",113407.190126916
"10814",62256.764441378
"10815",47510.600620238
"10816",42394.5544759869
"10817",249301.800294201
"10818",67985.2971959232
"10819",42196.8516430615
"10820",67688.9427754812
"10821",49220.3692379036
"10822",77529.6878998639
"10823",57332.7010682179
"10824",115004.865985172
"10825",14802.416592394
"10826",100116.711186558
"10827",96093.8507370212
"10828",71000.7104892768
"10829",67768.5900020508
"10830",60458.6567287173
"10831",16133.5994780972
"10832",40894.8551814826
"10833",60899.3095261232
"10834",100993.181453134
"10835",79004.5733436585
"10836",121877.175703235
"10837",83900.7541782424
"10838",84750.4710521446
"10839",110501.38755601
"10840",97372.5221216204
"10841",56801.8992935892
"10842",49847.5094296538
"10843",61016.3765393947
"10844",24678.4605678784
"10845",46194.1032050334
"10846",79745.527148756
"10847",88298.4293057596
"10848",13304.3671030613
"10849",49147.1628268664
"10850",84006.381637664
"10851",108650.093889869
"10852",48472.6358414778
"10853",69154.0498797124
"10854",75582.2066025269
"10855",80023.6629056791
"10856",123538.079567851
"10857",73801.0077881837
"10858",42225.645593753
"10859",69926.4526598398
"10860",76992.4544398309
"10861",19966.5608032787
"10862",137040.149773149
"10863",41721.0103498303
"10864",98719.4206028827
"10865",92931.6863738557
"10866",160311.18891984
"10867",55036.0747051221
"10868",105703.531584318
"10869",81381.6644155887
"10870",90493.7830884044
"10871",75459.3476378668
"10872",42683.7445489176
"10873",58896.0411827255
"10874",85404.4065129522
"10875",108551.157914971
"10876",83292.4358083051
"10877",124469.207826064
"10878",43753.331608875
"10879",83009.4742761327
"10880",106475.98745419
"10881",65729.201636666
"10882",52134.1189422667
"10883",84384.6198438849
"10884",93085.9738312094
"10885",120308.817506472
"10886",83580.6679713347
"10887",78292.0244821703
"10888",32433.8578682094
"10889",101416.769425096
"10890",39309.1847342072
"10891",133722.587727324
"10892",62138.6291542125
"10893",135984.302499973
"10894",40615.0060470836
"10895",170623.480442672
"10896",41589.6369828733
"10897",60311.0384455926
"10898",77851.1488706214
"10899",134619.851672687
"10900",49718.9995608402
"10901",122515.191833155
"10902",98936.6294069874
"10903",107492.239460851
"10904",47280.3270075018
"10905",100649.813891076
"10906",28531.0977451001
"10907",124928.877013366
"10908",131479.453853269
"10909",48004.4758769979
"10910",156468.58230449
"10911",106416.101370788
"10912",150125.450558684
"10913",66565.2823540177
"10914",19914.3288212458
"10915",118825.730650092
"10916",93503.6189385302
"10917",50971.9948454765
"10918",69481.4107788943
"10919",14324.4501732054
"10920",65826.5880207897
"10921",140629.948526598
"10922",43832.6711663115
"10923",66636.6215713338
"10924",156379.185776257
"10925",148623.403048308
"10926",139627.388904721
"10927",58479.4510676006
"10928",108804.525749907
"10929",28304.7267899939
"10930",46711.0273753254
"10931",105459.768466354
"10932",81652.5322478476
"10933",143069.024534835
"10934",35786.1422963152
"10935",52057.3150088757
"10936",73173.0298091675
"10937",241936.751379781
"10938",109417.037198615
"10939",131478.352666667
"10940",45994.0445457828
"10941",103530.432410108
"10942",42014.2150580525
"10943",87627.7523606577
"10944",91519.5874614207
"10945",94591.803432052
"10946",32026.9105847261
"10947",46169.753378156
"10948",35937.4701680664
"10949",161344.814073438
"10950",75070.2989494795
"10951",91780.6685698135
"10952",30011.8913094735
"10953",120308.124256237
"10954",63953.5788206429
"10955",68372.5865024419
"10956",72766.7500005505
"10957",40286.7269685629
"10958",61078.7722313278
"10959",84639.515620481
"10960",48156.9235937529
"10961",103117.043914558
"10962",28274.320019411
"10963",119411.437326765
"10964",26471.6764240487
"10965",64799.0274875824
"10966",58045.9257239666
"10967",106378.211468056
"10968",147659.071497565
"10969",371991.290896607
"10970",43562.5810184717
"10971",61743.0495365051
"10972",38092.9851301749
"10973",74302.5846590211
"10974",166451.605620568
"10975",105018.909528773
"10976",42976.464454241
"10977",128259.38722074
"10978",173577.520908833
"10979",93363.2844099863
"10980",43061.6739446615
"10981",108784.367684353
"10982",46701.9937315064
"10983",46736.003324151
"10984",179094.492588947
"10985",39884.2522370468
"10986",21038.3693406379
"10987",88267.0605541477
"10988",62050.6981415436
"10989",68937.8877611716
"10990",39762.2560076446
"10991",218042.615347746
"10992",88223.2947949787
"10993",102887.429118964
"10994",45131.7204456089
"10995",69206.4943939362
"10996",101763.882313862
"10997",28668.5460253993
"10998",74802.4035083661
"10999",88617.2393545162
"11000",92231.8955130943
"11001",43231.4753278857
"11002",110405.03803146
"11003",165323.878188247
"11004",51249.030800291
"11005",58662.2685528811
"11006",201430.551545044
"11007",76263.863790838
"11008",128849.315501682
"11009",42544.478947461
"11010",53380.5867673342
"11011",54508.3495667923
"11012",27272.2380348534
"11013",329025.521613602
"11014",45924.10730262
"11015",84313.3162990172
"11016",48150.2856756288
"11017",35132.2220336231
"11018",54581.7744952785
"11019",96754.5815581884
"11020",70317.4901808782
"11021",61215.182640927
"11022",27265.8612835236
"11023",185802.38146812
"11024",54450.7031939727
"11025",62143.3803770203
"11026",44589.1404771398
"11027",48157.5211955939
"11028",53021.0961878101
"11029",182248.924718893
"11030",80091.8444482734
"11031",90767.1930470637
"11032",66681.4377061446
"11033",108941.937159955
"11034",39922.9230916579
"11035",107003.658719367
"11036",46499.6730723761
"11037",32958.975206756
"11038",90434.35938475
"11039",68760.4671877433
"11040",28632.8955551517
"11041",110264.22534127
"11042",17849.109637388
"11043",53523.6291217795
"11044",40687.0906157065
"11045",68552.1746060668
"11046",62380.5568684366
"11047",58657.4993984766
"11048",136145.763603262
"11049",65511.2477069021
"11050",38897.5883836099
"11051",27981.7397697479
"11052",41276.7314585367
"11053",47947.0495697767
"11054",56440.3788099324
"11055",84845.8226571204
"11056",61341.0077296299
"11057",95110.5295244842
"11058",162597.4645348
"11059",60233.2658227257
"11060",131260.850450996
"11061",182411.156123173
"11062",66197.3153720933
"11063",63562.2531221337
"11064",45595.666920268
"11065",91468.4307721159
"11066",127335.736716637
"11067",104369.246718527
"11068",87763.6440576776
"11069",60906.6164240011
"11070",262273.533292071
"11071",64382.6408592283
"11072",116788.414891742
"11073",71347.3917189882
"11074",310397.002064036
"11075",58457.3347140207
"11076",60762.6502568961
"11077",68256.7766439701
"11078",32446.4184876373
"11079",31773.3676634441
"11080",112271.776798836
"11081",219109.936817812
"11082",118399.811016564
"11083",47298.3316190554
"11084",62967.9643510872
"11085",64606.9191649682
"11086",71483.980309635
"11087",70874.5311691754
"11088",90900.4718199215
"11089",74802.4793128958
"11090",33866.5930292613
"11091",53499.0084610092
"11092",33860.2687819742
"11093",54120.17632008
"11094",30382.7450060033
"11095",102385.73702583
"11096",359989.572748484
"11097",31829.1889307536
"11098",150178.397006355
"11099",34796.1561911631
"11100",94129.6291650909
"11101",29962.7328630892
"11102",75796.168664113
"11103",55145.1850723015
"11104",59210.5025407537
"11105",91714.0941011347
"11106",35409.7732434835
"11107",60789.8178587774
"11108",22252.306851829
"11109",188151.726562989
"11110",29137.2862781977
"11111",143804.785785566
"11112",11541.5863964917
"11113",186717.419229812
"11114",116162.274621705
"11115",38152.5677562721
"11116",47978.4744058704
"11117",44902.3034089475
"11118",28664.2232870848
"11119",86792.0390675509
"11120",64902.7604338781
"11121",90362.4773481474
"11122",55260.0042259171
"11123",122618.594471028
"11124",92052.3614811585
"11125",110799.804800263
"11126",50769.613923293
"11127",39115.0953770171
"11128",53452.908646203
"11129",131674.362663958
"11130",96957.7890125306
"11131",87582.6756846638
"11132",168976.382145674
"11133",72681.203697604
"11134",74252.928006645
"11135",169806.993654637
"11136",157111.761940753
"11137",101703.703164291
"11138",85527.1947569311
"11139",42629.9974535888
"11140",92727.4278767165
"11141",46545.1863804173
"11142",69017.9120313809
"11143",41579.4883364546
"11144",53507.0035178648
"11145",63359.376548497
"11146",88496.0222422746
"11147",47545.4695134335
"11148",204948.592648028
"11149",38463.813533638
"11150",157013.800912521
"11151",45778.8607759138
"11152",108361.41999105
"11153",69674.8886755037
"11154",94303.9495399589
"11155",82093.3007987218
"11156",66634.5596994457
"11157",79959.1531515659
"11158",48415.5437082676
"11159",43332.085765339
"11160",59193.4614191128
"11161",50394.4378187324
"11162",127332.833155891
"11163",63364.6025433819
"11164",91530.58341043
"11165",54714.069698178
"11166",78294.9236222523
"11167",20146.0321682195
"11168",42429.431844952
"11169",131175.228820948
"11170",118410.134135104
"11171",84472.0015719049
"11172",58903.3446679401
"11173",115576.392310165
"11174",57171.8551492949
"11175",75267.8123386001
"11176",82520.5082883337
"11177",70368.340035433
"11178",42592.7077890808
"11179",13894.9620497078
"11180",130036.014864589
"11181",84204.1566545255
"11182",38012.0262320704
"11183",147543.702653434
"11184",84588.3318755497
"11185",33868.1037799473
"11186",31582.6574286879
"11187",114135.207427387
"11188",240978.463212862
"11189",158095.69015322
"11190",147843.689916423
"11191",86260.6107227382
"11192",57586.4888542108
"11193",134324.99971756
"11194",51599.9195852287
"11195",121950.064313659
"11196",77234.4948861659
"11197",47567.0268543302
"11198",77409.5363857553
"11199",82975.3995185232
"11200",62776.5025518635
"11201",87850.7120743587
"11202",26697.7932742179
"11203",105234.051894768
"11204",108590.674265919
"11205",220838.022224862
"11206",41117.6945153367
"11207",86284.3389465031
"11208",138675.596226681
"11209",38737.6110211368
"11210",101522.236146206
"11211",71217.1911798029
"11212",55077.8761806867
"11213",140061.735592998
"11214",59278.2987111134
"11215",145838.550275049
"11216",66274.5281661583
"11217",27280.2126174837
"11218",85456.1824441347
"11219",82674.8011910683
"11220",58589.7599520723
"11221",25798.3119261503
"11222",42319.2797297466
"11223",195466.631707896
"11224",133192.443005746
"11225",77965.3824098722
"11226",91686.8791212018
"11227",70479.1376547098
"11228",36613.7076417639
"11229",17730.434679409
"11230",41273.8131361286
"11231",171998.782993821
"11232",104698.785288096
"11233",121743.809678549
"11234",74976.9617083033
"11235",41530.939979869
"11236",77873.0369897831
"11237",49818.800264414
"11238",248678.688674904
"11239",63891.12316351
"11240",55977.5845324666
"11241",52047.0495887554
"11242",120006.753239182
"11243",53910.4109425843
"11244",108797.64192632
"11245",21909.4627705356
"11246",72036.6738587438
"11247",36216.8234338062
"11248",122369.104880581
"11249",37603.5904117066
"11250",83283.1513185443
"11251",52594.7360261238
"11252",50776.1211457266
"11253",77950.6386915419
"11254",50679.9676473844
"11255",66747.2571801446
"11256",29794.901497938
"11257",56903.5967231086
"11258",156353.50912778
"11259",41949.8455654588
"11260",53640.3099892244
"11261",50061.5019573186
"11262",52494.5637275877
"11263",118747.531714166
"11264",91861.6472815944
"11265",35286.6910387323
"11266",36904.5791608647
"11267",139698.490804514
"11268",55381.4070438314
"11269",65239.6440294106
"11270",87033.0182983
"11271",143782.075570279
"11272",68807.5818906944
"11273",88872.2450772692
"11274",78325.7477054227
"11275",29473.8426114494
"11276",82914.1609468725
"11277",49573.2529957736
"11278",25905.99387359
"11279",71857.1165062085
"11280",40470.6215958011
"11281",98039.9869753484
"11282",40470.6824743675
"11283",198203.428383554
"11284",58497.7470608964
"11285",102257.680049676
"11286",24983.8020957215
"11287",51835.7202837461
"11288",49134.9871560687
"11289",40212.9766482405
"11290",24024.2943998422
"11291",100172.046751412
"11292",98773.9426273601
"11293",92959.6154227819
"11294",32674.4127752716
"11295",107709.275737549
"11296",133343.598076562
"11297",100927.345712486
"11298",35263.3210040917
"11299",36289.2242953474
"11300",164419.200613717
"11301",135896.277589948
"11302",44529.2593795674
"11303",30071.1257036919
"11304",84752.0022373899
"11305",50086.9952673817
"11306",146624.674021333
"11307",37069.9918732225
"11308",79306.3132040666
"11309",71988.7568605965
"11310",108432.09596629
"11311",80176.2230271475
"11312",51759.6526556496
"11313",32552.9018972631
"11314",101279.804107196
"11315",107647.883883699
"11316",127061.396787993
"11317",59932.1673422019
"11318",392055.877411431
"11319",33207.5950700339
"11320",54977.2706957598
"11321",66960.7981281751
"11322",60651.8215027862
"11323",49981.0470414023
"11324",120909.375944327
"11325",39005.4713172187
"11326",36038.1950623732
"11327",94883.1924880321
"11328",190855.742525053
"11329",134622.513754586
"11330",117814.220275872
"11331",59036.2587414731
"11332",51373.0682503864
"11333",79271.5957190342
"11334",138022.549410462
"11335",71799.2325908046
"11336",72315.0139667641
"11337",49206.8481408552
"11338",53852.5826218631
"11339",61009.0718088149
"11340",169248.812496648
"11341",69593.7785272512
"11342",80383.3443405558
"11343",18645.531950434
"11344",41512.1833220936
"11345",42546.7296184537
"11346",38310.9983487822
"11347",52585.7062013637
"11348",98496.7018330555
"11349",47385.6827992374
"11350",20564.1608249233
"11351",43199.4282047657
"11352",60356.8984912832
"11353",40005.4873540073
"11354",104889.344401761
"11355",128880.312117247
"11356",34522.7306057944
"11357",49819.5008584506
"11358",150007.926977132
"11359",43405.8213463613
"11360",47906.5251997815
"11361",76178.0461461963
"11362",39871.0342813731
"11363",79155.585773821
"11364",102516.098329628
"11365",47521.2450772431
"11366",163809.483608896
"11367",48119.9319334476
"11368",65544.3887873088
"11369",160847.911771638
"11370",59198.3822983469
"11371",73927.5635954888
"11372",227714.700332563
"11373",31620.8526405009
"11374",152562.92227442
"11375",207047.4092201
"11376",50581.7974065805
"11377",48466.5703145603
"11378",82471.7866953931
"11379",40194.0377463758
"11380",40176.7635701443
"11381",38124.3787541867
"11382",221810.482708502
"11383",46302.5153127156
"11384",58530.2450058018
"11385",132040.814476132
"11386",21703.9557144801
"11387",63607.27433875
"11388",95367.9941333903
"11389",172083.98208489
"11390",20933.8014251194
"11391",31880.8512005403
"11392",54543.9780945298
"11393",92143.0893642489
"11394",125221.280747355
"11395",23414.0440202497
"11396",43963.253573099
"11397",33116.460252785
"11398",63000.0535448241
"11399",103820.431990734
"11400",100106.490396595
"11401",87956.584952187
"11402",83388.3979235267
"11403",23268.006327205
"11404",36703.4890135505
"11405",26903.1538406817
"11406",47072.2891956801
"11407",99198.6865843454
"11408",52733.2128763894
"11409",67383.5435081118
"11410",145518.424670196
"11411",129320.731523541
"11412",94609.1762006701
"11413",58380.3694166722
"11414",114887.61004151
"11415",192675.499396801
"11416",47006.7875633111
"11417",140167.500003305
"11418",45752.6834116054
"11419",40667.6664205903
"11420",112603.806632425
"11421",94195.6740038837
"11422",46124.2970696392
"11423",135289.068619499
"11424",55618.6719135885
"11425",48451.2003614605
"11426",45458.8858661958
"11427",87602.6959548156
"11428",137719.378596527
"11429",66264.1531929354
"11430",87307.7762142964
"11431",116794.340455767
"11432",43564.0795095791
"11433",101457.328261868
"11434",66136.8456396501
"11435",19601.0553318
"11436",38843.3288589565
"11437",95824.4157782359
"11438",52157.6670365713
"11439",14855.2396446964
"11440",104956.756174551
"11441",44709.7111601775
"11442",76041.6242435177
"11443",35608.7725705409
"11444",61896.1965195537
"11445",112261.136732536
"11446",36228.9847325383
"11447",78882.8727981664
"11448",63741.3599343023
"11449",81286.321987919
"11450",141044.671615464
"11451",75327.1722016146
"11452",58247.2227557055
"11453",277731.048906723
"11454",173439.790167455
"11455",146976.290725763
"11456",83667.075474551
"11457",92821.1951772012
"11458",94117.3528737107
"11459",30913.4048477393
"11460",62903.514481049
"11461",49918.0568172536
"11462",170696.697018279
"11463",81897.8385869436
"11464",51255.5435394005
"11465",72094.9309358909
"11466",95799.9279903036
"11467",61071.6471894402
"11468",28306.259004674
"11469",60912.8060617375
"11470",90434.8340767856
"11471",49223.5384735463
"11472",56806.9966071344
"11473",115466.436343838
"11474",100458.06456129
"11475",159859.373191168
"11476",92611.6141741092
"11477",95003.4779142313
"11478",100837.887755465
"11479",118421.299678562
"11480",35529.6576212733
"11481",47319.4417381364
"11482",33059.2015810788
"11483",33540.2705556612
"11484",67890.8150258677
"11485",58134.7116080391
"11486",137471.001587779
"11487",107043.269309956
"11488",171404.936154536
"11489",147755.37459459
"11490",55256.0195501701
"11491",114103.03403239
"11492",60231.3468974267
"11493",97993.5841737766
"11494",81377.4238401426
"11495",86434.5306466719
"11496",40238.2424806251
"11497",73357.1732058961
"11498",38837.4492748795
"11499",32264.8972443025
"11500",48970.6652626041
"11501",368663.747166207
"11502",52874.147892179
"11503",83351.6667334809
"11504",26817.6599397066
"11505",81196.2518168973
"11506",53583.5828607614
"11507",27821.657313431
"11508",52189.5881951312
"11509",78158.239942147
"11510",51242.7687506322
"11511",33678.6817936789
"11512",162826.3223247
"11513",40056.1928089608
"11514",78091.554176448
"11515",52254.1265398327
"11516",32222.5999140192
"11517",63905.523465352
"11518",100210.148989725
"11519",45168.8645152099
"11520",104137.066979489
"11521",69030.4973172118
"11522",43330.5894930445
"11523",101347.832880241
"11524",76281.6462258395
"11525",58215.8159977405
"11526",86676.0418074365
"11527",61371.0178471238
"11528",59816.4495709435
"11529",75800.3262125853
"11530",17884.7879871353
"11531",89194.9965819344
"11532",117809.551505701
"11533",77529.1130846869
"11534",29604.4239792874
"11535",31827.8053766992
"11536",40084.1477283686
"11537",86754.7980451243
"11538",47557.2303321416
"11539",53525.164882559
"11540",92354.9280022676
"11541",33795.3811927074
"11542",156870.950008438
"11543",111440.494404048
"11544",40830.6760930003
"11545",98101.0120291182
"11546",155398.822155282
"11547",21176.5802335373
"11548",102657.58561329
"11549",117885.324315562
"11550",54818.6144712791
"11551",82813.7385143365
"11552",46227.9130701817
"11553",324796.727780844
"11554",43018.3942675104
"11555",58038.3298557284
"11556",91162.6393724141
"11557",85307.3226779449
"11558",129107.15965775
"11559",188117.540062996
"11560",73555.090586203
"11561",101109.291154324
"11562",53605.2282318514
"11563",47667.327903274
"11564",231737.699545685
"11565",58358.1668595443
"11566",198529.640877954
"11567",39344.7045511065
"11568",53891.8478457125
"11569",165614.387562234
"11570",35710.5263602903
"11571",44638.6066346309
"11572",200594.935509206
"11573",85857.6411140882
"11574",164808.669763501
"11575",74812.2120081278
"11576",76287.7564368517
"11577",67992.5768118004
"11578",38111.751126736
"11579",63827.4091448905
"11580",66903.5381789076
"11581",50160.3991655074
"11582",101628.96675064
"11583",96068.4646378899
"11584",206396.763058954
"11585",33247.7839763974
"11586",83322.1349829972
"11587",73709.2876996049
"11588",104918.964826953
"11589",232550.138786701
"11590",117328.010640341
"11591",113663.870783807
"11592",44101.9449386918
"11593",39982.218344006
"11594",70235.5549376358
"11595",20799.7163924902
"11596",32978.8552037232
"11597",106813.147116261
"11598",31102.8849413303
"11599",101630.197828747
"11600",179378.342104966
"11601",233004.09036428
"11602",76615.2780401488
"11603",140892.164418104
"11604",56738.6451190656
"11605",44308.8565861435
"11606",29881.3073989909
"11607",22722.6254230167
"11608",188286.350341084
"11609",76512.9666767966
"11610",76811.576954959
"11611",19365.5934982644
"11612",90110.24495771
"11613",34677.6202940485
"11614",51475.8612408455
"11615",43114.6071037392
"11616",72218.2633231509
"11617",53233.5036845374
"11618",65318.3939433962
"11619",22409.5352794369
"11620",163064.163230892
"11621",92620.7809651868
"11622",151419.532299584
"11623",49295.004420855
"11624",52229.4906874531
"11625",160864.635048042
"11626",28277.7413355793
"11627",29306.7211235419
"11628",21642.6738590961
"11629",123496.301286181
"11630",131997.410038107
"11631",95728.0567105825
"11632",79973.6435603395
"11633",29401.9099121431
"11634",83621.5413104126
"11635",237774.203472791
"11636",77658.9281324245
"11637",48299.2373481328
"11638",73583.4527043168
"11639",71836.5704060095
"11640",131845.031402299
"11641",61242.9275732202
"11642",88157.3883823783
"11643",17042.2624198543
"11644",92162.2749313034
"11645",26897.2520059003
"11646",172345.863678604
"11647",27720.4933948187
"11648",28161.3955336603
"11649",56849.8149485235
"11650",99055.3644335151
"11651",80485.9930757095
"11652",195785.293528157
"11653",46920.1218788158
"11654",76912.8155087373
"11655",120064.416147846
"11656",60747.9863719078
"11657",16330.96957552
"11658",38019.7308305552
"11659",50393.9432824349
"11660",147959.423351363
"11661",166790.256623392
"11662",113927.704755845
"11663",43206.9396896144
"11664",43825.3426987629
"11665",95121.613866514
"11666",69214.0583722224
"11667",94164.4896735416
"11668",24675.3659103804
"11669",64575.1930464008
"11670",102482.426310151
"11671",101899.913642735
"11672",43828.7445974587
"11673",73132.9686371493
"11674",107224.05983022
"11675",107415.080753796
"11676",47585.06722946
"11677",75683.5255887676
"11678",80853.7264273441
"11679",85415.0908056903
"11680",80649.076289643
"11681",99446.131555491
"11682",91872.6300172964
"11683",59485.3908036337
"11684",129805.203887653
"11685",71753.7001655381
"11686",38403.7369243531
"11687",79257.2283437217
"11688",55822.2429344292
"11689",94562.460057658
"11690",37328.6233126518
"11691",152087.619874867
"11692",84556.2125743623
"11693",55463.3997220685
"11694",112863.656750549
"11695",39017.6778514483
"11696",86907.6380189274
"11697",34529.1958815867
"11698",58954.6016195804
"11699",77067.0166610529
"11700",31407.7577909211
"11701",123911.212369087
"11702",64668.1576156932
"11703",86875.388656777
"11704",117421.761067934
"11705",83962.090828236
"11706",25307.1905249863
"11707",72765.3231815139
"11708",74149.4790877413
"11709",101516.849666839
"11710",89196.6037371209
"11711",44678.0259723021
"11712",230245.292819049
"11713",171022.312561627
"11714",176597.368144504
"11715",195025.799732922
"11716",192948.529133319
"11717",46261.6514035899
"11718",20606.8854571607
"11719",227422.308685547
"11720",24680.3869000365
"11721",97210.7168257171
"11722",18952.7246508181
"11723",81404.6689277344
"11724",126248.554650924
"11725",78188.5314417143
"11726",127170.009167433
"11727",68545.6040980516
"11728",61300.9142796753
"11729",94556.0192908694
"11730",116411.710651864
"11731",164175.378601738
"11732",110587.814599145
"11733",40487.7778510172
"11734",80805.0856445469
"11735",78127.3953286119
"11736",34961.2835595861
"11737",202971.739838535
"11738",63759.0188073877
"11739",32465.3906265364
"11740",50772.5022065071
"11741",30711.2003775103
"11742",63391.0421136957
"11743",46138.9083237014
"11744",177511.564787443
"11745",122273.085521666
"11746",99982.5622805018
"11747",38684.7636727376
"11748",149463.643436904
"11749",46292.2790918153
"11750",36720.5690955056
"11751",113609.929884024
"11752",75708.6071622146
"11753",102649.196351144
"11754",80925.6824017052
"11755",60232.9346510795
"11756",74776.2789271131
"11757",44175.4690872759
"11758",69088.0650332742
"11759",111465.745801458
"11760",84395.5172473185
"11761",40105.7189935974
"11762",77050.635005168
"11763",73146.2427600068
"11764",22820.5358119731
"11765",189731.069731504
"11766",44999.9441733203
"11767",45755.8159966125
"11768",41950.5760952646
"11769",154259.67259404
"11770",36771.8414348303
"11771",47938.7083661327
"11772",63664.382021969
"11773",47807.113976915
"11774",96976.3019856037
"11775",45522.2859359915
"11776",41091.3071503486
"11777",80200.994037577
"11778",92898.6779109097
"11779",37600.9132793084
"11780",41236.7024692464
"11781",44534.9088389601
"11782",96880.0711677893
"11783",44747.7341314644
"11784",61403.895620549
"11785",98306.9067877781
"11786",60616.6702921038
"11787",51519.0591023625
"11788",55808.5903876877
"11789",68649.2708568281
"11790",38751.4513245621
"11791",118489.125692317
"11792",51786.9582081211
"11793",46561.2111696221
"11794",55124.1720968422
"11795",61424.1274121378
"11796",133426.575667853
"11797",607458.075630785
"11798",69552.0773043476
"11799",187610.4473089
"11800",21742.063777033
"11801",63340.4533030871
"11802",97136.8904599457
"11803",113252.488757435
"11804",176040.34327836
"11805",134275.06349168
"11806",71509.8072015678
"11807",79196.1053791586
"11808",90500.4984557254
"11809",60973.1279794497
"11810",36387.4577404822
"11811",65759.7278948359
"11812",89246.6157219093
"11813",45538.7375066264
"11814",86651.2879598132
"11815",54364.1367584479
"11816",10625.585246795
"11817",45850.4994011416
"11818",124472.469605223
"11819",129235.998498986
"11820",91162.2550029446
"11821",49239.6664536618
"11822",85069.1668029242
"11823",104142.876436131
"11824",35201.4217236745
"11825",29758.8146115171
"11826",79585.1656772667
"11827",31725.3906056352
"11828",46523.342469278
"11829",89009.3752159503
"11830",143443.627549399
"11831",72421.4084642589
"11832",42437.7866270561
"11833",102246.150423851
"11834",63105.6022859175
"11835",84643.1526844187
"11836",76023.100488988
"11837",57146.8158727617
"11838",82631.8860240676
"11839",117555.265738275
"11840",89115.316160041
"11841",52346.6989134664
"11842",12064.906007072
"11843",58250.8674795794
"11844",78995.5363804519
"11845",42110.3481697598
"11846",120218.93344709
"11847",46415.4686003205
"11848",56354.977955787
"11849",31781.9664509255
"11850",36037.0652899262
"11851",276759.212856334
"11852",82536.6109063902
"11853",130402.638971343
"11854",44770.7297617034
"11855",51592.2596215055
"11856",44790.5343025915
"11857",86959.8228571432
"11858",66973.2150330332
"11859",42812.7104646863
"11860",139425.270712152
"11861",41865.6985038298
"11862",119492.560707008
"11863",85020.4464283077
"11864",68210.6698237824
"11865",161096.711726625
"11866",165760.73654726
"11867",134771.749823626
"11868",64212.3008809824
"11869",26117.3198542656
"11870",101836.366930277
"11871",27072.1932232177
"11872",66565.6735152574
"11873",47776.4388911434
"11874",105138.282281077
"11875",66231.6251552538
"11876",133054.052354642
"11877",44704.1072856541
"11878",126257.365313416
"11879",52859.7114426111
"11880",49350.8604973576
"11881",60667.9036464405
"11882",81715.5292090206
"11883",176250.397780205
"11884",74218.415691002
"11885",48327.5632878463
"11886",119038.331618664
"11887",55665.5259688699
"11888",58765.3978427184
"11889",93482.8059150542
"11890",44285.9188068681
"11891",51763.8310528726
"11892",37185.1469864997
"11893",60481.7754955669
"11894",99480.1804110138
"11895",185840.388584045
"11896",213265.062863859
"11897",65676.4636050463
"11898",66488.2064752994
"11899",24242.4951652842
"11900",54006.4223585657
"11901",46355.7514173674
"11902",206339.88252544
"11903",48704.3233207922
"11904",37827.4300878366
"11905",56791.1065240282
"11906",45708.0582066362
"11907",71590.9354032054
"11908",46450.9840491623
"11909",69619.1771945651
"11910",32630.3246624927
"11911",28213.1144697034
"11912",192115.727775227
"11913",79447.0624164011
"11914",38871.247978633
"11915",56261.1416235061
"11916",67129.8550626809
"11917",135540.390638481
"11918",24395.238758457
"11919",117803.916329764
"11920",56286.4712263286
"11921",34817.9016145867
"11922",36988.7504935933
"11923",57576.9213326337
"11924",63140.7622423615
"11925",50448.4570505833
"11926",45992.8979946787
"11927",81882.8017943795
"11928",81597.8554643992
"11929",31803.3904573538
"11930",152201.47141771
"11931",54060.1109795396
"11932",78886.3003763093
"11933",96571.8456273775
"11934",52598.5659373927
"11935",48783.1120382852
"11936",100416.315761295
"11937",49408.039609121
"11938",37289.3975088626
"11939",52440.8648098479
"11940",76942.200472193
"11941",103096.272829575
"11942",88320.2957041377
"11943",38849.0758515056
"11944",36472.0558894581
"11945",147610.149966084
"11946",77874.0785046064
"11947",50711.5656842278
"11948",98463.753441398
"11949",52013.3984571449
"11950",81918.9034569779
"11951",54710.300616238
"11952",77127.432038437
"11953",123924.133140108
"11954",51930.3981364385
"11955",137456.385404643
"11956",65850.7385319878
"11957",68991.7136529232
"11958",116283.21616036
"11959",47644.3697654923
"11960",26007.3582785237
"11961",37334.3140895958
"11962",111254.080976024
"11963",57615.4561717352
"11964",84015.5764241418
"11965",73962.6418462477
"11966",25444.2726199001
"11967",130815.732216265
"11968",53842.9694564004
"11969",130809.048533632
"11970",68102.1433407695
"11971",50989.3533576855
"11972",50239.4316822364
"11973",155972.094436034
"11974",59503.9898403116
"11975",80463.2030599633
"11976",69047.3428939896
"11977",83529.4629537372
"11978",34323.5818250025
"11979",66271.7440480569
"11980",89342.4424568419
"11981",99390.7329411156
"11982",197312.883535324
"11983",37350.9621886262
"11984",73319.5083007638
"11985",42123.8924039887
"11986",36112.9197805268
"11987",76423.8610469445
"11988",81460.8260300106
"11989",95404.0953563897
"11990",158185.914642249
"11991",24107.1081340326
"11992",32126.26993973
"11993",145943.700078259
"11994",59827.6249310519
"11995",71720.820198598
"11996",41896.6970340918
"11997",126395.593160684
"11998",185099.365450928
"11999",49521.683898947
"12000",31535.1414778398
"12001",19866.3579706798
"12002",36048.3273296888
"12003",170595.094876453
"12004",84398.4695535603
"12005",53306.9758348298
"12006",80415.7251923041
"12007",48851.5667828789
"12008",82932.8327924549
"12009",117597.174706463
"12010",17312.2634587568
"12011",50590.2128772523
"12012",25451.7669819988
"12013",102428.135118843
"12014",40121.9213264555
"12015",36777.4278561715
"12016",46029.9460852903
"12017",168118.686274367
"12018",26734.8463757975
"12019",72913.6335444433
"12020",38908.5236903648
"12021",18481.8836426154
"12022",27301.2210203985
"12023",84633.5776469296
"12024",151265.403805259
"12025",51366.9245751217
"12026",166555.223441978
"12027",41575.4857635273
"12028",57473.5753401257
"12029",21176.1419071199
"12030",141955.170895794
"12031",230492.04605958
"12032",27346.5965848037
"12033",42509.5677087568
"12034",178310.530300204
"12035",37672.3915617272
"12036",131302.258173043
"12037",19738.711622286
"12038",93058.5799396893
"12039",39599.8101584858
"12040",21865.4679377615
"12041",33568.3758747854
"12042",113183.894892691
"12043",73088.3822159134
"12044",109855.236733667
"12045",53388.4046002722
"12046",31542.9099016332
"12047",134000.454880846
"12048",73025.4469626373
"12049",67597.5769638189
"12050",231505.601469834
"12051",68269.4757963377
"12052",72259.461572422
"12053",29435.8692605292
"12054",251194.598147509
"12055",250017.555270304
"12056",186580.219185975
"12057",108470.677758189
"12058",16796.3189006438
"12059",62708.8517480399
"12060",77588.0185058762
"12061",68225.3602858373
"12062",155159.886943939
"12063",70404.9915560725
"12064",135122.499066429
"12065",46497.0097145619
"12066",121173.518754759
"12067",42034.7298542367
"12068",129690.23528091
"12069",103841.889516496
"12070",33791.08687944
"12071",73365.4287986481
"12072",75270.2307430676
"12073",56607.7728422464
"12074",77589.2964638419
"12075",60301.6281539136
"12076",249899.740267869
"12077",23279.3480236404
"12078",176083.512935027
"12079",39582.3763701016
"12080",77813.9627006269
"12081",144195.20829704
"12082",224341.525461027
"12083",74269.3407509855
"12084",49021.2541044215
"12085",88182.2297545847
"12086",77246.7393030554
"12087",19272.4854135074
"12088",80523.8059022368
"12089",42824.5859188107
"12090",128178.611326323
"12091",91952.0134586533
"12092",37853.6711566421
"12093",108177.32227308
"12094",54240.1561754779
"12095",75461.9251809003
"12096",63408.7520892733
"12097",68663.5495038497
"12098",75511.1074097859
"12099",43306.238903314
"12100",75171.7801683752
"12101",43376.2704645239
"12102",55434.3792770373
"12103",29282.4742624371
"12104",48356.1508262074
"12105",68459.0916780269
"12106",159377.676992038
"12107",62807.7940554025
"12108",199356.768573786
"12109",70065.8276117475
"12110",65964.7146089462
"12111",38743.3407773611
"12112",138705.162718303
"12113",61209.1362129136
"12114",95508.2199966389
"12115",53534.7346106558
"12116",271395.936132488
"12117",69341.5150516372
"12118",64490.703324216
"12119",258201.228183794
"12120",178953.909722146
"12121",75282.9287973564
"12122",90018.4279347657
"12123",94359.7543050231
"12124",45539.4482949746
"12125",44195.7632715443
"12126",77429.0522994728
"12127",19432.6287207582
"12128",86733.8312063286
"12129",72855.1084243928
"12130",68384.9146896908
"12131",143635.454161726
"12132",20150.1267912141
"12133",95298.8548507114
"12134",72981.9191310321
"12135",118950.737271441
"12136",85503.2391161458
"12137",74005.4587401144
"12138",54134.9229110147
"12139",36582.5319968228
"12140",57189.3366719785
"12141",44183.5997941011
"12142",38874.7505329135
"12143",24188.0873238887
"12144",166613.346646196
"12145",112002.596426271
"12146",41956.1231831639
"12147",39253.5237446063
"12148",174437.681092185
"12149",215166.89714373
"12150",89534.7785564931
"12151",99678.2476403901
"12152",99720.2928316114
"12153",63592.9233098609
"12154",50546.2434078645
"12155",74420.8805447713
"12156",98592.310878391
"12157",49953.9075224931
"12158",102112.383811756
"12159",38592.8171312702
"12160",47436.8856179556
"12161",67148.2500350109
"12162",85084.9090752551
"12163",54153.5386899698
"12164",31375.3557648606
"12165",61838.8822093771
"12166",30552.323070531
"12167",80547.284176072
"12168",38058.2421002531
"12169",66677.7621068787
"12170",92313.7171644875
"12171",81278.3622475211
"12172",91564.5885879989
"12173",62397.100471397
"12174",38242.1088191878
"12175",59232.4162387497
"12176",104210.903783202
"12177",174373.054115883
"12178",74364.7962913337
"12179",63414.7736504296
"12180",65349.1218162031
"12181",115258.521490864
"12182",114556.667015714
"12183",47734.9343843415
"12184",83846.1861248978
"12185",67914.2849724643
"12186",47710.9366170146
"12187",31139.3821562714
"12188",36741.3701732861
"12189",255970.170814381
"12190",56104.3108578719
"12191",101810.172935992
"12192",111023.378435429
"12193",101358.069560028
"12194",74345.2205505893
"12195",38728.7420815225
"12196",54070.0663259034
"12197",56817.6157839861
"12198",41341.1371000295
"12199",117049.582448694
"12200",63436.4200358603
"12201",114133.750897741
"12202",28797.2326186398
"12203",43946.3575766175
"12204",117237.092931222
"12205",126942.874206881
"12206",89322.7915569493
"12207",77117.5212015804
"12208",51672.5719193315
"12209",113191.306995144
"12210",119509.471404872
"12211",23299.351385664
"12212",131977.214295666
"12213",84264.6320150861
"12214",58429.8224784003
"12215",46164.8031730155
"12216",138341.42222034
"12217",89619.0759550085
"12218",110529.780813031
"12219",69650.8927126843
"12220",45130.165328519
"12221",22724.8675477133
"12222",38958.3937100803
"12223",50146.0650501861
"12224",108166.811229185
"12225",26989.1761517393
"12226",55982.7940885054
"12227",70270.0292985452
"12228",71675.8579895263
"12229",82269.3843278886
"12230",74632.1769638413
"12231",19153.7541459042
"12232",35873.3854795406
"12233",121340.872572263
"12234",44117.6870628608
"12235",111369.245325362
"12236",18516.531846236
"12237",35718.8794386778
"12238",38688.1928600456
"12239",86620.0152283577
"12240",251160.689238542
"12241",28880.7147658877
"12242",79307.0294414914
"12243",105680.71523276
"12244",72670.4613861681
"12245",81764.5632373569
"12246",31299.4541695321
"12247",117702.840754031
"12248",81181.4532971594
"12249",131204.940793402
"12250",27771.8105086959
"12251",73795.645088102
"12252",57847.104446044
"12253",147280.395261547
"12254",32540.9343497968
"12255",39016.5346877284
"12256",109824.840029667
"12257",72645.6548562453
"12258",66453.6892699597
"12259",112703.779247973
"12260",155937.462887201
"12261",77537.7752217261
"12262",48810.5985639605
"12263",46524.5780112659
"12264",102991.790705062
"12265",25339.8109430026
"12266",62021.0224010493
"12267",37873.2817859957
"12268",124952.235280315
"12269",35125.3893716155
"12270",30416.8095544976
"12271",50935.6747183714
"12272",41319.3990942465
"12273",54489.2975785856
"12274",36534.808941176
"12275",59158.9134114911
"12276",211527.950723455
"12277",69462.0188927834
"12278",161181.594966332
"12279",46371.1878819744
"12280",23110.1307899724
"12281",193833.192544245
"12282",56763.746019336
"12283",49306.6211042311
"12284",75792.7193361559
"12285",56308.921951057
"12286",77986.0751138744
"12287",17931.8692514818
"12288",27868.0315445187
"12289",127700.390335968
"12290",34959.6432277015
"12291",156708.73199916
"12292",120592.245355421
"12293",118081.709758029
"12294",164525.816512516
"12295",38165.1434186582
"12296",73296.4745756577
"12297",131684.6347256
"12298",63568.5365269174
"12299",48938.049483691
"12300",79861.6606435687
"12301",48330.6004496439
"12302",72433.2399599424
"12303",53753.5590641284
"12304",71813.2162026454
"12305",142273.432156914
"12306",127039.140230145
"12307",159174.90127845
"12308",108492.757697574
"12309",34994.353572198
"12310",98261.965283083
"12311",195420.270694015
"12312",55723.4268187409
"12313",57743.6380052461
"12314",196281.544299957
"12315",58093.7121023359
"12316",94055.1086710906
"12317",65184.1264870424
"12318",44999.6730057242
"12319",39520.0544335433
"12320",73581.5396352156
"12321",118837.014718619
"12322",21594.7643164586
"12323",89326.5705161747
"12324",77982.9798720335
"12325",36262.1301649415
"12326",77261.487748949
"12327",83482.6093916406
"12328",226517.719509466
"12329",168752.59727529
"12330",58787.6867512128
"12331",76890.7372589889
"12332",35685.7496446199
"12333",66898.7985663675
"12334",100193.798284457
"12335",71563.8343481154
"12336",23477.7663010532
"12337",100964.767023089
"12338",73614.5833079906
"12339",44879.3666279188
"12340",32103.8573251419
"12341",166238.254751782
"12342",94905.1579022346
"12343",53961.5194914482
"12344",69808.6739045298
"12345",40830.8510860205
"12346",84923.846263502
"12347",19700.2785184893
"12348",95717.7772437185
"12349",101761.145884639
"12350",40775.4145032938
"12351",26761.2188273558
"12352",83743.8590649972
"12353",28950.8890215851
"12354",40633.2240996866
"12355",120583.437448445
"12356",91748.4777875756
"12357",50735.3639295444
"12358",63403.0387814093
"12359",60034.1447349555
"12360",48069.4069515139
"12361",44383.8760790637
"12362",107262.62717602
"12363",61659.4628785317
"12364",99359.6172251556
"12365",79137.0714320754
"12366",108810.431151096
"12367",104269.031173912
"12368",52625.6032865673
"12369",77914.5391120665
"12370",41183.0988323718
"12371",53869.5368474674
"12372",147259.606054326
"12373",120252.643258032
"12374",75915.519642153
"12375",44780.8755067161
"12376",146088.502334398
"12377",29497.8062849378
"12378",12569.2613496541
"12379",239353.252627944
"12380",47359.9236467008
"12381",68478.7906159712
"12382",38499.0933384145
"12383",149847.326911631
"12384",60291.1690933578
"12385",83536.0370226955
"12386",36141.1238865262
"12387",97575.5447743581
"12388",70190.2347136318
"12389",43113.9446566099
"12390",156477.131768009
"12391",42034.1980909305
"12392",66595.5042231817
"12393",36492.2019696521
"12394",83067.0805851711
"12395",53627.0367875349
"12396",91660.9287165728
"12397",36371.4008573546
"12398",44089.3398881557
"12399",111613.614466691
"12400",38953.3315734326
"12401",93917.2834039025
"12402",43594.0460548357
"12403",47094.2543904154
"12404",56650.8041078449
"12405",70592.9681473441
"12406",35727.4314294332
"12407",53044.3994624638
"12408",39182.8745193749
"12409",98579.302237532
"12410",104484.676567862
"12411",36717.746532852
"12412",109622.557282699
"12413",61950.8431230924
"12414",56354.3936779287
"12415",119681.469087619
"12416",83701.6871107593
"12417",90651.8322771041
"12418",96300.743251536
"12419",85376.5528458575
"12420",147596.352844684
"12421",38488.5358462726
"12422",206924.994096991
"12423",149276.720648535
"12424",50057.5004207181
"12425",60928.6329922107
"12426",24700.8958421313
"12427",69701.3256262107
"12428",37893.97810604
"12429",140112.565866346
"12430",25145.7611493952
"12431",50706.4155286268
"12432",282197.818056856
"12433",132394.505561014
"12434",72275.3477979797
"12435",105399.312516541
"12436",75652.2912967407
"12437",24694.7838127638
"12438",55640.8581750283
"12439",60173.1382988142
"12440",27968.6579744266
"12441",40894.2664864266
"12442",99463.4995666908
"12443",45154.576550567
"12444",89920.8039522588
"12445",56092.7843583432
"12446",49141.5520185665
"12447",115230.253618361
"12448",71766.7801022428
"12449",136168.442476711
"12450",194549.329554732
"12451",21401.6044140257
"12452",107298.018718442
"12453",73325.0276627512
"12454",89604.9888564808
"12455",116066.738333652
"12456",134161.745198986
"12457",67613.9341614895
"12458",98551.4740848328
"12459",45175.2899298988
"12460",50637.8995098386
"12461",63329.2004585481
"12462",76182.6529656034
"12463",155491.561806772
"12464",62169.7620845228
"12465",58527.7744251108
"12466",37900.5398507828
"12467",117752.714227015
"12468",84790.6822834961
"12469",56831.8325299301
"12470",114255.827817025
"12471",83450.6780622402
"12472",47145.7935593817
"12473",125045.907233548
"12474",11151.1861657293
"12475",86870.9574739155
"12476",86772.8733789622
"12477",42720.7680724334
"12478",70372.624633214
"12479",31752.8295572507
"12480",35979.894098186
"12481",149457.00500695
"12482",223558.572123043
"12483",57578.1487640668
"12484",158839.979904363
"12485",47874.3840966787
"12486",53165.7881445981
"12487",85070.8262481096
"12488",28064.4248178348
"12489",56980.1953494469
"12490",141448.36652008
"12491",48810.1955870142
"12492",219941.997467693
"12493",150397.112630248
"12494",89993.3615096819
"12495",88595.6988994121
"12496",66120.6759958451
"12497",29833.4728323781
"12498",74244.4556202225
"12499",74095.5489164184
"12500",32660.8980683109
"12501",72564.6121696994
"12502",64949.6233880407
"12503",123498.075405912
"12504",128449.776859338
"12505",52508.6451192084
"12506",111719.076549954
"12507",12157.9426217645
"12508",128342.282191699
"12509",42856.0308723403
"12510",72999.7876669539
"12511",81546.8571755296
"12512",45339.7752358125
"12513",160447.509334168
"12514",60979.3803364139
"12515",25997.539855689
"12516",192975.280773178
"12517",95632.4013520933
"12518",64147.7671245403
"12519",42073.1614723162
"12520",102541.04214071
"12521",23247.7321131527
"12522",51604.4957676936
"12523",90521.3651216517
"12524",34048.9014420132
"12525",169764.025760964
"12526",65673.5284781963
"12527",52443.9185284634
"12528",25321.9028066619
"12529",76786.3753192616
"12530",98395.6374512062
"12531",65769.6031558128
"12532",114364.739519654
"12533",160734.508609953
"12534",63462.0226927872
"12535",105193.158427467
"12536",34843.2510784774
"12537",33857.7721589429
"12538",33731.9504999965
"12539",81710.7858301121
"12540",76878.6196611946
"12541",39793.1444166592
"12542",37898.8293486897
"12543",107447.912070758
"12544",46247.5088881401
"12545",31006.1657981376
"12546",64379.0772696599
"12547",70432.0197324461
"12548",104682.721192641
"12549",77374.1201446567
"12550",36480.4341975714
"12551",61472.1708870174
"12552",85069.7971966913
"12553",81568.7222319549
"12554",40160.0888311185
"12555",74905.3208683483
"12556",63927.1157594706
"12557",96456.6767551428
"12558",121353.364321815
"12559",29405.4867829428
"12560",323943.186547411
"12561",78603.4099156474
"12562",91565.0155866247
"12563",98405.147348828
"12564",91895.7698198819
"12565",94091.080924319
"12566",279662.396973375
"12567",66115.6097285581
"12568",69695.640554941
"12569",94441.3869904018
"12570",50360.1339793571
"12571",63177.4874447597
"12572",52215.4809691903
"12573",231430.584663542
"12574",50095.883296605
"12575",87516.4176224673
"12576",52110.954586644
"12577",53150.6821234608
"12578",62810.0093901415
"12579",118605.128904228
"12580",46998.8440210763
"12581",58002.4855662684
"12582",61919.8398509352
"12583",48354.7070662702
"12584",58415.9335046246
"12585",83180.1720632991
"12586",56304.3162870906
"12587",96291.4887647254
"12588",93844.9434783282
"12589",89985.5611674151
"12590",57365.1419909071
"12591",208603.641516107
"12592",32970.6053436817
"12593",41679.9590460496
"12594",42235.0218792636
"12595",66702.1077510536
"12596",77646.049382724
"12597",70468.3737897188
"12598",90056.3013625072
"12599",39802.1199057262
"12600",22839.5467936883
"12601",22833.5897912924
"12602",55202.2002532444
"12603",74121.0176525106
"12604",154025.390791218
"12605",89140.0617358505
"12606",42406.7605277534
"12607",33312.151979393
"12608",41772.6757326479
"12609",283982.057752259
"12610",81006.5627614899
"12611",49967.6809573205
"12612",26820.7079714695
"12613",221442.861331728
"12614",35539.7138359949
"12615",43092.686201223
"12616",105964.023967946
"12617",57283.1803471883
"12618",31873.4625741271
"12619",63959.877371949
"12620",74974.5482228347
"12621",47553.7694530466
"12622",38655.6106937811
"12623",74544.4913305993
"12624",206122.616957665
"12625",108376.195491493
"12626",106233.479754685
"12627",24784.4472947555
"12628",22606.7794521444
"12629",80007.650253648
"12630",119713.288725312
"12631",71688.1352494009
"12632",36333.3851312453
"12633",14942.5789170047
"12634",22729.7662833653
"12635",51310.6050950819
"12636",53130.454599814
"12637",53396.3179985136
"12638",183172.11367879
"12639",99331.8836819207
"12640",124873.206850925
"12641",55213.3596967016
"12642",136096.762523312
"12643",160476.325679048
"12644",111103.034673458
"12645",32822.7802375361
"12646",93649.0704058807
"12647",90320.9108966728
"12648",99483.254932115
"12649",206564.393262717
"12650",114287.575942813
"12651",40915.9550822668
"12652",42179.6908104743
"12653",123229.479889072
"12654",82936.6739980964
"12655",17001.3911287732
"12656",43764.9419431698
"12657",188767.247262003
"12658",85558.7330884397
"12659",74758.5119645698
"12660",74728.8681361187
"12661",37039.6012811931
"12662",98368.1024223121
"12663",47193.4880263089
"12664",87154.5263884949
"12665",108724.50331749
"12666",28549.4367779957
"12667",88916.0173458238
"12668",62467.1182097473
"12669",98849.7697091183
"12670",38608.9291839493
"12671",84490.2741882886
"12672",76090.6869013711
"12673",57044.5208200654
"12674",130066.88569703
"12675",42367.188104045
"12676",45343.0789117052
"12677",31587.0174848121
"12678",30924.1468910766
"12679",236261.698517051
"12680",51554.3771238464
"12681",148509.627657541
"12682",118020.932843289
"12683",53076.5524214551
"12684",82609.2052820687
"12685",82240.4878010438
"12686",74292.4013042459
"12687",70843.4278567426
"12688",71923.8045726027
"12689",95632.6281042227
"12690",71856.2452531497
"12691",134325.215129492
"12692",36242.949729463
"12693",50600.7481998097
"12694",81233.0266304047
"12695",105838.543396099
"12696",23390.5145993516
"12697",93470.5347466102
"12698",43110.3737192948
"12699",103061.408159815
"12700",168772.021891406
"12701",71390.2918897111
"12702",55090.2703314428
"12703",92951.6123145076
"12704",50145.9445610403
"12705",47836.0660017255
"12706",103427.712771184
"12707",82427.0416450026
"12708",280429.722769563
"12709",29780.0503509273
"12710",43794.063930363
"12711",75364.1880799348
"12712",36660.2956076021
"12713",18346.8336870064
"12714",58632.7383223673
"12715",76805.5081841203
"12716",65711.0730321163
"12717",301692.53812059
"12718",91099.781184163
"12719",129196.093346028
"12720",165631.512729176
"12721",69214.3073150044
"12722",64028.0918595626
"12723",29005.0384481574
"12724",39558.0116169655
"12725",29675.4141799239
"12726",50761.3416126315
"12727",170805.874869795
"12728",215291.874297745
"12729",94605.8535187673
"12730",56829.1265465454
"12731",56029.8569320046
"12732",68924.6538300596
"12733",67842.005010707
"12734",56128.5717495799
"12735",49477.014320867
"12736",78444.5936253751
"12737",108742.261323637
"12738",107919.263854772
"12739",143492.13981958
"12740",132158.24446637
"12741",35381.753223738
"12742",109039.332706666
"12743",51591.5981646814
"12744",22886.7517380851
"12745",47696.1215862123
"12746",89378.5885590532
"12747",63103.208918195
"12748",33058.3582374955
"12749",65139.3847069696
"12750",40545.1490325819
"12751",36811.1462288313
"12752",37386.0897485618
"12753",27884.1680384334
"12754",15718.9426746211
"12755",105249.721258038
"12756",69564.8705100599
"12757",99208.4794914911
"12758",24652.7838423519
"12759",58824.8735793868
"12760",23742.4437235786
"12761",159117.941460274
"12762",70824.7475941918
"12763",165522.021393082
"12764",91234.5831455668
"12765",32328.2042908318
"12766",42365.339077661
"12767",99490.2679789952
"12768",109211.353519335
"12769",65284.2508609009
"12770",75858.2218499912
"12771",64215.9753851561
"12772",58116.8026399397
"12773",41181.6695342953
"12774",53626.0795865611
"12775",45454.7520165088
"12776",23948.8209278044
"12777",78029.8205053867
"12778",45308.7871876875
"12779",88485.022324352
"12780",62536.9881002415
"12781",78207.8346708321
"12782",33169.4274153226
"12783",168780.899068252
"12784",38146.8011937179
"12785",77324.7818356533
"12786",64983.885151776
"12787",76207.8974358647
"12788",41888.3781106597
"12789",109013.646964588
"12790",114620.911631473
"12791",26568.1673710208
"12792",43660.0905419099
"12793",136572.004224592
"12794",133972.953871065
"12795",97722.6004057513
"12796",82249.19805697
"12797",58576.1783823326
"12798",50962.7039512828
"12799",27739.8463980045
"12800",29514.6549869399
"12801",89518.0226703205
"12802",127610.347985208
"12803",59896.7064283707
"12804",57749.6579425013
"12805",89763.8053819971
"12806",29218.425591017
"12807",18298.8495427197
"12808",71895.2536639006
"12809",20446.4587695311
"12810",13333.9018245068
"12811",39203.5136762338
"12812",175444.863558989
"12813",34937.2983115074
"12814",110401.261773397
"12815",96611.6265803452
"12816",87386.4569631715
"12817",134327.246808177
"12818",36796.8747190008
"12819",50129.5995046979
"12820",71328.5252598591
"12821",99526.5521990329
"12822",316949.775161844
"12823",106873.174679381
"12824",201117.875232304
"12825",91532.1660092182
"12826",85515.2291516629
"12827",30940.33498693
"12828",38695.6348230633
"12829",48318.0968990341
"12830",52529.3361766362
"12831",52352.471001318
"12832",37836.5156842035
"12833",45456.6352092051
"12834",28372.000935779
"12835",41737.8038147768
"12836",42764.02209426
"12837",92913.9703813612
"12838",76184.1178638102
"12839",113185.417412679
"12840",106018.949202838
"12841",89671.0969517817
"12842",122366.477216159
"12843",71514.813085852
"12844",122262.227319376
"12845",42916.5984856333
"12846",80972.2379503743
"12847",126272.245273442
"12848",234584.071643267
"12849",52877.8616095439
"12850",45419.7165339291
"12851",24817.3814855007
"12852",142979.9738756
"12853",67385.9167800121
"12854",68171.3777948236
"12855",28321.2238180191
"12856",43789.2761612578
"12857",174634.973587431
"12858",45485.415709775
"12859",37289.806602324
"12860",34339.1883948688
"12861",94670.462044308
"12862",49771.7486354458
"12863",73246.2081846158
"12864",47160.8927073888
"12865",135246.338676642
"12866",132298.161454792
"12867",80430.9262948654
"12868",209725.813969513
"12869",142222.29820242
"12870",55448.7148422623
"12871",147848.069767028
"12872",68541.5663036183
"12873",162835.716538769
"12874",47036.5695483419
"12875",72826.6003255111
"12876",50082.0711365443
"12877",49330.1376792272
"12878",67996.5645528776
"12879",61603.7916521162
"12880",57130.0415956597
"12881",66634.418830088
"12882",200194.533431147
"12883",71316.9454495726
"12884",66685.8696182055
"12885",58675.5255912477
"12886",129294.456596166
"12887",62446.7780902693
"12888",20325.3048427816
"12889",33548.1880037612
"12890",155906.339828227
"12891",39352.7778250773
"12892",54693.9770795868
"12893",47334.8312033796
"12894",138420.843818784
"12895",93053.970761045
"12896",64738.5118377022
"12897",29274.2619951421
"12898",61651.7813224229
"12899",293789.632785483
"12900",37349.1843312027
"12901",78031.6691781383
"12902",86931.595941245
"12903",70785.2211938984
"12904",127289.347674946
"12905",138058.187247726
"12906",74287.9882242067
"12907",53455.887425678
"12908",174861.585208886
"12909",62800.087413041
"12910",49630.0583313775
"12911",42361.0853306116
"12912",51238.744263107
"12913",60457.2294963126
"12914",35645.4275137531
"12915",56770.6155149094
"12916",67020.2099944967
"12917",58606.9902514052
"12918",130542.295129715
"12919",24405.4214059762
"12920",73093.8607653239
"12921",37589.1550245378
"12922",36560.108671167
"12923",76678.4837658137
"12924",12239.3613776791
"12925",48743.6028617319
"12926",125812.543373304
"12927",153181.565579199
"12928",150280.202184202
"12929",88658.295903709
"12930",29589.0978837502
"12931",76946.4099237049
"12932",27349.0492938105
"12933",63599.6981980862
"12934",170386.198712169
"12935",94854.1459094456
"12936",67112.9891718457
"12937",119843.345638889
"12938",104521.015481439
"12939",45950.7123197541
"12940",42351.3764448111
"12941",67246.8635404439
"12942",90598.8223034527
"12943",24266.3787002297
"12944",181675.357847097
"12945",48437.3784976331
"12946",60187.7902440731
"12947",105035.928196357
"12948",173180.707536347
"12949",61476.827882666
"12950",112612.641661678
"12951",65579.9378055481
"12952",86928.3729156571
"12953",44858.5373612148
"12954",56611.2384161667
"12955",116003.170305846
"12956",116471.215110631
"12957",143616.259137217
"12958",87180.0599823845
"12959",119851.075369254
"12960",94531.3649257325
"12961",129061.555494918
"12962",159430.118840062
"12963",59729.2859872544
"12964",36815.4470885306
"12965",53172.6323874709
"12966",61119.5408077695
"12967",140678.967584197
"12968",20196.9978912885
"12969",116856.238593387
"12970",63216.9262612316
"12971",79162.6740199322
"12972",39439.0576578466
"12973",21438.4438165478
"12974",93966.1418433364
"12975",37336.3605357816
"12976",107505.354096614
"12977",59022.7463017309
"12978",44487.6075858827
"12979",30006.1977275638
"12980",60272.8433306572
"12981",88232.9350006865
"12982",94450.9655322986
"12983",50783.5772591576
"12984",164481.33776185
"12985",156201.300565567
"12986",39661.8765475242
"12987",108841.957442736
"12988",143456.868171165
"12989",77479.2936030949
"12990",125168.38040117
"12991",51108.8577732902
"12992",41850.9239936382
"12993",119777.649345284
"12994",37445.4489519942
"12995",198572.964743026
"12996",109331.588274968
"12997",47052.7309614014
"12998",30617.3058424606
"12999",78210.5214988173
"13000",69742.3776214487
"13001",85303.3127877594
"13002",122558.186722324
"13003",35213.5806885049
"13004",100289.813087138
"13005",96691.4925483682
"13006",30187.7909872304
"13007",63405.0613008746
"13008",69799.1407065566
"13009",33786.6630896228
"13010",65825.5066061126
"13011",45537.2569312244
"13012",72269.4069708443
"13013",67299.0401282741
"13014",85648.5233538811
"13015",48554.0654917495
"13016",115924.892021539
"13017",22007.9711768957
"13018",71449.3891272608
"13019",136397.459490352
"13020",76168.8625543267
"13021",69778.301681426
"13022",123859.00357709
"13023",61722.0409597381
"13024",181597.184799802
"13025",73495.801592243
"13026",110192.008488123
"13027",41549.1005731028
"13028",93710.1079417149
"13029",67927.0119897346
"13030",150403.796557369
"13031",61441.7163107933
"13032",142382.803410505
"13033",149143.232322366
"13034",70157.2949013294
"13035",42211.9386421456
"13036",56636.0833161752
"13037",65548.2177853803
"13038",87035.9965682131
"13039",141369.141700958
"13040",61622.1242148731
"13041",110350.948227054
"13042",126089.828677104
"13043",97363.427725537
"13044",60412.6659348719
"13045",40399.3103435991
"13046",62499.9953678309
"13047",100503.357917981
"13048",24915.1882651577
"13049",163686.736298083
"13050",125335.340984227
"13051",31439.2989705444
"13052",34126.469347358
"13053",51925.0307210318
"13054",75644.412247355
"13055",44237.7576263401
"13056",105533.173117044
"13057",102917.504560999
"13058",64157.8369869965
"13059",43781.422914519
"13060",42677.6274391413
"13061",224207.337175251
"13062",35632.1093383819
"13063",151997.945459216
"13064",56381.6766264487
"13065",93523.6515453646
"13066",58255.4574330838
"13067",48560.1643622687
"13068",34863.841853844
"13069",145070.92765452
"13070",59427.2612034556
"13071",47848.2132465381
"13072",83442.6933620973
"13073",138712.821999532
"13074",142635.132037823
"13075",65032.5967954188
"13076",83490.1118679836
"13077",100061.123285039
"13078",133702.648648582
"13079",248045.09158054
"13080",35619.3288093297
"13081",100175.797839295
"13082",148652.997793997
"13083",50295.1035135241
"13084",43964.1696893051
"13085",53154.1349754907
"13086",30977.0418780372
"13087",36062.6314080138
"13088",115575.581527242
"13089",52469.9167590797
"13090",112166.183911042
"13091",88612.3687206129
"13092",189504.136011052
"13093",23676.2161004352
"13094",58082.376200527
"13095",34233.5131089956
"13096",165503.179942619
"13097",144480.202212171
"13098",52040.9778705665
"13099",174601.440310164
"13100",45252.0402758122
"13101",55618.9621043317
"13102",86145.0766464889
"13103",81084.7288847891
"13104",88035.669963258
"13105",72094.3682549994
"13106",128778.698182855
"13107",59843.4626108126
"13108",88637.0142669453
"13109",77081.7832335844
"13110",82636.5289279558
"13111",80924.995701924
"13112",100809.714318541
"13113",108430.508137073
"13114",28202.3790826038
"13115",114716.605540174
"13116",122377.861762447
"13117",246552.645557808
"13118",64777.5565096783
"13119",91148.5395415381
"13120",52511.5495281855
"13121",65000.8257161064
"13122",56700.8104923028
"13123",297952.426978097
"13124",81869.9708436243
"13125",100943.627281957
"13126",73833.2952682616
"13127",30697.1708687787
"13128",41514.2006491053
"13129",76506.4744162256
"13130",51104.4848614171
"13131",195296.028831695
"13132",65587.6143652428
"13133",125091.858610189
"13134",70362.0693261119
"13135",73880.1433668732
"13136",78315.4683704246
"13137",40762.6192208179
"13138",102290.689295391
"13139",60899.5274868624
"13140",55205.2668225432
"13141",42616.6328032652
"13142",104309.514817067
"13143",18987.2760945814
"13144",82496.2168946764
"13145",44349.1406771225
"13146",69116.3706504415
"13147",40921.821901005
"13148",44760.0431075247
"13149",36192.8932728709
"13150",130307.192569965
"13151",53363.1664173655
"13152",30871.8029634693
"13153",46017.5502173342
"13154",201401.407987363
"13155",123884.163520936
"13156",218454.928454611
"13157",78967.4486803591
"13158",66118.3308245476
"13159",28343.9244136793
"13160",67881.2028003044
"13161",69940.0498561202
"13162",27872.682844261
"13163",16821.1633966836
"13164",78311.888698828
"13165",66481.8311110103
"13166",57447.0068359884
"13167",111343.848637367
"13168",132690.767343148
"13169",55659.4873020027
"13170",117982.087049718
"13171",40978.9401979572
"13172",29203.9326437122
"13173",49591.6282992607
"13174",104397.398064973
"13175",49239.4993025051
"13176",125664.171341298
"13177",49861.3122529194
"13178",112150.097552958
"13179",29031.6651531602
"13180",131745.488110642
"13181",57440.5730454527
"13182",80843.3463243936
"13183",48561.5452223081
"13184",44311.5116906824
"13185",122605.861808764
"13186",138591.256582561
"13187",140668.832434304
"13188",44780.4936243721
"13189",37117.5150672176
"13190",176956.885837581
"13191",100314.923953394
"13192",106253.228882851
"13193",93801.6902826155
"13194",51149.0418707634
"13195",35671.8527839904
"13196",81480.1919847101
"13197",124028.67801125
"13198",246990.67457533
"13199",132762.265949021
"13200",54027.1781063264
"13201",27748.6661626538
"13202",85163.6190856609
"13203",60123.5281255927
"13204",156716.615018552
"13205",72266.8775623578
"13206",103452.468234961
"13207",103444.043083209
"13208",35134.9165725988
"13209",123228.975294662
"13210",282979.556000781
"13211",63952.5706367461
"13212",99826.2116483342
"13213",55617.0938150335
"13214",38895.8632085412
"13215",71291.8116942382
"13216",99245.0382195274
"13217",129202.770829206
"13218",34236.0105084119
"13219",59172.9838589766
"13220",207009.974818817
"13221",76338.6369968084
"13222",123902.457911804
"13223",86777.1313833286
"13224",108899.661637667
"13225",61784.1699644882
"13226",98164.6344562846
"13227",133565.783568526
"13228",40234.2431302007
"13229",78459.4624578691
"13230",34074.1234753774
"13231",45184.3484353882
"13232",53472.0356597839
"13233",74734.0620125624
"13234",339372.327333071
"13235",52257.3297240164
"13236",24256.9670210753
"13237",32204.935727345
"13238",61769.4808967273
"13239",40341.2395320804
"13240",24167.1639102873
"13241",53656.7561405722
"13242",148821.718419707
"13243",114205.58117028
"13244",23897.8036757923
"13245",65696.1792854703
"13246",71659.3234641097
"13247",39835.9606651731
"13248",14808.0556390878
"13249",296076.523764207
"13250",61814.3362688279
"13251",117359.550624637
"13252",65931.4919834798
"13253",104582.474562764
"13254",62691.140357339
"13255",55584.0141985331
"13256",212798.301925354
"13257",163433.854326432
"13258",56846.6251555894
"13259",101573.599983239
"13260",37129.833014272
"13261",51607.5537953715
"13262",125615.501514049
"13263",94658.4697225803
"13264",51402.4185878624
"13265",75280.8080486908
"13266",103169.904734225
"13267",111182.496850779
"13268",128195.177506288
"13269",41708.7914025056
"13270",98279.9464874698
"13271",95762.7552725056
"13272",62274.9899533819
"13273",62996.5486289722
"13274",118023.443349556
"13275",74819.9945578394
"13276",122521.75974403
"13277",67636.3396801342
"13278",162436.739429794
"13279",80516.937763945
"13280",71010.5016079959
"13281",98498.2281615903
"13282",63637.6420905414
"13283",41030.2835858645
"13284",54087.9556606908
"13285",62195.9333602232
"13286",53876.6898723573
"13287",64484.4455399301
"13288",54270.6368735656
"13289",223345.143924494
"13290",28617.8231168657
"13291",39674.3919810181
"13292",45198.3041676737
"13293",46400.0448358973
"13294",84951.002885664
"13295",50418.0565067274
"13296",68140.3957259125
"13297",82149.5677400543
"13298",62585.3960880955
"13299",21555.8324842522
"13300",32034.8507006284
"13301",51444.0590755604
"13302",71830.3459036309
"13303",30976.095512628
"13304",36954.1472852209
"13305",86319.086401824
"13306",151692.834416418
"13307",28133.4163872551
"13308",102181.109179189
"13309",113043.743445766
"13310",121918.380425431
"13311",44129.2212245144
"13312",34024.4343733963
"13313",91867.2780324345
"13314",60440.1910436143
"13315",142576.50580689
"13316",56783.9978581925
"13317",42961.0719384987
"13318",34583.386122095
"13319",200773.152288935
"13320",68344.7687275733
"13321",43884.1115759131
"13322",74928.2237853616
"13323",173033.09525653
"13324",106009.804255052
"13325",78499.3130741466
"13326",29092.4555847758
"13327",64450.6573929471
"13328",45858.2242499055
"13329",43424.806632177
"13330",53794.9010154161
"13331",144987.095464893
"13332",89699.0787616383
"13333",49189.569464866
"13334",33324.4670923094
"13335",51075.51717951
"13336",70422.7036195583
"13337",126055.786593845
"13338",54331.5536879129
"13339",57604.533691469
"13340",55264.7482378226
"13341",47010.7800369344
"13342",31040.2171343514
"13343",53474.6366597229
"13344",59632.0651787817
"13345",69405.5251155907
"13346",292171.047682851
"13347",84614.0389493763
"13348",148027.74282727
"13349",138832.701141339
"13350",37437.6340233004
"13351",322763.199916599
"13352",194611.018454244
"13353",200657.769115552
"13354",81308.5253965354
"13355",39264.8096489659
"13356",47931.2065133593
"13357",93273.7046958867
"13358",162884.382270126
"13359",78771.608318045
"13360",115074.3901917
"13361",51174.8099315373
"13362",124846.480606738
"13363",40657.7345422381
"13364",70571.4032849046
"13365",60819.4030213404
"13366",69120.9473019625
"13367",32201.1211462029
"13368",25919.7394458791
"13369",121183.951772524
"13370",70789.6481563457
"13371",87050.8588232344
"13372",170447.940957978
"13373",7601.74707227189
"13374",29694.7334462482
"13375",49612.4458843668
"13376",78091.4354924869
"13377",82170.848734413
"13378",128680.776221632
"13379",92317.3260793582
"13380",67965.0413211926
"13381",30095.7280996312
"13382",157894.715131194
"13383",53357.7293589294
"13384",53198.4625664826
"13385",81588.043373452
"13386",51640.1685103318
"13387",67581.9608742788
"13388",91452.4228365051
"13389",30915.4645857695
"13390",36476.1921631983
"13391",58413.8439160609
"13392",89576.2126169781
"13393",39580.5155867329
"13394",81193.7795730012
"13395",158398.212397239
"13396",43097.628948272
"13397",87024.875827296
"13398",48775.7965703025
"13399",45910.6804628538
"13400",56530.3183297915
"13401",140126.514784001
"13402",46716.3785665887
"13403",145832.132741909
"13404",60466.1168012964
"13405",119297.790922832
"13406",55759.241236294
"13407",74548.7253240651
"13408",68465.1391547425
"13409",38758.8855939114
"13410",123826.786708305
"13411",49032.3735746651
"13412",41735.6443290946
"13413",27039.4911291431
"13414",60244.2447090897
"13415",138549.634451604
"13416",74191.8008274859
"13417",67097.2586601358
"13418",59253.3596265528
"13419",147981.534274954
"13420",66638.5892364361
"13421",45908.8795048197
"13422",57931.1602670149
"13423",43465.344780279
"13424",13284.4327962661
"13425",111639.727503005
"13426",56379.7614387103
"13427",97743.7720251438
"13428",64428.157525039
"13429",45128.0699192056
"13430",30952.9920282691
"13431",146191.968173978
"13432",32492.2965638359
"13433",127516.286927627
"13434",245788.110910741
"13435",91685.9176936453
"13436",53781.1749335048
"13437",75126.5318771098
"13438",70454.6806803835
"13439",48078.6616655202
"13440",120739.087365384
"13441",71179.5522115456
"13442",71689.45368297
"13443",33673.7885942546
"13444",48837.9828658275
"13445",91739.7828739297
"13446",138640.216771589
"13447",86354.7825281841
"13448",38039.3185502529
"13449",52769.109595328
"13450",36923.3047124419
"13451",84319.7214529472
"13452",48629.024444813
"13453",31850.8174895383
"13454",75857.5965692173
"13455",57776.0410903896
"13456",82154.5730707664
"13457",75877.2899309241
"13458",89121.6370272696
"13459",36145.7346400042
"13460",82473.8389704325
"13461",68283.1575058044
"13462",40776.1926905129
"13463",81394.8606291101
"13464",100009.905427825
"13465",65677.1999460116
"13466",74188.292323138
"13467",60149.0828309264
"13468",57107.4589526073
"13469",86501.576362535
"13470",71085.2890031025
"13471",75409.0073718508
"13472",28331.8729599837
"13473",31975.1166071509
"13474",107567.071979466
"13475",143285.754172126
"13476",101593.992867816
"13477",44486.686872706
"13478",14649.2558746119
"13479",59396.8340640059
"13480",65368.8611738923
"13481",82079.8456239914
"13482",34550.850755587
"13483",114733.751341571
"13484",90062.7201549331
"13485",200126.37925228
"13486",91871.0498651168
"13487",87591.8394700676
"13488",94615.2037338823
"13489",52835.0001919927
"13490",75592.0965783271
"13491",51247.8774547709
"13492",33932.0018797632
"13493",27460.8852635492
"13494",39673.0802781584
"13495",131625.897437656
"13496",59319.0481593999
"13497",53779.6859649812
"13498",55108.9394907056
"13499",120964.735749793
"13500",40929.3451156127
"13501",35713.5236164663
"13502",91349.8176657517
"13503",18288.4795486729
"13504",44061.0633292867
"13505",49009.0836987365
"13506",60651.1815437266
"13507",59818.9326699103
"13508",39489.8826671651
"13509",111333.088777957
"13510",78254.3691048405
"13511",180369.68579367
"13512",384544.774522155
"13513",129307.913379779
"13514",49782.788844471
"13515",46546.5517019578
"13516",150598.79952993
"13517",37462.4746972753
"13518",57722.1791535071
"13519",73715.9045874998
"13520",91112.2863665377
"13521",79138.949164864
"13522",60665.6000122046
"13523",37080.5117702525
"13524",32974.7140300767
"13525",90567.1994060632
"13526",84397.4135623735
"13527",79004.0537788176
"13528",39187.7653416171
"13529",31226.9054907105
"13530",20818.8905984517
"13531",71474.6164318119
"13532",83821.0959491451
"13533",153357.493377851
"13534",119217.236422064
"13535",91718.5566179338
"13536",42856.3100235655
"13537",75405.4360430693
"13538",113792.871858773
"13539",31260.1630839672
"13540",81777.611695289
"13541",34470.332925446
"13542",83248.322517293
"13543",91403.9989010851
"13544",38887.3564115796
"13545",23841.776812869
"13546",87132.5333631029
"13547",102563.690314564
"13548",69832.2523862415
"13549",69802.1885299295
"13550",26028.1590369167
"13551",53036.3169283077
"13552",133229.313884876
"13553",30373.9554072758
"13554",82193.5526466517
"13555",54328.098032341
"13556",52473.0565801447
"13557",118987.796943452
"13558",73213.4940011774
"13559",52998.6698716751
"13560",275552.526260801
"13561",36790.133246446
"13562",51493.6404784367
"13563",144540.455445919
"13564",64309.1384043162
"13565",95593.555161199
"13566",50561.3140043059
"13567",204953.683861631
"13568",45990.6887894186
"13569",48006.4327030772
"13570",130531.219480105
"13571",107082.678151696
"13572",138293.882025126
"13573",66280.2402097682
"13574",97033.4884178725
"13575",28005.8331236161
"13576",73283.8612443614
"13577",107677.573509512
"13578",176428.190499204
"13579",48725.9573956041
"13580",75375.0501730791
"13581",88761.2831253409
"13582",53710.1492967474
"13583",36594.4737983849
"13584",29836.8680556493
"13585",171897.372495433
"13586",35927.6829161695
"13587",92003.712556574
"13588",24524.9347667729
"13589",19549.8394116705
"13590",47097.1619335593
"13591",21576.713633209
"13592",124437.56819158
"13593",37815.8127950128
"13594",42293.8770426147
"13595",26581.3818722278
"13596",250231.988467562
"13597",76298.1761322141
"13598",46224.0194651807
"13599",84587.3656645264
"13600",81016.731110882
"13601",90588.692195429
"13602",39252.4512874606
"13603",44096.5765189926
"13604",28586.1085448096
"13605",124648.468840752
"13606",43804.9674028545
"13607",44341.4059388023
"13608",78927.1135566591
"13609",50123.5553511286
"13610",119520.187274063
"13611",42760.6031054395
"13612",117895.077214276
"13613",85122.0262366481
"13614",43291.7017372259
"13615",114838.813407206
"13616",73003.1009730385
"13617",58182.8305846356
"13618",69229.2087567665
"13619",61296.7978082841
"13620",101572.233177712
"13621",167054.458688427
"13622",68377.476724054
"13623",70783.146440051
"13624",46902.2062560511
"13625",43616.6716141845
"13626",35191.3477662072
"13627",66332.7491442303
"13628",55381.8066470396
"13629",50749.1283783814
"13630",56842.3861677654
"13631",58196.6570705967
"13632",93963.0622319427
"13633",33804.8947064524
"13634",175637.449780314
"13635",108060.021631877
"13636",116557.857500125
"13637",52531.6188568185
"13638",30276.824698107
"13639",118354.959102355
"13640",104617.331538409
"13641",80324.1018009571
"13642",50360.7648046609
"13643",39878.8974804253
"13644",91755.5569640786
"13645",39172.6304628851
"13646",98308.0789355932
"13647",167782.517408185
"13648",107827.198940283
"13649",137248.300219221
"13650",54823.3649954268
"13651",81472.7901157018
"13652",13436.8837793662
"13653",96407.6442395617
"13654",87527.4615636893
"13655",57914.7184424561
"13656",48119.6098604114
"13657",32872.5511626293
"13658",28338.4284897433
"13659",119935.470997744
"13660",74751.9997465987
"13661",81208.475283196
"13662",32867.1646623453
"13663",49774.2508800669
"13664",128403.692389794
"13665",66634.0921020004
"13666",28259.5791574597
"13667",29785.6025612576
"13668",52711.0083662159
"13669",98784.289314991
"13670",76467.304332567
"13671",50118.4767415899
"13672",77572.0297474348
"13673",37746.1639173084
"13674",225092.668903985
"13675",30303.2864936961
"13676",102311.912806501
"13677",23887.0056873331
"13678",45720.4900373945
"13679",39891.4151080368
"13680",63719.5272394347
"13681",85357.8543004351
"13682",44379.7191246135
"13683",209592.224638939
"13684",79997.9805311307
"13685",79213.140170594
"13686",54893.7566539314
"13687",105522.722683428
"13688",89954.984059151
"13689",118973.857632792
"13690",130258.334869951
"13691",74517.7403584623
"13692",55753.8634497718
"13693",94699.628030194
"13694",51078.1124671843
"13695",63863.4897290992
"13696",68687.9835472543
"13697",31885.260757577
"13698",52075.490327696
"13699",53823.5929799837
"13700",41802.935563235
"13701",109731.961992531
"13702",76522.727637572
"13703",32484.5456128529
"13704",45429.5441291369
"13705",139294.075404002
"13706",38878.2318694733
"13707",60438.4774756469
"13708",49000.2296193446
"13709",50166.2692660822
"13710",43934.6472145508
"13711",76749.1948116682
"13712",24792.7339904497
"13713",43960.1020824924
"13714",37763.2203246085
"13715",40804.0993282736
"13716",44526.5621629798
"13717",170705.545926694
"13718",40531.4854314221
"13719",83721.6322911061
"13720",107157.750654639
"13721",17072.4803966145
"13722",71816.3590954946
"13723",200383.227512688
"13724",56344.57284044
"13725",43561.5279175305
"13726",57921.6352892603
"13727",48537.4708585364
"13728",85837.4282046656
"13729",38691.9965148462
"13730",52419.9289567911
"13731",197412.570803274
"13732",105819.166053282
"13733",44338.3377795603
"13734",134176.03658895
"13735",31523.7994590419
"13736",314040.72052319
"13737",106954.988397061
"13738",63049.1093399769
"13739",54194.3577568037
"13740",50675.635977987
"13741",41136.1748227185
"13742",77163.6046046313
"13743",75352.6838710288
"13744",78005.0654518647
"13745",106435.369325882
"13746",55001.0900201685
"13747",45100.7184181602
"13748",74822.4778890268
"13749",109488.247599795
"13750",41551.191032852
"13751",86086.2137901271
"13752",68876.8940349756
"13753",117238.275145999
"13754",163247.587320833
"13755",81403.675800668
"13756",95984.2214920609
"13757",40134.1649209464
"13758",65644.8556164372
"13759",56087.3741659928
"13760",43498.8013137318
"13761",36539.6853507191
"13762",37316.292433194
"13763",59700.4482494308
"13764",34592.2229924751
"13765",119906.307426021
"13766",73147.5779738635
"13767",62211.0982357337
"13768",132700.639032497
"13769",40317.9992614698
"13770",107608.736597258
"13771",55500.4369593226
"13772",78087.7584400437
"13773",62443.2347335951
"13774",123194.507695584
"13775",60885.9470384313
"13776",143834.470970615
"13777",189044.619181384
"13778",117482.475691721
"13779",36171.69487491
"13780",45928.7676441589
"13781",43526.186126495
"13782",106318.786966428
"13783",71157.0708760634
"13784",125292.841928084
"13785",36766.3111360144
"13786",43550.1612835404
"13787",142493.206356846
"13788",68782.3531234519
"13789",675524.394485401
"13790",18755.1317871275
"13791",61064.9460851927
"13792",56031.4102285126
"13793",23723.0065413768
"13794",101590.090054254
"13795",41431.6801421627
"13796",55413.7610037862
"13797",25189.6012026114
"13798",103463.482335452
"13799",43118.0083869556
"13800",170994.656280317
"13801",115920.130984355
"13802",178035.235886471
"13803",59260.5934875005
"13804",88851.0067733521
"13805",95964.215990135
"13806",16600.8635902492
"13807",45175.8203624326
"13808",56138.9846229224
"13809",57518.9108803159
"13810",69527.1576924607
"13811",22700.8380306482
"13812",68350.7849382555
"13813",73247.6395945687
"13814",170110.822534347
"13815",68471.2585437406
"13816",30553.8790924979
"13817",78297.1839371091
"13818",84566.2091776834
"13819",68434.2410076119
"13820",203494.731821002
"13821",54916.0632134065
"13822",120970.658622564
"13823",54921.9092695781
"13824",51045.0937271545
"13825",67461.3901441785
"13826",49516.7297942201
"13827",140003.546776152
"13828",125663.105100643
"13829",35615.7323506965
"13830",66631.1028248326
"13831",81830.9256953411
"13832",42730.5516674088
"13833",50565.4395437224
"13834",52255.9080150943
"13835",19849.4702779708
"13836",74933.3927304571
"13837",70521.7839653653
"13838",131884.927132805
"13839",52806.7808531215
"13840",33702.1268427623
"13841",51931.5661244478
"13842",50547.5028991698
"13843",64117.2153741245
"13844",43058.6760595149
"13845",45549.9925995295
"13846",85555.3092097105
"13847",45071.6738685405
"13848",75571.4422643819
"13849",66640.8153239543
"13850",50301.3244192855
"13851",220170.946176472
"13852",56709.2886553314
"13853",28337.2834168608
"13854",88065.4565100681
"13855",153754.463020403
"13856",50535.7564114479
"13857",43550.870860071
"13858",114380.691673213
"13859",39087.8795773012
"13860",95117.1978330671
"13861",19421.1429947142
"13862",89719.8093561052
"13863",82202.9643685287
"13864",180026.875615296
"13865",62924.4070032556
"13866",63415.3740920321
"13867",185713.317547829
"13868",149195.027688093
"13869",182603.693341404
"13870",50555.1400738243
"13871",91520.679663758
"13872",73359.9483041913
"13873",50546.3382174824
"13874",96997.3914021767
"13875",73600.590950609
"13876",89727.6785739901
"13877",100457.807386955
"13878",38921.3639243602
"13879",50445.1080276364
"13880",28776.2149226204
"13881",196041.852988012
"13882",74608.7797653318
"13883",71535.3372447036
"13884",66998.6586761924
"13885",40593.8069397683
"13886",83745.4359926118
"13887",165051.384569295
"13888",62286.2984980034
"13889",68645.1276117487
"13890",86462.3058402233
"13891",64540.0753007657
"13892",159334.336284759
"13893",57621.7088349862
"13894",60407.9011879759
"13895",32354.6236739787
"13896",33459.14228128
"13897",133706.650637927
"13898",55610.7098742248
"13899",81080.4885664767
"13900",64119.2119568229
"13901",124439.142723147
"13902",144018.45352509
"13903",45222.5008339346
"13904",220340.044229523
"13905",73141.3001740312
"13906",54864.4680755697
"13907",59744.8993476444
"13908",120368.198607933
"13909",21594.6227051222
"13910",75469.6332909585
"13911",90331.8377920181
"13912",160996.318118649
"13913",28540.7757003604
"13914",69308.9525956511
"13915",145063.858431348
"13916",25161.1159513585
"13917",86698.5704331632
"13918",72122.4561828323
"13919",97047.6226679667
"13920",10906.9591759238
"13921",47376.6909527955
"13922",42595.1240131794
"13923",67937.8673059027
"13924",107274.88842485
"13925",79563.8999179226
"13926",81241.237044242
"13927",102779.459427991
"13928",68898.988059596
"13929",53062.8482499353
"13930",58065.7016152749
"13931",93565.5415531476
"13932",73590.0398024285
"13933",95980.3276562674
"13934",191356.766870493
"13935",186284.98441221
"13936",127316.281450172
"13937",54716.1934000391
"13938",53359.0440091236
"13939",55912.0372678543
"13940",25691.0515322506
"13941",82301.9245842927
"13942",75126.4399495757
"13943",39003.592148588
"13944",20311.490436411
"13945",51811.9347433155
"13946",85288.1192991053
"13947",206722.10080148
"13948",181155.22344262
"13949",32448.7971855559
"13950",236602.390634058
"13951",35724.9463184494
"13952",70339.2971348704
"13953",80467.0936064345
"13954",25787.1881205607
"13955",60237.2321646649
"13956",53595.6577488739
"13957",60843.5076595522
"13958",78515.9966899173
"13959",64927.0763164579
"13960",113267.125190942
"13961",29124.4550230144
"13962",58427.113548391
"13963",50879.5016917883
"13964",29165.6887714651
"13965",47952.7099558616
"13966",52417.390936674
"13967",47276.6284062931
"13968",48833.3196411462
"13969",34080.8953979991
"13970",130958.432964252
"13971",60837.4823304882
"13972",65878.6018848302
"13973",43042.2966925766
"13974",66235.3607207698
"13975",81417.7177436481
"13976",139685.550551994
"13977",70100.0015729852
"13978",59916.8887040536
"13979",83787.0468970813
"13980",85473.0085897794
"13981",133497.065046042
"13982",88401.3549461724
"13983",88044.1463137716
"13984",83820.365663608
"13985",44551.0767099658
"13986",277421.508999996
"13987",23028.8988267258
"13988",111067.315144286
"13989",122402.122903943
"13990",64854.3702321663
"13991",85869.0785579819
"13992",73242.4865386129
"13993",92746.9342824238
"13994",47126.833948733
"13995",35360.8271975492
"13996",36349.4321229027
"13997",27907.3151686681
"13998",82106.7327279036
"13999",54214.5568162455
"14000",79114.3773448001
"14001",82391.6001439406
"14002",111561.760294249
"14003",78617.8880319587
"14004",48288.5800894079
"14005",29488.1779479292
"14006",82953.8015309145
"14007",100021.484888535
"14008",87527.398490926
"14009",56459.3428876997
"14010",110274.084590548
"14011",58019.7993962588
"14012",105145.156459896
"14013",62172.699557035
"14014",51434.6107705463
"14015",82768.2117804643
"14016",130217.522066406
"14017",89769.7331733296
"14018",47313.4015062271
"14019",94990.2659709801
"14020",19384.2969328666
"14021",138423.112798659
"14022",164105.475983015
"14023",81743.7716514263
"14024",84621.3048269422
"14025",90896.4092950269
"14026",66545.6048481344
"14027",107717.037011163
"14028",40652.9422180023
"14029",88626.6441712497
"14030",53679.7231218929
"14031",17063.3235754923
"14032",46567.3775646529
"14033",28197.2593471355
"14034",31263.9824403346
"14035",45940.2905026902
"14036",54845.1052713825
"14037",62905.4320233754
"14038",87164.316737395
"14039",132448.21678288
"14040",143798.185058425
"14041",61666.6529682269
"14042",83013.9103892794
"14043",33406.1931870648
"14044",51666.6552575707
"14045",97807.735125408
"14046",58106.9974723487
"14047",168317.467803118
"14048",39754.0213949038
"14049",48558.6196836982
"14050",79697.2196662237
"14051",228227.185686459
"14052",185955.147880166
"14053",28537.2566422681
"14054",43915.1833656186
"14055",53262.9196084924
"14056",145941.785781718
"14057",41537.4429473204
"14058",94472.9414601147
"14059",156255.635077472
"14060",208433.064161298
"14061",90724.8058745009
"14062",48479.7075066845
"14063",46067.9734374692
"14064",35942.5950982844
"14065",82204.9285525785
"14066",80276.6061559529
"14067",55571.7579428665
"14068",127943.49600308
"14069",53347.4469979851
"14070",132185.499086364
"14071",46109.0016752548
"14072",111078.232956324
"14073",108527.935544402
"14074",61048.2997355204
"14075",116018.372591323
"14076",27773.4216022024
"14077",127200.882567432
"14078",38068.9087221029
"14079",34307.0471690337
"14080",46083.2595707124
"14081",48198.8984190821
"14082",74146.3109598208
"14083",99845.6080431739
"14084",43890.8536476131
"14085",60014.9958946626
"14086",26275.6794622264
"14087",67352.1350271984
"14088",152546.940830189
"14089",113445.340309464
"14090",77387.2471560636
"14091",68626.8291474065
"14092",70437.7517111928
"14093",51156.2304810699
"14094",58360.2946479428
"14095",173645.735771924
"14096",32310.8522043354
"14097",43367.5716605263
"14098",81595.5161927979
"14099",65712.9831809821
"14100",45153.0296263289
"14101",44752.6326618622
"14102",77606.7581142414
"14103",28986.9906741927
"14104",151014.747260853
"14105",71973.3948365605
"14106",66926.248182049
"14107",166794.465041071
"14108",48116.913802707
"14109",48920.200998825
"14110",28946.9883927322
"14111",36726.6064061985
"14112",48084.1836928279
"14113",62604.7937536694
"14114",28745.2732357317
"14115",128850.015126113
"14116",115220.752114976
"14117",122432.606340935
"14118",120588.68517531
"14119",121223.199573041
"14120",142417.153177732
"14121",194509.737127286
"14122",54598.0674286235
"14123",98969.6561182374
"14124",89742.0445517758
"14125",117481.715386115
"14126",72382.5003389862
"14127",48589.0684014215
"14128",99052.9725370612
"14129",379791.550810907
"14130",64099.5696696671
"14131",20893.0816143827
"14132",72769.290904725
"14133",132933.089351971
"14134",49809.7506488638
"14135",110702.64083133
"14136",49159.3294453347
"14137",41280.4659207258
"14138",35986.6400408745
"14139",69222.2643588463
"14140",101759.498528001
"14141",254068.712740075
"14142",89153.2363941949
"14143",33407.7759562136
"14144",16192.0595877984
"14145",53263.4884036374
"14146",88249.6121262771
"14147",50757.6509163522
"14148",66528.6461908121
"14149",47846.7733240225
"14150",55626.0009141619
"14151",23500.5025293424
"14152",109213.013705883
"14153",109793.756493453
"14154",34196.7785613802
"14155",34305.1847387658
"14156",88445.463739021
"14157",30598.5423152868
"14158",122461.726518311
"14159",50975.0836649515
"14160",114223.774440084
"14161",205227.005223325
"14162",45769.9312793633
"14163",35098.9787995968
"14164",116466.471575359
"14165",191654.465069881
"14166",76882.7149504542
"14167",58889.0392251229
"14168",167233.479445128
"14169",29152.272031252
"14170",24340.0625029958
"14171",57074.2565172394
"14172",201427.44772748
"14173",80472.3502533752
"14174",66148.5706810513
"14175",203609.406416168
"14176",56154.8103646579
"14177",87548.2746471731
"14178",31452.5726106946
"14179",152634.081925689
"14180",123520.849336689
"14181",39099.8383501452
"14182",127498.896388243
"14183",97381.00783272
"14184",67845.934853597
"14185",153718.492029541
"14186",80674.6209865957
"14187",81010.0534346321
"14188",57550.2225286436
"14189",27739.8261816515
"14190",152718.765795468
"14191",48390.507368294
"14192",253233.132653835
"14193",43199.3488446939
"14194",84352.2434049798
"14195",59531.8104084703
"14196",44012.5499200884
"14197",55350.4879588453
"14198",131982.154990894
"14199",48560.7775236357
"14200",253224.118252461
"14201",89704.632591863
"14202",187013.706120223
"14203",95657.058879992
"14204",240300.270611238
"14205",18286.0396612916
"14206",31386.59577543
"14207",45710.9248505949
"14208",48709.4151289728
"14209",45544.0975064495
"14210",64784.9259984914
"14211",244085.354091908
"14212",65125.959321887
"14213",71116.0722815092
"14214",47982.1920968218
"14215",55439.2822769151
"14216",95154.2156895999
"14217",11737.5283449748
"14218",134064.871442306
"14219",29282.4666574474
"14220",71003.0552694191
"14221",52960.9819420975
"14222",101512.016281001
"14223",98829.1561044472
"14224",79297.5354451631
"14225",63995.3059358874
"14226",59555.2030449996
"14227",33501.9818313235
"14228",33908.2678570113
"14229",166232.602410667
"14230",38542.5833843155
"14231",30697.8811106697
"14232",205550.816390687
"14233",86222.4427740419
"14234",213702.607510946
"14235",423800.377726184
"14236",31745.8894547249
"14237",49141.1760285235
"14238",70146.8488401291
"14239",104380.786869234
"14240",45569.4819522302
"14241",80169.1156720635
"14242",439635.804141357
"14243",101172.892971718
"14244",66954.3381417765
"14245",64381.627585756
"14246",20686.7091102816
"14247",50412.811150003
"14248",135213.978240209
"14249",29139.0537031693
"14250",49787.732049523
"14251",116003.491093648
"14252",241070.71824352
"14253",60439.8497057377
"14254",60304.1818436432
"14255",180450.715186345
"14256",282915.251319804
"14257",43545.4400697751
"14258",101178.166256566
"14259",105765.97229176
"14260",60266.4001761868
"14261",41421.2651248818
"14262",86584.0293793306
"14263",39867.2241599281
"14264",97686.029749234
"14265",91211.9847383452
"14266",94738.0918338973
"14267",63103.8390090797
"14268",38773.0596606896
"14269",181517.889125843
"14270",52106.3567106196
"14271",27580.1179307859
"14272",127695.076880641
"14273",100311.327621216
"14274",91156.5312065099
"14275",44119.6011253106
"14276",27026.1254609593
"14277",94226.088989608
"14278",130187.761690017
"14279",177450.821091845
"14280",49445.7994123214
"14281",36035.4200749705
"14282",49285.1218614269
"14283",170140.446203947
"14284",102975.918656675
"14285",143686.881503184
"14286",113300.40627725
"14287",63306.8703934559
"14288",47599.3156559351
"14289",90519.4013231757
"14290",56154.8546831814
"14291",18965.6065231498
"14292",99564.8550432325
"14293",102321.597434409
"14294",56588.9662481186
"14295",52180.2457004456
"14296",65999.9431321426
"14297",30284.6126122184
"14298",58306.3207903831
"14299",113149.926124812
"14300",32711.3181760329
"14301",147004.350059597
"14302",300057.70407112
"14303",82203.2399036787
"14304",60048.8420074374
"14305",42560.4235943744
"14306",115964.651831951
"14307",62357.0825785524
"14308",63617.1305022326
"14309",97456.9374346315
"14310",81906.1475954751
"14311",97082.4052211271
"14312",137897.857170967
"14313",37279.6895540218
"14314",99254.6869549363
"14315",37148.4193803725
"14316",64973.080333795
"14317",22755.914852285
"14318",84137.7471197085
"14319",243007.312694711
"14320",117850.805604987
"14321",57936.8655271977
"14322",30482.4834660409
"14323",54537.3843951192
"14324",206496.478755145
"14325",19146.0065667292
"14326",106975.765228292
"14327",87343.6318081648
"14328",204328.173045851
"14329",32623.4508799839
"14330",227736.460682467
"14331",162389.993723066
"14332",41617.3772952448
"14333",37411.7579016905
"14334",63873.2595841974
"14335",118048.619556353
"14336",49891.2095807424
"14337",94537.3895687109
"14338",86964.3515649224
"14339",18974.1748669976
"14340",49796.0141790405
"14341",36204.674853135
"14342",46118.1299832483
"14343",35210.4618854009
"14344",136303.733486813
"14345",69600.7646541459
"14346",127653.434228723
"14347",66075.296582604
"14348",54296.8376767047
"14349",104623.273301157
"14350",80856.1946221475
"14351",113270.986582555
"14352",59698.285101251
"14353",61217.0066948186
"14354",167536.7430405
"14355",62348.0430828854
"14356",91558.3812601712
"14357",82377.0787415932
"14358",168748.751670593
"14359",26414.2870808731
"14360",153560.970268867
"14361",99672.9413101789
"14362",48141.2340555344
"14363",62081.1733607616
"14364",61965.1021459081
"14365",62289.4625517546
"14366",109198.295223496
"14367",228998.395805033
"14368",56553.4054351764
"14369",64610.4414439414
"14370",33355.9453744907
"14371",34965.7978055136
"14372",54762.8211774187
"14373",45905.0341520934
"14374",144068.922249049
"14375",216590.310903332
"14376",59338.5257896541
"14377",178990.566576108
"14378",94394.87243
"14379",29981.5539734308
"14380",63060.881253226
"14381",54237.3603260215
"14382",50312.5942193741
"14383",129190.639097974
"14384",87107.7433434345
"14385",34501.6155434313
"14386",145610.366091625
"14387",101850.27622264
"14388",150232.137099393
"14389",50695.724547695
"14390",91002.0840300024
"14391",63630.3977799253
"14392",50957.6932209154
"14393",105286.878481326
"14394",63573.6660326637
"14395",124385.214133186
"14396",90054.7373986519
"14397",73108.5939644083
"14398",108518.232294593
"14399",176939.477748896
"14400",42713.9832686305
"14401",93001.9935155926
"14402",80567.1472561744
"14403",34778.1313326903
"14404",92576.1079372173
"14405",59778.36454334
"14406",92193.7314625014
"14407",245272.528496634
"14408",51562.5384026933
"14409",160297.927665512
"14410",37399.6252516076
"14411",50552.6517424958
"14412",34795.4889135062
"14413",48761.5838386366
"14414",125954.308625542
"14415",202518.842651668
"14416",108374.263115612
"14417",108838.244663171
"14418",84105.4251572246
"14419",131920.115469607
"14420",29985.9500880837
"14421",38343.1957471679
"14422",51065.7162242479
"14423",60631.7510417914
"14424",74111.3296170828
"14425",120659.968707997
"14426",151233.549021067
"14427",67799.4423181924
"14428",55996.4172339561
"14429",85172.2557876131
"14430",69688.0123365506
"14431",82389.347948986
"14432",272570.587719971
"14433",52914.8635816567
"14434",210725.260150784
"14435",53860.7307146074
"14436",48242.1064754145
"14437",66614.6931159182
"14438",129602.58934834
"14439",136843.090679108
"14440",36023.7219189421
"14441",107094.44276072
"14442",98574.1407535853
"14443",66372.1528104113
"14444",54387.5903039941
"14445",23135.2004868442
"14446",78018.730219462
"14447",89499.2648613452
"14448",106956.408588006
"14449",59283.2118062909
"14450",27878.4868142899
"14451",66197.3818074013
"14452",55322.1264223426
"14453",60428.0859900458
"14454",51664.7470919318
"14455",73088.685372048
"14456",77756.085932699
"14457",92370.4517753798
"14458",84477.9141283947
"14459",52834.4709085376
"14460",82446.7498048598
"14461",93203.7943089823
"14462",155194.546090989
"14463",48843.9913483179
"14464",38830.2921950004
"14465",76278.8087152133
"14466",82421.6300101052
"14467",32810.7311040166
"14468",72062.4538117481
"14469",106065.848450905
"14470",75981.2128212706
"14471",47195.1768466278
"14472",37069.8984277354
"14473",344969.653263534
"14474",129223.343513517
"14475",72093.7583107124
"14476",60249.2450374888
"14477",89154.7928833095
"14478",61471.7339031849
"14479",83711.9282995712
"14480",55839.1512119769
"14481",109468.604605746
"14482",112936.957581003
"14483",63568.453765584
"14484",98262.405280577
"14485",52312.219865402
"14486",47156.9040992396
"14487",131383.338253188
"14488",165255.864719003
"14489",32593.9649251482
"14490",46187.3140031237
"14491",261976.741467864
"14492",29310.8982428626
"14493",23755.5265587451
"14494",129016.795709748
"14495",67027.4221201697
"14496",56114.6944457796
"14497",32660.0104578177
"14498",26733.1354026729
"14499",113367.81813241
"14500",38457.5966189838
"14501",214049.32107154
"14502",55666.0109082633
"14503",49269.7780641043
"14504",50435.6635028652
"14505",84714.4691843661
"14506",40481.1927712686
"14507",88409.2123131187
"14508",39038.0882031137
"14509",51652.073362549
"14510",113665.847746668
"14511",47727.4349939794
"14512",33541.5378940806
"14513",81266.3268227267
"14514",132250.866308139
"14515",40904.3176047131
"14516",97100.8020404488
"14517",67543.5000983645
"14518",50409.2456611902
"14519",81987.6564343009
"14520",26350.9491289335
"14521",67838.9269502191
"14522",48521.7560879778
"14523",206398.183903831
"14524",45318.186004688
"14525",63920.0515549912
"14526",65986.9720545583
"14527",84306.6386738794
"14528",43676.3383275977
"14529",38078.6330728538
"14530",42835.9082739728
"14531",38503.4489691508
"14532",106963.115571621
"14533",59243.1988114912
"14534",29941.9506490301
"14535",61953.8394923669
"14536",53442.8478968338
"14537",44108.0410124123
"14538",140170.37813857
"14539",64135.1607349268
"14540",26140.0914851171
"14541",30017.8570623219
"14542",95598.3635880019
"14543",49920.8998927827
"14544",123447.451541286
"14545",32811.1414626343
"14546",57093.565674476
"14547",30701.6999867531
"14548",65876.3798039031
"14549",36636.0204679792
"14550",176341.858431968
"14551",142293.979733283
"14552",135854.672081305
"14553",67520.5285111337
"14554",73161.0495205179
"14555",119191.659004367
"14556",43841.4650402734
"14557",116889.686364937
"14558",102757.905864394
"14559",33963.0434660096
"14560",28241.9795471721
"14561",144523.31424726
"14562",30573.1151358066
"14563",258675.559075778
"14564",290985.609024315
"14565",81598.8112541474
"14566",52096.6531304729
"14567",85963.8955610527
"14568",87828.2142890349
"14569",41357.384966291
"14570",96931.4131559141
"14571",54141.2781326925
"14572",63646.7432635678
"14573",116870.266955284
"14574",45533.827022372
"14575",43214.6993834307
"14576",154593.614371373
"14577",119967.480902479
"14578",66612.1506807048
"14579",36863.5025225088
"14580",44145.4279626344
"14581",16561.8085558323
"14582",108949.544732874
"14583",49474.9611972165
"14584",111770.396050159
"14585",135496.522741509
"14586",27084.4892790012
"14587",99531.7002147975
"14588",41524.1514993834
"14589",40366.2534336113
"14590",49143.7202721868
"14591",77541.4071955268
"14592",112670.380075676
"14593",66386.0465322176
"14594",83026.5652945958
"14595",34676.766288758
"14596",111159.000379986
"14597",77933.1270663444
"14598",41212.374862771
"14599",138309.164795015
"14600",68763.9067991275
"14601",26285.0170049287
"14602",41455.6444977489
"14603",125097.081018932
"14604",150618.256117319
"14605",81593.4762629403
"14606",127696.645469501
"14607",18612.3673343717
"14608",53256.7572290166
"14609",110980.529955291
"14610",151563.94935292
"14611",49727.8975784153
"14612",224233.448433977
"14613",62304.9369979321
"14614",109251.064895979
"14615",22730.3358847015
"14616",46466.7911112447
"14617",36192.5790228496
"14618",115402.732046986
"14619",68249.0437182133
"14620",55332.2203842888
"14621",153121.519948848
"14622",69352.28342766
"14623",35561.6889937052
"14624",76486.0481486367
"14625",70349.0973932062
"14626",57514.6531770204
"14627",63540.0401706936
"14628",100061.308713459
"14629",99451.4748495513
"14630",74887.7596340335
"14631",98416.3378251627
"14632",138654.686248618
"14633",47250.2465064901
"14634",21520.5469585208
"14635",98471.1679925675
"14636",24536.7773169343
"14637",86053.003060144
"14638",31623.7470016926
"14639",174245.29528923
"14640",56999.1077758988
"14641",23112.6708322521
"14642",85497.6089912356
"14643",63812.4459026414
"14644",303099.100424158
"14645",64165.0237169383
"14646",45298.8378354142
"14647",90919.5203790367
"14648",61783.9007846643
"14649",92808.695256361
"14650",21027.884932991
"14651",126414.63285506
"14652",36932.2886172149
"14653",22466.2480373515
"14654",95404.4951175066
"14655",68060.2034673664
"14656",105567.193266005
"14657",35704.6935525771
"14658",75397.2576385936
"14659",101573.855389669
"14660",71334.8905022574
"14661",70153.1077340792
"14662",112307.767772751
"14663",101351.553791597
"14664",74319.6685739435
"14665",52232.9759819311
"14666",100822.481904425
"14667",77500.9444238856
"14668",83077.4006793817
"14669",111937.991113503
"14670",99723.473334085
"14671",66702.8697502732
"14672",85555.3129689502
"14673",91433.6823668244
"14674",88978.5458180842
"14675",74243.1294110764
"14676",99962.7770416937
"14677",39145.2788334048
"14678",80054.6991261067
"14679",106840.716690757
"14680",137092.519519403
"14681",27175.5186015453
"14682",45514.4490454889
"14683",106484.514839711
"14684",117613.865937776
"14685",102981.006646663
"14686",128741.089115579
"14687",80264.6463462971
"14688",106169.301073739
"14689",52891.0347287454
"14690",34704.9006292399
"14691",107983.964069569
"14692",107152.921126055
"14693",266244.20926182
"14694",134185.805370135
"14695",63339.0415437271
"14696",66983.6716136569
"14697",23952.9843049814
"14698",120869.46824082
"14699",38358.8633057894
"14700",86763.3742241428
"14701",73756.7466890136
"14702",106563.712804262
"14703",101640.365544769
"14704",66117.8255585353
"14705",61757.462702579
"14706",21439.3080086447
"14707",95765.9066088555
"14708",454537.44994771
"14709",78489.4466842758
"14710",131997.482773666
"14711",69227.6212266154
"14712",41114.9147157
"14713",90476.8019047427
"14714",74268.0205660374
"14715",55243.0028902642
"14716",81064.8380939663
"14717",45556.6101147023
"14718",103390.919819236
"14719",290030.14156143
"14720",43572.1791334232
"14721",75437.6280334331
"14722",153106.97830539
"14723",84258.1987598821
"14724",39081.1947899401
"14725",40697.9262956797
"14726",55514.2733339985
"14727",95607.2632341159
"14728",47369.8416130308
"14729",126419.23145703
"14730",51275.5351915054
"14731",48648.4879466706
"14732",58880.7179169844
"14733",198328.819749557
"14734",36038.8716319468
"14735",117355.530025277
"14736",45977.7452611762
"14737",153102.036184439
"14738",29329.155667859
"14739",43328.1755396449
"14740",41314.7111743714
"14741",56878.9755878108
"14742",142700.919999
"14743",30370.2766693833
"14744",43604.5789595812
"14745",87919.7262022246
"14746",147567.090872835
"14747",141474.153924641
"14748",176966.337444568
"14749",38530.7708231163
"14750",30578.4131740793
"14751",52325.0699548541
"14752",72185.603548089
"14753",35601.0012572841
"14754",68478.7455752582
"14755",54865.3993965821
"14756",127676.971914391
"14757",44450.1651852294
"14758",43072.226145974
"14759",33244.7341155071
"14760",163764.986968082
"14761",94718.470003063
"14762",81247.8260018607
"14763",50862.0222794703
"14764",82014.7533068856
"14765",58263.5531486585
"14766",44694.8861067307
"14767",51988.1843399421
"14768",71281.2880849996
"14769",35217.2528163638
"14770",52259.1729871543
"14771",106483.558458389
"14772",116330.207628576
"14773",123111.729369662
"14774",111363.103999339
"14775",112747.759305972
"14776",148862.902417256
"14777",114777.402137554
"14778",113694.143952773
"14779",39683.3260867522
"14780",32285.4386464307
"14781",60005.8672320332
"14782",52893.0754389762
"14783",67815.5940424894
"14784",35593.6626330066
"14785",41836.3967565131
"14786",93787.900501199
"14787",56373.3930444353
"14788",77141.3573359919
"14789",60001.4799271914
"14790",124426.881130158
"14791",278438.969242814
"14792",31110.6630556627
"14793",33731.8427367097
"14794",202207.669436906
"14795",81175.5642591977
"14796",25151.4677825241
"14797",65533.5472375968
"14798",30275.8072255221
"14799",64975.6316074592
"14800",80327.2879402205
"14801",22525.6895991462
"14802",146582.45098926
"14803",41780.565922781
"14804",86086.8328217514
"14805",87253.7720753888
"14806",76512.1905173725
"14807",37939.7560901974
"14808",38417.12451418
"14809",148182.557797163
"14810",141927.335379119
"14811",34278.9674067587
"14812",74310.7756572362
"14813",60088.203940932
"14814",114495.71014732
"14815",36741.9806833041
"14816",134283.260337611
"14817",191866.816731633
"14818",108023.229051055
"14819",35600.3092586666
"14820",84663.3241469273
"14821",227463.009390541
"14822",38204.2999480235
"14823",79429.1751999826
"14824",105251.325076021
"14825",69684.4328495329
"14826",102152.11106474
"14827",169367.769393302
"14828",51659.2890303332
"14829",148862.367857784
"14830",45283.3672723707
"14831",77277.9924270647
"14832",142204.000400607
"14833",59954.6896853515
"14834",61868.565803617
"14835",161781.2805163
"14836",47350.6038959662
"14837",83880.298458126
"14838",28518.5665564848
"14839",62492.8244952702
"14840",50922.1480442542
"14841",28363.7384630099
"14842",23322.7619200585
"14843",33173.4196148792
"14844",78429.7511286064
"14845",130623.072840279
"14846",201607.891519856
"14847",99357.0189149702
"14848",55817.2161935124
"14849",40993.732257749
"14850",182602.245224654
"14851",108168.910205169
"14852",179041.978033182
"14853",50550.5733475859
"14854",55271.0733405566
"14855",151487.552853321
"14856",79024.3714337384
"14857",73346.7064140466
"14858",199622.637611159
"14859",46634.8250762306
"14860",84896.8224782787
"14861",47800.1761861594
"14862",102785.249764406
"14863",41362.6067433456
"14864",48364.3661344019
"14865",120893.755095049
"14866",109306.82646244
"14867",53287.5652073604
"14868",60038.7231161051
"14869",98167.4888898162
"14870",66470.1811587619
"14871",42564.3889322845
"14872",52132.0844209374
"14873",75730.8266959843
"14874",103741.927320922
"14875",54634.776192241
"14876",39315.4464110131
"14877",60844.3216161875
"14878",103817.16207449
"14879",35894.2168183114
"14880",89321.0577891142
"14881",227249.715188397
"14882",104247.317668943
"14883",80463.3296319739
"14884",54095.2928686985
"14885",44342.4558242846
"14886",198717.701305777
"14887",37307.3851635775
"14888",73210.4567056048
"14889",110892.074068492
"14890",101485.140118405
"14891",38354.3355851928
"14892",54980.9983396493
"14893",41100.7312060563
"14894",98438.4753427632
"14895",215771.696110089
"14896",80136.6331417554
"14897",43603.8494726709
"14898",48696.5985329985
"14899",47494.2032229761
"14900",102251.860934017
"14901",66675.7638789362
"14902",44981.5395912714
"14903",78551.5665130078
"14904",72355.9968648176
"14905",34775.8320744749
"14906",85532.0062892529
"14907",101968.450089868
"14908",19699.5752995953
"14909",34805.7908393769
"14910",83829.3141951485
"14911",128484.467849485
"14912",115570.595342289
"14913",50097.6096626453
"14914",87780.3791845886
"14915",73756.0576079727
"14916",95194.6076010708
"14917",65138.5062395181
"14918",56600.2070012893
"14919",81579.5861486032
"14920",39669.7207753759
"14921",107246.33537334
"14922",52013.6419959456
"14923",57052.1256022815
"14924",71858.4936625825
"14925",86343.832954496
"14926",40171.0254749795
"14927",125513.225085248
"14928",81572.2386930968
"14929",402917.862151781
"14930",68153.5482226437
"14931",123912.219712123
"14932",71973.9494365438
"14933",158736.181448738
"14934",61934.1380012867
"14935",101066.172479015
"14936",38649.2024990624
"14937",90785.6125351859
"14938",78992.0456137437
"14939",47160.2443076048
"14940",155201.157710038
"14941",169418.445486091
"14942",94587.8083002534
"14943",49635.7464621526
"14944",182337.331934328
"14945",113406.69195898
"14946",65453.1930202103
"14947",41981.4381695267
"14948",64452.0531000823
"14949",178677.386928305
"14950",151445.187754403
"14951",71435.6366941074
"14952",263666.628184782
"14953",70817.1172931878
"14954",204594.453381259
"14955",57534.096238996
"14956",39942.4551167066
"14957",27016.4412905157
"14958",158870.785965259
"14959",51794.2743653077
"14960",334588.13787288
"14961",16617.2980688384
"14962",85035.818183956
"14963",100368.617562026
"14964",63102.6210254948
"14965",25395.9613301146
"14966",69177.3195563933
"14967",39333.0810346598
"14968",31695.5361935461
"14969",142740.227174927
"14970",88083.8767193761
"14971",60544.6694541293
"14972",79057.3614688329
"14973",40475.8708030053
"14974",36669.9542451847
"14975",333062.111373079
"14976",95196.7183133769
"14977",168060.380605278
"14978",90620.4559250539
"14979",100913.656794242
"14980",39188.7972434108
"14981",62450.94360932
"14982",96012.5219302489
"14983",128904.238747746
"14984",64806.7215460402
"14985",56288.7283504773
"14986",57588.451472554
"14987",66573.6132141908
"14988",84636.8842170957
"14989",59086.9881535776
"14990",73298.8601158278
"14991",194436.535636664
"14992",62873.0263797274
"14993",64509.0551301252
"14994",60450.5386764602
"14995",29332.0393295913
"14996",144525.58511809
"14997",102795.84444367
"14998",128024.135530846
"14999",62948.8018075059
"15000",58907.6682437177
"15001",58092.0264990301
"15002",29645.1927577193
"15003",63664.3739514888
"15004",94992.6724496178
"15005",156671.635307322
"15006",110526.777209678
"15007",161266.108480831
"15008",46618.9720148052
"15009",122525.889107063
"15010",76088.4082361341
"15011",60429.5797232226
"15012",76185.6307874268
"15013",152329.011203819
"15014",84525.967582549
"15015",94168.0938888138
"15016",52589.174862693
"15017",49027.8045941688
"15018",120091.340546067
"15019",83966.0712828216
"15020",129972.027260655
"15021",123516.134520971
"15022",56896.2791005295
"15023",66684.0706106947
"15024",34183.6912166424
"15025",24927.2215124171
"15026",168668.228778398
"15027",54436.6256361414
"15028",214422.086217068
"15029",134995.28109854
"15030",196204.291432379
"15031",104407.921500861
"15032",119063.469169044
"15033",26010.8984275758
"15034",67953.5903242017
"15035",52545.369341345
"15036",47045.286790018
"15037",65288.0529310582
"15038",70601.068878278
"15039",160509.002760409
"15040",128090.998496856
"15041",18569.4483612182
"15042",24020.5195338336
"15043",66184.1304485319
"15044",39408.8136451674
"15045",111479.130494205
"15046",36359.5028658871
"15047",56584.0238338241
"15048",377465.247225736
"15049",42765.7809686347
"15050",153266.665041224
"15051",19013.9925436779
"15052",109168.375471086
"15053",165613.682866406
"15054",261119.641586068
"15055",128820.627654067
"15056",109651.595174044
"15057",63188.7034941881
"15058",44199.6264822703
"15059",34953.9364965615
"15060",51902.0809479924
"15061",47791.6455491483
"15062",98632.618335874
"15063",38599.0861899298
"15064",40047.9491394172
"15065",110204.755984883
"15066",64961.7669469186
"15067",38802.975233002
"15068",64487.731856527
"15069",84376.6635265744
"15070",32502.1765999109
"15071",96818.2769526792
"15072",130404.624016131
"15073",168020.178428071
"15074",135636.710617677
"15075",84890.6195840717
"15076",77227.9515096198
"15077",85205.6041355286
"15078",96458.9579791211
"15079",37938.9668307401
"15080",26568.864996396
"15081",42577.7784294347
"15082",72533.5827437741
"15083",53128.7793258125
"15084",77533.9109347117
"15085",96975.0124555052
"15086",129755.552942589
"15087",88526.5082279675
"15088",99777.1809855786
"15089",36434.9422905759
"15090",116268.062946106
"15091",33816.0712851347
"15092",136370.999053997
"15093",48832.7811260212
"15094",91829.7295129059
"15095",86069.8278792157
"15096",215303.651058216
"15097",57301.0521123729
"15098",60310.3653006432
"15099",82936.7445147414
"15100",58090.3529980615
"15101",47762.2259544126
"15102",55547.6145007517
"15103",39901.2730259533
"15104",63700.6263209729
"15105",56553.2757190081
"15106",142681.124234642
"15107",73224.4958991491
"15108",92932.9716154978
"15109",111278.592586775
"15110",53256.3046289965
"15111",31433.6104011688
"15112",69067.1781933851
"15113",44752.0820907847
"15114",68400.0888781889
"15115",38466.3960888451
"15116",60602.4879201008
"15117",29432.7458509498
"15118",103401.618814194
"15119",16865.758565843
"15120",51526.913715158
"15121",41865.7820614113
"15122",73042.1963480935
"15123",44360.573551891
"15124",82902.7581401391
"15125",147229.267072578
"15126",76208.6814944558
"15127",52479.2288721631
"15128",88141.7447673403
"15129",56990.0051754074
"15130",42228.6005334362
"15131",49222.4763177249
"15132",59724.5541916766
"15133",106824.873010133
"15134",68284.1184492803
"15135",114850.340740893
"15136",75387.0307057635
"15137",64449.7270865664
"15138",98002.0181476473
"15139",28801.4218386624
"15140",157021.649461865
"15141",117925.419925874
"15142",120530.47207108
"15143",100443.69319161
"15144",283343.23760561
"15145",56909.5830686642
"15146",106843.604587023
"15147",60949.2323525969
"15148",120254.370764678
"15149",93350.5981289486
"15150",47957.8072953437
"15151",40513.8828984815
"15152",43126.3101324409
"15153",101272.219980519
"15154",63957.0275872852
"15155",78535.389151835
"15156",65905.9266387154
"15157",26966.35254723
"15158",54636.6970198415
"15159",72136.6600339001
"15160",89898.3245200363
"15161",42640.9045021702
"15162",58763.8412136443
"15163",24888.3862195362
"15164",151529.633790999
"15165",43083.0602404615
"15166",111709.646112144
"15167",70750.8778676627
"15168",34097.2534785485
"15169",105839.796352199
"15170",70488.7808186145
"15171",140420.020996155
"15172",104082.971754528
"15173",43509.9714438755
"15174",80997.4268851041
"15175",63715.0933370722
"15176",30768.7159121667
"15177",79201.713577515
"15178",86472.1139733196
"15179",178622.568968592
"15180",144279.88828581
"15181",131109.761813366
"15182",52780.5724160308
"15183",27876.6583621003
"15184",94603.0416132878
"15185",47969.1648542736
"15186",69081.3546954562
"15187",25162.6658328671
"15188",136675.283487251
"15189",169368.892549709
"15190",114190.677796788
"15191",139719.395529316
"15192",28267.4848971007
"15193",50011.4107697755
"15194",13508.4275344905
"15195",155172.804211977
"15196",61220.8577234712
"15197",190328.277613365
"15198",162774.290364714
"15199",20525.1424771395
"15200",51546.7584769037
"15201",108152.727792319
"15202",111764.118260324
"15203",69045.2051860941
"15204",102260.840256748
"15205",92240.7445690797
"15206",51752.3566816703
"15207",39445.5331307393
"15208",98194.0288278292
"15209",285779.296500636
"15210",42678.8299759795
"15211",55886.8655467854
"15212",107527.356723018
"15213",79677.6387077974
"15214",53104.5716227155
"15215",22893.5127734981
"15216",29264.3423740435
"15217",94195.5392404241
"15218",105552.058045805
"15219",136844.935023445
"15220",86916.9261605302
"15221",55903.4304104097
"15222",97994.0964852937
"15223",163612.695929645
"15224",100443.775760873
"15225",226147.818637786
"15226",202144.539953365
"15227",156556.399703468
"15228",93859.4779672509
"15229",39911.0798948993
"15230",90576.8935669304
"15231",118697.224953867
"15232",52408.468712488
"15233",79078.3221183837
"15234",92901.5992595116
"15235",59897.4701310082
"15236",94984.0163515658
"15237",79440.5694146042
"15238",24598.2340023046
"15239",103873.390206691
"15240",131019.985635147
"15241",49239.4726878529
"15242",287163.561285653
"15243",20126.0987173398
"15244",30128.7255731375
"15245",118472.652766325
"15246",135737.227528035
"15247",92400.1592705629
"15248",38595.9371074927
"15249",38968.0105986188
"15250",62705.2280953526
"15251",102958.84316683
"15252",18827.7653082608
"15253",143120.175683773
"15254",65949.5929349131
"15255",162996.569072555
"15256",99102.5375289092
"15257",122345.585654259
"15258",29358.5841103688
"15259",47301.5029000369
"15260",37950.0365219567
"15261",97093.0598908908
"15262",116763.618637549
"15263",35669.1932127086
"15264",70630.1532290517
"15265",26704.3969447544
"15266",45352.4540943244
"15267",222004.093806323
"15268",36043.8337376128
"15269",26552.6817265354
"15270",48773.3968002143
"15271",65436.2124049354
"15272",58470.1999241473
"15273",89919.3340370407
"15274",39846.2012957625
"15275",63259.7129424217
"15276",51762.4132838722
"15277",25985.9230996608
"15278",42010.2442142907
"15279",15686.9098068792
"15280",188113.882713509
"15281",149337.128307226
"15282",52124.4429210968
"15283",31325.8160256729
"15284",61880.0300550051
"15285",28202.0509848212
"15286",28507.7853410645
"15287",88591.7999663917
"15288",92319.66287821
"15289",36536.5738315749
"15290",36458.1529359457
"15291",102682.507321367
"15292",74280.4837329664
"15293",99646.3330490581
"15294",20631.6364133461
"15295",52313.5394116273
"15296",88140.6994634631
"15297",19593.3715609064
"15298",38428.2242785466
"15299",71536.8917342099
"15300",60041.6496115827
"15301",198061.924232195
"15302",78729.4721714215
"15303",70382.8804609383
"15304",68900.3747372943
"15305",65499.013362546
"15306",68430.4252697523
"15307",102719.913228022
"15308",28571.5891554857
"15309",103977.815832704
"15310",38020.7737943842
"15311",66708.42007505
"15312",46442.4335115293
"15313",57457.7825917006
"15314",26772.4516422165
"15315",33373.4871769676
"15316",249750.606960581
"15317",43412.8877353288
"15318",26197.3223153399
"15319",93655.9646661864
"15320",21565.5173789892
"15321",34410.0523421389
"15322",106645.754049065
"15323",52864.0744369983
"15324",34116.7403900729
"15325",61197.7630896935
"15326",179761.759664512
"15327",68300.9287476519
"15328",72442.410733932
"15329",181302.301796044
"15330",68086.3635065229
"15331",46878.3460106055
"15332",82997.1306514722
"15333",30782.9994796232
"15334",89017.4550716292
"15335",67736.5248139896
"15336",31664.3104430217
"15337",81052.1137692986
"15338",51754.814545127
"15339",69316.2314489577
"15340",70455.8558642399
"15341",101581.966630175
"15342",88689.2635042571
"15343",53524.1926265158
"15344",62382.3187452304
"15345",61443.6238813309
"15346",22453.0310052572
"15347",97478.0061714887
"15348",147633.67217563
"15349",72720.1884742654
"15350",125712.981049035
"15351",86000.946185944
"15352",38009.1236480881
"15353",101491.119627625
"15354",117703.948912658
"15355",101228.69467778
"15356",71625.7141505361
"15357",55058.5854782543
"15358",15259.5930706987
"15359",63943.0397131917
"15360",102781.403615418
"15361",79138.3829298828
"15362",168115.644265593
"15363",49037.5310781317
"15364",115475.987062842
"15365",93694.6078634928
"15366",159821.157801469
"15367",214795.404766493
"15368",49320.3828170957
"15369",202888.64609529
"15370",90313.039124465
"15371",36715.7491568997
"15372",95134.7270115232
"15373",70861.2603323532
"15374",51475.2486106393
"15375",70273.4372386824
"15376",38445.2823355363
"15377",106320.320074182
"15378",52310.5383768959
"15379",47319.0097543043
"15380",97389.5144003718
"15381",28288.2952809716
"15382",64484.5559058359
"15383",61112.3507611083
"15384",39750.7238030588
"15385",24508.3279949919
"15386",81268.3179326149
"15387",32363.9436971942
"15388",82953.0981668621
"15389",62290.8537232646
"15390",97408.3187855051
"15391",55692.0336123724
"15392",43739.1852594284
"15393",144137.994948329
"15394",37277.6643933629
"15395",65114.1065505951
"15396",147328.500713012
"15397",268159.651003868
"15398",55420.397396223
"15399",71015.4999390913
"15400",83997.6354194484
"15401",32423.8856665936
"15402",76891.6319838486
"15403",57448.1235321243
"15404",46992.2752289749
"15405",48142.0036469399
"15406",91889.0780108514
"15407",45102.7188759267
"15408",61452.8428811044
"15409",92870.2489569115
"15410",86192.9234209572
"15411",144343.386700467
"15412",93614.829354673
"15413",115992.020798465
"15414",44799.9499069373
"15415",38992.0586937674
"15416",84784.4633293964
"15417",38838.98800405
"15418",93012.7945825926
"15419",271521.180564119
"15420",63200.3969352459
"15421",146280.651461963
"15422",67575.1045252081
"15423",38659.6280794238
"15424",137739.828063089
"15425",97415.255155042
"15426",22211.1848472658
"15427",41775.0784529845
"15428",48760.5810804732
"15429",145287.727660626
"15430",69159.1457199896
"15431",63414.6114889986
"15432",248044.961662698
"15433",61043.7656131466
"15434",49124.9624499594
"15435",158874.596352778
"15436",82009.9376773304
"15437",55404.3112182436
"15438",88792.0557896248
"15439",149887.40183698
"15440",131489.943532401
"15441",49426.3215456292
"15442",76775.1991388054
"15443",112149.656832931
"15444",90295.3794160065
"15445",53075.1440327823
"15446",64073.003879192
"15447",66714.0594890931
"15448",132213.131931146
"15449",76972.7215471016
"15450",44984.4151802923
"15451",13458.6796544965
"15452",36475.7370855989
"15453",88873.6201755795
"15454",58763.1839412593
"15455",53250.3393564399
"15456",74772.438164064
"15457",93588.3700104949
"15458",53542.0985907268
"15459",65542.8716263757
"15460",51373.9242306921
"15461",94911.522710586
"15462",171052.674365255
"15463",223966.008963906
"15464",67187.111465694
"15465",40008.6522454926
"15466",54072.9131925814
"15467",62652.7646853322
"15468",60835.6167621129
"15469",67492.4551708357
"15470",240458.728933527
"15471",112786.258001995
"15472",87564.1014354099
"15473",29479.2701316381
"15474",33111.0508908117
"15475",67599.8623047719
"15476",37504.3581617771
"15477",162348.497736134
"15478",61273.0954089974
"15479",65858.9567759735
"15480",184650.58402617
"15481",203607.376066409
"15482",258854.89149649
"15483",49460.3478933755
"15484",103428.894132053
"15485",69297.0134453155
"15486",102275.826936221
"15487",120684.095805923
"15488",32987.133999892
"15489",34683.9499805409
"15490",59006.0503655544
"15491",47468.011660446
"15492",41606.402179578
"15493",34291.8627424034
"15494",28426.7725828674
"15495",45073.7416570873
"15496",68080.4334651391
"15497",116001.260717728
"15498",90014.6892326622
"15499",135430.214583172
"15500",170830.890941283
"15501",12773.5701985008
"15502",56366.829030947
"15503",37078.8641723685
"15504",98490.7377722954
"15505",129001.981457137
"15506",36685.1244397135
"15507",151450.177061052
"15508",59128.1942619573
"15509",189616.069330999
"15510",33904.9747075089
"15511",126067.228762795
"15512",99636.290745455
"15513",68449.0156881136
"15514",54651.7672585802
"15515",56868.6228299215
"15516",40447.7729484422
"15517",122812.248400635
"15518",28398.2074457932
"15519",252485.934581075
"15520",68440.5816405629
"15521",65376.3244220257
"15522",59907.2576659511
"15523",153970.702484041
"15524",142582.846839761
"15525",57204.3536391265
"15526",91615.680674452
"15527",95151.8959610561
"15528",111000.980998053
"15529",79488.7453357852
"15530",62985.2028121484
"15531",72303.6074816976
"15532",110531.781645116
"15533",77832.6420409483
"15534",27010.8814260722
"15535",88497.7420657185
"15536",200934.529166016
"15537",71797.2524178607
"15538",113430.560754802
"15539",51202.6582285421
"15540",62258.881669001
"15541",86181.8849302447
"15542",66508.87415294
"15543",76997.2898267191
"15544",64485.2681878642
"15545",45965.0524253517
"15546",93208.5924671029
"15547",76139.7399235615
"15548",89864.6081301487
"15549",47450.375367569
"15550",95688.8290045111
"15551",55222.2553024057
"15552",88736.1547405592
"15553",63854.8163875703
"15554",44507.4825815298
"15555",40308.179708322
"15556",117648.967576304
"15557",102685.063286238
"15558",84253.1504667752
"15559",127005.069425766
"15560",66286.4552928488
"15561",116131.869033323
"15562",111647.760395796
"15563",66480.3044587376
"15564",113764.157073834
"15565",100196.921145898
"15566",91420.4605909252
"15567",39278.2672110312
"15568",35728.9173091978
"15569",47138.4731671175
"15570",30424.8033639104
"15571",66011.8563408436
"15572",61729.6183399238
"15573",96751.9688139898
"15574",38745.70605859
"15575",31493.4693993422
"15576",170261.528526653
"15577",24674.5889214495
"15578",66049.7691535177
"15579",61406.8202913442
"15580",32462.3560531661
"15581",101929.546577398
"15582",25906.1181457544
"15583",36216.4581388367
"15584",133235.306427345
"15585",163964.650417947
"15586",72939.8493477851
"15587",30054.0785572598
"15588",59305.143461306
"15589",28478.009372434
"15590",132014.131012888
"15591",126280.149356536
"15592",37855.0950298863
"15593",126249.219568849
"15594",68329.9050009224
"15595",100213.434584264
"15596",164563.187820437
"15597",39036.1363364947
"15598",101508.667469583
"15599",21058.7374538844
"15600",35727.5928123618
"15601",17086.9971955014
"15602",113734.555604251
"15603",115605.693937048
"15604",108257.720570942
"15605",95730.7051160045
"15606",65466.3894949102
"15607",104784.440859249
"15608",201852.487577757
"15609",70393.0041424826
"15610",146213.57147153
"15611",68670.7431490178
"15612",124706.571227795
"15613",70939.3634509324
"15614",114932.997931106
"15615",93021.1927805672
"15616",41238.7475060931
"15617",66772.5337310619
"15618",56104.4274732269
"15619",51522.333578118
"15620",90076.102204331
"15621",20129.0950006052
"15622",46504.3999369432
"15623",135387.912319552
"15624",86547.9087312244
"15625",136684.477174978
"15626",76759.5585048663
"15627",42836.4144630717
"15628",226770.160022345
"15629",111249.242489385
"15630",65037.6460542296
"15631",44141.2606869615
"15632",42475.4322999618
"15633",78669.7326796472
"15634",77865.0789537464
"15635",57547.6246582561
"15636",98100.7643797043
"15637",44346.7982676519
"15638",57596.2501203756
"15639",55750.5514471823
"15640",132388.022080045
"15641",152916.42473358
"15642",204837.46480305
"15643",59183.5128625115
"15644",102718.129123477
"15645",67379.075148047
"15646",102466.788684857
"15647",110858.231394135
"15648",24283.4711949393
"15649",84336.3772093885
"15650",108384.774335166
"15651",67445.8362397773
"15652",116089.874439381
"15653",209469.375537022
"15654",51601.5871497735
"15655",75370.9365876867
"15656",316285.354319927
"15657",74230.2877534677
"15658",125209.646633304
"15659",40009.2161098127
"15660",217621.415907735
"15661",113227.616369682
"15662",73013.2331205221
"15663",47153.0631802223
"15664",63820.390476879
"15665",80784.1965315563
"15666",67234.2937373076
"15667",144295.371763478
"15668",27897.8744984246
"15669",47056.7848434659
"15670",55328.443868576
"15671",39359.9737705848
"15672",19172.2389949867
"15673",96670.22002469
"15674",52328.7236997346
"15675",56009.6828747729
"15676",58829.0788497413
"15677",94953.9063665912
"15678",97240.913311414
"15679",61964.8620239992
"15680",38537.3811742229
"15681",78408.153048364
"15682",126261.20976975
"15683",42723.7256183928
"15684",61191.6639979784
"15685",19691.2504206932
"15686",157583.705106014
"15687",96862.6054453795
"15688",91982.4820444131
"15689",93946.9699436316
"15690",309472.304721997
"15691",48225.0296875683
"15692",109143.877982549
"15693",47924.909404075
"15694",77278.2960295123
"15695",99788.7594564094
"15696",68201.3723371721
"15697",52687.9791226792
"15698",37978.3970723883
"15699",19624.1653093548
"15700",144271.7704267
"15701",33201.4393952844
"15702",52278.1416323858
"15703",50822.226383382
"15704",40685.1737738816
"15705",45888.7163525361
"15706",160552.674383644
"15707",184602.315860921
"15708",29882.5174089898
"15709",24326.6854792146
"15710",45016.5842555571
"15711",67267.5944499483
"15712",143221.057329642
"15713",170575.740307797
"15714",69436.6043339744
"15715",41120.9183067809
"15716",68946.1902113885
"15717",62332.4695939334
"15718",83603.1949731305
"15719",25502.2158055217
"15720",52111.8581956776
"15721",107765.16651401
"15722",37487.7372963299
"15723",76909.1110927159
"15724",34882.2142296736
"15725",79684.9538394904
"15726",139930.218355325
"15727",82560.8108940634
"15728",26579.0280641465
"15729",204814.52092487
"15730",35349.5787537061
"15731",121033.654027631
"15732",65947.919447156
"15733",149587.876987585
"15734",35784.2479270065
"15735",88359.0651695714
"15736",40957.0941021127
"15737",90243.9274891431
"15738",41699.8987063192
"15739",49475.8441329149
"15740",103149.282403853
"15741",120896.160042143
"15742",48036.2055331652
"15743",80184.7233605165
"15744",44349.1165957119
"15745",95747.7792055652
"15746",82446.6913779747
"15747",39799.4045115516
"15748",62683.1256985475
"15749",41503.5350012172
"15750",72170.4350189695
"15751",65832.8446241362
"15752",43068.187167908
"15753",66848.0544059881
"15754",40881.834371293
"15755",57530.4497853693
"15756",79161.04345714
"15757",30421.4520651328
"15758",23300.5381325037
"15759",44022.7143739353
"15760",102160.907947329
"15761",63745.8191163395
"15762",72203.8521757743
"15763",48773.7157537538
"15764",177559.146221201
"15765",211434.824414691
"15766",49723.6878144288
"15767",143190.96179404
"15768",42982.3646581927
"15769",64231.8392783545
"15770",60055.0161938925
"15771",107263.469877705
"15772",39261.4525442823
"15773",52175.075739487
"15774",20165.3843267148
"15775",44405.0631951798
"15776",135620.636358117
"15777",72910.0948821421
"15778",59874.4133603553
"15779",56828.9582268198
"15780",70464.225671111
"15781",119387.062105368
"15782",84233.702372127
"15783",107617.290650164
"15784",200962.461598778
"15785",44242.918510628
"15786",71635.4870597047
"15787",139062.672621628
"15788",30446.6171912887
"15789",115943.796139448
"15790",46725.1728688853
"15791",51602.7114471029
"15792",52877.2576091413
"15793",175484.429660791
"15794",71586.4911406671
"15795",105598.409727715
"15796",164745.853708463
"15797",105819.672552235
"15798",87249.8944815065
"15799",99178.9700545189
"15800",22717.6502643502
"15801",192856.351900043
"15802",40534.1215617915
"15803",34269.3356523484
"15804",47243.6393592244
"15805",127532.560761731
"15806",185862.699016638
"15807",48637.1263189077
"15808",63352.0029373944
"15809",24379.5941280244
"15810",124292.845622072
"15811",134934.534846539
"15812",61381.0534514685
"15813",63418.6795143208
"15814",19985.9760198526
"15815",68246.0031425398
"15816",89092.1032676829
"15817",66092.9178413146
"15818",64561.1632690721
"15819",48577.8491831173
"15820",33635.2138710354
"15821",50144.5408699527
"15822",39630.6161207137
"15823",33598.3043081159
"15824",67665.6322019412
"15825",41141.2914717145
"15826",43275.2272700197
"15827",56345.4136936945
"15828",232650.05002647
"15829",91541.9690075419
"15830",82516.1816720234
"15831",36150.1711290714
"15832",36980.9751445387
"15833",117999.702951186
"15834",176368.357582241
"15835",21521.5638653346
"15836",41364.0682604053
"15837",126050.175638526
"15838",133766.518919258
"15839",92810.9052264444
"15840",48268.2118809576
"15841",50664.7901005643
"15842",82686.1902436043
"15843",45233.3058190816
"15844",38388.4433940722
"15845",56476.7370429059
"15846",94331.4904893637
"15847",48567.0563349912
"15848",34126.7523718233
"15849",36540.6479306026
"15850",190688.493500535
"15851",147423.893068552
"15852",63493.8565412691
"15853",202198.374741751
"15854",54465.5685452191
"15855",112350.515110018
"15856",35615.370095807
"15857",59408.2452364778
"15858",88367.2253009502
"15859",190735.75334343
"15860",29598.3615383141
"15861",41429.5211535155
"15862",12035.6078400064
"15863",114154.017208846
"15864",17855.0990409992
"15865",43758.4028963851
"15866",184403.980211818
"15867",34547.3997580088
"15868",32591.8692985332
"15869",73307.1796262156
"15870",79048.0222748963
"15871",108135.341116525
"15872",89526.5357480145
"15873",67558.775607163
"15874",21257.6940751601
"15875",52496.8220513907
"15876",23758.1703797888
"15877",68739.2834586133
"15878",145809.98091958
"15879",53315.7671755325
"15880",81769.2624726978
"15881",146899.044819267
"15882",73097.9363437156
"15883",83511.8486264185
"15884",73700.622704162
"15885",38055.9956739293
"15886",62543.1252200652
"15887",161756.956373444
"15888",67531.6557621863
"15889",44587.4959461477
"15890",122709.167031833
"15891",76906.3004821315
"15892",50511.7749688483
"15893",51855.326207686
"15894",58869.2230552641
"15895",90268.3860360728
"15896",113066.974807679
"15897",41569.3048454942
"15898",50366.9565119678
"15899",77882.4206635124
"15900",180007.661561865
"15901",48121.953580224
"15902",97160.7878201566
"15903",49437.8898807956
"15904",120332.159794099
"15905",124158.65135548
"15906",60012.5339757336
"15907",105757.504242394
"15908",87646.2784085857
"15909",68701.989910761
"15910",93301.1145314497
"15911",76246.4309503516
"15912",130898.376373356
"15913",55413.2499767946
"15914",22492.6482848459
"15915",61774.1971294387
"15916",28462.3895214792
"15917",27518.0849973423
"15918",117123.81824689
"15919",53053.7794893766
"15920",40322.4212836296
"15921",46066.1234496574
"15922",52204.7232364046
"15923",177891.723262996
"15924",120397.922093512
"15925",224161.023347967
"15926",25371.1566620167
"15927",109260.381961098
"15928",44941.3416243706
"15929",139644.438156422
"15930",34323.1484660086
"15931",133128.108658539
"15932",175006.055083368
"15933",55506.4752128037
"15934",64224.7051899851
"15935",41588.959337833
"15936",41602.6589752557
"15937",45106.5376431317
"15938",183709.434970159
"15939",131640.8778533
"15940",71480.4740491926
"15941",74317.0543308985
"15942",19041.6059876831
"15943",82903.7175370483
"15944",37019.0612294007
"15945",83799.4129509104
"15946",52324.4388445115
"15947",278527.984633925
"15948",87743.6063513586
"15949",124816.222529579
"15950",86734.2053881831
"15951",44772.4722460692
"15952",74152.6062996039
"15953",223942.729103402
"15954",44278.5605806718
"15955",73984.6710189912
"15956",60217.0065045569
"15957",33646.1192789895
"15958",28125.0379059472
"15959",38454.202109049
"15960",93157.5840362807
"15961",53581.5339574624
"15962",153095.512363535
"15963",32152.2888277668
"15964",38505.5964655988
"15965",59886.5865928923
"15966",68781.475318004
"15967",142995.814465235
"15968",97690.1699146598
"15969",57187.1530175195
"15970",57351.9679764201
"15971",130468.290836054
"15972",153987.688541936
"15973",82684.5038987837
"15974",252368.143430888
"15975",83846.1845956989
"15976",42409.6001271895
"15977",104464.07078389
"15978",41131.1271762223
"15979",58338.6275455736
"15980",31473.9504034052
"15981",120729.204362021
"15982",23137.0998213869
"15983",60306.1643865263
"15984",43398.9193086241
"15985",52546.7891393326
"15986",149160.821164008
"15987",39049.4788136537
"15988",36262.9620603128
"15989",49899.04838663
"15990",73489.6254258834
"15991",33991.2603458119
"15992",24414.0463356661
"15993",100719.73330886
"15994",84392.5062338768
"15995",36198.062259662
"15996",135452.893825095
"15997",57247.3920524775
"15998",198355.531456068
"15999",76377.1026120419
"16000",98751.8688637038
"16001",58271.5474687704
"16002",45680.6800442111
"16003",48457.0393858594
"16004",30176.937744374
"16005",83388.3234922367
"16006",39124.1472613451
"16007",91236.4701028179
"16008",119790.284947376
"16009",70108.5712822372
"16010",71947.9162753292
"16011",150471.19028224
"16012",85795.9250949334
"16013",18658.4928525639
"16014",173658.967232963
"16015",240892.018626537
"16016",96915.487391015
"16017",118666.01530216
"16018",104306.371311224
"16019",52987.8884311962
"16020",84558.5749234749
"16021",49288.3567609098
"16022",46653.7828415103
"16023",141594.471597194
"16024",109219.119846116
"16025",85182.8222296145
"16026",47549.7950721901
"16027",55671.6814368107
"16028",45967.7674109419
"16029",34528.0715046627
"16030",88710.187042179
"16031",64763.3195869542
"16032",60970.286692378
"16033",80744.4865719374
"16034",82943.0551628927
"16035",100059.570086253
"16036",62450.609672866
"16037",170141.946345045
"16038",118112.980887245
"16039",53789.1281034951
"16040",111900.220258398
"16041",120397.51293983
"16042",66454.373683212
"16043",97310.1589498566
"16044",95074.6792763116
"16045",72263.6312212052
"16046",31390.0521039915
"16047",37440.7767881725
"16048",108977.628542167
"16049",58876.639303983
"16050",26666.5137063526
"16051",58435.1698816369
"16052",103986.245182254
"16053",136442.706793386
"16054",55144.3135937127
"16055",39768.3944578079
"16056",41207.6020212896
"16057",37316.9752711368
"16058",50098.4895817632
"16059",81364.5375044586
"16060",297703.006721163
"16061",172646.238401543
"16062",48542.3727604337
"16063",173878.362637984
"16064",89354.7035330265
"16065",323325.027248142
"16066",47151.6813533895
"16067",31219.8945080138
"16068",244935.394301486
"16069",26820.4622030437
"16070",85900.0315693493
"16071",28881.3683529879
"16072",83262.9363981696
"16073",71952.7945779659
"16074",24193.6648629422
"16075",62808.3751418965
"16076",54886.2288826128
"16077",53450.3039245857
"16078",59294.7844216085
"16079",38460.2028502989
"16080",43514.2273189239
"16081",83565.8373239635
"16082",185737.705926936
"16083",86812.8094749268
"16084",27400.8214103433
"16085",39619.9175265732
"16086",103019.857557634
"16087",56763.3733565531
"16088",56897.9901221913
"16089",40870.5855568369
"16090",138622.747194299
"16091",66315.0507286435
"16092",103085.477526798
"16093",72666.5915711948
"16094",99439.4586820424
"16095",67679.7740795615
"16096",38991.6047276435
"16097",30117.6856860208
"16098",37679.976331231
"16099",89667.5260133471
"16100",185337.250897638
"16101",43422.5305322391
"16102",125100.294293545
"16103",108422.131936021
"16104",75990.3511573674
"16105",29975.3906048634
"16106",60291.6471963575
"16107",313811.267373531
"16108",68741.4689688344
"16109",60364.0176887424
"16110",18734.6664513115
"16111",120399.140423567
"16112",142678.610669688
"16113",55004.772014988
"16114",157138.438986763
"16115",37333.6570528293
"16116",135768.660813683
"16117",21973.8965858033
"16118",34087.7301333807
"16119",43714.4607163202
"16120",119738.847036908
"16121",152977.211153813
"16122",40342.4980594421
"16123",75870.3971183352
"16124",61313.3909353733
"16125",36614.3185940272
"16126",40380.4149962972
"16127",165835.405876613
"16128",151104.661157857
"16129",41923.3270691873
"16130",79573.8330416746
"16131",87499.6285721986
"16132",184993.497639866
"16133",110224.928372136
"16134",22260.7542706443
"16135",103293.669841845
"16136",33416.653875831
"16137",88404.4580033968
"16138",73331.8485180088
"16139",71017.2487248271
"16140",209765.56122021
"16141",40951.4950624333
"16142",61791.9041203611
"16143",42041.7241265253
"16144",101516.47656084
"16145",61323.2484497583
"16146",40652.4197399589
"16147",59791.760532498
"16148",203923.426009563
"16149",52460.3237764187
"16150",56651.4665700148
"16151",185843.387906754
"16152",32064.6569784227
"16153",79791.3318060481
"16154",44185.6169997599
"16155",95373.0948202061
"16156",66343.6628800404
"16157",33668.1193347692
"16158",24734.5884299924
"16159",21304.1002143205
"16160",38490.5798132619
"16161",52998.1873123343
"16162",39356.7684871705
"16163",41491.5467167319
"16164",57587.3979994631
"16165",80069.0215401379
"16166",66533.486465108
"16167",138934.223793915
"16168",55487.7332506148
"16169",165582.087259198
"16170",26804.1867198228
"16171",167154.122862185
"16172",80769.8071046705
"16173",52464.4950869914
"16174",62613.9189952895
"16175",155249.040697812
"16176",141898.988449987
"16177",42591.531894661
"16178",111099.014383632
"16179",42910.2843143793
"16180",138636.829257158
"16181",64778.5999694584
"16182",112843.756504979
"16183",89193.6952543482
"16184",31714.5861335438
"16185",76110.6761279165
"16186",73875.3825433852
"16187",28943.2525861554
"16188",16014.4072158091
"16189",76723.777145367
"16190",50319.3372107405
"16191",44228.7899527346
"16192",50179.2059565305
"16193",47931.4486706323
"16194",58631.2541717421
"16195",119343.020708192
"16196",108772.217632151
"16197",129574.594638386
"16198",19229.1517401386
"16199",75852.903782818
"16200",72026.8716698938
"16201",94512.9037714769
"16202",117472.936801229
"16203",154963.437833759
"16204",194050.384226122
"16205",72322.1516198792
"16206",75901.5430793816
"16207",216172.852622028
"16208",137478.786710698
"16209",79079.2654971688
"16210",55463.8039101374
"16211",66195.1339116698
"16212",39422.5715769399
"16213",85390.109076818
"16214",31791.2685707326
"16215",65778.5632290856
"16216",25744.6309435674
"16217",88156.6958949105
"16218",44868.8759166897
"16219",80725.2355089042
"16220",66218.2541593519
"16221",86902.6290101485
"16222",52130.4770975415
"16223",96615.556197043
"16224",140866.882397217
"16225",25911.2724707433
"16226",49766.1288076273
"16227",88204.4191383862
"16228",54916.3897123229
"16229",33455.1850586486
"16230",30090.1522785797
"16231",56045.7531763774
"16232",114942.448463027
"16233",35363.8761770702
"16234",88173.4589176024
"16235",147911.981999197
"16236",85919.5881313864
"16237",94916.3927122937
"16238",97915.5194640723
"16239",179753.303710434
"16240",106352.885092153
"16241",103570.132779598
"16242",81555.3812469868
"16243",216759.750229782
"16244",115606.491294241
"16245",116942.216629282
"16246",122542.027391405
"16247",270831.84613491
"16248",18320.1636683086
"16249",77695.1479722971
"16250",40064.0065418161
"16251",54777.3505831715
"16252",176011.124463264
"16253",51204.2545326936
"16254",44079.653291353
"16255",66144.3755334333
"16256",53905.1975229885
"16257",189608.469657581
"16258",45768.9386157411
"16259",101649.676403167
"16260",77725.2554128704
"16261",39072.8048376206
"16262",70151.8566654323
"16263",113076.830828288
"16264",67896.6302971512
"16265",57299.5652563676
"16266",39968.9201744479
"16267",67160.4496099926
"16268",74487.8510094998
"16269",132013.851730871
"16270",50869.7424569388
"16271",69401.9861114549
"16272",43588.2706652792
"16273",66972.3937109452
"16274",55763.666085888
"16275",165899.818213552
"16276",60554.7767961082
"16277",38389.543840236
"16278",117291.026942345
"16279",59952.4146208964
"16280",123059.229032896
"16281",100027.087170519
"16282",93641.8272402405
"16283",158252.906985482
"16284",47731.8702784305
"16285",45870.3696224505
"16286",57297.4160087396
"16287",41344.0725127056
"16288",50657.6877003353
"16289",110099.338500775
"16290",16980.0453954502
"16291",104653.500143263
"16292",116136.111256545
"16293",52416.4253844843
"16294",36284.5099440627
"16295",61038.7832300915
"16296",80676.5374515147
"16297",62767.9502331361
"16298",124827.054170693
"16299",16986.8941474876
"16300",58515.2395310259
"16301",112789.548783382
"16302",66956.8447315945
"16303",38299.769787441
"16304",45152.4665621312
"16305",84931.2962049255
"16306",56923.9478545197
"16307",128401.656379665
"16308",49851.9906800302
"16309",317234.772619875
"16310",56207.478870559
"16311",113057.893159065
"16312",103698.183231863
"16313",164352.689827516
"16314",187972.695572443
"16315",141560.753170368
"16316",74697.338824176
"16317",49184.0715895575
"16318",41891.5045883453
"16319",28490.6221620079
"16320",83191.4158749864
"16321",59098.3331568899
"16322",66467.3607438202
"16323",93618.1930459965
"16324",109823.892839157
"16325",44346.2525979651
"16326",56980.1206432345
"16327",59286.1822222768
"16328",50310.482528951
"16329",83487.3935859949
"16330",46465.5420695479
"16331",61982.64295179
"16332",46427.2142685075
"16333",36970.4132128375
"16334",76190.3391905766
"16335",160172.812555171
"16336",52907.3372451577
"16337",36714.6578699801
"16338",20416.867836627
"16339",85874.3986628781
"16340",89975.786530276
"16341",95158.9894448815
"16342",171144.030784098
"16343",109562.892369882
"16344",72884.2593108311
"16345",33473.9716177028
"16346",60251.3170646276
"16347",28175.5950521946
"16348",153437.855390182
"16349",31383.6893772659
"16350",82310.5474709057
"16351",47190.5471406585
"16352",23930.4875201397
"16353",98419.619635075
"16354",83593.4738811023
"16355",83182.7931709035
"16356",165022.056292864
"16357",60120.3804055313
"16358",48514.6857247224
"16359",43554.7730690729
"16360",130021.52313056
"16361",61283.3923191379
"16362",67023.1742867356
"16363",91683.692374477
"16364",37086.5000981468
"16365",128170.619907868
"16366",160256.424530705
"16367",58337.2962720449
"16368",39640.1738774176
"16369",43654.9369692509
"16370",198803.364934064
"16371",75809.5747757738
"16372",58543.2557049263
"16373",100813.508050856
"16374",90383.0929362667
"16375",45742.4780181988
"16376",108356.450234759
"16377",42223.9013549688
"16378",91421.5475535356
"16379",61142.6927128665
"16380",80562.1539365088
"16381",77547.4741406184
"16382",75932.5229443791
"16383",69820.8273408336
"16384",146473.181947335
"16385",35730.7268776565
"16386",44962.7435064899
"16387",103812.494731195
"16388",122551.737698771
"16389",45645.1136770251
"16390",77220.1164667394
"16391",99772.1325062416
"16392",91462.0674492295
"16393",104533.69329152
"16394",95409.6873123804
"16395",93371.6197530799
"16396",53882.8271188586
"16397",19546.08015302
"16398",160128.947926939
"16399",76554.6315008372
"16400",73237.5736205616
"16401",45877.5559419054
"16402",48913.3049832631
"16403",54219.2173224896
"16404",148987.54154166
"16405",57384.3951783645
"16406",140619.142589081
"16407",62261.3015186369
"16408",101826.9271933
"16409",208188.450899018
"16410",98847.1726433476
"16411",44177.3187988372
"16412",104404.916422985
"16413",64965.4096233118
"16414",66010.0943467693
"16415",86159.0951795414
"16416",53008.3085332151
"16417",37174.8639178842
"16418",87720.9965463614
"16419",142152.6478449
"16420",48967.3104960896
"16421",37049.1935707397
"16422",56277.3563635397
"16423",157451.24676115
"16424",80291.151774618
"16425",56542.3203201044
"16426",94780.8287704234
"16427",114382.163555283
"16428",48785.9644072307
"16429",228841.07546057
"16430",86718.8218708396
"16431",91725.3548853316
"16432",20361.8682149132
"16433",68643.0635175958
"16434",25435.4817542183
"16435",40927.2429488302
"16436",129501.966337044
"16437",31789.9218433767
"16438",125237.032934658
"16439",57573.9313361045
"16440",65665.949420064
"16441",67324.6706043356
"16442",67367.2262169415
"16443",133940.065284322
"16444",96729.2966574059
"16445",50625.1439660574
"16446",272426.333753276
"16447",49178.1805022946
"16448",66061.8957544195
"16449",31405.1252481764
"16450",30138.5338349393
"16451",23367.5028229182
"16452",57104.0877618928
"16453",116749.535965175
"16454",91014.5057447593
"16455",84336.7928795505
"16456",65411.9443453141
"16457",40116.0135034665
"16458",42348.653800192
"16459",103592.968821933
"16460",47640.2284657369
"16461",109624.715061497
"16462",96904.5353224741
"16463",51246.9121805938
"16464",111835.714278881
"16465",149562.10818657
"16466",61401.5088952592
"16467",74688.3874547396
"16468",72829.901015999
"16469",60689.4741312325
"16470",45471.6258454604
"16471",73260.4332664204
"16472",100831.345898478
"16473",83931.5122784554
"16474",32060.3979747444
"16475",44488.631964943
"16476",82062.7722675293
"16477",92674.1087437565
"16478",60132.4589362599
"16479",22813.1106938591
"16480",49929.1725722804
"16481",34588.5849669068
"16482",61335.3569046386
"16483",52893.0175545839
"16484",127619.946936608
"16485",64914.7088228072
"16486",20492.0758954241
"16487",127387.267938141
"16488",51225.8702715024
"16489",113909.566995264
"16490",29577.2744981082
"16491",78807.9661814092
"16492",45285.1744098236
"16493",210598.811812632
"16494",35867.8001758077
"16495",53377.7220645766
"16496",59457.236828018
"16497",74900.950354243
"16498",196512.680138544
"16499",186765.68836614
"16500",55096.7880904283
"16501",42716.2237264708
"16502",110225.420157488
"16503",28853.8796929129
"16504",119350.43361762
"16505",152522.401014721
"16506",52649.8259290755
"16507",108910.036909722
"16508",121070.632812977
"16509",62542.2758824541
"16510",79974.9700214068
"16511",43560.0095566544
"16512",54240.3607379542
"16513",46318.4077331255
"16514",71164.9270244304
"16515",89878.7603856206
"16516",99467.4715445134
"16517",129983.13320152
"16518",99100.2858033888
"16519",116523.913033405
"16520",75508.0957546684
"16521",85645.8487121764
"16522",53804.2316698482
"16523",102159.282750966
"16524",86760.2012208845
"16525",20212.6935346921
"16526",50695.9285601708
"16527",40808.1567128808
"16528",140551.85242535
"16529",38947.3627169144
"16530",87824.3562039175
"16531",62589.2658493863
"16532",17290.1701347112
"16533",78907.7570118633
"16534",105421.667767503
"16535",98939.4986979741
"16536",59529.202064789
"16537",54973.1453228419
"16538",83477.0741721351
"16539",121102.644589721
"16540",33860.1059866334
"16541",121561.292420046
"16542",64143.8630659327
"16543",37096.6764644553
"16544",137837.770264612
"16545",46971.4181897255
"16546",152750.473569291
"16547",26521.09719502
"16548",52493.6404545686
"16549",52792.046984665
"16550",74200.0124487096
"16551",162140.938871597
"16552",57838.2957025937
"16553",180498.395175001
"16554",63412.4426329668
"16555",89483.7452278822
"16556",68474.8056159358
"16557",72983.8638829244
"16558",73885.5722450804
"16559",41899.7277182458
"16560",93739.0970884413
"16561",100835.152567799
"16562",98529.4935412118
"16563",59278.4685745453
"16564",84103.9043131553
"16565",86474.2485650504
"16566",65896.3902587388
"16567",237006.365341529
"16568",187754.421763116
"16569",84465.8891227119
"16570",189550.495259404
"16571",42622.1568998592
"16572",94332.5170434536
"16573",60144.3776872936
"16574",28556.6213059838
"16575",43918.5535533281
"16576",37682.1725281086
"16577",102408.216733205
"16578",40524.5782086208
"16579",56014.4105665747
"16580",71438.9388605459
"16581",36829.0033765116
"16582",128606.49406167
"16583",151876.222101439
"16584",56578.0211234618
"16585",42976.0625203048
"16586",88798.2740398464
"16587",56244.9198053703
"16588",96444.6225960978
"16589",61489.6904978721
"16590",198358.77952759
"16591",60602.1116455885
"16592",48147.228194535
"16593",87823.1700907788
"16594",22714.4995438267
"16595",135144.490489479
"16596",19628.7133984038
"16597",61245.9209751978
"16598",44094.5296424772
"16599",25413.5112029328
"16600",49231.8327121202
"16601",37444.8752102641
"16602",64699.0422970049
"16603",126098.879553721
"16604",85138.1132226179
"16605",37352.5726365181
"16606",115085.288115768
"16607",51835.4022402456
"16608",84718.3972013695
"16609",21277.523559714
"16610",151800.635144316
"16611",245284.924016105
"16612",28110.2069211339
"16613",94503.5392943152
"16614",257457.058021361
"16615",47683.4732856764
"16616",51040.226372517
"16617",45865.7633344342
"16618",157698.89002578
"16619",53211.2015195911
"16620",50915.6524894172
"16621",42427.3116402049
"16622",107533.156098907
"16623",166762.974500909
"16624",59234.4064634354
"16625",51019.2461987337
"16626",204999.988856336
"16627",86014.2495245577
"16628",96650.8773958815
"16629",32584.4228576104
"16630",21585.2925826215
"16631",56626.4850438856
"16632",79884.3363037382
"16633",49468.6038480601
"16634",169840.234624857
"16635",39672.1137857465
"16636",393694.082698904
"16637",109697.803095419
"16638",38913.9128540974
"16639",48459.9824158236
"16640",112204.964402079
"16641",178702.05956936
"16642",91730.9916286469
"16643",202375.655982733
"16644",76836.4918754666
"16645",66205.8774841011
"16646",132993.652731969
"16647",27030.6335589751
"16648",58650.3461370595
"16649",41178.4863008392
"16650",52503.9691500126
"16651",68333.8925622243
"16652",44490.4342227844
"16653",52271.2934837602
"16654",92236.6847327148
"16655",78377.2019308987
"16656",63999.4118793122
"16657",120241.930651065
"16658",248881.821917761
"16659",85443.3262762522
"16660",90221.065902733
"16661",23114.7469723672
"16662",81695.9555088248
"16663",76281.6140598854
"16664",31857.7125244356
"16665",92432.0617961283
"16666",44966.609211797
"16667",63561.2674260675
"16668",76474.7633295408
"16669",77868.6283570641
"16670",46996.1055019396
"16671",40089.7134526081
"16672",16120.0233140723
"16673",49385.628788609
"16674",25506.7556522349
"16675",181327.04716771
"16676",86449.5094989749
"16677",74570.9612537729
"16678",56685.9815627769
"16679",34649.9354588795
"16680",48703.9135733721
"16681",52505.3473869455
"16682",109573.158602504
"16683",66573.4744576331
"16684",94443.8440040703
"16685",70080.5060848819
"16686",66852.7924085383
"16687",52970.9348888864
"16688",90534.234146752
"16689",64104.9071660845
"16690",49733.3402407715
"16691",180522.707289075
"16692",87826.3787325056
"16693",28125.2994777651
"16694",92305.0310788241
"16695",134505.683753269
"16696",74726.9103807911
"16697",41917.4593247356
"16698",45485.5509278495
"16699",105682.079723353
"16700",37151.9624392601
"16701",47119.124700311
"16702",218338.297514052
"16703",59579.2791620377
"16704",61676.3072614128
"16705",43481.3172656382
"16706",54300.0032724414
"16707",33818.9204591555
"16708",86056.8842515447
"16709",115176.63563109
"16710",78785.3904196174
"16711",69850.1140698631
"16712",70085.3927485746
"16713",37151.3433858889
"16714",40648.3892357443
"16715",36655.8374803053
"16716",80307.2332320771
"16717",56815.2132607077
"16718",89914.5933258689
"16719",47595.007407006
"16720",57999.6798366099
"16721",44822.6390199483
"16722",65629.3791251426
"16723",123887.749427969
"16724",69351.2029487619
"16725",38089.4302896493
"16726",37770.4450228974
"16727",134428.268360639
"16728",121175.487547404
"16729",38584.1115903846
"16730",74693.5949375709
"16731",171920.607398604
"16732",123261.540761745
"16733",105606.771943341
"16734",67992.7129098035
"16735",14143.6787600219
"16736",68027.4594161856
"16737",59109.1111583354
"16738",25303.9214697107
"16739",53468.7572846626
"16740",58172.6289625634
"16741",131397.460495837
"16742",62916.8959944893
"16743",56138.9111558311
"16744",106202.004230637
"16745",93849.6750852303
"16746",108841.899630696
"16747",50386.9093459667
"16748",83174.5640236413
"16749",73765.1559108698
"16750",66949.7556680796
"16751",70028.75236363
"16752",120081.117123608
"16753",25754.6086307983
"16754",25718.1042352391
"16755",100662.962332062
"16756",42084.1845851828
"16757",173880.841986318
"16758",44443.5220706729
"16759",92841.9678192314
"16760",21348.2657078522
"16761",97041.6821868128
"16762",148856.307190598
"16763",51790.676955945
"16764",136321.816318863
"16765",85573.707810066
"16766",261905.034110091
"16767",66793.7326206255
"16768",109447.272225111
"16769",47031.474636254
"16770",70200.4113266396
"16771",66991.8249906133
"16772",221217.138362009
"16773",114027.381453479
"16774",108678.318948783
"16775",157822.180715392
"16776",158068.685054791
"16777",47731.2225457792
"16778",56992.6092292141
"16779",69657.9130084744
"16780",39706.5016103368
"16781",63916.7042668071
"16782",121029.211248141
"16783",161924.066687803
"16784",157970.781069385
"16785",61358.5870988805
"16786",73724.3994932555
"16787",28760.2975900752
"16788",181192.175031894
"16789",53512.4901524146
"16790",62195.6015022602
"16791",47855.7782249787
"16792",48844.8904013563
"16793",55140.775089694
"16794",120837.697090491
"16795",59807.4938890123
"16796",42476.5402758493
"16797",55213.7234711214
"16798",105765.362784772
"16799",145201.174306507
"16800",110091.517994451
"16801",89835.5592079972
"16802",154380.08722801
"16803",50117.7050190156
"16804",47447.6100404506
"16805",69966.3469219618
"16806",83087.0892332965
"16807",100990.067502223
"16808",38898.7010848927
"16809",57754.224688249
"16810",49380.0763532493
"16811",150080.021231387
"16812",68034.3241121786
"16813",152262.348665901
"16814",83392.1651248731
"16815",35017.0872778494
"16816",41437.7097008988
"16817",63531.8882349996
"16818",30685.4776163279
"16819",31239.411485904
"16820",48350.6115066684
"16821",43513.5539067193
"16822",52099.7421743795
"16823",77085.9937257881
"16824",146905.969206037
"16825",11568.9275452498
"16826",61212.4746213878
"16827",67922.9408336037
"16828",37750.3586434178
"16829",80768.5933418867
"16830",63338.6803511055
"16831",128382.487752479
"16832",28656.4791955945
"16833",67217.5059626221
"16834",39929.4697706078
"16835",32270.9325806612
"16836",52545.5181689474
"16837",35906.4518166402
"16838",21530.9384055016
"16839",53973.3658690692
"16840",33519.1807302186
"16841",91033.5066516822
"16842",26983.4664248941
"16843",36197.4593563923
"16844",55349.074306751
"16845",116023.910201666
"16846",105913.316221289
"16847",67030.306366249
"16848",43046.0335028109
"16849",66198.7466956217
"16850",18431.4380780009
"16851",258650.545057821
"16852",57716.7047708061
"16853",32958.3780857315
"16854",135984.104389562
"16855",69941.1401024983
"16856",108025.520410716
"16857",80469.5653846367
"16858",106948.073991797
"16859",127346.79460979
"16860",33696.1003713575
"16861",116013.763160333
"16862",67232.7541271884
"16863",50047.4098923152
"16864",44335.0610617633
"16865",114750.196046114
"16866",55196.92724217
"16867",63344.4601289128
"16868",46247.7521221955
"16869",88139.3033697205
"16870",32692.7273846196
"16871",89372.0487930314
"16872",94398.801699282
"16873",143620.680321628
"16874",92457.0772186329
"16875",11851.2597352897
"16876",137901.972785053
"16877",114059.318769657
"16878",54634.5422660009
"16879",40125.8496860146
"16880",197921.508679313
"16881",88019.8285676734
"16882",27541.4685253804
"16883",21664.7380423474
"16884",158264.92253731
"16885",28178.4453335012
"16886",59891.632328326
"16887",70647.4991977136
"16888",46798.3037459389
"16889",55965.6024403422
"16890",34909.3989003397
"16891",91045.4041262632
"16892",45328.8640188575
"16893",38544.8576437988
"16894",47929.9234984566
"16895",86027.6198514944
"16896",33096.4949506844
"16897",40236.1663029068
"16898",49599.2951363061
"16899",73834.2393084111
"16900",70836.2772128191
"16901",55833.7470249045
"16902",44510.6114014814
"16903",22353.350854539
"16904",73352.1480737586
"16905",244101.254374486
"16906",50752.0027827694
"16907",147999.152132968
"16908",150528.748055248
"16909",42689.8448892199
"16910",83089.8267969959
"16911",102060.278490359
"16912",75363.2138480674
"16913",73377.2842595099
"16914",128008.247702261
"16915",86537.0422148175
"16916",37319.4588698753
"16917",40559.3411831035
"16918",43012.7189369409
"16919",165063.200704794
"16920",57779.1171920729
"16921",98386.4284682974
"16922",68902.3684918486
"16923",60585.7379896041
"16924",27483.6899681368
"16925",82205.2259220457
"16926",66187.1384504539
"16927",26667.3663005759
"16928",97184.3977539084
"16929",86339.1637202055
"16930",110172.845415488
"16931",59698.1148324037
"16932",62442.6599007948
"16933",88432.0590148564
"16934",93528.509905531
"16935",69679.9520252644
"16936",64979.1395011669
"16937",56725.7629561255
"16938",62898.1593727394
"16939",192181.689063978
"16940",50655.252497029
"16941",55217.1950133872
"16942",79845.2702939761
"16943",31938.9335290978
"16944",37756.1108422041
"16945",58258.5591131353
"16946",63941.7848928108
"16947",75931.5365370315
"16948",60430.1785405877
"16949",40874.0407999208
"16950",598626.159294064
"16951",47686.4080774634
"16952",100135.750439609
"16953",89125.1825994148
"16954",49978.0721570155
"16955",226221.325484027
"16956",64145.3990853535
"16957",148435.927400541
"16958",82440.7861010469
"16959",60833.7585888053
"16960",41618.0292705173
"16961",39978.2600895665
"16962",118742.139404027
"16963",119490.725672517
"16964",50613.0001398765
"16965",70894.8466067896
"16966",81313.9806414739
"16967",43242.364983377
"16968",112460.686201209
"16969",35080.9172253439
"16970",40556.1069818081
"16971",52381.4246579459
"16972",94156.9971883741
"16973",53604.9459289787
"16974",40058.6546968767
"16975",113803.750027709
"16976",26710.1326352908
"16977",34612.5259222287
"16978",37096.9208705459
"16979",33922.7696528127
"16980",68802.0541787697
"16981",65484.9748027105
"16982",57073.2209389796
"16983",90658.5731682717
"16984",30994.9810058423
"16985",143752.410585376
"16986",44697.1074562521
"16987",75762.0557316635
"16988",111718.075778746
"16989",71053.7522852487
"16990",44462.0491700631
"16991",41306.3505136056
"16992",63067.3141097435
"16993",69486.9932890141
"16994",42875.8503146043
"16995",181212.26472533
"16996",33267.4778051092
"16997",63302.9555198075
"16998",146986.948481026
"16999",100885.1637353
"17000",131592.428169208
"17001",83627.020844733
"17002",181636.596100123
"17003",85536.749174183
"17004",91740.3910806918
"17005",54266.7451506651
"17006",45310.8320979677
"17007",98839.9774245054
"17008",145840.680392408
"17009",243728.926303336
"17010",24002.9166517782
"17011",106464.008554298
"17012",54471.667255577
"17013",44931.5894185383
"17014",30930.2030292182
"17015",120241.986628514
"17016",223446.846099471
"17017",99169.7935947335
"17018",165090.225337796
"17019",52973.2684403271
"17020",36455.6039782564
"17021",154960.375331074
"17022",88351.1656275338
"17023",60253.5680737759
"17024",53589.7868507869
"17025",42656.1798587142
"17026",277117.789749619
"17027",139698.472408014
"17028",35599.6891313701
"17029",26229.2379471257
"17030",69199.9415090051
"17031",68744.048334378
"17032",64483.7720412309
"17033",66134.3461392672
"17034",100428.90095668
"17035",139274.247958983
"17036",131017.83941931
"17037",104114.790882466
"17038",47613.054458957
"17039",116702.058881572
"17040",18304.1971007331
"17041",67481.4814864065
"17042",46050.6359515023
"17043",188652.620027234
"17044",31731.8083901556
"17045",101554.424978822
"17046",39962.0016333599
"17047",28502.8141310312
"17048",131502.919405285
"17049",246860.134740678
"17050",54626.4258860233
"17051",120641.177311017
"17052",35155.2858937315
"17053",41493.5862982988
"17054",131898.26993898
"17055",171737.211254325
"17056",151667.658234035
"17057",90421.9054533473
"17058",93880.6071687859
"17059",67904.2395971043
"17060",67119.9356632937
"17061",49857.5819586052
"17062",41586.0180559462
"17063",42508.9142217289
"17064",67333.2309737521
"17065",64013.9608721452
"17066",37206.8483140762
"17067",154133.370809251
"17068",68845.6008339572
"17069",180508.555588762
"17070",30830.596012095
"17071",99480.1667110655
"17072",37233.9405535534
"17073",41675.401465018
"17074",171704.188550376
"17075",33170.6327520974
"17076",119539.734012988
"17077",47543.6174881779
"17078",122432.659090485
"17079",110791.048493972
"17080",203797.324417354
"17081",127504.637221019
"17082",30048.9360432705
"17083",37486.4156162752
"17084",153223.541513005
"17085",51159.6267118834
"17086",108469.48343713
"17087",142556.40848886
"17088",43419.4389967107
"17089",213703.961432506
"17090",193316.61580053
"17091",88628.395757297
"17092",123753.222586208
"17093",154258.374215531
"17094",23846.5556236073
"17095",16041.6062412053
"17096",34249.0217367626
"17097",26211.9081824787
"17098",42452.2266206413
"17099",80766.5813676025
"17100",251238.436898191
"17101",239109.618066856
"17102",74608.9566150505
"17103",47741.2633975609
"17104",113528.005252395
"17105",48702.1344436378
"17106",109917.77509696
"17107",27137.2299428219
"17108",75442.3911741375
"17109",49042.6080690952
"17110",255999.745602256
"17111",107131.218685193
"17112",118422.193213607
"17113",24310.3477055856
"17114",42376.6043079221
"17115",152600.954930165
"17116",116739.152852623
"17117",81475.9773678819
"17118",51399.4101425744
"17119",82105.8784344888
"17120",47695.8039919594
"17121",96793.9409984948
"17122",28445.4338695451
"17123",43647.957766002
"17124",76426.6998425165
"17125",138939.924621266
"17126",79640.6165637189
"17127",44930.2870072138
"17128",95775.2778248434
"17129",56566.143972071
"17130",73209.6571163873
"17131",37325.196657263
"17132",64906.6799118608
"17133",89089.6370818672
"17134",120610.695988766
"17135",88670.5651680944
"17136",59426.6617873449
"17137",78649.5862851257
"17138",107613.452259478
"17139",51638.2271023022
"17140",61583.8760211868
"17141",73910.2384397433
"17142",63323.7088094496
"17143",51577.3520083688
"17144",51561.5068531014
"17145",41552.4116711399
"17146",37360.2724464974
"17147",136134.950525233
"17148",117818.938314562
"17149",14984.4792126911
"17150",54461.6706564316
"17151",41984.2583090812
"17152",103200.91740018
"17153",319895.340669038
"17154",44391.2771001392
"17155",37468.9382294603
"17156",45099.5123017157
"17157",22350.7511218581
"17158",70596.8319752352
"17159",153003.861643773
"17160",74598.861281789
"17161",153493.24136975
"17162",19710.0622949502
"17163",18754.066891635
"17164",123616.646364513
"17165",34894.046938237
"17166",54660.2318812706
"17167",45371.1607375643
"17168",131127.46929366
"17169",74545.6550944146
"17170",184948.845021122
"17171",42658.9694618617
"17172",77522.4171305122
"17173",24732.9360536436
"17174",26991.9761245729
"17175",63413.420873222
"17176",96042.3789397422
"17177",88185.4762447781
"17178",54758.1591508036
"17179",25145.7037486761
"17180",36900.5304644004
"17181",16346.3359906644
"17182",133386.096170249
"17183",143680.001721252
"17184",18464.1320400277
"17185",105234.499385819
"17186",88932.2290703043
"17187",68177.0692131837
"17188",73778.9740057545
"17189",52876.7788393832
"17190",105591.636117767
"17191",41641.5646504726
"17192",34646.2758006145
"17193",81916.0931829406
"17194",92043.4665939904
"17195",61466.5363736148
"17196",48518.7870804442
"17197",61012.7571534986
"17198",86654.2090836868
"17199",25132.6768967998
"17200",61544.7687476222
"17201",74905.318532816
"17202",96293.0815774791
"17203",57413.5820577458
"17204",21887.0618394649
"17205",52109.4412735352
"17206",162893.223283378
"17207",60706.9113637101
"17208",31063.29255394
"17209",25115.9913815952
"17210",113966.731201453
"17211",105767.891106743
"17212",173392.198897177
"17213",81350.355228308
"17214",16249.3128186125
"17215",50805.8298159189
"17216",78778.7692095182
"17217",36069.7523245369
"17218",96277.992673192
"17219",34502.3726218831
"17220",162022.104126903
"17221",57859.7999720066
"17222",10855.3751380092
"17223",52367.5198344706
"17224",133310.357891956
"17225",71107.5566488742
"17226",145343.547265805
"17227",26344.7517919099
"17228",35163.7761395519
"17229",57755.4764008278
"17230",43197.4402327109
"17231",66485.6997276839
"17232",46190.278683447
"17233",34437.1482121684
"17234",85875.3458418023
"17235",125400.41680838
"17236",29554.3143480484
"17237",35706.4842473975
"17238",256161.242700992
"17239",49888.7487849865
"17240",29995.2432838733
"17241",84257.3117025042
"17242",52914.614547102
"17243",48672.5805739482
"17244",37632.7748304896
"17245",58410.1577243221
"17246",59222.4043755052
"17247",36939.4121141032
"17248",62464.6245696871
"17249",75434.6275699258
"17250",105190.246155674
"17251",52730.6147041725
"17252",74379.8884663985
"17253",87006.7629389451
"17254",70410.9317227448
"17255",140023.039069884
"17256",60964.5414303806
"17257",196233.393214439
"17258",63522.2101972966
"17259",210563.681846927
"17260",51804.2358356245
"17261",50635.4643651302
"17262",43900.6644921845
"17263",17386.935093348
"17264",139611.326727128
"17265",53063.6335004838
"17266",82054.6608413316
"17267",57935.5131197252
"17268",126278.127762938
"17269",118736.762969158
"17270",62837.7810003273
"17271",101259.218448025
"17272",137808.023127816
"17273",69141.2810668309
"17274",96279.4792773827
"17275",110422.265766452
"17276",134143.48194026
"17277",103881.71349953
"17278",118039.842308779
"17279",40765.3320187292
"17280",52401.9059076811
"17281",26897.5721631436
"17282",51065.2444191133
"17283",31273.8287272187
"17284",89552.4705670326
"17285",26969.3088710967
"17286",114220.496105192
"17287",59182.680965701
"17288",54507.0243448701
"17289",46727.0065387562
"17290",114602.731894002
"17291",147381.713883236
"17292",105601.884314526
"17293",45915.3469197825
"17294",197078.033173419
"17295",51993.8060715097
"17296",103448.583135398
"17297",119939.506192505
"17298",50523.453634884
"17299",41174.5264372346
"17300",67711.4203594288
"17301",50192.6718020936
"17302",37519.3676372111
"17303",66974.1233417482
"17304",61026.2303723928
"17305",43710.2851722392
"17306",32642.1414686896
"17307",73342.4751917291
"17308",56785.1457764257
"17309",33519.3346494514
"17310",30501.1253249091
"17311",142920.199333672
"17312",73710.6176672965
"17313",151487.387392515
"17314",37564.6695495349
"17315",147961.157933406
"17316",40781.7618811261
"17317",72602.6144174308
"17318",59552.4273238033
"17319",79039.548061397
"17320",138555.523656035
"17321",128161.888261783
"17322",44799.2430988989
"17323",115374.624284603
"17324",50380.0395917269
"17325",63190.934439545
"17326",89673.4375577924
"17327",28320.2090629895
"17328",76093.7297885046
"17329",71377.6205932827
"17330",97888.3105851204
"17331",83471.6657562685
"17332",121947.76509492
"17333",47653.1537198472
"17334",158671.980906097
"17335",147026.750820752
"17336",56055.3344474765
"17337",49072.5521907751
"17338",103837.345772538
"17339",39116.3453046743
"17340",76606.7509034852
"17341",38256.4616434176
"17342",31632.6560316605
"17343",49117.3470314749
"17344",199079.611665607
"17345",26477.7839386316
"17346",54594.7303147609
"17347",120984.638280357
"17348",46802.0446162393
"17349",105322.469377681
"17350",85008.8084944577
"17351",152440.422926437
"17352",59178.9217097831
"17353",42466.2621317311
"17354",79425.2566684123
"17355",53650.8621218555
"17356",138328.900730617
"17357",50269.4677251242
"17358",54897.7277713579
"17359",105114.056786391
"17360",79147.835997639
"17361",26558.1591758638
"17362",36904.836279846
"17363",57418.8973932433
"17364",187768.004717462
"17365",66819.792179544
"17366",123883.928311595
"17367",73017.0550124442
"17368",88614.4843347723
"17369",105062.838170969
"17370",79118.7608703171
"17371",30618.9939557323
"17372",157022.871037202
"17373",74861.9606392009
"17374",67097.8427087035
"17375",47943.5197742348
"17376",37121.3907429566
"17377",27622.481865091
"17378",88556.3988620894
"17379",47405.7076849084
"17380",39108.3086701056
"17381",62030.0818137216
"17382",98202.2559095894
"17383",26204.6311547114
"17384",58602.292790798
"17385",133232.351281757
"17386",60155.984792493
"17387",96569.7765455992
"17388",66273.9331295687
"17389",94096.2842310072
"17390",75267.0071799174
"17391",132074.372741986
"17392",78246.933399843
"17393",152568.478951423
"17394",99648.5913070142
"17395",202425.933526869
"17396",58449.4230507447
"17397",41747.9924716151
"17398",67046.4119434629
"17399",51436.1564103815
"17400",101267.758791569
"17401",108931.112678538
"17402",33534.8470215416
"17403",41227.5054607091
"17404",26505.1727777747
"17405",55090.4105840829
"17406",38583.2622126866
"17407",71596.2347075058
"17408",118879.812849773
"17409",55782.9105019231
"17410",25098.2821899923
"17411",52650.6532614949
"17412",40921.9979295995
"17413",38954.7366158203
"17414",153469.701928029
"17415",22326.141451934
"17416",59163.6228404426
"17417",46091.4799576857
"17418",90274.5236333929
"17419",106945.796256112
"17420",63878.6264068227
"17421",66492.7335760698
"17422",53626.5155954879
"17423",54031.942115671
"17424",128801.769032633
"17425",246845.16662664
"17426",79230.0833907115
"17427",158001.603768586
"17428",354323.562313575
"17429",53506.0306311492
"17430",50355.7197245953
"17431",79104.6267711689
"17432",37798.0914837634
"17433",152422.256870147
"17434",31393.6783867525
"17435",211010.998618496
"17436",52486.1412775214
"17437",38476.1999804358
"17438",108728.382820125
"17439",54814.6649439555
"17440",33924.9134324281
"17441",118316.696325627
"17442",64652.4667504435
"17443",62260.049202066
"17444",238716.248849816
"17445",108390.160263197
"17446",50504.5222194768
"17447",130475.397805755
"17448",23238.6566150639
"17449",72865.5457953431
"17450",88403.7194621222
"17451",66565.5953504611
"17452",127705.965620636
"17453",69533.3245463151
"17454",119946.859715741
"17455",69964.9150982125
"17456",257722.023013576
"17457",36778.99876354
"17458",59668.7548820511
"17459",131709.631761422
"17460",46933.73061569
"17461",21562.5359576831
"17462",83521.7568725873
"17463",22045.3629538872
"17464",133883.44392935
"17465",217197.155224819
"17466",56514.8417667947
"17467",43644.6907157171
"17468",154848.131055619
"17469",89878.232197745
"17470",63553.801702424
"17471",169075.780315265
"17472",50171.0287324114
"17473",59986.0126789584
"17474",50073.793076135
"17475",59297.8959500335
"17476",40574.2109557414
"17477",76704.495451264
"17478",56286.815392898
"17479",29071.4571526975
"17480",91983.3325574989
"17481",81375.9630369553
"17482",35142.711048412
"17483",75120.3884467857
"17484",113102.969380674
"17485",71949.4372872056
"17486",55664.7889660833
"17487",133793.817581552
"17488",63041.5188162576
"17489",115875.019302573
"17490",152089.418486099
"17491",44787.8912312274
"17492",196312.849330424
"17493",145646.824494555
"17494",102834.121116121
"17495",63618.7249648637
"17496",32977.9359264627
"17497",87017.1441077959
"17498",34582.5793689068
"17499",58927.5471342526
"17500",66296.0472973731
"17501",75755.1309829047
"17502",158615.436989853
"17503",59880.8269614548
"17504",60065.0458435276
"17505",48746.9363147744
"17506",125908.651771599
"17507",52727.3446827427
"17508",65838.4211446998
"17509",41841.6781783592
"17510",38548.4291836574
"17511",68253.5755543285
"17512",47842.0491298872
"17513",147096.548793551
"17514",84688.5050219346
"17515",104470.700190068
"17516",73331.5350419668
"17517",122529.09910092
"17518",77227.704696739
"17519",177950.552638492
"17520",72184.9668437108
"17521",74044.9764082479
"17522",225962.395582906
"17523",88820.6119847958
"17524",28994.0052150662
"17525",45651.9939624047
"17526",69573.0445977038
"17527",121826.869262559
"17528",21914.5895343712
"17529",69239.1978119777
"17530",47484.8178953343
"17531",50379.0766110649
"17532",45718.3275522082
"17533",32309.2316696927
"17534",74829.5645183467
"17535",39680.7707638382
"17536",77820.5487103804
"17537",26490.3579828955
"17538",133166.925223788
"17539",59167.1349497218
"17540",46479.1067358099
"17541",87392.4902850808
"17542",45842.8120551847
"17543",157632.981332516
"17544",60609.3241665867
"17545",62943.0936822233
"17546",63590.501926471
"17547",57805.1115780914
"17548",55806.9341333714
"17549",113237.867779369
"17550",20060.6983888806
"17551",44020.3928778219
"17552",101739.912216602
"17553",121163.083976219
"17554",188159.486130659
"17555",101541.950316279
"17556",30258.0195007706
"17557",73346.0308983686
"17558",50594.3510367922
"17559",47299.6189772191
"17560",58754.1513428908
"17561",115544.315482345
"17562",40433.8100953291
"17563",33551.6193555296
"17564",58102.758181647
"17565",183375.963588532
"17566",44644.5360232137
"17567",43297.3367443359
"17568",125008.524286969
"17569",67452.6695452696
"17570",40866.8580542162
"17571",323084.015433172
"17572",55981.5408459284
"17573",55405.2835061535
"17574",31473.3911697814
"17575",135012.244763006
"17576",26254.3316003881
"17577",110023.375217944
"17578",38812.065615818
"17579",16932.795200335
"17580",66910.1873728937
"17581",127692.200557681
"17582",251558.11927304
"17583",40111.2165679299
"17584",19160.9561768772
"17585",61478.1405878824
"17586",85348.2327907517
"17587",147650.041703299
"17588",177353.795564911
"17589",111068.029920799
"17590",114435.757521496
"17591",35508.0808105708
"17592",29395.0777039581
"17593",30585.1881767366
"17594",81905.640873997
"17595",163359.042394566
"17596",79006.4769236662
"17597",81391.2491830447
"17598",142724.385552201
"17599",86144.8037873189
"17600",62353.1628352448
"17601",222530.676663551
"17602",51759.446304117
"17603",57469.9983848266
"17604",87720.5911699198
"17605",125221.085636016
"17606",62816.6237701014
"17607",64416.0565232366
"17608",43160.0061630324
"17609",68986.6523011466
"17610",87462.6478937071
"17611",94506.5125509847
"17612",157801.199605036
"17613",31424.3854425405
"17614",68093.4421676592
"17615",83265.9807497205
"17616",45865.9800930787
"17617",104030.597557881
"17618",45299.2907497284
"17619",97952.8806506878
"17620",69574.1593743155
"17621",30999.849209639
"17622",83758.7029296609
"17623",77213.7666748235
"17624",52314.652876122
"17625",34304.1709539788
"17626",91340.6803005368
"17627",71862.1444988056
"17628",214883.542115043
"17629",64065.2867519211
"17630",49266.2659305551
"17631",134079.833895989
"17632",123804.865867951
"17633",23605.2198024777
"17634",20568.2197403513
"17635",44874.2882620839
"17636",52732.6610124113
"17637",62717.1196507828
"17638",40131.2219171489
"17639",103829.693736064
"17640",33900.2601879913
"17641",84324.1199004273
"17642",40865.3947763176
"17643",83447.8544973017
"17644",49255.9496250122
"17645",76722.7869205964
"17646",36362.9123746834
"17647",49627.0886237544
"17648",27617.0214709927
"17649",112586.648072056
"17650",149009.379015392
"17651",57685.3226286162
"17652",45045.3501857499
"17653",41708.4238529718
"17654",194874.605968894
"17655",22837.4155188728
"17656",71335.2666813537
"17657",66712.8580242402
"17658",40513.2832473833
"17659",82498.3595973853
"17660",67086.1889261815
"17661",92053.9809427661
"17662",131271.461949995
"17663",66955.0513178627
"17664",32868.1919205473
"17665",58161.0583903433
"17666",38940.2096621131
"17667",84983.7348908143
"17668",92791.6187973891
"17669",180506.486820263
"17670",116521.688104564
"17671",161433.899282453
"17672",111753.885639781
"17673",80658.065335607
"17674",50008.8937353434
"17675",59084.3393426544
"17676",89161.6842744187
"17677",609825.010766562
"17678",31850.3407208551
"17679",53207.0162872587
"17680",46844.4535025908
"17681",51903.6917218261
"17682",51351.1986299407
"17683",165850.624610714
"17684",84591.0026148277
"17685",55968.7850554163
"17686",70600.9544300465
"17687",30769.4437424503
"17688",26733.1469792804
"17689",98461.1611031903
"17690",35652.4687375117
"17691",157314.122965451
"17692",57874.6714976006
"17693",119350.402023628
"17694",77689.5365360167
"17695",99580.375775891
"17696",126702.365911581
"17697",78868.949953747
"17698",39671.4612775969
"17699",52021.4509566629
"17700",73008.8886637859
"17701",65704.5485501251
"17702",106412.107119752
"17703",31019.7771648333
"17704",40618.0889331433
"17705",25436.6793422398
"17706",17849.0643579802
"17707",77515.6102330897
"17708",25995.5232189678
"17709",105767.106498749
"17710",81693.850277557
"17711",37169.8720451749
"17712",169612.841343339
"17713",71174.0383778696
"17714",258214.801618769
"17715",45144.9502671127
"17716",116305.13139835
"17717",70639.5785117891
"17718",46589.3463323045
"17719",41583.9797617606
"17720",59369.7667526261
"17721",118564.477691813
"17722",88930.1180957718
"17723",55727.6081142451
"17724",117165.423988532
"17725",53317.8430465626
"17726",61403.2511184026
"17727",25037.5431961184
"17728",41843.0767183482
"17729",221147.224223666
"17730",70013.7326493346
"17731",28452.2198400782
"17732",148056.935394244
"17733",64213.4113034048
"17734",88631.0791500346
"17735",98649.3761075969
"17736",144924.564848479
"17737",92179.4036386323
"17738",165264.759624057
"17739",68611.1898873799
"17740",68295.9934657007
"17741",54408.6515059558
"17742",125727.739360662
"17743",65397.0445239412
"17744",73094.985647896
"17745",214896.796533021
"17746",79144.5027745783
"17747",218898.36241448
"17748",52796.4373518859
"17749",35467.6752237035
"17750",79553.7144753321
"17751",44656.5293811737
"17752",79813.5899249712
"17753",85199.9663284053
"17754",31952.9495329249
"17755",54765.477571034
"17756",90436.5080611082
"17757",89658.2831075497
"17758",43590.4012898236
"17759",88150.0387689281
"17760",100742.34568041
"17761",50081.7119905501
"17762",21885.9332096849
"17763",63680.9707170416
"17764",142159.128589873
"17765",63305.5667588558
"17766",58856.6989926866
"17767",66452.797519658
"17768",34982.0507942008
"17769",97118.6317991755
"17770",83903.2188573931
"17771",173622.621266665
"17772",25515.8471614291
"17773",44552.0928615263
"17774",41585.8077799908
"17775",191843.91632867
"17776",101186.433406366
"17777",23920.5533370918
"17778",38315.2617748063
"17779",129534.361455632
"17780",288227.562865988
"17781",46017.0984482057
"17782",98966.2515135737
"17783",248101.052075883
"17784",136572.806587657
"17785",59637.9415872935
"17786",20859.9672779122
"17787",15304.4995165222
"17788",21521.9875792798
"17789",49096.1001807765
"17790",43121.8450445262
"17791",96705.8817639096
"17792",90293.9377643057
"17793",69435.0475015016
"17794",123393.324872693
"17795",118926.03086628
"17796",114661.009753693
"17797",67169.1446221041
"17798",74866.3071807887
"17799",30861.9860045524
"17800",24419.9389646153
"17801",48967.0758898432
"17802",40885.3458624683
"17803",69043.5714113258
"17804",35832.8432653616
"17805",31787.902883052
"17806",54718.6024829802
"17807",103085.398016659
"17808",52703.6944088977
"17809",88358.1969548007
"17810",27936.4936983887
"17811",31932.5371134993
"17812",35813.5552528768
"17813",28431.6785599965
"17814",80684.8097558339
"17815",86050.9244532684
"17816",144262.069830182
"17817",71769.4603761002
"17818",114690.555192737
"17819",274267.182963109
"17820",31340.0089921807
"17821",69729.9666061362
"17822",44485.8474932391
"17823",84807.7230299321
"17824",85656.3019498242
"17825",102318.120712791
"17826",48302.251216575
"17827",72162.5693004594
"17828",82341.2961900772
"17829",113169.510130038
"17830",29967.186851644
"17831",126752.699197994
"17832",114547.679622788
"17833",179880.688710731
"17834",36223.8564450204
"17835",59863.5849373648
"17836",77452.3680359733
"17837",68592.4056638566
"17838",148564.577355032
"17839",66367.0563945401
"17840",58186.9957912797
"17841",63883.741712621
"17842",77096.1989893063
"17843",44049.052638245
"17844",36015.4228941824
"17845",48206.9270293812
"17846",22039.5797073816
"17847",74240.0760830743
"17848",33152.1211396965
"17849",56204.8657681584
"17850",173118.307896888
"17851",60538.5122127512
"17852",117622.986293316
"17853",114401.097107885
"17854",44984.380858304
"17855",60812.2478392472
"17856",53261.4766059913
"17857",147753.373846548
"17858",105717.382057965
"17859",26436.1966312001
"17860",92610.3570485881
"17861",59167.5000764967
"17862",49562.4608104602
"17863",45775.0491641363
"17864",67216.4681190304
"17865",106970.988009333
"17866",64127.7680612229
"17867",98096.5544808981
"17868",151110.921137922
"17869",33540.8792547985
"17870",52460.3835941507
"17871",46696.6810712217
"17872",70869.7871985387
"17873",116431.148184237
"17874",76333.9111330731
"17875",40267.2866235977
"17876",80422.7626119441
"17877",59710.4910893482
"17878",95400.7471040673
"17879",99581.1443463476
"17880",42085.7206082812
"17881",197782.202649909
"17882",58403.145097636
"17883",69802.3455965037
"17884",75267.0252350126
"17885",74741.241280348
"17886",36511.9999018836
"17887",266073.116026472
"17888",21884.831480809
"17889",40461.6058161272
"17890",134427.808450175
"17891",46488.1522512875
"17892",75003.0587115155
"17893",28280.8066520249
"17894",157105.542075007
"17895",52538.9996256974
"17896",28484.0373069267
"17897",35290.4486992965
"17898",63078.2835229831
"17899",124964.851876134
"17900",97511.7202964919
"17901",51959.8608758488
"17902",75411.2558937886
"17903",277211.505370129
"17904",130966.828325946
"17905",50364.3862359265
"17906",28073.9271457024
"17907",213573.580405043
"17908",116914.915288114
"17909",58412.4295502537
"17910",42948.5171779645
"17911",29456.8347349046
"17912",92760.1915928716
"17913",140591.480444605
"17914",67194.8105034012
"17915",51449.6941496235
"17916",72614.2230096928
"17917",50171.3520246665
"17918",54221.3764468896
"17919",49265.2349398397
"17920",196884.578939131
"17921",29004.1074447422
"17922",62137.4015991146
"17923",72396.7742468424
"17924",137128.16600051
"17925",54352.4567928421
"17926",113186.279608571
"17927",60710.0185679088
"17928",30908.2882888329
"17929",49395.0493953767
"17930",93305.4791875024
"17931",213224.176018372
"17932",64030.7850311644
"17933",87046.5313568889
"17934",33492.3374909349
"17935",19916.7620809011
"17936",222102.071385529
"17937",39167.8965220208
"17938",154434.862186308
"17939",107329.395435156
"17940",98603.6422147676
"17941",17115.5943528034
"17942",43668.722503157
"17943",44668.9190925609
"17944",90945.6511970466
"17945",70434.9103972847
"17946",29372.1334111299
"17947",39226.2438009026
"17948",19148.7317774297
"17949",76163.8017332751
"17950",30762.098670259
"17951",217028.438897817
"17952",60581.3510505025
"17953",72474.1119850514
"17954",67217.2768930471
"17955",121666.367838688
"17956",169657.047786912
"17957",34936.7687031169
"17958",57102.7554654403
"17959",30005.9604655615
"17960",98075.0235456162
"17961",174883.552669855
"17962",161032.159876491
"17963",51714.9767796026
"17964",97305.566211302
"17965",26396.3362277265
"17966",64738.8528237197
"17967",113713.770587105
"17968",52786.0611039335
"17969",57167.3095091672
"17970",82773.8071437259
"17971",35116.4889465224
"17972",61120.7588690657
"17973",194298.272753891
"17974",74907.3447614259
"17975",95473.5906085069
"17976",61782.0021713413
"17977",83853.4076749076
"17978",76250.0541298066
"17979",83946.4586359735
"17980",28533.4908090668
"17981",27919.1036128141
"17982",145888.702087766
"17983",37356.5110099274
"17984",114949.088837743
"17985",139884.493968585
"17986",80697.2428706407
"17987",164933.23311322
"17988",84330.611641441
"17989",87997.9961773037
"17990",67840.2613143045
"17991",86602.7051089208
"17992",66779.6420523903
"17993",24618.3379915588
"17994",101520.649782852
"17995",24153.4735872059
"17996",105201.150485815
"17997",71045.8218916383
"17998",71484.1983929315
"17999",116384.477343805
"18000",102320.584038104
"18001",59672.7541855583
"18002",80588.8399056337
"18003",148986.177245227
"18004",160238.768267341
"18005",53394.4878626211
"18006",43042.0418308973
"18007",29220.0522106642
"18008",80068.1889282113
"18009",56130.8550028323
"18010",52295.144745985
"18011",94700.4401449898
"18012",37795.9766955683
"18013",54824.3842250763
"18014",62514.0144712467
"18015",52823.8577763775
"18016",67514.933213117
"18017",73452.021776997
"18018",120486.035569413
"18019",44996.7897275562
"18020",44522.0144565952
"18021",27833.7985358532
"18022",50214.8953515809
"18023",25585.9091207055
"18024",60882.925167163
"18025",25612.3070138811
"18026",50638.4566698553
"18027",50973.0216402901
"18028",37295.6268542016
"18029",74840.8592661286
"18030",133840.08002297
"18031",23563.1018356798
"18032",69539.1859127764
"18033",132992.694360234
"18034",23259.2694837906
"18035",218783.561575371
"18036",45322.1032267819
"18037",72580.217010295
"18038",81207.8543779639
"18039",45333.6034303407
"18040",97313.5197036141
"18041",50649.9093907617
"18042",76696.8111379036
"18043",53563.126342709
"18044",159351.563434476
"18045",92678.8690749609
"18046",146796.700992002
"18047",34392.3111751425
"18048",179173.522807239
"18049",53216.2519558172
"18050",95760.9090552975
"18051",63103.9374996648
"18052",63504.7959851882
"18053",93530.3472163269
"18054",50626.744208394
"18055",43685.1230968434
"18056",106388.405683913
"18057",22182.7537853054
"18058",136853.329063433
"18059",42882.1433547564
"18060",42886.7655096863
"18061",185934.753768795
"18062",51532.4256166751
"18063",123419.496138055
"18064",81278.2519557929
"18065",58716.0617345432
"18066",128278.994711425
"18067",32052.3705606777
"18068",44465.3760191033
"18069",50845.9057975395
"18070",47649.5006576863
"18071",139217.255799886
"18072",67405.6968834402
"18073",44425.1981716582
"18074",83632.5377541943
"18075",47322.6012226628
"18076",117955.511052157
"18077",136847.776090436
"18078",41284.7779044329
"18079",45018.5715506637
"18080",117274.794079453
"18081",76316.497235877
"18082",84557.3880248583
"18083",140919.781176153
"18084",116740.472251014
"18085",20662.6551440236
"18086",242416.992311446
"18087",47765.5393137615
"18088",25556.6097527682
"18089",60993.362415993
"18090",102258.657879931
"18091",112581.095321973
"18092",46320.6413955295
"18093",140583.539383847
"18094",64171.1566667235
"18095",39549.3270162223
"18096",46471.5927061988
"18097",140881.218197059
"18098",84170.2172484804
"18099",103180.31886009
"18100",176071.227016493
"18101",349245.726905764
"18102",24904.6254677792
"18103",38090.0411653177
"18104",46859.2751480489
"18105",59413.7451780114
"18106",64405.7737806982
"18107",201459.366617942
"18108",159173.188356447
"18109",27359.7304421634
"18110",60435.5293249616
"18111",38240.9069637219
"18112",100977.151327114
"18113",62680.4092709757
"18114",57121.2678281339
"18115",61880.7377757605
"18116",371732.653510073
"18117",122005.70765012
"18118",186711.548523239
"18119",70466.7996238845
"18120",103373.571887836
"18121",132756.344259648
"18122",48046.4881481924
"18123",36377.3311134996
"18124",74254.2534362637
"18125",59106.2128176538
"18126",45841.5581694299
"18127",152536.079438629
"18128",91821.9620623437
"18129",63197.0379027279
"18130",123984.199631066
"18131",18968.1960134858
"18132",54831.5458119457
"18133",96206.8369917382
"18134",20690.7107839948
"18135",39083.637144929
"18136",203844.719566805
"18137",94951.1391716588
"18138",45727.5543141582
"18139",59714.5654218174
"18140",89165.1172855697
"18141",138245.820978851
"18142",155292.703327221
"18143",38434.5148011011
"18144",22272.8694443754
"18145",64453.576378364
"18146",41000.348455923
"18147",97408.363627132
"18148",26696.0304834453
"18149",56415.5292648447
"18150",94080.6668559827
"18151",51812.4824940238
"18152",63099.1297286542
"18153",167671.445641866
"18154",49964.5827130026
"18155",21897.7381259956
"18156",51981.8620253885
"18157",67647.8006052875
"18158",25203.389342939
"18159",52831.8308952657
"18160",179677.816116906
"18161",91461.9671194438
"18162",67974.7203084034
"18163",21137.044370976
"18164",107350.72764888
"18165",75843.8258181311
"18166",76518.6772411228
"18167",27676.7480525392
"18168",82242.212318689
"18169",147803.909319473
"18170",97286.3949196418
"18171",53609.7923298658
"18172",83581.894123846
"18173",36563.0864208576
"18174",81840.8372308301
"18175",139231.482273727
"18176",42384.512069246
"18177",68191.0585515998
"18178",186795.615235534
"18179",12003.679354849
"18180",130515.697359836
"18181",44321.8164948873
"18182",69789.7191109648
"18183",137377.582095735
"18184",50048.6640069745
"18185",166695.70033597
"18186",35128.6837619517
"18187",88088.3951706079
"18188",65868.8126942054
"18189",33547.944985897
"18190",72771.9467981449
"18191",93933.4390828555
"18192",29855.7760929369
"18193",77997.1157637272
"18194",65604.9293689419
"18195",49190.0317707879
"18196",68916.6187852319
"18197",75092.6515423912
"18198",34296.0951663028
"18199",67831.3094969886
"18200",56511.8864176878
"18201",87918.1288725405
"18202",110097.186700425
"18203",65646.3978383464
"18204",108407.215409707
"18205",178507.168967811
"18206",85174.9475749351
"18207",17432.6943136509
"18208",79721.5233442695
"18209",41595.2703311433
"18210",77867.9298912159
"18211",152917.580705019
"18212",57998.3529676618
"18213",42256.7630306932
"18214",64601.2963864095
"18215",59769.0554466878
"18216",112045.106321549
"18217",49858.7412029588
"18218",72185.1223709168
"18219",41364.5782811734
"18220",119215.775200629
"18221",82070.1360163611
"18222",62280.3867100086
"18223",187402.970582922
"18224",59533.4477243752
"18225",44319.9759188282
"18226",58918.9404359915
"18227",48029.6499983298
"18228",49621.483775537
"18229",38797.4924734646
"18230",34528.3914875965
"18231",38349.3035958602
"18232",77131.5712802572
"18233",53713.2604243741
"18234",63331.0398355733
"18235",92912.4646974209
"18236",129832.423569989
"18237",40437.9945354532
"18238",91531.5953977276
"18239",16574.0282551758
"18240",34391.4311436053
"18241",50133.6945179947
"18242",90137.7682070517
"18243",117034.212027495
"18244",27353.097945818
"18245",291063.412094504
"18246",51675.1438500606
"18247",200910.494203402
"18248",136434.777769921
"18249",55452.9842495164
"18250",200174.191717817
"18251",98799.2360701271
"18252",72241.464771592
"18253",40368.3237785602
"18254",29112.3138824488
"18255",110752.293186452
"18256",50421.5653233765
"18257",52682.5105246306
"18258",78605.7137673059
"18259",75616.0025876865
"18260",133527.869682955
"18261",46569.1351747972
"18262",73419.2308688642
"18263",56766.3369796153
"18264",30618.5450778928
"18265",138845.467035197
"18266",50620.9132763628
"18267",120129.389036917
"18268",175551.001833834
"18269",59759.1440082614
"18270",42835.4725737924
"18271",134713.393546468
"18272",73280.5349609668
"18273",30317.1562943883
"18274",112796.970701329
"18275",94471.5207001582
"18276",31076.7302672474
"18277",40979.939141467
"18278",419005.126094227
"18279",124409.390133356
"18280",181000.294872817
"18281",111089.168608826
"18282",49012.5399723316
"18283",66453.0780269609
"18284",46967.6937677331
"18285",79014.3090216209
"18286",72325.3708959547
"18287",45421.4753241371
"18288",47275.6281578233
"18289",25168.4296206548
"18290",26732.5897851456
"18291",44784.5778436858
"18292",27237.2950912359
"18293",31249.2741727533
"18294",89456.4828208636
"18295",64102.37036135
"18296",54724.2840776055
"18297",94973.7832305106
"18298",99286.7201246332
"18299",76079.4754220456
"18300",69269.4730540796
"18301",46694.547802603
"18302",140490.409641993
"18303",28165.0214429143
"18304",31213.2685579276
"18305",45098.7677155031
"18306",276678.491175126
"18307",175655.957651427
"18308",120360.574131639
"18309",37914.793553813
"18310",138900.032613287
"18311",101974.830521689
"18312",32580.6640919213
"18313",154067.236015824
"18314",70110.2988669831
"18315",104155.804380644
"18316",29146.0805404627
"18317",63767.0355886744
"18318",140223.646446247
"18319",62795.7951714009
"18320",44679.4792294102
"18321",17556.8927225566
"18322",90610.2271001332
"18323",51352.3056532661
"18324",77682.9996689252
"18325",99925.946778192
"18326",81015.0953953471
"18327",41601.6307733512
"18328",93756.177847361
"18329",70027.4369373721
"18330",80402.7359177695
"18331",43702.4452401958
"18332",149401.742718087
"18333",49311.5359201005
"18334",18082.7813309158
"18335",64662.2886285608
"18336",82779.7588423199
"18337",66467.6935646963
"18338",52627.3846516811
"18339",110053.712843331
"18340",73161.9437203091
"18341",113145.477728689
"18342",85771.3765425833
"18343",66724.1938323062
"18344",159985.000760992
"18345",62842.5084515155
"18346",91430.4546459386
"18347",48070.2789836388
"18348",97509.6764742561
"18349",48495.2550066253
"18350",54999.6911064646
"18351",118099.954882486
"18352",122537.880870993
"18353",33989.5225611634
"18354",73335.9486429966
"18355",58752.7731948169
"18356",39256.8072054148
"18357",55707.7244044102
"18358",178334.807943147
"18359",105065.083437339
"18360",61758.1248452475
"18361",72567.0720741831
"18362",324451.627218904
"18363",273883.367992705
"18364",98697.7250761555
"18365",102476.917402679
"18366",45840.4321629959
"18367",55455.853330865
"18368",45995.0908748734
"18369",74061.4966801425
"18370",59791.3301797358
"18371",39939.5382238095
"18372",65088.3308429535
"18373",76006.6968169767
"18374",34210.8042679826
"18375",105162.411944461
"18376",67332.5106800966
"18377",135094.254287591
"18378",60498.085294025
"18379",76150.7513172783
"18380",68710.6049729727
"18381",38314.5412676316
"18382",36882.0150545222
"18383",71084.7714925628
"18384",27188.7045276743
"18385",54375.4765882041
"18386",42605.8522152725
"18387",107150.438040699
"18388",83044.1246076746
"18389",65331.8356278673
"18390",35282.3331662636
"18391",274234.763235489
"18392",64550.7109687214
"18393",128539.90406556
"18394",20141.9137383054
"18395",50989.1405464842
"18396",77681.2061395883
"18397",105364.506046155
"18398",94004.8434998179
"18399",87245.9398411717
"18400",23631.5547970268
"18401",47777.4213150262
"18402",110275.294818994
"18403",100940.031798219
"18404",81065.7296092004
"18405",102710.515433039
"18406",61744.4644556448
"18407",178921.243869029
"18408",39078.7321309003
"18409",37371.5387019207
"18410",34365.1593666239
"18411",25691.7581463694
"18412",80254.6048947127
"18413",40191.9577712616
"18414",92223.358004944
"18415",80838.1579350502
"18416",44617.8392597755
"18417",73458.1658601286
"18418",82631.4844076138
"18419",34366.944089123
"18420",55636.6221929487
"18421",206842.122836475
"18422",39463.3425877506
"18423",172594.071182374
"18424",48296.3365001167
"18425",102601.877161097
"18426",198227.593498331
"18427",45639.7034558107
"18428",59346.7573993847
"18429",126571.925119637
"18430",88234.2476037522
"18431",44777.921253721
"18432",125872.847136915
"18433",32810.0619806928
"18434",43257.0809968654
"18435",25770.4417323499
"18436",56824.7435310952
"18437",93007.6163678806
"18438",127362.589005143
"18439",71987.9060496989
"18440",85385.2774462991
"18441",40250.8225699503
"18442",78073.4635441428
"18443",72764.4067252091
"18444",86418.0865999437
"18445",42834.5508150872
"18446",37385.3403103089
"18447",37268.8854631528
"18448",38184.5520643444
"18449",99889.0160030328
"18450",52246.704406236
"18451",38664.9612651397
"18452",108827.42924671
"18453",35406.4636003127
"18454",120130.923979929
"18455",71331.8533058383
"18456",52519.936328503
"18457",62575.6225694311
"18458",39434.1881147669
"18459",57551.199547407
"18460",59941.3748354305
"18461",86248.8958385136
"18462",50077.9221107168
"18463",53489.1068855343
"18464",37423.3231839018
"18465",127303.002073863
"18466",75259.5792537081
"18467",65479.3426198219
"18468",32759.1443876064
"18469",42931.4444548208
"18470",220004.289974526
"18471",131655.334118211
"18472",44437.45131958
"18473",56571.5773531798
"18474",146387.302195771
"18475",72534.5309413865
"18476",41726.267721638
"18477",19880.9124542628
"18478",40282.5178464919
"18479",35421.2355161982
"18480",46933.6219694425
"18481",24956.2977023573
"18482",63774.006923765
"18483",52952.6404265305
"18484",44225.832071481
"18485",72814.188745705
"18486",78289.9931421146
"18487",59896.8102190679
"18488",129331.990725325
"18489",112298.285673685
"18490",69393.5031756862
"18491",88613.9510722543
"18492",81549.5435364056
"18493",243080.56310944
"18494",45787.5116169695
"18495",98316.4981242293
"18496",97996.3373495095
"18497",38281.6632101952
"18498",104646.368388064
"18499",125319.035730365
"18500",62324.1176639094
"18501",91528.2832890194
"18502",84499.7861055442
"18503",66910.2819676942
"18504",73042.8370420244
"18505",45827.7467562688
"18506",90707.3496769764
"18507",121434.291302832
"18508",151242.518344538
"18509",178391.668866033
"18510",88940.2911340866
"18511",68983.6980092726
"18512",107195.891718355
"18513",58991.754871501
"18514",139373.071052492
"18515",121538.328607487
"18516",31591.7480219528
"18517",31868.439582121
"18518",118774.656872679
"18519",101407.029437219
"18520",82718.5427987627
"18521",19666.4576798833
"18522",64163.9323736234
"18523",44783.173943913
"18524",60906.3861233576
"18525",120874.377163552
"18526",24676.4870466874
"18527",123570.059788211
"18528",31129.160661916
"18529",45841.923310754
"18530",136655.70521417
"18531",90317.3442218561
"18532",61653.1032878842
"18533",32226.6815354218
"18534",34456.8076178809
"18535",18384.8113111101
"18536",33427.2695997579
"18537",97026.9743807795
"18538",174635.925411231
"18539",96732.9341862697
"18540",205071.223218064
"18541",56105.8000559186
"18542",64930.5297829491
"18543",101434.620137554
"18544",166648.045820096
"18545",65670.2747088948
"18546",130561.616499191
"18547",140453.152121866
"18548",20985.5918553534
"18549",42659.0600787507
"18550",27825.3003333982
"18551",44461.1579818131
"18552",30196.097452664
"18553",29388.7472817057
"18554",49909.2430057394
"18555",79263.5098714642
"18556",49280.3824090046
"18557",28361.746233158
"18558",114754.112116253
"18559",31336.2532846298
"18560",57879.1040482369
"18561",31132.0575218541
"18562",62373.2102153358
"18563",15265.6765940097
"18564",75865.2672430128
"18565",45825.0948294082
"18566",75610.5613768509
"18567",71643.5979833106
"18568",79900.8310020841
"18569",108218.472630258
"18570",135701.57365745
"18571",28898.9440853038
"18572",30312.8722620326
"18573",64319.2642114062
"18574",72731.3374645546
"18575",154417.011492971
"18576",66317.1525474174
"18577",89777.6831300133
"18578",54690.5967255315
"18579",240616.298967463
"18580",45360.1652106367
"18581",91934.9850877639
"18582",88126.554920594
"18583",65579.9749036193
"18584",30333.3859528113
"18585",42944.9358160576
"18586",79226.2246599575
"18587",42073.69601645
"18588",73246.7116933001
"18589",102918.010902805
"18590",91190.2544408426
"18591",135837.237124846
"18592",181999.400352157
"18593",153419.232876163
"18594",46646.7703473757
"18595",150672.548917533
"18596",83006.0699504665
"18597",45857.1454880115
"18598",160658.379555121
"18599",101629.224803693
"18600",55021.1287179361
"18601",32953.7306057598
"18602",101067.220899362
"18603",45973.8079136805
"18604",35937.5079831055
"18605",89244.5200857447
"18606",40269.7548017792
"18607",41728.8796819672
"18608",104336.659892952
"18609",40269.6730749248
"18610",24527.147150505
"18611",67211.327851086
"18612",107966.224557259
"18613",75369.473381655
"18614",149233.738397202
"18615",65584.0735673701
"18616",50157.8691042512
"18617",71014.9264989474
"18618",42189.5821019914
"18619",84373.7322572399
"18620",98069.7088842787
"18621",55418.8983014403
"18622",110551.527398452
"18623",51415.3643786383
"18624",114740.748107435
"18625",94631.6356136341
"18626",55460.1758234431
"18627",70482.2543143975
"18628",59444.8072626626
"18629",28253.038909702
"18630",166035.815661005
"18631",200085.503783392
"18632",129480.905492482
"18633",55140.6182175787
"18634",107113.188729085
"18635",150619.764685424
"18636",90806.9482829027
"18637",48116.2270083844
"18638",116292.62944894
"18639",64835.0774283886
"18640",47461.4808531142
"18641",171472.61915721
"18642",125380.977321749
"18643",65270.4308279974
"18644",67861.9585979576
"18645",78396.9042543989
"18646",73361.6635152808
"18647",35878.9308306967
"18648",60908.1100094589
"18649",86327.9866111478
"18650",93252.8569980143
"18651",62714.6646542456
"18652",123928.449356126
"18653",156138.647717302
"18654",120355.41895786
"18655",34745.7959004759
"18656",170757.391876194
"18657",15544.6912162844
"18658",95230.8660084055
"18659",26675.2678747708
"18660",50993.023509907
"18661",76086.4017062687
"18662",27513.0768971475
"18663",95595.9410413362
"18664",118846.802750212
"18665",174475.947210356
"18666",72347.0498169138
"18667",133588.908167557
"18668",33287.5513156402
"18669",118569.818013045
"18670",146833.79064237
"18671",69477.0601512635
"18672",73675.4695491654
"18673",53217.6864464856
"18674",158031.145740075
"18675",90295.3282653164
"18676",46112.3843425805
"18677",82330.3153110034
"18678",209606.128127061
"18679",58108.4950676695
"18680",63045.5925753719
"18681",46205.613059701
"18682",43951.1000479771
"18683",44040.4280423152
"18684",38669.7995962359
"18685",39890.7326415398
"18686",46158.0701970157
"18687",73085.1153882672
"18688",45236.2897769016
"18689",136054.156687314
"18690",28681.9480161689
"18691",50505.2332565265
"18692",100829.85261189
"18693",30725.2073406068
"18694",79477.3489075974
"18695",65668.780293414
"18696",52254.3145049931
"18697",126751.335463844
"18698",96836.9443053886
"18699",119473.094957819
"18700",49288.202735967
"18701",120260.717584832
"18702",22318.4625682089
"18703",185018.024640785
"18704",245618.841985988
"18705",53781.8527128966
"18706",83713.1481741828
"18707",53282.4030875352
"18708",26363.7698414609
"18709",46738.3034501485
"18710",47443.7376986884
"18711",96279.2288565763
"18712",69963.6036732119
"18713",48336.6377619861
"18714",55083.7338841814
"18715",34860.2151160846
"18716",22696.0657118398
"18717",51428.4399228913
"18718",20085.8358470614
"18719",58793.3365075789
"18720",93286.8942723433
"18721",97850.9441184855
"18722",48007.1637419153
"18723",133594.7490696
"18724",60632.3826444494
"18725",48192.8492884459
"18726",27943.0440071417
"18727",77894.7853257185
"18728",32459.6300797722
"18729",68493.8588152262
"18730",27112.603561789
"18731",32114.163752535
"18732",18929.744751881
"18733",46485.1774534046
"18734",77398.170053304
"18735",55031.8929765119
"18736",112339.276387513
"18737",46703.2322905025
"18738",36334.4164953378
"18739",37464.739375815
"18740",61541.0636507132
"18741",74633.0575808633
"18742",29314.0546952863
"18743",37088.1417967227
"18744",85048.5892284856
"18745",45671.6471506304
"18746",109438.454284854
"18747",34899.1782392243
"18748",69442.4860778621
"18749",60730.8512532128
"18750",69038.7431565825
"18751",23795.9889297896
"18752",69547.0285186911
"18753",101788.17137261
"18754",331340.045476897
"18755",39305.4894460368
"18756",58322.0984908994
"18757",53943.8826167162
"18758",212517.540758727
"18759",122947.466175865
"18760",49079.9538649685
"18761",57622.9335841808
"18762",90724.7270839599
"18763",152687.216017775
"18764",36781.9676652564
"18765",82745.1173615559
"18766",51855.5432250951
"18767",48854.1781812433
"18768",24864.3143649249
"18769",153409.067835962
"18770",120263.392964624
"18771",320980.235642965
"18772",105172.268809858
"18773",63055.9062202429
"18774",60702.4424131016
"18775",65849.733713233
"18776",34117.1224698454
"18777",51887.5159343425
"18778",94854.3689017231
"18779",56149.9254141988
"18780",72028.5841477352
"18781",50238.3013238497
"18782",183798.704611693
"18783",79665.5840946473
"18784",36038.2697860029
"18785",132750.077449859
"18786",46404.8458676808
"18787",126393.077904188
"18788",47207.2822398166
"18789",74467.1654588448
"18790",21654.7839032741
"18791",134048.099078437
"18792",53757.9966516045
"18793",84879.2701558021
"18794",103668.213481254
"18795",50747.9388539263
"18796",44692.3228818373
"18797",88923.3823700964
"18798",231677.485660588
"18799",105326.09693172
"18800",164754.305805846
"18801",75056.421041125
"18802",121054.307712852
"18803",66274.0478950945
"18804",122251.954985564
"18805",40435.987087424
"18806",101893.310242339
"18807",167972.698967933
"18808",57094.8078960094
"18809",168842.89205164
"18810",75148.8521666912
"18811",55650.238387764
"18812",41674.0335474142
"18813",70588.0421188559
"18814",84151.6593986389
"18815",96553.3045438641
"18816",75046.900454474
"18817",112226.650690319
"18818",108687.338090936
"18819",44670.1667022877
"18820",71929.249922652
"18821",134685.363606594
"18822",91545.5132280063
"18823",104999.665307095
"18824",57367.2578412408
"18825",188346.899800753
"18826",51460.3139042922
"18827",162790.622633692
"18828",40954.173771944
"18829",94405.6723240355
"18830",117416.05840618
"18831",116445.935818707
"18832",116548.289111103
"18833",96074.4318378716
"18834",40618.2491539443
"18835",104319.609726908
"18836",118528.719229151
"18837",56267.3472645304
"18838",133940.893606957
"18839",123341.059850779
"18840",116573.269255948
"18841",79557.0898657241
"18842",40399.2746078089
"18843",54655.9477940288
"18844",33618.6528659898
"18845",172166.255869552
"18846",70545.4692247932
"18847",160940.439858904
"18848",46370.9398555545
"18849",92679.3009854221
"18850",67188.2467465035
"18851",23913.278536349
"18852",137256.146475194
"18853",44419.8835911352
"18854",67806.7366687257
"18855",32948.3868478135
"18856",94959.8427280657
"18857",64659.0468492526
"18858",43027.6369806828
"18859",55691.8804712011
"18860",71179.0581273155
"18861",52942.422496469
"18862",27434.8533615314
"18863",50220.6050873134
"18864",65320.0054588816
"18865",31170.3282079728
"18866",90759.4022284937
"18867",78952.5163886757
"18868",92263.9252709435
"18869",68170.4810821675
"18870",115642.53424113
"18871",195164.236458201
"18872",38036.2499032654
"18873",32118.1655745022
"18874",97607.995409566
"18875",54351.9283644502
"18876",268079.033057597
"18877",284779.49740585
"18878",187373.472568255
"18879",21014.1066864568
"18880",132704.724484227
"18881",29012.2412855547
"18882",75725.8907896472
"18883",55670.48325013
"18884",71218.1995687172
"18885",92042.6981707356
"18886",124254.770334605
"18887",94588.2841228627
"18888",31317.0584176793
"18889",29781.6420194349
"18890",20521.8714026305
"18891",59695.6986309227
"18892",216679.63661011
"18893",131695.553052551
"18894",127051.998995043
"18895",216775.022533682
"18896",78504.0255981859
"18897",46947.3027032891
"18898",239134.508861053
"18899",53814.9360704862
"18900",110913.994481117
"18901",142044.523843465
"18902",75867.8131322748
"18903",105970.306735143
"18904",31630.5463464969
"18905",28312.93447565
"18906",88114.62526354
"18907",228925.251443488
"18908",49427.8587702778
"18909",44690.8518872114
"18910",50065.4460839311
"18911",49273.4368152484
"18912",269593.539352722
"18913",137706.603608428
"18914",409760.381682698
"18915",151732.594972362
"18916",57895.5055228485
"18917",98045.7722135223
"18918",63000.479701997
"18919",35555.7424556307
"18920",92458.1432785907
"18921",31573.7674906845
"18922",25751.2611379194
"18923",60284.127011651
"18924",122592.48492801
"18925",61327.290290515
"18926",98071.2613986144
"18927",65724.9543504875
"18928",38527.1928504274
"18929",48460.344267865
"18930",106125.343140042
"18931",98602.2797411549
"18932",97950.5284236766
"18933",88102.7289849215
"18934",115471.231884529
"18935",208951.604507807
"18936",80676.3685671868
"18937",103116.662323289
"18938",179396.881855864
"18939",64948.2920663505
"18940",80787.238061712
"18941",24718.2611120802
"18942",35608.2832096235
"18943",92404.8288789096
"18944",107300.091924442
"18945",351630.07077785
"18946",316974.0239499
"18947",105892.490066758
"18948",75866.151224285
"18949",109882.89860687
"18950",111336.296975338
"18951",125350.981233139
"18952",111943.284161356
"18953",100673.565465227
"18954",24773.3428728516
"18955",121634.348975742
"18956",31007.3829008048
"18957",145626.154866818
"18958",100934.109492796
"18959",105608.566453497
"18960",120132.509564551
"18961",96942.3463777472
"18962",134524.0327052
"18963",46025.4527346886
"18964",100954.26847516
"18965",30313.9732544223
"18966",40770.5006329246
"18967",66393.8979844736
"18968",312274.737582033
"18969",152179.583071073
"18970",75180.3125899732
"18971",34207.4320214795
"18972",34069.7156500851
"18973",59799.6959245821
"18974",95368.7726064102
"18975",87277.1529311198
"18976",43645.5264719504
"18977",55033.5003010115
"18978",115097.557189388
"18979",388967.985570974
"18980",58501.0956504513
"18981",122599.535788719
"18982",41716.7196407935
"18983",77203.8197675795
"18984",97126.9746898072
"18985",127324.115377735
"18986",88267.8424323555
"18987",59737.7363272195
"18988",57382.0769467523
"18989",98852.0859199501
"18990",33223.7147635468
"18991",58032.9706934674
"18992",262058.479816469
"18993",43355.434615065
"18994",94096.3976834136
"18995",44305.6320199173
"18996",40438.1426114943
"18997",47445.6509121454
"18998",38642.2319926547
"18999",141435.773293302
"19000",75341.4774083561
"19001",70669.2802693943
"19002",120607.994098915
"19003",115785.23667718
"19004",47172.531171346
"19005",191344.706369766
"19006",77092.9806183443
"19007",47744.3946635487
"19008",31468.9503225555
"19009",159710.425134159
"19010",144291.871332069
"19011",68588.5497797478
"19012",99317.5146124672
"19013",84047.9352770391
"19014",70945.6761692232
"19015",127094.278432437
"19016",161356.437053885
"19017",43260.4185547031
"19018",59643.7149348736
"19019",55258.2189069698
"19020",89554.4531585381
"19021",38545.0862246926
"19022",44896.5503309291
"19023",73158.0341684719
"19024",53306.2711632809
"19025",178333.657831155
"19026",98367.7018903967
"19027",38815.3789599697
"19028",25789.9506057341
"19029",35661.0909366988
"19030",43091.1881750905
"19031",106457.314789779
"19032",124771.428109816
"19033",138992.517139722
"19034",25700.0845717366
"19035",27505.5249932942
"19036",35203.3406530281
"19037",135184.680766797
"19038",135660.610879647
"19039",113281.452720086
"19040",76671.6745211194
"19041",38720.9807874044
"19042",76339.0599057785
"19043",75280.2135534044
"19044",88350.5486924736
"19045",59713.8130596485
"19046",36917.0612593695
"19047",67473.6640278827
"19048",61311.0613442339
"19049",59436.3396538937
"19050",43823.4312204447
"19051",54268.843943666
"19052",90736.7232880326
"19053",84971.9746729687
"19054",171762.642254388
"19055",76033.525874751
"19056",145754.646085472
"19057",87820.1808960942
"19058",75916.7769148801
"19059",73051.0188603366
"19060",19123.8514958411
"19061",70160.5400072855
"19062",24600.999311095
"19063",41285.7366064839
"19064",48329.0727522259
"19065",130108.294786788
"19066",51430.5005264102
"19067",104408.381247222
"19068",37434.4275418885
"19069",96323.7556882959
"19070",45267.6453302101
"19071",46622.3105275489
"19072",68901.6068061477
"19073",152408.682826073
"19074",70364.446723373
"19075",54050.7488935153
"19076",67962.1750210796
"19077",41302.4317361113
"19078",77916.9879929669
"19079",46561.4260584831
"19080",169554.313553407
"19081",129831.815017648
"19082",63361.7228262777
"19083",62132.2326602497
"19084",34380.0288854077
"19085",139939.991362836
"19086",80615.5966012162
"19087",54884.5424817094
"19088",37562.8385131143
"19089",24563.4879826386
"19090",33314.1415548052
"19091",49856.6764085941
"19092",59053.1774963108
"19093",93852.4772183232
"19094",52810.746539746
"19095",128522.136355141
"19096",99613.6104306867
"19097",37865.6364831772
"19098",85647.3260649833
"19099",33243.81194704
"19100",119461.343782658
"19101",98304.8326039404
"19102",125031.067435704
"19103",66751.0363913576
"19104",84227.0004695297
"19105",24050.7434024971
"19106",427678.815304631
"19107",42344.4844943229
"19108",45161.8367714485
"19109",70389.9416977518
"19110",35625.084042192
"19111",117134.634807187
"19112",51094.9574783184
"19113",46931.840531448
"19114",118828.596993143
"19115",108222.111139559
"19116",63162.9911269176
"19117",124695.256911551
"19118",17556.3764723709
"19119",66912.9737795732
"19120",81109.2337637656
"19121",56959.3810489836
"19122",54300.1676378004
"19123",166380.609876032
"19124",50382.0303698965
"19125",110080.583198037
"19126",85133.2047986782
"19127",111237.804056817
"19128",141151.335803939
"19129",82468.5245137714
"19130",145034.364066548
"19131",101594.24533479
"19132",72882.1610089742
"19133",50264.7032854006
"19134",100053.676299696
"19135",45294.6946892273
"19136",51749.9158144868
"19137",31698.5970701309
"19138",42710.0745575125
"19139",90289.6506000631
"19140",52160.6546218968
"19141",194362.509162425
"19142",86533.6263148816
"19143",62612.1397622232
"19144",68931.6868458481
"19145",23223.6532441119
"19146",164980.408329301
"19147",124946.208867219
"19148",76417.311170774
"19149",132750.932247033
"19150",51926.7351215763
"19151",27576.1736335322
"19152",61497.1799015025
"19153",44925.2717841927
"19154",237301.934585763
"19155",59523.4697091064
"19156",50112.3470182544
"19157",210209.892431133
"19158",101773.12495259
"19159",57822.3036262964
"19160",140378.139039221
"19161",43461.1466955273
"19162",63201.1230641223
"19163",88968.273222216
"19164",228337.879846852
"19165",53226.169589856
"19166",65013.4809195463
"19167",28361.5665995847
"19168",53654.1492092924
"19169",101509.551121696
"19170",91219.7624989383
"19171",102832.268046397
"19172",146422.633289798
"19173",155790.741375181
"19174",76739.0101298994
"19175",48976.0112432162
"19176",47714.0143206251
"19177",64057.671276634
"19178",91970.2435857935
"19179",17041.1381737351
"19180",35207.5699410037
"19181",41594.9927097268
"19182",132307.122604004
"19183",24106.216382432
"19184",42839.2675270053
"19185",49176.4218174008
"19186",102501.832924815
"19187",61921.0681904652
"19188",84501.1496117745
"19189",72659.6697248535
"19190",88726.516033699
"19191",77785.2581015834
"19192",125864.62909362
"19193",46315.6060212183
"19194",93300.3889769208
"19195",34465.074421353
"19196",78780.6647790936
"19197",55242.2622823924
"19198",43961.7876009494
"19199",80528.2496476283
"19200",86466.6368475494
"19201",61255.7080510672
"19202",86383.5492460797
"19203",42466.7936548205
"19204",52874.0923806557
"19205",66705.0257216375
"19206",150557.375239799
"19207",130808.157744638
"19208",175972.437091921
"19209",64565.717589046
"19210",63558.0151405633
"19211",54561.6568179425
"19212",56951.8712652769
"19213",62749.2928713766
"19214",23856.1511753533
"19215",33387.967388561
"19216",38636.4778204205
"19217",72218.7139324621
"19218",69400.648923931
"19219",257521.468796176
"19220",95584.1464395051
"19221",71679.7388268102
"19222",50398.7307488078
"19223",80547.0673625607
"19224",43988.6417826876
"19225",63456.4151021154
"19226",81156.1456021157
"19227",74982.2295118566
"19228",133117.396890424
"19229",38484.9160093088
"19230",61706.0098178107
"19231",80028.1452363446
"19232",68165.8912343438
"19233",144467.646959716
"19234",46911.5993796549
"19235",66988.7806088473
"19236",180628.970846093
"19237",86482.3566606088
"19238",73130.4620009765
"19239",81233.6003059545
"19240",72079.9049682933
"19241",111039.471379643
"19242",57195.3238233015
"19243",58155.4125361044
"19244",60318.3607364046
"19245",45334.6527026953
"19246",177349.622249207
"19247",50245.233063199
"19248",116509.571645861
"19249",66532.9339642118
"19250",88095.6052697312
"19251",108820.393644469
"19252",94503.023153026
"19253",79007.5383843868
"19254",49273.6767658709
"19255",87944.9691020358
"19256",42054.3593532745
"19257",203534.577347705
"19258",84307.3644316294
"19259",59699.8273278466
"19260",59730.4631761043
"19261",47432.9979208278
"19262",43921.6203237507
"19263",147373.985844144
"19264",34854.084932177
"19265",112031.159041194
"19266",57414.5555961894
"19267",72183.1018790247
"19268",87808.6733064089
"19269",62037.9935376636
"19270",40632.0403724741
"19271",139747.276535085
"19272",51681.0972639667
"19273",137640.053338392
"19274",101620.059032698
"19275",30263.7571813613
"19276",58548.1236814621
"19277",88244.2493474024
"19278",190709.577659528
"19279",63900.9280628819
"19280",57937.798846347
"19281",119569.272542749
"19282",82444.7458730476
"19283",152202.847263758
"19284",154584.27452475
"19285",39429.8059214525
"19286",58317.3737381522
"19287",108980.520754466
"19288",163760.563781862
"19289",88953.6586339902
"19290",15732.8846585781
"19291",102811.077205385
"19292",29543.9338447432
"19293",37140.3613547547
"19294",91719.2819193583
"19295",76169.4986074504
"19296",137602.773410661
"19297",71211.8731551467
"19298",52076.6369963028
"19299",82882.3427643325
"19300",109768.480602542
"19301",124252.356261226
"19302",64179.1400869556
"19303",31580.5894876889
"19304",44103.7686625666
"19305",45725.040934847
"19306",101494.992070419
"19307",71834.1989002633
"19308",169953.144742875
"19309",39847.0100171939
"19310",171528.856212643
"19311",77710.6839407167
"19312",66708.0051838099
"19313",41613.771251803
"19314",83980.0283660458
"19315",86050.8458967209
"19316",8024.82369406618
"19317",282060.88897474
"19318",68361.0813543557
"19319",52477.1792067681
"19320",178146.868741045
"19321",104658.287784877
"19322",97552.624323009
"19323",73415.4740464501
"19324",87599.7184854188
"19325",57805.7089903226
"19326",54311.4832281155
"19327",76652.8730026972
"19328",91653.5640931352
"19329",45990.0232679236
"19330",43689.3260546987
"19331",100613.652377951
"19332",64942.2630024704
"19333",68813.4121540536
"19334",77522.6798463224
"19335",21373.9021428955
"19336",202627.461432286
"19337",89647.6733519439
"19338",188348.397136875
"19339",26049.1566701628
"19340",25840.4260362601
"19341",26729.1535913504
"19342",74765.3700545417
"19343",32082.0792254438
"19344",162020.947674588
"19345",71793.9634006474
"19346",49128.649546813
"19347",137151.717011166
"19348",204389.975769531
"19349",76066.5583810993
"19350",72018.4525981407
"19351",157806.093380969
"19352",43909.3690738825
"19353",80800.2494347747
"19354",36346.8420824214
"19355",61890.1922972908
"19356",48699.3567542485
"19357",58151.7865350524
"19358",226074.653773797
"19359",77512.1375023125
"19360",89783.49443579
"19361",36860.6629866638
"19362",57486.2702684802
"19363",106020.643057489
"19364",61140.388966639
"19365",82061.8354827795
"19366",66339.9199566265
"19367",53715.6437982278
"19368",74088.6019754147
"19369",52129.1336660325
"19370",46201.5183833866
"19371",125109.233093935
"19372",129975.135644173
"19373",69195.8512697708
"19374",113148.163357296
"19375",59276.0715716357
"19376",106957.8646766
"19377",119955.733994283
"19378",98461.3173965006
"19379",99043.6389460206
"19380",91915.4845797891
"19381",34458.0762262418
"19382",129427.397014688
"19383",53009.8635400235
"19384",69817.5318070184
"19385",203699.294478609
"19386",95782.8392616819
"19387",225235.589046018
"19388",80251.7317001608
"19389",85240.1770316882
"19390",92929.9568555791
"19391",71083.5081082284
"19392",56179.6202556091
"19393",115116.642091594
"19394",41720.660735887
"19395",79817.200907231
"19396",41989.2533451963
"19397",87803.731390367
"19398",25281.6143143605
"19399",103914.781038434
"19400",62210.0063196263
"19401",118210.074442878
"19402",60143.0561113149
"19403",116890.993425701
"19404",40958.2934654134
"19405",82936.4866543768
"19406",10482.717241925
"19407",30289.7865080019
"19408",158814.613262432
"19409",29988.0487901422
"19410",80923.1478580642
"19411",72528.7683463255
"19412",112689.702889138
"19413",81796.9044185498
"19414",103743.010146532
"19415",51898.3101760856
"19416",158858.66853537
"19417",353165.582534878
"19418",87518.0547836723
"19419",80884.0686348123
"19420",31487.3548039445
"19421",75054.863697702
"19422",22331.5356523968
"19423",141709.104396973
"19424",60298.5544980568
"19425",80723.0636731009
"19426",68087.6451377838
"19427",35994.3228572469
"19428",75701.7470095607
"19429",83153.455615673
"19430",33052.2562135445
"19431",111536.349447155
"19432",66407.2270764913
"19433",42921.9067957272
"19434",62171.4076832583
"19435",88162.5107667262
"19436",155658.267657567
"19437",103044.018029062
"19438",95196.3321053522
"19439",186857.203227236
"19440",59473.403502489
"19441",31887.0223943585
"19442",164002.204978884
"19443",73055.7554445983
"19444",53709.6432299031
"19445",72534.350723449
"19446",46210.2928292384
"19447",86448.0801941863
"19448",61839.575153178
"19449",24859.0508508394
"19450",28814.2235082375
"19451",60164.0992812169
"19452",49641.7737404545
"19453",130414.263113934
"19454",87933.3603833758
"19455",65308.3651536777
"19456",85676.3249524248
"19457",75853.8844679549
"19458",110274.131210989
"19459",40289.2234916557
"19460",168112.118454804
"19461",122451.99419246
"19462",93169.834410104
"19463",25095.7496674603
"19464",104890.368461789
"19465",79550.9125661156
"19466",55859.5634386456
"19467",48494.9630103226
"19468",58437.2455578124
"19469",78444.0773069852
"19470",77588.253130449
"19471",73926.6027861506
"19472",88618.0178553386
"19473",159988.894561578
"19474",67248.0483791832
"19475",30107.5028212234
"19476",131719.76980603
"19477",283929.942454312
"19478",45847.319005858
"19479",61119.5702372616
"19480",51383.1371329414
"19481",23670.1891734728
"19482",31260.1197625233
"19483",38587.1522373038
"19484",68996.2058442427
"19485",79847.6984021365
"19486",35336.8308915361
"19487",48747.335915754
"19488",64065.0297960865
"19489",75240.9697123206
"19490",82938.511840115
"19491",79598.3359092349
"19492",49546.3039619811
"19493",173454.86887246
"19494",35903.196315432
"19495",35641.4558937012
"19496",84025.673349359
"19497",71999.3925140654
"19498",108373.420130633
"19499",85493.4964321087
"19500",132172.79832065
"19501",56195.7068579181
"19502",101145.901913065
"19503",198715.282026821
"19504",62511.1779129784
"19505",20103.8793867375
"19506",67670.4618845735
"19507",58769.5211905024
"19508",90768.0531963291
"19509",208583.449179093
"19510",29857.1266271297
"19511",149431.781469401
"19512",33802.9205453243
"19513",64828.4598223191
"19514",115421.469040921
"19515",369873.393324816
"19516",59492.0912720887
"19517",65028.2765920301
"19518",43448.833854249
"19519",86661.1044930733
"19520",22391.2451356434
"19521",71948.9313416965
"19522",158309.890190584
"19523",85763.2469667897
"19524",78937.7736454119
"19525",61556.9764717975
"19526",148995.431626155
"19527",48900.2067792477
"19528",55862.2881234274
"19529",110528.237231149
"19530",40920.1540157924
"19531",115243.367715552
"19532",10613.7394185272
"19533",58991.9741875364
"19534",120549.37568472
"19535",52003.2029388488
"19536",85005.4706639144
"19537",41857.7833593787
"19538",56297.614376557
"19539",56068.8830704546
"19540",40230.5592401198
"19541",62734.601183637
"19542",80729.8903782358
"19543",41040.142759772
"19544",66515.1297323982
"19545",66486.9918025466
"19546",95093.5666116195
"19547",300943.530392767
"19548",181188.735214722
"19549",138549.638933344
"19550",105028.567685265
"19551",153142.095044371
"19552",69035.8656637116
"19553",164020.701975787
"19554",77484.6664805639
"19555",55895.2749102011
"19556",53730.8412167598
"19557",101925.377375549
"19558",35766.0191378817
"19559",76910.3398872302
"19560",59062.7501004466
"19561",225063.229598697
"19562",99772.6993519988
"19563",67650.460498448
"19564",161118.74752246
"19565",108055.599312968
"19566",110877.30804715
"19567",45771.3429683115
"19568",64316.9159023028
"19569",102181.371758643
"19570",44335.1623418444
"19571",77581.367251635
"19572",13812.1729692127
"19573",27176.9412229758
"19574",84048.4960413214
"19575",102315.578315103
"19576",64849.3574917773
"19577",54672.3634332655
"19578",41892.6230018176
"19579",29689.7895133104
"19580",38681.0854955411
"19581",94435.2267382383
"19582",59025.2641949831
"19583",59436.98034914
"19584",36513.4919502491
"19585",59368.3008404671
"19586",108407.092252079
"19587",134317.322373692
"19588",106915.198355877
"19589",125429.511973489
"19590",46094.7613772108
"19591",57228.2609189118
"19592",79288.0125187695
"19593",60293.7695356927
"19594",56322.3107291625
"19595",53737.9691149973
"19596",47140.6447891553
"19597",62816.7933824887
"19598",260350.562185099
"19599",22836.2411212827
"19600",50964.4532153436
"19601",124394.618299889
"19602",50915.3840870269
"19603",71731.1390397372
"19604",26517.2389156999
"19605",30171.4462736301
"19606",89216.558650186
"19607",78040.4786612577
"19608",95712.6958641795
"19609",59463.9392292243
"19610",83468.780234357
"19611",40979.2610644396
"19612",106255.381530374
"19613",38848.8777978031
"19614",79395.1600987564
"19615",59357.02670479
"19616",60533.6548672903
"19617",75157.0492124394
"19618",57064.8060950786
"19619",54794.5368230498
"19620",112013.696109731
"19621",115475.594148392
"19622",80269.5690620879
"19623",88302.867379896
"19624",90991.1876602485
"19625",52678.1536130492
"19626",186864.805466231
"19627",71831.0025945397
"19628",72440.5254674179
"19629",31937.8633531125
"19630",89920.9168078408
"19631",86604.558394496
"19632",158462.716701641
"19633",219826.769267014
"19634",222163.042539386
"19635",41263.1440538331
"19636",133760.467457277
"19637",56047.9459191006
"19638",44573.5886909433
"19639",87679.2511079491
"19640",77964.2395671293
"19641",104487.295748716
"19642",71766.9907776278
"19643",26381.7343200552
"19644",78174.0603389434
"19645",61105.926934443
"19646",78216.7173061662
"19647",88085.4123801529
"19648",55845.9616934339
"19649",65372.9396542122
"19650",51710.0368363344
"19651",162890.249461742
"19652",157518.105092981
"19653",32132.5922528983
"19654",51561.6000162904
"19655",492424.919944621
"19656",73010.1505722723
"19657",62699.271951186
"19658",23158.9907938404
"19659",24678.2342630027
"19660",78779.6304884066
"19661",109781.764761756
"19662",43792.7680392575
"19663",57831.3135498358
"19664",190243.333357915
"19665",71961.2360985791
"19666",143565.236488241
"19667",107744.359912569
"19668",165162.26952596
"19669",124789.934967382
"19670",77608.1628286846
"19671",90754.8242167467
"19672",117001.122601563
"19673",45453.6728591229
"19674",109191.06721501
"19675",105475.511359453
"19676",71782.0424190527
"19677",93101.1110795123
"19678",85586.3008620073
"19679",65737.9978439477
"19680",136518.019780106
"19681",45041.2199606533
"19682",67764.4084140154
"19683",97653.9151053074
"19684",55191.8674650934
"19685",87491.6648740736
"19686",32622.0476967163
"19687",85175.799083479
"19688",34429.9065802009
"19689",160723.55527554
"19690",413170.92796119
"19691",50002.3413212808
"19692",88091.0315176318
"19693",198053.933265753
"19694",45431.5713865422
"19695",76955.2607669658
"19696",114834.946083931
"19697",58713.0459828482
"19698",160564.274594298
"19699",41896.8011374663
"19700",82929.4186137136
"19701",25832.8170931189
"19702",107400.185747504
"19703",126120.939231757
"19704",45074.8588040402
"19705",68363.3881777192
"19706",236958.241377288
"19707",78402.9367172668
"19708",122099.847634063
"19709",120295.048885273
"19710",54502.4960278199
"19711",69758.321328543
"19712",98290.7943711115
"19713",78475.341426442
"19714",51586.1316473987
"19715",89549.6418400475
"19716",100079.735822698
"19717",52755.7282470382
"19718",34625.1530864568
"19719",208406.575901113
"19720",61328.414016826
"19721",42942.1240029989
"19722",85672.891156749
"19723",89966.1092172388
"19724",80143.0181606341
"19725",46279.0812131505
"19726",104285.829157995
"19727",52058.6721805782
"19728",150446.110165779
"19729",42836.8338609307
"19730",79674.6030219976
"19731",52248.8411837735
"19732",118326.417078356
"19733",42414.221404264
"19734",167143.73214214
"19735",50420.6678331558
"19736",97600.4708679524
"19737",62687.2326468924
"19738",34531.3930072004
"19739",77924.9896239623
"19740",78775.0419055923
"19741",50543.3293938862
"19742",19375.9238652131
"19743",50794.4040140712
"19744",46652.6175279201
"19745",56102.0571484223
"19746",145618.472407778
"19747",103466.993125645
"19748",101278.549521429
"19749",36440.2202739053
"19750",78891.2777444313
"19751",35945.6398845357
"19752",41731.6345178399
"19753",84384.3607951411
"19754",171128.3136725
"19755",60341.9422184551
"19756",59184.2813072725
"19757",36873.9704751123
"19758",239769.609410803
"19759",68410.6486205366
"19760",45028.6996100044
"19761",88869.3314304091
"19762",100029.912929741
"19763",51683.2502097258
"19764",79637.7838041128
"19765",93890.5831251487
"19766",37122.5149129541
"19767",80075.908280487
"19768",87346.4196862908
"19769",84272.3316813172
"19770",251589.814348816
"19771",182983.724135455
"19772",71841.4669480688
"19773",64140.1985620092
"19774",87782.8880602644
"19775",67034.4271251293
"19776",69230.5291691256
"19777",30460.8582320804
"19778",78363.8699656481
"19779",56621.07506299
"19780",28682.8962854726
"19781",64446.1110478422
"19782",75195.7949362622
"19783",73584.450330988
"19784",106050.014528776
"19785",76596.5085748087
"19786",67818.9494508236
"19787",62519.1547524994
"19788",53687.8455110606
"19789",129856.45153908
"19790",36996.5560807431
"19791",112441.708470563
"19792",121849.077392239
"19793",77500.0460279983
"19794",41371.9072087402
"19795",116523.123292581
"19796",200006.844369252
"19797",45831.802955599
"19798",69318.5656440284
"19799",32991.072510564
"19800",80586.4647787398
"19801",62548.307408534
"19802",53909.5017417452
"19803",87981.070142163
"19804",89294.7935525419
"19805",35077.8264774884
"19806",68092.6126347219
"19807",72863.3274138291
"19808",68922.8569656867
"19809",70091.3789143063
"19810",47690.0710430631
"19811",105445.488628384
"19812",33886.8276409947
"19813",71538.5116006215
"19814",75450.1731029478
"19815",65150.7124172154
"19816",155418.05230021
"19817",29795.4056358974
"19818",40199.0175283338
"19819",263280.551349639
"19820",50183.0066016977
"19821",45962.7310329678
"19822",66342.2978683389
"19823",94477.669438899
"19824",76035.4733203382
"19825",174167.895807646
"19826",122830.073206371
"19827",83829.1556949122
"19828",81475.9494289999
"19829",73307.6813554069
"19830",142260.139439106
"19831",96681.2120357117
"19832",412415.36433834
"19833",183553.894915312
"19834",68157.9710059271
"19835",93136.7252105533
"19836",50835.7501859012
"19837",477072.176005229
"19838",42715.4391025641
"19839",235798.859819351
"19840",63461.4519725174
"19841",57702.6180999006
"19842",116426.231675071
"19843",50698.7991719675
"19844",19906.5168493596
"19845",62329.0704989178
"19846",139877.749075398
"19847",74607.7721525659
"19848",31346.3611688319
"19849",107794.574797071
"19850",80478.4917731196
"19851",155322.265443725
"19852",97578.9483403443
"19853",155417.571852581
"19854",18498.9527655758
"19855",39243.6108044977
"19856",192914.346818177
"19857",39958.0155182436
"19858",35008.4675653601
"19859",68766.5959821378
"19860",168277.81143601
"19861",81035.9742882269
"19862",70257.1786705958
"19863",32104.7123969688
"19864",167225.552489949
"19865",71043.62471541
"19866",28222.4319526353
"19867",63703.562254379
"19868",121305.031428424
"19869",79223.1692544052
"19870",130043.928105447
"19871",69556.4575901115
"19872",43200.7467682921
"19873",184246.824242116
"19874",123243.511372781
"19875",23133.0809437722
"19876",81260.2192686028
"19877",49962.8954308239
"19878",74776.1474490575
"19879",83899.4220037013
"19880",136028.699648365
"19881",33433.0846437124
"19882",129368.612733174
"19883",40150.6652905159
"19884",38773.8296886099
"19885",60130.5194640819
"19886",38920.742479005
"19887",139062.362531308
"19888",55637.4078836653
"19889",105802.605120473
"19890",39458.1465475452
"19891",93155.3363855756
"19892",81675.634827469
"19893",89745.5962468811
"19894",36035.2757337572
"19895",216798.127416012
"19896",87693.3356551986
"19897",24192.7075922866
"19898",86022.2457715624
"19899",69186.1995966946
"19900",63691.8967707837
"19901",156522.237816517
"19902",159799.322494338
"19903",23505.4049099504
"19904",31407.4489857411
"19905",59320.6946019805
"19906",82684.0548467603
"19907",92821.0766527574
"19908",67704.8355027676
"19909",33449.9585183634
"19910",109819.792557639
"19911",35959.8611378114
"19912",21546.45807135
"19913",39108.8450558076
"19914",71287.5254907593
"19915",108546.538427043
"19916",93751.2906806698
"19917",162576.633493072
"19918",70258.7977916338
"19919",87084.3386332653
"19920",97061.8688092322
"19921",88150.9302608103
"19922",42005.5920542221
"19923",96460.5858798091
"19924",98088.2986752715
"19925",26405.9191010057
"19926",145789.869768376
"19927",167531.146849829
"19928",86024.3097894709
"19929",184179.399718844
"19930",110814.195135525
"19931",52641.0355777832
"19932",48029.1152011576
"19933",76613.095624434
"19934",93403.227069071
"19935",75134.8277274944
"19936",101289.217654479
"19937",133335.572946338
"19938",170765.922486846
"19939",143631.770598603
"19940",40059.3506476489
"19941",129669.143912087
"19942",68224.3294335888
"19943",50351.5946563071
"19944",100925.218087352
"19945",30624.6710010574
"19946",52273.0015224334
"19947",94951.3032014564
"19948",41581.7736664175
"19949",63035.0514374533
"19950",35754.3872579753
"19951",51012.1758127361
"19952",47174.7086965481
"19953",31502.7398787372
"19954",70794.182071465
"19955",50978.5214490437
"19956",70571.905685791
"19957",48417.651251031
"19958",43361.6088981458
"19959",34498.8630623704
"19960",104432.64418958
"19961",52615.7519684417
"19962",118813.827546175
"19963",100838.124464672
"19964",34430.7614786499
"19965",63042.1366412783
"19966",181704.929616013
"19967",153963.500729242
"19968",115931.899333015
"19969",53644.6069242036
"19970",192762.341564865
"19971",43244.890965434
"19972",87620.1139611952
"19973",34086.2209657617
"19974",10422.8634428359
"19975",42766.3836004846
"19976",27125.5266187412
"19977",65798.8048410916
"19978",101278.813341245
"19979",60087.1159140996
"19980",46830.1939419295
"19981",42042.432646869
"19982",150833.657360034
"19983",138054.821217761
"19984",41422.3116472421
"19985",85397.3755037045
"19986",42879.0361611284
"19987",196471.272105378
"19988",129617.606361001
"19989",30400.3960888526
"19990",83118.9517735755
"19991",44628.0294371974
"19992",56693.9969784155
"19993",43509.8244656764
"19994",49256.4731956174
"19995",54342.8125725408
"19996",19514.9174445034
"19997",179593.524550085
"19998",97049.9620999387
"19999",77046.2740870853
"20000",88305.7329807892
"20001",170554.2323871
"20002",54389.6302717582
"20003",90179.1484676146
"20004",33020.8255459112
"20005",88339.7308353587
"20006",87219.3574968935
"20007",19803.8833860026
"20008",75156.5693759733
"20009",53880.9199734857
"20010",38813.4428565597
"20011",32894.1091521784
"20012",104826.459644783
"20013",67488.1436000022
"20014",38029.0297543707
"20015",89893.4057507395
"20016",133648.572550996
"20017",62897.6197078256
"20018",65420.8523442276
"20019",122294.118488774
"20020",99834.3059507084
"20021",65110.54952353
"20022",38499.7583392306
"20023",29566.2049384166
"20024",37093.8593819253
"20025",268677.979427879
"20026",45850.9353853756
"20027",143337.752255809
"20028",60985.6416125359
"20029",30972.5568508681
"20030",180096.996863131
"20031",161392.466796095
"20032",35237.4686922195
"20033",51894.2112536086
"20034",42848.4264371308
"20035",62975.5064110538
"20036",135940.523623798
"20037",87104.8293281521
"20038",61266.9469419408
"20039",90636.0940321384
"20040",76426.5264809924
"20041",34240.2509086053
"20042",82127.1480592062
"20043",105515.88141799
"20044",149936.802021709
"20045",107531.135292854
"20046",192102.67217421
"20047",98381.1233651467
"20048",124483.014169229
"20049",86584.2586546096
"20050",33624.5666769422
"20051",207008.314461941
"20052",58319.6122604086
"20053",42510.8791881315
"20054",112399.202930529
"20055",186231.178009185
"20056",40447.0550434378
"20057",83232.0831112906
"20058",30034.3813691116
"20059",96334.1263224612
"20060",83166.9125271759
"20061",59958.1584883314
"20062",29145.2887020826
"20063",53813.4351638435
"20064",32418.76810726
"20065",98607.0437886851
"20066",57213.8476306361
"20067",37761.0620506023
"20068",76830.4647923551
"20069",98015.7323932149
"20070",101709.335695848
"20071",142650.722325098
"20072",49789.2914426579
"20073",62252.3305576855
"20074",106403.034216717
"20075",171433.433894899
"20076",123607.622193406
"20077",56844.1853156317
"20078",26519.7103453641
"20079",95226.2041006046
"20080",81494.9446557089
"20081",153300.299802762
"20082",80208.013201316
"20083",22607.1220883637
"20084",247027.283098891
"20085",87886.6101744444
"20086",73265.9838570212
"20087",33048.5105627719
"20088",84348.549490699
"20089",61186.1240875361
"20090",29236.3632123944
"20091",102762.321890057
"20092",68929.2391076197
"20093",45255.0035665115
"20094",116616.59925008
"20095",37863.2052900681
"20096",74054.8985228599
"20097",138534.350287993
"20098",79022.8531054298
"20099",86177.3185868664
"20100",54980.1926525195
"20101",50909.7387349852
"20102",72455.3639099305
"20103",67381.2560750652
"20104",22237.7209213058
"20105",104106.71367348
"20106",291224.541198652
"20107",69292.7286631097
"20108",46919.7765916357
"20109",69551.7966100392
"20110",44070.7402931264
"20111",73997.8346909083
"20112",64297.0482143921
"20113",64555.5201818575
"20114",132922.140663089
"20115",71477.5602382741
"20116",56497.8837866105
"20117",94623.0737577993
"20118",58534.4819166391
"20119",83655.2727853931
"20120",216468.114118692
"20121",104948.871299613
"20122",109320.697018519
"20123",35057.370887055
"20124",87377.4586943615
"20125",78227.3387245403
"20126",15841.577677533
"20127",181439.905916643
"20128",112823.961510621
"20129",64748.7050429901
"20130",71893.5130488206
"20131",48979.7840836211
"20132",299534.981390047
"20133",37838.2248856656
"20134",75447.5465489305
"20135",96281.9348647325
"20136",196233.148182104
"20137",193019.1336443
"20138",32221.0561798615
"20139",48820.3772486001
"20140",56625.7260906499
"20141",52881.2341559082
"20142",11341.779862642
"20143",29593.5929018884
"20144",36339.1325056139
"20145",129851.401524311
"20146",183743.681983105
"20147",93399.8182515785
"20148",112761.431978583
"20149",34397.1294433892
"20150",119349.941437781
"20151",56134.5491145901
"20152",55520.2488633462
"20153",183503.001084916
"20154",100139.774472999
"20155",31800.385859711
"20156",70420.8312605178
"20157",111025.908658512
"20158",148893.478639418
"20159",43994.4439214733
"20160",288942.925641064
"20161",63860.6240790183
"20162",71432.347928138
"20163",77207.8800565366
"20164",90276.5336363741
"20165",65537.6076935931
"20166",54737.1202770865
"20167",220839.854684969
"20168",102559.502091683
"20169",44930.9007414115
"20170",109490.067135095
"20171",48959.8305070663
"20172",92881.9819975259
"20173",62170.2012668879
"20174",70751.0997361344
"20175",67010.9973359176
"20176",44279.765513098
"20177",33400.8386076298
"20178",116854.96401879
"20179",283772.886944725
"20180",93550.7303646063
"20181",30534.587802948
"20182",78365.848207667
"20183",49635.4084386401
"20184",30037.638545993
"20185",87659.4334777992
"20186",43007.9114216388
"20187",88939.9000292164
"20188",51558.7412246992
"20189",128369.68477778
"20190",281927.659259184
"20191",90577.1921037707
"20192",45205.0952350263
"20193",57288.5139959226
"20194",191270.98953579
"20195",65114.2273191234
"20196",95917.1214607441
"20197",38160.1952345946
"20198",48728.5491580623
"20199",67476.9392137493
"20200",129333.403466265
"20201",56951.5878887169
"20202",41224.1069783134
"20203",176943.325912215
"20204",127274.242646206
"20205",119724.680455975
"20206",48025.0368407545
"20207",53581.522912349
"20208",46362.4038347442
"20209",148682.64364393
"20210",116073.069210707
"20211",59900.7293848705
"20212",35070.0342572911
"20213",132027.820929064
"20214",80928.580036525
"20215",126757.981038651
"20216",88645.4651584119
"20217",197519.748049197
"20218",219588.827660887
"20219",57237.9950952739
"20220",66406.2141822871
"20221",178937.368305715
"20222",164072.531945848
"20223",52570.7720405729
"20224",38363.4331477237
"20225",44709.991484596
"20226",109075.842688718
"20227",87976.3027822091
"20228",50302.1859955585
"20229",88648.0422680628
"20230",136869.117613427
"20231",54454.3049376796
"20232",68617.4316712623
"20233",82236.2107494191
"20234",47587.6041905721
"20235",67286.5301212014
"20236",188172.486768854
"20237",58105.9877801123
"20238",115729.243977345
"20239",65790.5409783725
"20240",56592.4113055024
"20241",45320.1124845475
"20242",91383.624994784
"20243",71080.7113467821
"20244",51342.9943048893
"20245",28457.0535143906
"20246",44745.6908120594
"20247",65550.3809295732
"20248",68453.9738805707
"20249",40642.9811242569
"20250",43473.6168475009
"20251",75962.3650283485
"20252",29715.0426794087
"20253",122064.871128115
"20254",57849.8266457559
"20255",232622.552579979
"20256",135289.349207083
"20257",73721.8720546273
"20258",28899.0205290275
"20259",54104.6968883551
"20260",36814.1222253268
"20261",145194.317648633
"20262",126126.954161598
"20263",105794.04878657
"20264",139387.933607767
"20265",224493.017198091
"20266",67791.9090540905
"20267",64218.7918254296
"20268",92612.0389743309
"20269",35282.1613767887
"20270",137483.203373102
"20271",29434.6998795561
"20272",113996.865820865
"20273",209564.131715284
"20274",70606.8644739387
"20275",241540.34441085
"20276",245996.631258465
"20277",76286.3529722972
"20278",66305.3931896454
"20279",50881.4275359031
"20280",77134.1281134568
"20281",324839.46826959
"20282",228730.362173643
"20283",66331.3679080176
"20284",65758.8693939262
"20285",22734.0203588443
"20286",60752.4485183909
"20287",71442.1324313928
"20288",56109.1630592805
"20289",80391.5004177433
"20290",62083.7558142294
"20291",68724.0264841746
"20292",154073.81897019
"20293",257503.318541332
"20294",144287.370878451
"20295",260677.34624269
"20296",81263.4843149014
"20297",152652.829240178
"20298",66244.4543383258
"20299",48741.7220604625
"20300",70704.4524467873
"20301",95087.0393198298
"20302",46733.3923443186
"20303",63894.2235883364
"20304",109117.454418873
"20305",62016.4136875867
"20306",64234.1332911831
"20307",53080.7213086488
"20308",25685.8663740527
"20309",46448.2328427916
"20310",106909.728919187
"20311",46784.0167783809
"20312",52028.3332078863
"20313",54427.5354403958
"20314",57418.8175944163
"20315",43188.2255822358
"20316",73046.6896241002
"20317",53355.2521900433
"20318",57324.393229392
"20319",193839.474567519
"20320",126227.63808807
"20321",106500.300461952
"20322",106016.765576462
"20323",67702.9924870177
"20324",92541.2439022194
"20325",115854.631217852
"20326",37537.9204722373
"20327",79318.1557612106
"20328",28901.9588980814
"20329",31598.7919642376
"20330",103729.906408808
"20331",25713.7525470374
"20332",154196.914582775
"20333",301395.728971078
"20334",120638.431431786
"20335",81614.5975594312
"20336",147448.281220448
"20337",56316.3111415033
"20338",76053.2241692578
"20339",23022.7439303691
"20340",175237.461646747
"20341",62132.5559404023
"20342",49909.6028384505
"20343",76486.2919023709
"20344",82979.434289311
"20345",31231.8729536192
"20346",155498.788056535
"20347",64736.4387147697
"20348",26969.290446216
"20349",33165.183930102
"20350",47512.5465346306
"20351",59905.1903597266
"20352",142623.629209347
"20353",64319.5743040735
"20354",56104.2744960643
"20355",98598.8118905838
"20356",155810.370022289
"20357",73477.6955224957
"20358",82238.5559483603
"20359",116182.978395765
"20360",80045.5025205452
"20361",94257.4454562371
"20362",77592.9671160993
"20363",344957.456116335
"20364",44315.9353548144
"20365",57694.9299538581
"20366",180267.628887245
"20367",101124.602668251
"20368",292492.982559535
"20369",138858.564220571
"20370",62938.6475082189
"20371",116319.217217855
"20372",41128.3335470766
"20373",111533.087821744
"20374",84305.8419817686
"20375",42463.3786930801
"20376",58165.9829312444
"20377",26106.9691382475
"20378",30264.2132095622
"20379",49490.9692620919
"20380",128547.295388075
"20381",95324.3695479905
"20382",207760.499316628
"20383",111712.473431002
"20384",102735.751101484
"20385",168010.351424701
"20386",56685.2523855929
"20387",246177.049690376
"20388",111468.402546963
"20389",57722.5171298495
"20390",228707.274745108
"20391",176336.63602106
"20392",86947.347106684
"20393",118382.133155711
"20394",104997.64948652
"20395",28783.0111534497
"20396",45724.5345655645
"20397",63789.4070263955
"20398",70855.6362533645
"20399",86336.527239688
"20400",76489.7112626866
"20401",66298.918690314
"20402",85817.1193658194
"20403",31660.6600703926
"20404",37690.8379919492
"20405",31723.5217576484
"20406",133286.502971271
"20407",81582.7936175808
"20408",69437.7838299641
"20409",70178.3742034199
"20410",100356.038989732
"20411",73554.1233409683
"20412",46202.671730511
"20413",34766.6389748574
"20414",95899.4453759491
"20415",81719.3238505457
"20416",47489.0939316289
"20417",60443.5648557388
"20418",114557.6582176
"20419",50586.5120749674
"20420",87209.7365815559
"20421",38632.6075253713
"20422",24757.7693089271
"20423",175829.491211511
"20424",225530.905782042
"20425",79053.7317136181
"20426",98170.2918467729
"20427",67389.7085446727
"20428",90424.0207484958
"20429",60923.2983393444
"20430",21205.2217338178
"20431",46273.1635022866
"20432",66689.6127192454
"20433",66827.937440885
"20434",85475.1899652982
"20435",81259.5589204474
"20436",164047.050535101
"20437",105833.094493305
"20438",103009.574102226
"20439",86147.3856357521
"20440",22835.1306865483
"20441",203128.725819593
"20442",147664.595907832
"20443",64990.2962293875
"20444",166217.717162222
"20445",72274.0363688263
"20446",80043.9602987431
"20447",147201.553202677
"20448",110136.190835329
"20449",58824.7915459144
"20450",72969.5537142777
"20451",64368.4555902736
"20452",40518.0208819921
"20453",84420.9010507004
"20454",82096.9082489348
"20455",107707.654707073
"20456",25286.0519825937
"20457",85997.7779007045
"20458",49621.7385504126
"20459",33411.254958295
"20460",134434.6566346
"20461",93460.7986441224
"20462",45695.2313228773
"20463",53050.8014607266
"20464",70146.0980688355
"20465",40524.252588958
"20466",17739.5465888439
"20467",164695.907574142
"20468",61816.4272758318
"20469",137098.544096444
"20470",51140.9848267959
"20471",121320.121124296
"20472",150230.519007833
"20473",74008.6110957066
"20474",56322.5011771157
"20475",64359.751533928
"20476",48034.6578767556
"20477",70828.3071773218
"20478",140656.36997766
"20479",81940.7882146595
"20480",155488.6517421
"20481",116891.754686593
"20482",54806.3506804705
"20483",78936.4055950459
"20484",55594.3837943384
"20485",76472.921618631
"20486",53087.10418401
"20487",45701.1604779961
"20488",66937.9761689046
"20489",123525.348859789
"20490",38115.6881212945
"20491",52436.9066017758
"20492",98129.45395181
"20493",87323.0269934037
"20494",54600.2003095461
"20495",42716.5797985526
"20496",41371.6963165361
"20497",60014.3449280236
"20498",90268.6411415534
"20499",32859.089811417
"20500",67797.4402603206
"20501",75559.4197343078
"20502",58893.8773011267
"20503",116200.500916671
"20504",102494.179488287
"20505",159664.634625186
"20506",54875.5718588317
"20507",307106.023494863
"20508",66051.5339037511
"20509",129482.753251604
"20510",29663.9456773605
"20511",77591.80191895
"20512",92296.7837232343
"20513",84242.5290849683
"20514",86983.8240481555
"20515",102892.423084129
"20516",80661.8887499516
"20517",38377.7225671673
"20518",54725.7254806962
"20519",121973.34787499
"20520",170254.807328011
"20521",58506.3185933405
"20522",41542.344114041
"20523",107744.584320058
"20524",65087.4776063411
"20525",66384.027059601
"20526",190784.463638998
"20527",76450.2136027777
"20528",138963.431594472
"20529",194000.041840158
"20530",97705.4844867477
"20531",41279.8154912944
"20532",72428.4016538652
"20533",142744.122363993
"20534",42784.3679753656
"20535",35850.8799816059
"20536",110213.864313461
"20537",21183.9429637372
"20538",144386.125136117
"20539",49720.2521982262
"20540",33696.7619224041
"20541",108247.504545278
"20542",25672.4839558666
"20543",66897.9269982379
"20544",198079.29996138
"20545",31632.485867059
"20546",111955.263345438
"20547",30014.4851585552
"20548",80846.97624121
"20549",96236.8836607876
"20550",96249.6065719511
"20551",39713.2449134817
"20552",39132.7475490025
"20553",58477.0757177797
"20554",84738.8528171552
"20555",74661.6470120504
"20556",18393.6486614535
"20557",130783.415843564
"20558",41501.3401888355
"20559",123841.838117183
"20560",38259.7884766312
"20561",66406.3568994093
"20562",118680.849689238
"20563",54100.8973905684
"20564",34482.5264720948
"20565",109399.069692325
"20566",37749.2450245022
"20567",107826.888766574
"20568",44288.9108160958
"20569",14501.0133347611
"20570",59246.5188708065
"20571",130769.783680041
"20572",72972.3949862685
"20573",40154.936759308
"20574",117496.089696382
"20575",143841.40281521
"20576",39768.4750682721
"20577",53044.7717310811
"20578",24012.2437149561
"20579",56900.9694272455
"20580",42720.1741621985
"20581",46004.4563935594
"20582",38959.9370843593
"20583",222696.004981992
"20584",185355.628825566
"20585",78162.265465445
"20586",145963.079939146
"20587",191112.829325899
"20588",194455.671991712
"20589",68350.8860375493
"20590",60622.3330652433
"20591",59959.0661640311
"20592",22020.8777097772
"20593",87430.1615240413
"20594",74586.6558976352
"20595",42471.6128099222
"20596",78660.1821274083
"20597",23849.5159981618
"20598",59366.4137252296
"20599",123442.411959005
"20600",121744.554191441
"20601",49250.88473143
"20602",30683.2963359412
"20603",60927.4931494602
"20604",112655.840965289
"20605",27770.815276382
"20606",105801.460697539
"20607",72937.4462534389
"20608",47821.3717194366
"20609",71487.7776739206
"20610",56124.969231011
"20611",79787.7209104263
"20612",64326.0693143353
"20613",49556.3054845712
"20614",59090.7920951633
"20615",48134.8160672114
"20616",100496.35716244
"20617",48636.7174622159
"20618",154296.399906946
"20619",18559.6171513986
"20620",106541.960404748
"20621",57063.424570744
"20622",48666.5441737427
"20623",37658.0115735073
"20624",74905.4118179907
"20625",38434.1272904194
"20626",40581.1483701128
"20627",127993.610179264
"20628",66146.8437410578
"20629",69321.6285860707
"20630",96233.0176784489
"20631",101662.437969179
"20632",87131.7470843682
"20633",40353.3194563771
"20634",41345.4541139821
"20635",125859.862281749
"20636",65124.3097964103
"20637",190467.897197092
"20638",206165.437984643
"20639",118654.86172376
"20640",62906.7018179556
"20641",63327.2606214301
"20642",23738.9859779094
"20643",68502.1877760529
"20644",62105.5046064025
"20645",71073.1419989804
"20646",37915.2632732823
"20647",53921.2250183413
"20648",94090.5008817466
"20649",107790.335997862
"20650",85404.4542993538
"20651",156311.091107485
"20652",103408.825657331
"20653",75051.1367080577
"20654",61658.2335447078
"20655",45973.5400557242
"20656",131799.257046423
"20657",76838.4402009758
"20658",41678.6328455241
"20659",84377.4982438431
"20660",50919.177947868
"20661",42642.1564943924
"20662",97541.1599603401
"20663",65929.8003823841
"20664",97659.569328632
"20665",55581.2463873658
"20666",61478.3608914779
"20667",103517.090921679
"20668",291800.182062013
"20669",153017.694898577
"20670",69636.3178570644
"20671",54739.0712568927
"20672",79289.6970406958
"20673",31505.7858262779
"20674",128180.576780897
"20675",96198.3239189083
"20676",16410.6412002586
"20677",176429.62256306
"20678",65837.5665367737
"20679",234541.980197953
"20680",65888.005554657
"20681",32895.2910624772
"20682",45230.7584008375
"20683",25103.7700461887
"20684",108436.291357604
"20685",129381.86092241
"20686",59200.2987532133
"20687",31746.5141033548
"20688",66341.0741617443
"20689",109468.447303709
"20690",273804.71627142
"20691",61714.3561824457
"20692",61296.1081236369
"20693",122491.176554217
"20694",60308.5026197677
"20695",56709.9291813591
"20696",62082.4752939464
"20697",34843.8925120959
"20698",91259.2952829923
"20699",117437.192447072
"20700",32608.7808832719
"20701",71522.6855071464
"20702",68395.3163473828
"20703",95052.8697224462
"20704",74911.2441621554
"20705",64870.6299806943
"20706",26784.8195611315
"20707",19576.0883232902
"20708",246010.251021469
"20709",121780.79291029
"20710",91663.3974725925
"20711",101260.889521857
"20712",46826.9291657037
"20713",149033.067950958
"20714",83233.8840875075
"20715",114669.796261088
"20716",123752.148675982
"20717",105435.738736039
"20718",31877.1909511379
"20719",54138.8869562857
"20720",96853.1688970072
"20721",23668.554721375
"20722",99614.8648249647
"20723",58999.4167793049
"20724",83863.425890763
"20725",16403.8011965387
"20726",109038.583539031
"20727",72895.2015644239
"20728",67884.4741215882
"20729",116298.53269454
"20730",42256.9829454517
"20731",90502.1730083731
"20732",98894.2667375023
"20733",169044.756706161
"20734",159652.998941871
"20735",155117.944646925
"20736",267978.508388242
"20737",91103.5207177522
"20738",70513.1123411229
"20739",26004.4286811801
"20740",120081.663683636
"20741",99497.7980277477
"20742",40440.7334049788
"20743",124551.914046754
"20744",24985.9943949916
"20745",56625.2978652064
"20746",32235.8803689399
"20747",258819.798239001
"20748",23922.6987867412
"20749",71349.9882367419
"20750",32555.06091084
"20751",93167.4144002022
"20752",172729.716339355
"20753",124699.871483347
"20754",27785.2353419651
"20755",27195.0429688438
"20756",41130.3694087979
"20757",39818.2976047644
"20758",444836.963060907
"20759",43228.0820034063
"20760",63326.6727943814
"20761",43898.471538546
"20762",137523.163919501
"20763",109756.697212984
"20764",122097.72487812
"20765",392151.574841163
"20766",51191.8464856367
"20767",77101.8999289593
"20768",15727.2557662668
"20769",79992.0105479556
"20770",145398.850538569
"20771",119093.733290428
"20772",34713.1917256726
"20773",36780.2676976839
"20774",153913.311511599
"20775",33923.197676373
"20776",25980.4065768434
"20777",105362.518253484
"20778",69361.4168334872
"20779",189527.206204213
"20780",131385.590559676
"20781",151610.905356093
"20782",37557.2673412202
"20783",172699.550886587
"20784",100274.051468158
"20785",52223.2699074276
"20786",126538.378803666
"20787",49679.8773432001
"20788",145295.071744047
"20789",49864.8654206024
"20790",103402.56021313
"20791",91565.0371470516
"20792",145903.972444906
"20793",128834.810661497
"20794",138829.790372109
"20795",111064.731361166
"20796",34844.6989270097
"20797",94527.6850257743
"20798",50694.6386484154
"20799",83601.4676070689
"20800",60493.8683790837
"20801",47877.9371006464
"20802",60932.6842530042
"20803",106679.686511596
"20804",68679.0343618278
"20805",116745.456577821
"20806",135501.946411374
"20807",58089.4379591839
"20808",46289.4653153413
"20809",72340.1717089338
"20810",66712.7645653663
"20811",104093.7004436
"20812",105209.962400318
"20813",160926.535756352
"20814",88400.9453427912
"20815",106178.897069075
"20816",56698.227791417
"20817",180132.930055776
"20818",34887.4137828697
"20819",50973.0806676681
"20820",190056.676783847
"20821",89253.6089675184
"20822",71673.194113117
"20823",75078.2515891784
"20824",117062.865419263
"20825",78792.4519654978
"20826",32313.823103239
"20827",68595.6203067385
"20828",28132.4904968453
"20829",73384.7149582941
"20830",38144.1074774571
"20831",324744.86408896
"20832",21776.7061540606
"20833",63836.9429625671
"20834",111004.531403342
"20835",95378.0171715147
"20836",98164.0964960701
"20837",87171.6000601515
"20838",58351.6903575418
"20839",182136.249959324
"20840",99696.4569720564
"20841",64755.1159111945
"20842",48637.3118298827
"20843",59961.3514102512
"20844",36563.9236808762
"20845",28019.8169697775
"20846",20012.6386858535
"20847",86456.2206567043
"20848",150886.215260063
"20849",52368.1181099844
"20850",131019.931164354
"20851",129106.442433945
"20852",89285.7608012945
"20853",85675.2986434164
"20854",180337.725600193
"20855",70446.4096995193
"20856",71866.0387249241
"20857",60774.3307647776
"20858",94397.6686002412
"20859",101297.335393405
"20860",48020.2858694795
"20861",36405.8104391825
"20862",82582.876598357
"20863",117701.347543719
"20864",83657.7792214726
"20865",64694.1683297682
"20866",52185.0774615712
"20867",63699.9029470165
"20868",46040.1570397758
"20869",162868.364366079
"20870",85255.4533683816
"20871",64427.6350308862
"20872",264135.219078787
"20873",69962.7751670987
"20874",58522.5489778892
"20875",30633.3921511271
"20876",272874.220143886
"20877",170980.674683214
"20878",40120.4450252035
"20879",151303.685507073
"20880",119977.294848305
"20881",27637.1849226714
"20882",129168.33827511
"20883",143007.862035121
"20884",39618.6482583162
"20885",196470.030984624
"20886",123839.678012489
"20887",68594.496088637
"20888",172589.254430737
"20889",36921.4602175954
"20890",91440.2919900735
"20891",59680.2522696089
"20892",100112.781480841
"20893",54978.7942932886
"20894",49673.0533398295
"20895",26169.2033958422
"20896",33274.3264095713
"20897",69575.2435404034
"20898",70661.4413536208
"20899",74851.7824874734
"20900",120542.634035696
"20901",103334.588703579
"20902",28111.5974234092
"20903",30993.1704566817
"20904",74986.6844036339
"20905",103183.836368817
"20906",184194.953419064
"20907",220640.800202067
"20908",35258.2914165608
"20909",59794.7701954596
"20910",57881.790820431
"20911",67168.01485642
"20912",75306.8505541527
"20913",112616.947534904
"20914",86295.6473743405
"20915",91425.8171290119
"20916",114361.357585298
"20917",111313.190437268
"20918",53505.5721501904
"20919",68110.1421807044
"20920",190433.183105823
"20921",216839.615419385
"20922",43714.8083518771
"20923",86064.1536480184
"20924",82265.7982283357
"20925",82182.1181846142
"20926",31835.7515433792
"20927",49656.5100125966
"20928",46079.7204259663
"20929",151190.136157133
"20930",62025.4832320111
"20931",62578.4619516051
"20932",83586.5357353653
"20933",52869.1966085951
"20934",22699.7181790256
"20935",113352.333418742
"20936",48824.4892881172
"20937",18907.4247766269
"20938",26167.3611037563
"20939",84968.3055043088
"20940",54494.7949661146
"20941",95584.4439756288
"20942",90392.9477281327
"20943",58077.9978319439
"20944",62468.9123908907
"20945",138076.186825256
"20946",49294.9672750715
"20947",88161.8039317334
"20948",61823.9239615091
"20949",59162.0492860745
"20950",69654.4046545225
"20951",74936.8281551506
"20952",45189.7750883642
"20953",48245.0473171918
"20954",76297.759892004
"20955",69435.4361004554
"20956",41659.397473297
"20957",81558.0064558023
"20958",33370.2943128291
"20959",116276.936335513
"20960",131944.027972561
"20961",79249.0207711415
"20962",91598.3913846482
"20963",70414.9097156194
"20964",212351.36678293
"20965",40856.2489721744
"20966",42931.2488544681
"20967",47687.2434871037
"20968",25511.4201925277
"20969",102164.823434312
"20970",88870.9917402172
"20971",61706.7216472456
"20972",97378.013632166
"20973",46430.1981472867
"20974",81544.0040999462
"20975",84290.5566850892
"20976",39504.2505447083
"20977",57413.7207760651
"20978",131979.474764817
"20979",45237.8576076536
"20980",59824.7653373169
"20981",29068.8137822004
"20982",178340.183433194
"20983",289054.95200649
"20984",69015.4114718978
"20985",77948.8313087735
"20986",29676.5080821064
"20987",60686.7600258698
"20988",74287.6855440897
"20989",98750.1276225522
"20990",35979.5115420635
"20991",62916.4800328767
"20992",50878.9474290129
"20993",222224.288950477
"20994",74495.0973284776
"20995",53322.505304857
"20996",39107.4888021645
"20997",69496.1408999453
"20998",68019.2885692242
"20999",56816.5386803877
"21000",33019.6691641858
"21001",49214.5967990326
"21002",43392.0147502745
"21003",46576.6581030567
"21004",86533.0805702408
"21005",107038.06525426
"21006",49744.3357271825
"21007",81295.1396791716
"21008",107568.461561195
"21009",62887.4901493286
"21010",147814.548285942
"21011",112318.445361685
"21012",79052.9424457471
"21013",32986.8093091227
"21014",55616.9950992504
"21015",120605.629521283
"21016",101495.668700778
"21017",52501.2974817917
"21018",105019.593108952
"21019",54241.6669103504
"21020",103870.436131489
"21021",66800.4095871448
"21022",73982.9092102625
"21023",35459.4105388865
"21024",172983.932299391
"21025",90948.8996186395
"21026",81519.5410917622
"21027",45620.0134879048
"21028",41337.7525472659
"21029",48949.1849829652
"21030",74454.2160010524
"21031",76899.8605494292
"21032",103809.523382683
"21033",351621.670105574
"21034",71873.7245530357
"21035",56185.6700979685
"21036",32972.5107933826
"21037",103785.114404311
"21038",58035.267859923
"21039",23139.1887314404
"21040",38456.8141135028
"21041",56986.8642922582
"21042",177128.506494046
"21043",94966.3815983974
"21044",52653.0453038629
"21045",53567.9769613432
"21046",57292.4075597123
"21047",166719.225477835
"21048",50178.5556167724
"21049",125807.428585739
"21050",21565.7747782655
"21051",42735.0424882744
"21052",124627.661296523
"21053",121630.47774808
"21054",48929.0583075619
"21055",26853.3808735917
"21056",45396.309599158
"21057",79786.7044982066
"21058",86952.7280166168
"21059",42911.4226047466
"21060",72734.9433409671
"21061",45446.9781458068
"21062",24248.4369314051
"21063",89527.3893696923
"21064",78153.6657706063
"21065",36585.3065020385
"21066",129477.270887837
"21067",143217.776316355
"21068",60111.8262189046
"21069",89018.661121341
"21070",80449.4034203657
"21071",107172.247198928
"21072",36896.7194942528
"21073",50899.4826144937
"21074",97294.8549609221
"21075",55102.1082175562
"21076",39738.6270439658
"21077",51815.4155245883
"21078",20240.5740767198
"21079",129609.093560974
"21080",41426.4766898059
"21081",30360.8275530353
"21082",44055.2409866381
"21083",52886.1941875912
"21084",66259.4881873918
"21085",69373.5760219489
"21086",43428.8532465491
"21087",182540.629703994
"21088",108217.626441455
"21089",65583.8514474326
"21090",86578.0465085133
"21091",99876.9157642523
"21092",84781.3694120739
"21093",213998.980802251
"21094",60613.0946500335
"21095",47093.4362220726
"21096",58055.6715548689
"21097",124425.501317342
"21098",92717.006731016
"21099",64077.5097236504
"21100",127450.536676001
"21101",82231.074106643
"21102",61782.8045536118
"21103",63460.4748689968
"21104",31237.574107102
"21105",48244.6434627784
"21106",143875.378749972
"21107",61581.1481825683
"21108",86542.0824023206
"21109",50742.3282991507
"21110",91895.480323923
"21111",16843.2721671914
"21112",129205.675162322
"21113",52530.9077442667
"21114",50150.9997995591
"21115",107418.885853779
"21116",70642.0489579112
"21117",90159.8315297357
"21118",92019.3992914191
"21119",307779.361026681
"21120",65089.2993129894
"21121",68934.2633457264
"21122",82615.4419242726
"21123",87780.0196406332
"21124",83057.8872441269
"21125",40930.5438972138
"21126",105440.59813316
"21127",60239.8763312885
"21128",40261.7714609536
"21129",65956.4884259653
"21130",22342.2443544455
"21131",52704.257208323
"21132",61324.2033463401
"21133",50769.5183977561
"21134",102752.51410993
"21135",45673.862351199
"21136",58177.0737130204
"21137",59388.5298666594
"21138",55786.792344997
"21139",155936.298961671
"21140",38134.7141005953
"21141",21004.0489146355
"21142",45758.6109199784
"21143",41096.8926638009
"21144",156449.277303969
"21145",70335.3521554759
"21146",134481.260218184
"21147",79564.7892991938
"21148",18298.9113706791
"21149",82187.1573478042
"21150",29167.5963004985
"21151",102493.050150656
"21152",79649.2890516496
"21153",55575.7266095236
"21154",72615.5974450501
"21155",214593.533070661
"21156",128263.729719796
"21157",60162.1348059112
"21158",84088.3713718702
"21159",33392.267608301
"21160",32380.0430872229
"21161",60392.4039882583
"21162",67585.6006311014
"21163",34035.1911506783
"21164",130619.237192311
"21165",77714.4433551643
"21166",203770.321874652
"21167",42205.1713933224
"21168",12913.2483177063
"21169",27122.8054609742
"21170",44338.7879043432
"21171",96856.5451348106
"21172",16021.6808106418
"21173",151921.740131064
"21174",69457.2357332891
"21175",339522.32436176
"21176",82270.9452497701
"21177",50673.8391215153
"21178",126294.992164363
"21179",96424.1617396201
"21180",109091.542695524
"21181",65597.4603281794
"21182",42779.9952301607
"21183",75954.0436921229
"21184",138685.356419204
"21185",77786.163818734
"21186",58964.8583862845
"21187",118829.925284654
"21188",30532.8658580791
"21189",58044.5945608921
"21190",62602.6423212773
"21191",60696.8997598335
"21192",76972.8845797863
"21193",41368.8812858338
"21194",70694.3367940837
"21195",80266.6098770932
"21196",259912.505856375
"21197",189568.583201131
"21198",105287.04515525
"21199",62057.5161460536
"21200",90375.5553213409
"21201",149261.78157854
"21202",51245.1129760732
"21203",79673.7822965376
"21204",35446.7397364684
"21205",82502.4419711128
"21206",41865.5230592325
"21207",89838.5040557569
"21208",25637.4880535818
"21209",131079.864771353
"21210",55253.3071902093
"21211",29398.689122144
"21212",41006.3178289334
"21213",112950.419418554
"21214",93681.6262685107
"21215",74501.7083282889
"21216",71262.7336614115
"21217",75543.4121877162
"21218",67524.6191115475
"21219",59428.4575194345
"21220",165261.756863653
"21221",96206.3277440213
"21222",32976.4971003494
"21223",56361.9126309901
"21224",45138.0832445148
"21225",67351.1122404269
"21226",101276.471992583
"21227",92701.8531964188
"21228",132181.122793138
"21229",111770.930812788
"21230",202470.548589885
"21231",128726.709033037
"21232",205591.10003398
"21233",38120.2213415034
"21234",76339.1014620136
"21235",75847.6139651422
"21236",65472.8183461397
"21237",71237.9566831382
"21238",32569.0907961679
"21239",134640.688296084
"21240",42799.0981331138
"21241",129497.242323675
"21242",72112.8401414645
"21243",171874.366618823
"21244",47143.6637410741
"21245",41578.882647338
"21246",49371.4336303626
"21247",67500.9927247531
"21248",90830.0984522413
"21249",15621.1846558048
"21250",122440.994322506
"21251",137206.493489656
"21252",72278.6772141825
"21253",11638.7556111633
"21254",118063.579431506
"21255",144926.926479949
"21256",454202.584721708
"21257",65912.1369480084
"21258",64384.6630544733
"21259",77705.2635101882
"21260",72632.1591453839
"21261",48730.5282914307
"21262",69348.2358926308
"21263",78424.8815882841
"21264",30549.4346764086
"21265",80734.1757820237
"21266",58094.6779134661
"21267",231043.457381533
"21268",69365.9534973293
"21269",63067.3606673291
"21270",43779.449346577
"21271",48625.2603639908
"21272",69742.9019003639
"21273",99241.3546524157
"21274",71593.2239216318
"21275",230387.282403902
"21276",88350.629332202
"21277",201217.045727871
"21278",44252.7823890563
"21279",95058.6264237571
"21280",50586.064661559
"21281",113388.367315991
"21282",126790.7564783
"21283",91027.4040750796
"21284",27407.6392152949
"21285",42621.6467485015
"21286",160238.358078972
"21287",147595.95165504
"21288",58451.406245354
"21289",71322.8446680737
"21290",44131.8174526025
"21291",122766.449731017
"21292",209397.476779133
"21293",38059.8339940484
"21294",146242.151770602
"21295",51759.4701460693
"21296",59679.6127665217
"21297",86287.9002565105
"21298",54114.504983911
"21299",66409.9425622753
"21300",65700.6852467393
"21301",174020.600212541
"21302",51916.5545174499
"21303",42209.7579050692
"21304",94062.7240654385
"21305",42607.4726232061
"21306",68131.4374273175
"21307",154822.744736123
"21308",156025.81844338
"21309",54618.9946476968
"21310",44048.2725559857
"21311",25934.7516468926
"21312",106909.253860647
"21313",61332.6941723156
"21314",67373.6968868264
"21315",36140.1661824426
"21316",170834.016911696
"21317",34941.1097293509
"21318",30547.0362156185
"21319",46143.447156976
"21320",262061.126642006
"21321",62208.1299872518
"21322",119481.936437555
"21323",22968.8770484302
"21324",46059.3401929251
"21325",117484.434286938
"21326",32360.040195948
"21327",54416.4330985268
"21328",116583.079352915
"21329",51504.677781837
"21330",168270.926820137
"21331",48820.2494734313
"21332",32236.4478810537
"21333",99111.2391393141
"21334",42570.3019096084
"21335",61754.7083087974
"21336",72151.3519893055
"21337",75195.9112356486
"21338",87211.8094386867
"21339",178814.850286854
"21340",35936.6393880679
"21341",148178.623148618
"21342",93798.9090965997
"21343",71811.7907002736
"21344",72498.2100096916
"21345",61238.5154496707
"21346",437388.197107684
"21347",103985.337151246
"21348",47755.6232598713
"21349",27602.6943364001
"21350",143343.841657632
"21351",91682.0289353184
"21352",63315.344281831
"21353",73346.3509147229
"21354",35413.6070004139
"21355",115317.738912292
"21356",71687.235654208
"21357",47010.4133356623
"21358",107140.7926117
"21359",38480.6333327545
"21360",56673.0773205259
"21361",22044.2956151857
"21362",49019.6037535139
"21363",151469.608193984
"21364",206611.9857672
"21365",170482.228377888
"21366",96257.2840580068
"21367",191962.631767814
"21368",105891.748866305
"21369",93644.0219326527
"21370",97174.0960560829
"21371",84438.1620199248
"21372",129836.228081705
"21373",36889.6909258638
"21374",46512.2592548923
"21375",151509.570891378
"21376",42029.0602921981
"21377",83349.337889162
"21378",143915.685432075
"21379",26620.9634572912
"21380",82958.7755127561
"21381",154405.254270951
"21382",43992.0845633878
"21383",56337.9954589769
"21384",23221.2870932107
"21385",44668.1069392245
"21386",132792.16460677
"21387",60224.2585720281
"21388",63353.769156537
"21389",218852.010062957
"21390",69539.5457439366
"21391",181632.576632216
"21392",118682.408542277
"21393",40224.0484399199
"21394",62645.6356094976
"21395",86448.6886549145
"21396",79552.5391433221
"21397",35394.4228282392
"21398",53367.4222182618
"21399",83648.6034693052
"21400",47669.9254946382
"21401",46346.6550986138
"21402",64485.3982569948
"21403",181792.546994412
"21404",78748.5555346812
"21405",102410.774062653
"21406",78093.2757783614
"21407",32905.4550629089
"21408",131647.943868202
"21409",254889.289417637
"21410",48425.3310416069
"21411",54001.7707029298
"21412",24979.6531111245
"21413",31949.0949046994
"21414",43344.687742167
"21415",32859.2126391586
"21416",43858.0761422005
"21417",41468.4445569936
"21418",78442.2723531969
"21419",94226.6033760278
"21420",153090.169143663
"21421",45475.3411839477
"21422",58621.0822665913
"21423",150839.166662641
"21424",34448.4470809741
"21425",51517.7856927257
"21426",176130.14269606
"21427",36373.4992185408
"21428",81527.0199057785
"21429",104916.428974505
"21430",109610.460320081
"21431",61779.9254925469
"21432",29996.4461307861
"21433",103544.439234521
"21434",145798.681882322
"21435",78040.7252847618
"21436",37283.2016300688
"21437",231553.701418692
"21438",108650.344217773
"21439",58496.5365001677
"21440",52573.9133886298
"21441",71493.0767526098
"21442",145033.263298198
"21443",67351.8905225086
"21444",90055.5263496468
"21445",59351.2856322295
"21446",86916.9641543785
"21447",138486.603478929
"21448",122648.626181417
"21449",88037.9622433742
"21450",62843.6649893269
"21451",98765.3322756521
"21452",64618.3839481921
"21453",207888.578560332
"21454",100375.871058218
"21455",141150.015747935
"21456",43263.6027286063
"21457",49389.3317868702
"21458",190107.201467746
"21459",70116.684487679
"21460",50099.8603335823
"21461",43397.3813025273
"21462",115843.358998593
"21463",79701.8396263147
"21464",10221.2644055388
"21465",64852.5155542556
"21466",237868.906691407
"21467",41138.1143076227
"21468",42378.6379305485
"21469",32652.4908138473
"21470",57320.8340833055
"21471",59891.0226787656
"21472",86460.7774693741
"21473",41741.6993090228
"21474",75459.8446240622
"21475",93485.34628256
"21476",30944.6024922792
"21477",225347.562288215
"21478",76482.7142853869
"21479",77125.3417251547
"21480",60290.4982627414
"21481",72976.7140776886
"21482",93003.1370243795
"21483",123467.803889933
"21484",89496.1830547524
"21485",65586.9224690516
"21486",42136.20633737
"21487",40768.0191351569
"21488",47570.5495983998
"21489",67107.3533027652
"21490",25499.3626321288
"21491",52599.8756997153
"21492",33989.9512321132
"21493",116663.053734856
"21494",88304.3852232643
"21495",43937.999470946
"21496",63979.4348582738
"21497",66857.6191474862
"21498",46967.6333445639
"21499",78694.7994629575
"21500",187586.12768205
"21501",89672.9163369363
"21502",30148.0264039487
"21503",82409.7418583832
"21504",128892.641113531
"21505",105848.676896882
"21506",37403.2762162717
"21507",102443.51149072
"21508",60412.2304087233
"21509",45987.4207704653
"21510",117318.52614166
"21511",173060.755247769
"21512",31858.078322357
"21513",203495.735838541
"21514",45388.4448362484
"21515",172271.420554933
"21516",103119.727830075
"21517",39891.6466566464
"21518",34753.487318798
"21519",147803.337982921
"21520",58357.1121076675
"21521",129340.625934767
"21522",71507.9170150469
"21523",30658.0528527418
"21524",40302.9849115355
"21525",92766.2404279141
"21526",51826.8592392234
"21527",76184.1480194731
"21528",42908.7149599093
"21529",134572.421303419
"21530",54578.7236327082
"21531",70961.5725717039
"21532",60597.3606983813
"21533",39945.1525346007
"21534",64036.038029567
"21535",245928.749362143
"21536",218913.041694392
"21537",59586.6924678652
"21538",48085.3550124856
"21539",18637.1820421781
"21540",77489.6672325475
"21541",120871.314913815
"21542",43803.5907550354
"21543",68683.9915720879
"21544",139115.566550337
"21545",73861.5418914111
"21546",82412.9558519276
"21547",66462.6992622138
"21548",38939.1045737451
"21549",134603.941346924
"21550",114318.736629431
"21551",65881.4128219709
"21552",62940.9825110046
"21553",15595.0132234603
"21554",24698.8961267147
"21555",51561.5076630918
"21556",174324.834398626
"21557",25470.4059910615
"21558",172082.185629213
"21559",48185.8989303978
"21560",48878.6493577504
"21561",37613.6686090326
"21562",57475.3359140966
"21563",33229.1218436252
"21564",13486.1739192727
"21565",44219.8388545867
"21566",21837.4475588876
"21567",106648.533306406
"21568",40151.3070298856
"21569",90825.8046890233
"21570",97589.3710537193
"21571",40044.2462864624
"21572",33265.6088936335
"21573",72316.1640009859
"21574",70767.6059036183
"21575",107742.847427078
"21576",90211.372399484
"21577",169840.584388969
"21578",348462.32350226
"21579",102548.054261998
"21580",21756.5730746129
"21581",26578.3417299262
"21582",41602.5937596948
"21583",178473.731983411
"21584",34556.6663892182
"21585",60948.8107022638
"21586",45597.1767466229
"21587",68016.0368113583
"21588",127478.733243048
"21589",67923.5837523104
"21590",70483.2615430375
"21591",63929.4509527126
"21592",37601.5175174974
"21593",26491.6503367836
"21594",52421.3990822191
"21595",32159.6981352864
"21596",87264.9943977742
"21597",128061.384301261
"21598",30379.8810978499
"21599",76420.7974365429
"21600",165839.829220901
"21601",55690.9705534234
"21602",34052.3328419266
"21603",96558.9452456354
"21604",120375.497575726
"21605",323094.043256415
"21606",138725.496729654
"21607",271650.382908627
"21608",119106.233062982
"21609",88166.5489157684
"21610",119546.53132186
"21611",33036.4468095523
"21612",44209.0239005379
"21613",50806.3240602024
"21614",34745.3107990451
"21615",27947.6100664909
"21616",32032.5456939074
"21617",86548.5052076602
"21618",32904.1925158409
"21619",38659.931731296
"21620",89132.978597494
"21621",55141.2137012067
"21622",90212.1125372997
"21623",76373.9488249637
"21624",158221.640015362
"21625",45140.7401593262
"21626",114792.916432203
"21627",209071.850519694
"21628",85834.8654953286
"21629",90114.7000481346
"21630",17222.0928721244
"21631",111585.334426905
"21632",46670.6574066097
"21633",109918.069683757
"21634",64877.3371651294
"21635",80990.6481109757
"21636",146814.230068506
"21637",45050.3991788472
"21638",142682.398605506
"21639",79071.015858948
"21640",44212.6504687488
"21641",44417.4481223764
"21642",129889.769784782
"21643",185742.741827404
"21644",32822.5456874975
"21645",131918.221794474
"21646",34702.8918649027
"21647",32413.4976461124
"21648",321708.163685674
"21649",264719.220568335
"21650",44438.6155623242
"21651",136661.059818825
"21652",79381.3322423993
"21653",17247.1448706394
"21654",141730.436958396
"21655",124769.94332828
"21656",61257.5055671073
"21657",64038.2906569224
"21658",72752.9863169853
"21659",104287.998318491
"21660",29954.1555887034
"21661",37683.3936855279
"21662",129249.855171272
"21663",59126.7652487446
"21664",71920.3879163772
"21665",42536.7002713659
"21666",171807.167600607
"21667",387531.429300212
"21668",113142.668561322
"21669",122413.13386788
"21670",40811.2190655565
"21671",136670.652081248
"21672",37205.7139140402
"21673",56769.5734869114
"21674",81859.5922095894
"21675",40816.7487060162
"21676",21086.0012673175
"21677",31818.5683242214
"21678",49797.3623576816
"21679",93416.8833272185
"21680",74831.0911926928
"21681",112592.106189707
"21682",68789.5447071951
"21683",128461.947039927
"21684",112936.026393498
"21685",64905.5207791963
"21686",143088.87480208
"21687",113863.485320364
"21688",75983.1786896095
"21689",61888.4575803905
"21690",241636.53515044
"21691",94446.8829857148
"21692",51107.5036272274
"21693",120547.654968177
"21694",35709.4676314292
"21695",90426.1246721496
"21696",91093.3155824103
"21697",131232.38467073
"21698",31258.0152482519
"21699",97620.9728910719
"21700",61616.4400569683
"21701",66060.6952689767
"21702",57633.3280408535
"21703",83785.0446866326
"21704",56111.3095654713
"21705",72355.3170463112
"21706",39251.7475926837
"21707",81922.7718990985
"21708",73490.5445930076
"21709",90134.3562526307
"21710",49714.9493756577
"21711",34339.0826587233
"21712",64723.7464407283
"21713",77298.5925723339
"21714",167468.009834903
"21715",94408.8071091782
"21716",111670.724570279
"21717",71884.0114668277
"21718",29559.3161574792
"21719",110805.426933049
"21720",20620.555213375
"21721",47427.8711334197
"21722",36762.6608235739
"21723",35094.1235416508
"21724",84293.9819753733
"21725",58512.0533254557
"21726",80175.1797336517
"21727",23975.0725863682
"21728",72080.8636377084
"21729",48933.2577026446
"21730",83425.315450479
"21731",102619.841569392
"21732",29669.6008888016
"21733",76443.0532473029
"21734",98882.9434605794
"21735",196884.743981189
"21736",71555.2285889378
"21737",134960.00662785
"21738",180062.447993312
"21739",56821.7931802179
"21740",39803.0229206356
"21741",38605.6900791464
"21742",131937.392215643
"21743",90561.7443045914
"21744",60882.6007030227
"21745",94155.3577549345
"21746",45097.2983831951
"21747",51685.2272516118
"21748",63485.5400857079
"21749",44749.3090349363
"21750",53087.242095351
"21751",75074.8353494385
"21752",37938.3366892325
"21753",81913.7328818544
"21754",79429.388668394
"21755",36509.1761437805
"21756",91354.496442958
"21757",53902.0793858642
"21758",202810.56325692
"21759",33746.4301968062
"21760",38063.9742579262
"21761",150262.560439912
"21762",40397.4786617822
"21763",107340.538282987
"21764",16876.6176420738
"21765",44208.3136903258
"21766",26373.6466827355
"21767",22687.3330979212
"21768",83576.0724584167
"21769",71393.1942142272
"21770",55736.2973602945
"21771",38021.9473866558
"21772",49062.0448088343
"21773",86811.2775624945
"21774",62644.2612194374
"21775",50413.1284038756
"21776",167753.297675622
"21777",70303.658265905
"21778",123218.232615205
"21779",35340.165693362
"21780",93449.738148874
"21781",115950.261019543
"21782",73691.046493284
"21783",84124.6034240145
"21784",41211.3790650352
"21785",79218.0328258503
"21786",165979.263031589
"21787",78245.5890373288
"21788",43760.0209605874
"21789",69345.5659327258
"21790",77015.1662674413
"21791",68144.6107187925
"21792",68387.9317770614
"21793",255871.343176558
"21794",59476.9967330423
"21795",130516.956144279
"21796",174888.045232378
"21797",85549.1685653001
"21798",50116.0733746452
"21799",144683.00145061
"21800",211794.569683389
"21801",148123.026838456
"21802",78055.7835975985
"21803",52016.7914909887
"21804",35801.8250508687
"21805",127560.357636166
"21806",128368.433655623
"21807",53564.0907974231
"21808",155758.081212889
"21809",76701.7769321946
"21810",38774.743828826
"21811",57590.2828036196
"21812",125172.137501642
"21813",63506.4885281957
"21814",44534.84486079
"21815",80337.3993660696
"21816",215959.158169894
"21817",63496.5774095883
"21818",49589.320734537
"21819",36184.1068655046
"21820",118625.390757369
"21821",39689.3396861094
"21822",24776.3093203802
"21823",57388.0096037876
"21824",127584.722192948
"21825",180058.883087133
"21826",67520.7720382289
"21827",47511.0052818133
"21828",105522.791344701
"21829",97238.1237059364
"21830",255995.059330799
"21831",31712.1951605064
"21832",90229.682680694
"21833",62397.8938479016
"21834",153670.699001635
"21835",69335.0556998506
"21836",44478.6301288567
"21837",60421.4698868463
"21838",157578.010571774
"21839",115966.249723548
"21840",38661.3904532767
"21841",32048.1827516847
"21842",26283.6348639556
"21843",76869.640881945
"21844",68146.7739675745
"21845",104026.807442177
"21846",41603.9636514855
"21847",58280.1376749731
"21848",83407.125299261
"21849",64531.9811303599
"21850",102141.644108822
"21851",47086.6308754669
"21852",100813.869595882
"21853",84831.4278781072
"21854",143087.699783383
"21855",72447.5271884474
"21856",50652.7884580538
"21857",30252.1363606013
"21858",191938.848852162
"21859",62502.0141915284
"21860",137517.167823599
"21861",140781.610387614
"21862",69584.8447625542
"21863",49575.0433848631
"21864",19074.4210371004
"21865",102966.1487526
"21866",109079.502831519
"21867",43281.3066115207
"21868",70428.3485496766
"21869",56154.8775928004
"21870",81765.337905396
"21871",377172.439715379
"21872",42609.1987541297
"21873",113583.390013163
"21874",57919.5011766581
"21875",84164.4007390755
"21876",61447.2131860494
"21877",64853.1164869951
"21878",105471.877372259
"21879",37704.9860813452
"21880",117093.575778745
"21881",143871.11800305
"21882",45823.3865774457
"21883",100642.734134997
"21884",104185.504930548
"21885",53147.9103736549
"21886",67391.1743110655
"21887",154825.854074804
"21888",52831.4148139509
"21889",78141.541771051
"21890",40504.6642596747
"21891",154049.809984208
"21892",80990.4654685477
"21893",96631.3097470247
"21894",70814.3594650623
"21895",62714.5446888688
"21896",144272.75918919
"21897",61351.9153335571
"21898",76860.8000937012
"21899",67826.9866818792
"21900",108952.767552379
"21901",67038.8131115753
"21902",222769.158687995
"21903",59615.6793377308
"21904",53589.9948876642
"21905",130017.024445904
"21906",40147.4571281082
"21907",156109.564525229
"21908",22477.0257802618
"21909",44654.3823018396
"21910",60989.0420539317
"21911",46568.2503093805
"21912",189586.898776981
"21913",53578.4556728148
"21914",105960.567336077
"21915",40739.7418626323
"21916",43179.3531725544
"21917",36548.2666063343
"21918",58358.9033864393
"21919",40807.8934505744
"21920",21304.4973517339
"21921",43574.4253875382
"21922",156186.164880754
"21923",94140.9698867426
"21924",84330.3216937675
"21925",121629.089640893
"21926",81027.3022715047
"21927",61307.9131144473
"21928",75046.3224302855
"21929",41323.6123674674
"21930",53738.5719752905
"21931",40832.6223568823
"21932",95545.4599755206
"21933",114619.925178347
"21934",65448.2685865751
"21935",72229.9686166352
"21936",145847.567484156
"21937",50041.1582161853
"21938",25002.5625219552
"21939",83204.800689412
"21940",45470.23255534
"21941",29335.7363851717
"21942",67266.3554795788
"21943",52909.1366338978
"21944",109127.375186744
"21945",132703.706840236
"21946",44370.4275172597
"21947",102177.338643782
"21948",48081.8457933849
"21949",58792.8119451929
"21950",73938.3659933738
"21951",104191.303102681
"21952",134198.158435492
"21953",86699.7477174911
"21954",70727.4819997937
"21955",54397.1849664069
"21956",60038.6828413178
"21957",47642.3508957379
"21958",26829.7170880677
"21959",41845.9181291943
"21960",33456.9108169123
"21961",31950.4535394932
"21962",59141.8039501684
"21963",61490.7497593074
"21964",94916.5507059209
"21965",54951.1201977314
"21966",39790.2971108469
"21967",113130.316236634
"21968",134142.695596684
"21969",14941.5254067437
"21970",30160.5550788451
"21971",42355.5439357691
"21972",48923.990170102
"21973",91714.290487392
"21974",56137.2871771017
"21975",313841.415885486
"21976",66890.9238167459
"21977",125423.044952235
"21978",51266.5773980144
"21979",55016.8391448858
"21980",56896.9666905083
"21981",52932.1997474552
"21982",43087.6697168038
"21983",68191.6479373266
"21984",62449.2824873195
"21985",318011.42938932
"21986",73360.2358409416
"21987",85659.8269196228
"21988",35248.1378400284
"21989",137814.371523558
"21990",82990.8164963974
"21991",99815.0076864665
"21992",58597.9563888702
"21993",28713.446247795
"21994",58853.7198214659
"21995",191151.761734289
"21996",28526.6640614947
"21997",69389.673939566
"21998",53428.7807150098
"21999",36450.919212621
"22000",62908.650463933
"22001",64462.3879430262
"22002",125597.293518506
"22003",77364.4316339675
"22004",43076.9826004169
"22005",29250.8059769592
"22006",40704.8999246153
"22007",82543.5319010378
"22008",19697.6720512536
"22009",74200.76761068
"22010",276286.722733286
"22011",93277.4081783607
"22012",44726.6203115749
"22013",90396.4363318335
"22014",46686.1442109488
"22015",52083.4785333881
"22016",65240.9630860061
"22017",49808.2178022977
"22018",78023.8658804191
"22019",28659.468128979
"22020",30559.5169710659
"22021",97742.9666650343
"22022",94108.908961243
"22023",93872.9152481344
"22024",33004.965339657
"22025",91227.0446112887
"22026",76164.204378358
"22027",49978.2271276094
"22028",41723.4163277715
"22029",97228.5077415637
"22030",70211.3891604821
"22031",57406.0516276098
"22032",53623.5151930682
"22033",48119.1009806259
"22034",58928.8718766079
"22035",23376.4522031818
"22036",87971.5034117025
"22037",81393.8074707765
"22038",203829.051340929
"22039",30653.2939302169
"22040",39318.3631103255
"22041",98811.0478816692
"22042",45848.006813362
"22043",29053.1864905229
"22044",82362.4512352497
"22045",43399.0893298397
"22046",100455.334980338
"22047",111027.920066158
"22048",154554.758047722
"22049",31928.113378575
"22050",138869.943269548
"22051",94369.6330550097
"22052",238007.984032093
"22053",80718.6363337705
"22054",31344.6501928506
"22055",60024.6872690526
"22056",37136.197802649
"22057",77449.612000832
"22058",58426.5385791416
"22059",31443.9855184562
"22060",50696.4082105178
"22061",69568.364633402
"22062",38615.4046064085
"22063",304686.801145008
"22064",60724.0595074319
"22065",131751.845820187
"22066",103038.451848222
"22067",103612.267099482
"22068",63555.3929835749
"22069",173376.61300234
"22070",124052.335304018
"22071",49085.1160832645
"22072",152497.040579867
"22073",37456.7312622536
"22074",87657.3587532065
"22075",92604.4266832387
"22076",53048.0809962285
"22077",42361.8447168192
"22078",99763.8861800528
"22079",129954.877821253
"22080",40288.563727126
"22081",98877.8870825966
"22082",43626.5455373091
"22083",74459.3295599775
"22084",83813.2108802412
"22085",107866.301791094
"22086",144153.231342785
"22087",71052.2139541543
"22088",89781.9133264256
"22089",110643.224124561
"22090",52522.7695037612
"22091",36605.3584464825
"22092",96655.7435259161
"22093",75541.1922120332
"22094",100195.98981455
"22095",64159.3624445562
"22096",39503.6782434866
"22097",235938.287290941
"22098",102106.448989619
"22099",85965.7863796452
"22100",141868.188245256
"22101",68399.2642601607
"22102",18229.7957638082
"22103",124059.693410735
"22104",76918.1328478598
"22105",60852.1765401237
"22106",165143.40903363
"22107",118668.20608175
"22108",79393.7404416651
"22109",88130.4927768878
"22110",89273.1039562257
"22111",74086.0437852614
"22112",38172.2257987438
"22113",71469.239546488
"22114",65496.522724519
"22115",59564.7767832117
"22116",147721.262272274
"22117",39563.4663657087
"22118",51600.714502812
"22119",34920.5591241077
"22120",39282.8360083733
"22121",100069.712047026
"22122",55840.8902893305
"22123",36395.3477020237
"22124",82894.0022771339
"22125",51292.03565419
"22126",55903.3406890842
"22127",32905.0222942966
"22128",77795.0067359749
"22129",20080.5206769854
"22130",59400.3148868066
"22131",86565.490434507
"22132",115510.44467224
"22133",38777.3779573261
"22134",29260.7276275554
"22135",73382.6897597379
"22136",32308.3267872433
"22137",98921.3393776522
"22138",73592.1600142163
"22139",36185.4719110095
"22140",19256.6920949964
"22141",16268.6497609614
"22142",101326.243600272
"22143",76166.5197458015
"22144",53270.3228481676
"22145",71899.3840969861
"22146",40811.2420900147
"22147",60713.328555573
"22148",48804.4948301794
"22149",62767.5598073233
"22150",85924.6235268556
"22151",73524.7442629396
"22152",38624.7394721092
"22153",151174.161221889
"22154",27545.936529369
"22155",34637.1880167189
"22156",117321.120707929
"22157",39115.6817401637
"22158",44305.4582101964
"22159",24879.8673724636
"22160",152178.811303995
"22161",56791.8100997906
"22162",136355.100375708
"22163",67720.0257976355
"22164",56947.8592134075
"22165",21480.9035335429
"22166",109624.632032101
"22167",70202.1932073248
"22168",74498.0692020086
"22169",99186.1887240168
"22170",296800.31308044
"22171",57702.4007483863
"22172",206211.122967708
"22173",60034.0398527249
"22174",50922.4884427664
"22175",21044.0648171397
"22176",55431.3943883308
"22177",115685.133583403
"22178",32520.1450129109
"22179",136935.267702331
"22180",149769.762589
"22181",30960.2948254801
"22182",129431.178031094
"22183",61569.7042643488
"22184",126055.958733332
"22185",99883.309458763
"22186",22818.3723476694
"22187",173535.897737794
"22188",133388.335617873
"22189",132306.279672116
"22190",83247.8127941178
"22191",59700.9895957816
"22192",72686.6439392292
"22193",105902.198854732
"22194",62953.2078666008
"22195",58497.3075314081
"22196",79275.4295332107
"22197",88850.1602326274
"22198",93995.6045795501
"22199",104520.857053366
"22200",58823.9206131339
"22201",33698.7380002759
"22202",73642.3149484763
"22203",94244.8255186919
"22204",80019.2218954899
"22205",40399.2928117736
"22206",78498.6310645311
"22207",52926.5116914923
"22208",42480.6655915951
"22209",116593.358046538
"22210",141014.866587889
"22211",68697.9610545221
"22212",215233.2293792
"22213",75536.5078825948
"22214",106630.828441259
"22215",60461.9893544796
"22216",102040.802439175
"22217",49041.4860292818
"22218",63424.9411838127
"22219",118630.664393754
"22220",41361.2270024902
"22221",17458.0003543446
"22222",183524.915908131
"22223",106057.559104858
"22224",70234.9550773929
"22225",78088.6157714249
"22226",54836.509262859
"22227",95440.7385525895
"22228",40776.7528462447
"22229",112349.229786852
"22230",73771.064931785
"22231",68342.7542927408
"22232",218271.392676325
"22233",46507.8380208724
"22234",62782.7342082229
"22235",72191.0104989069
"22236",79956.8680842195
"22237",52719.8596104523
"22238",75900.7640295162
"22239",92918.5555149397
"22240",34276.3328403295
"22241",53346.5406037775
"22242",77183.3579090427
"22243",111638.744057016
"22244",64635.5018346526
"22245",328140.040863192
"22246",75585.0713235505
"22247",53955.0751441804
"22248",51231.4082800661
"22249",71185.716343852
"22250",93328.1358538312
"22251",54533.410856127
"22252",74885.9866784084
"22253",42007.9147444204
"22254",57441.3926099132
"22255",51088.9126491889
"22256",97077.2631775579
"22257",63037.6083225436
"22258",69748.0582220609
"22259",68514.7753017766
"22260",72349.6064325575
"22261",167994.882812029
"22262",89447.7957428029
"22263",201990.270197974
"22264",69597.1574579991
"22265",79909.1990936359
"22266",49512.6087023985
"22267",90630.4295752356
"22268",38988.5188718066
"22269",48760.2800226296
"22270",34405.8639378842
"22271",134288.815504988
"22272",157463.321172544
"22273",15343.6240340275
"22274",61868.7819904026
"22275",94683.7287701588
"22276",58515.4310968719
"22277",153422.979324973
"22278",57090.2709034837
"22279",122481.587793536
"22280",74277.5564062711
"22281",44877.5485017006
"22282",63570.7832213667
"22283",108121.12790545
"22284",99670.3123507928
"22285",64602.8017984899
"22286",128942.300856936
"22287",32104.0739808352
"22288",30106.4946531523
"22289",59831.4169128011
"22290",122967.531704485
"22291",91800.1096821592
"22292",77765.948871706
"22293",97088.2653771567
"22294",30874.6840977918
"22295",31284.2060163719
"22296",22934.8969962589
"22297",99060.311639952
"22298",94706.1156828008
"22299",83560.3056329953
"22300",211586.602055088
"22301",36964.439888459
"22302",58051.1976337126
"22303",151233.281592607
"22304",26772.5868625228
"22305",20428.3988795423
"22306",149024.308324989
"22307",50482.7884667911
"22308",32198.4301860614
"22309",66031.2672877772
"22310",36262.1161420395
"22311",88820.896896034
"22312",15674.0880306063
"22313",164347.306969859
"22314",225817.330058027
"22315",105626.901154374
"22316",43739.6628983639
"22317",62234.4393636263
"22318",73034.7066484647
"22319",25596.4108878869
"22320",88736.0162153984
"22321",71260.6597742412
"22322",73900.443714379
"22323",75330.3032250343
"22324",49040.5457336805
"22325",40487.3115270814
"22326",115775.121942857
"22327",71384.8370884184
"22328",32592.6542306879
"22329",31148.8597329661
"22330",49845.0023706494
"22331",55745.1797211935
"22332",90644.8505568386
"22333",59938.9607738046
"22334",93687.4922748312
"22335",91687.8475288327
"22336",52149.0767852333
"22337",143906.683068691
"22338",226479.664603859
"22339",131846.686450494
"22340",93485.4209083571
"22341",34363.292230767
"22342",39511.9020123241
"22343",38775.6196685727
"22344",145944.02413845
"22345",82718.2782280341
"22346",22696.3121458325
"22347",63756.3698548669
"22348",106249.690886394
"22349",112136.888979556
"22350",51196.7451228413
"22351",55411.7431470669
"22352",62485.4900831328
"22353",37225.2415878013
"22354",126949.265097929
"22355",49399.6836998558
"22356",55062.5729035141
"22357",45899.716352875
"22358",50699.7421996977
"22359",101145.045760687
"22360",56137.0020379511
"22361",99061.3214270903
"22362",74850.0821667995
"22363",47858.5721580174
"22364",59572.338374745
"22365",51638.5711097419
"22366",49786.6451337204
"22367",95337.2904320373
"22368",167328.873006091
"22369",143869.892727208
"22370",144088.675583333
"22371",44032.0583047581
"22372",171330.278036366
"22373",105759.932164594
"22374",164486.388970525
"22375",69344.0246784264
"22376",43975.7035438233
"22377",66570.3377727832
"22378",127567.921898707
"22379",83473.4417674982
"22380",71144.6960300327
"22381",223641.48706981
"22382",41457.4031625811
"22383",43798.292303772
"22384",58536.2856264415
"22385",45952.5771064392
"22386",20894.9005994888
"22387",17152.1449449927
"22388",80976.5160481415
"22389",16651.615994504
"22390",63972.6184176849
"22391",32723.9594980022
"22392",59682.995418179
"22393",75927.127497689
"22394",108569.02914814
"22395",56620.6029165219
"22396",69611.8534269434
"22397",77932.045213463
"22398",56969.8248203497
"22399",82542.1277913714
"22400",153168.111237453
"22401",108838.716653847
"22402",82800.746868231
"22403",75413.4269989514
"22404",35868.0739056696
"22405",63016.4283569273
"22406",75695.7662747369
"22407",87734.9066167769
"22408",30421.8284774575
"22409",59950.0070785574
"22410",52304.0722008923
"22411",96101.5303720285
"22412",119196.532978193
"22413",24523.931828089
"22414",142083.733123802
"22415",44757.9443948554
"22416",89618.5925258964
"22417",94829.0616609722
"22418",79329.9594683565
"22419",66484.3464262784
"22420",108005.915950754
"22421",57311.1592487274
"22422",38986.4151702469
"22423",94472.9411210571
"22424",49023.1266569063
"22425",44880.562657191
"22426",52862.8961658276
"22427",83951.1436082144
"22428",76924.8864737129
"22429",59834.660651355
"22430",85251.7400942082
"22431",98094.3940035518
"22432",28028.5238296122
"22433",45449.8092267384
"22434",65242.315778006
"22435",375669.013660639
"22436",78207.6203698809
"22437",92457.7468395968
"22438",94452.4193109535
"22439",36063.1899785941
"22440",133984.502270532
"22441",57933.4458656204
"22442",55213.3860899729
"22443",123225.462672485
"22444",103052.629944128
"22445",48012.5141421937
"22446",75221.2058251029
"22447",114208.676546452
"22448",41241.263157123
"22449",131250.980065857
"22450",64673.4734510807
"22451",227340.157834323
"22452",42489.9247003386
"22453",108117.846012928
"22454",33834.1209566882
"22455",48535.3735069697
"22456",54346.9661421526
"22457",62890.4076449089
"22458",36398.3480849876
"22459",59444.1365918022
"22460",185715.431719495
"22461",42712.0592611991
"22462",111414.367994939
"22463",71075.8608903918
"22464",45042.1688352079
"22465",86405.4742486854
"22466",138780.08713283
"22467",25438.9611604598
"22468",75548.474231254
"22469",108944.643036321
"22470",45053.1886889159
"22471",165154.553375786
"22472",41964.1952428468
"22473",173607.743334699
"22474",246202.475734026
"22475",79737.5513282115
"22476",45308.1845619068
"22477",58963.7431075574
"22478",59701.347440916
"22479",88044.1233595211
"22480",13733.4755203856
"22481",155488.549159468
"22482",63003.3648900708
"22483",61688.8050911354
"22484",53325.7070854226
"22485",135648.395255752
"22486",105777.018864648
"22487",47629.0219935182
"22488",28068.8387796695
"22489",13919.6359997341
"22490",34019.0822187027
"22491",55705.0701230568
"22492",66815.7902062547
"22493",57432.269339869
"22494",81800.3881155211
"22495",35711.49309611
"22496",62475.4570619397
"22497",35653.3320603285
"22498",112762.685472024
"22499",46601.3488821845
"22500",74117.5715030826
"22501",137209.352358093
"22502",54746.4151855774
"22503",140257.506804749
"22504",29856.3250618423
"22505",41118.5707367949
"22506",54894.6627159134
"22507",129948.023304187
"22508",54842.0897538835
"22509",48734.5887976654
"22510",42771.3065818176
"22511",69171.527458191
"22512",188976.119065394
"22513",54910.0682548443
"22514",23070.3254701254
"22515",58371.8185442206
"22516",24600.4930185344
"22517",127502.890144584
"22518",49795.7520100767
"22519",146447.662160968
"22520",64888.5135628875
"22521",52929.3069247816
"22522",79078.0144170685
"22523",89427.9545728333
"22524",15017.3148019444
"22525",82868.2632674047
"22526",48176.4641396239
"22527",111299.937915127
"22528",63394.0849970172
"22529",46076.2257866008
"22530",106443.397307372
"22531",42441.707196109
"22532",195002.193387394
"22533",98580.8413135853
"22534",87761.04843016
"22535",52070.46640322
"22536",68147.059255362
"22537",115950.556726992
"22538",55365.0283031308
"22539",83932.8881015012
"22540",262958.817240292
"22541",243987.770206621
"22542",52993.207813747
"22543",33303.4970363292
"22544",37245.7553205207
"22545",152998.162172186
"22546",43369.4999697325
"22547",86269.8977808753
"22548",58216.2586244346
"22549",71563.3258855286
"22550",59896.9756739434
"22551",101282.829380915
"22552",61559.3060554246
"22553",215498.042378865
"22554",63987.2198982074
"22555",40713.6823207555
"22556",40602.356479009
"22557",98296.9406212074
"22558",40117.9017425894
"22559",56881.3924135119
"22560",78723.1988349558
"22561",143849.497885282
"22562",38484.4336678319
"22563",83938.3987333354
"22564",78106.4370403907
"22565",92554.7310076553
"22566",21183.888731326
"22567",90485.2948499602
"22568",47112.5526589358
"22569",88293.6925327843
"22570",92604.3953089879
"22571",51370.3310325331
"22572",60160.4510533223
"22573",60594.3682206188
"22574",66626.8024534983
"22575",57970.0767883958
"22576",45399.7360159765
"22577",305947.842928321
"22578",98743.0310341181
"22579",127109.285486546
"22580",46289.5991547054
"22581",25916.7475246424
"22582",102660.764274513
"22583",64871.3033771204
"22584",64776.2456538594
"22585",63004.9790649172
"22586",56868.9504177524
"22587",44784.2081447565
"22588",66270.3706700287
"22589",62860.1503864221
"22590",131851.847997103
"22591",31573.7533350057
"22592",216864.733412166
"22593",46364.8915359542
"22594",148213.846571089
"22595",109519.532272918
"22596",50833.1047487012
"22597",152131.097325686
"22598",121201.194898598
"22599",109586.582985598
"22600",55451.3378058656
"22601",88494.8998014187
"22602",86544.0254098315
"22603",66638.1654531173
"22604",51344.8320005213
"22605",45672.4857515331
"22606",85384.6434056845
"22607",58460.8995283767
"22608",23434.1867782768
"22609",60795.9307101932
"22610",21451.5333706013
"22611",53659.4240121823
"22612",48422.0355557036
"22613",126043.342968747
"22614",51353.0050331737
"22615",18650.6123554886
"22616",38700.7225973864
"22617",44485.6887823155
"22618",86609.3851824263
"22619",35622.2845299545
"22620",74319.8151989773
"22621",59437.0165600875
"22622",79311.2283086888
"22623",41018.6739340874
"22624",63674.2993710095
"22625",80941.2739844775
"22626",126113.368893649
"22627",88342.1107412354
"22628",42393.8518239091
"22629",81163.1075261292
"22630",95001.0704374197
"22631",197098.040649658
"22632",129462.735779461
"22633",110926.702478985
"22634",24979.7196644387
"22635",84607.7790698302
"22636",31521.6963058065
"22637",78171.5330116651
"22638",57793.0464122293
"22639",76874.5104845234
"22640",114366.945932911
"22641",30611.8419405683
"22642",56096.0310702305
"22643",207766.189148169
"22644",118795.240290938
"22645",138165.094278193
"22646",67420.8743708396
"22647",56245.2895860841
"22648",146719.269244936
"22649",105831.717409376
"22650",55559.412150216
"22651",64713.1338024263
"22652",44381.694706346
"22653",65135.7950341877
"22654",79810.8001707907
"22655",50901.3420874506
"22656",41402.2064062309
"22657",100059.865282642
"22658",51668.6803595615
"22659",120424.074162231
"22660",236942.089214929
"22661",71034.5401635174
"22662",65206.6716209962
"22663",116095.550936092
"22664",168176.780458152
"22665",128851.109929057
"22666",82701.7265341761
"22667",33985.9060509446
"22668",83372.3450785804
"22669",31701.9290596317
"22670",96546.5635546693
"22671",80653.9883256213
"22672",146331.671441786
"22673",16361.3062844158
"22674",27108.9303658023
"22675",86046.6697457448
"22676",75548.3600306049
"22677",122934.751484935
"22678",84346.4661669776
"22679",22110.2683653876
"22680",62821.8111332423
"22681",96480.6410304973
"22682",190323.712892183
"22683",192204.562444444
"22684",82895.2389335988
"22685",61309.8500386775
"22686",99284.0471281364
"22687",55840.7170093229
"22688",29537.0864404791
"22689",114267.198173153
"22690",25840.9123481634
"22691",147331.768299256
"22692",45363.0561782199
"22693",249182.122251208
"22694",46961.0975047421
"22695",57709.0051531377
"22696",90575.6567047829
"22697",71261.9212737993
"22698",305069.391652252
"22699",80037.1527849025
"22700",43250.0554490553
"22701",118857.497904467
"22702",67696.8684110166
"22703",61275.7256984883
"22704",45717.0133107103
"22705",62352.3766140818
"22706",51244.6564588302
"22707",44712.4497606705
"22708",36275.0758400177
"22709",36366.5869539612
"22710",40079.2470445353
"22711",51836.0362526805
"22712",125583.241318918
"22713",69681.62989527
"22714",78278.1830159623
"22715",59391.0457658017
"22716",28914.8347232548
"22717",30578.2462406504
"22718",64590.3904155668
"22719",61659.9389253789
"22720",46472.6169901982
"22721",60718.4065764099
"22722",136753.662995603
"22723",32772.3094532675
"22724",49004.9332898649
"22725",207818.782789049
"22726",39001.070588067
"22727",84993.5763640437
"22728",82314.6992903264
"22729",146324.359083786
"22730",100964.03907193
"22731",87483.9307939259
"22732",81847.9430597263
"22733",154518.368482303
"22734",81762.341733185
"22735",91470.5515561439
"22736",116522.825291648
"22737",30410.5215609962
"22738",19710.2565530101
"22739",76988.2807506441
"22740",102086.56376488
"22741",57982.0239924245
"22742",35252.1532933159
"22743",65149.5192885031
"22744",66061.0593048199
"22745",104779.039150838
"22746",30772.2347570257
"22747",82644.3847269305
"22748",102371.644513125
"22749",163467.196282954
"22750",142353.178444216
"22751",48380.0749759072
"22752",69012.0641872578
"22753",51165.4434308059
"22754",77161.5046295158
"22755",47625.1670725231
"22756",50016.7596788576
"22757",131454.240499142
"22758",28163.2448774778
"22759",112225.60691966
"22760",54926.4272671485
"22761",99062.1568268787
"22762",55421.7164113331
"22763",32281.0909811418
"22764",37794.2731508189
"22765",142488.00874278
"22766",17621.5692600268
"22767",49880.2998070096
"22768",20425.0529515168
"22769",123860.450175078
"22770",79348.3406841511
"22771",65046.4266026733
"22772",62811.9583726805
"22773",127667.802387842
"22774",127519.251832005
"22775",85228.8865124238
"22776",45782.073323811
"22777",38768.6591677025
"22778",103567.03441944
"22779",67712.5074293132
"22780",93864.9661863362
"22781",61115.1880358811
"22782",80950.7641620977
"22783",92677.6041971159
"22784",90925.725679403
"22785",66186.7861037085
"22786",48583.1603723168
"22787",26216.9801675942
"22788",55564.1823109201
"22789",92476.2715552378
"22790",60591.8169595719
"22791",14193.6825531909
"22792",65750.7807062118
"22793",78542.863275332
"22794",142958.488529168
"22795",32447.0364431386
"22796",71449.4259217881
"22797",36271.1503997127
"22798",141171.607498815
"22799",34569.2686216423
"22800",32575.1631232598
"22801",29257.4557313863
"22802",64785.0819875339
"22803",57684.3069691027
"22804",62570.7994029191
"22805",119940.455999505
"22806",34556.3101526434
"22807",91998.5131070425
"22808",33951.1921141539
"22809",57920.6939041898
"22810",48347.5278033118
"22811",72135.4811462948
"22812",52174.6164673042
"22813",126131.157257921
"22814",153572.229633409
"22815",30857.4826874016
"22816",85389.2376294292
"22817",43622.4045924824
"22818",90865.2025096364
"22819",39213.7285720983
"22820",81056.6699221824
"22821",97420.3815554433
"22822",109854.000912648
"22823",77626.7781446719
"22824",56736.866675443
"22825",50941.4624131865
"22826",26722.2782509164
"22827",33473.2395702962
"22828",59471.7965310247
"22829",16610.6990735191
"22830",203444.245428335
"22831",196069.409343141
"22832",133582.455249155
"22833",77837.4421212731
"22834",81846.1974603031
"22835",38254.3776861748
"22836",71528.9747432532
"22837",83925.8568294336
"22838",83546.2065369487
"22839",102017.388729764
"22840",130580.276991501
"22841",30614.3159563083
"22842",31221.3907411062
"22843",100555.178579153
"22844",98690.8029987627
"22845",63395.2191624516
"22846",67832.1903545435
"22847",108695.416290607
"22848",26844.5738167415
"22849",111281.281521159
"22850",38654.7159524016
"22851",69400.0088690767
"22852",70539.2588084264
"22853",37514.4251390138
"22854",109082.973172164
"22855",151714.768579436
"22856",103815.180049002
"22857",116787.61600147
"22858",70972.7302207311
"22859",90424.4949278173
"22860",93364.6449727528
"22861",92150.0838394434
"22862",119317.44573075
"22863",56240.6931721839
"22864",74183.7688702429
"22865",60713.67719363
"22866",147962.514265476
"22867",166409.138391693
"22868",43763.0762732788
"22869",77064.4531313079
"22870",49865.9630355461
"22871",57039.8234012373
"22872",52212.7532192311
"22873",104331.624932859
"22874",99854.9305621704
"22875",66133.4253932282
"22876",71830.7912021331
"22877",137437.065512925
"22878",272149.076387699
"22879",38744.1123822773
"22880",204151.881376634
"22881",330944.156573223
"22882",72265.5764092538
"22883",93194.4058086492
"22884",61972.6053544991
"22885",38794.383171169
"22886",72284.0104242104
"22887",39453.0755996871
"22888",76225.2812280528
"22889",52607.410440251
"22890",77165.8307843619
"22891",36098.9024814189
"22892",44745.9199861086
"22893",55155.6646939098
"22894",43134.9619976241
"22895",76068.4553121423
"22896",91986.8038517589
"22897",85728.2348317398
"22898",75286.7607736195
"22899",136092.09414134
"22900",42665.3123202128
"22901",64706.3832331123
"22902",38845.0308096062
"22903",63906.6945771174
"22904",69401.2104622223
"22905",60311.8940796392
"22906",44581.1295500916
"22907",43998.9886619215
"22908",136010.451761485
"22909",39033.3473556874
"22910",92829.4509511536
"22911",185542.814906002
"22912",74134.9609270426
"22913",97712.3649688599
"22914",115435.328803259
"22915",99306.5900083136
"22916",191968.457005403
"22917",206798.960815452
"22918",29667.3710115136
"22919",53049.0633743026
"22920",40201.3507675335
"22921",45898.9761269711
"22922",158190.425729154
"22923",49153.1531468687
"22924",24482.6655677403
"22925",283966.064443399
"22926",50780.766345069
"22927",51261.6726073942
"22928",90746.0494145202
"22929",47376.6241382631
"22930",74105.0657692732
"22931",50569.7352834249
"22932",73786.3762049243
"22933",56652.0833082436
"22934",124331.483122548
"22935",183893.419294388
"22936",49420.5097925873
"22937",39910.5330708121
"22938",28151.0833589421
"22939",58925.6767709482
"22940",57019.6775759757
"22941",71555.3293606581
"22942",99287.9349387402
"22943",118060.003677539
"22944",21347.7412629723
"22945",71953.3194986955
"22946",39828.2454851274
"22947",22416.4217075173
"22948",82356.4685409912
"22949",44567.7659379779
"22950",20453.2727063531
"22951",36899.9442804282
"22952",59212.9443034795
"22953",37124.9172988043
"22954",63903.701557825
"22955",39767.2171703154
"22956",50281.7571696602
"22957",50983.7360139776
"22958",77580.4174928946
"22959",140193.307370825
"22960",47909.3940407077
"22961",31153.4040341604
"22962",116726.811130636
"22963",198235.208158394
"22964",37510.9453349667
"22965",40575.2701884821
"22966",164939.970868884
"22967",24135.8336751442
"22968",72208.3689638222
"22969",31198.8255139028
"22970",59536.6424307792
"22971",40369.8134559297
"22972",44022.1353813379
"22973",31834.2635113488
"22974",65204.052502833
"22975",123835.269143642
"22976",19607.4808057892
"22977",137171.982678712
"22978",72827.2757431754
"22979",111879.092446254
"22980",123561.713567745
"22981",8971.1183391958
"22982",45128.7917577763
"22983",59357.7926243088
"22984",78352.8920494889
"22985",98032.5183232528
"22986",63937.9683470445
"22987",59999.8709077641
"22988",118658.750378603
"22989",78774.341820967
"22990",48082.403276617
"22991",42881.4234116404
"22992",125444.294507685
"22993",24515.512013536
"22994",80080.8331082153
"22995",173900.21635669
"22996",82454.2991296253
"22997",132571.398715095
"22998",72888.9898984018
"22999",89785.4847073434
"23000",87754.8944789559
"23001",40295.9574090609
"23002",35568.298020677
"23003",94444.9353776309
"23004",28953.9821494475
"23005",200949.91333941
"23006",18244.9971532012
"23007",80917.7541351263
"23008",34444.2312941391
"23009",65858.9176080243
"23010",17629.630908624
"23011",41759.9612982699
"23012",81725.081571867
"23013",105485.827577907
"23014",60935.672296464
"23015",101805.899563077
"23016",49283.1400735507
"23017",53636.5922227314
"23018",23932.3735844731
"23019",60023.9203444323
"23020",35051.2416582368
"23021",57940.7702086316
"23022",45454.8897819434
"23023",61067.8850756583
"23024",92008.1225785248
"23025",57661.8624151559
"23026",55429.9197124728
"23027",90348.6948313697
"23028",102025.301814017
"23029",79803.065181296
"23030",46088.5087545751
"23031",62344.384853977
"23032",45251.3937680199
"23033",40066.0457829697
"23034",31897.9632889733
"23035",41370.5007232816
"23036",47518.4769546031
"23037",39747.662961258
"23038",54631.6579368283
"23039",45901.241940035
"23040",31513.1421385196
"23041",54896.9112862483
"23042",279540.055310557
"23043",132795.155479413
"23044",33881.6358284435
"23045",110831.3007071
"23046",153864.40210768
"23047",28938.3317471968
"23048",72361.4294935254
"23049",26506.9793293016
"23050",63513.9959774561
"23051",145414.050498229
"23052",98128.190157674
"23053",113450.947610114
"23054",36740.544685076
"23055",66574.4360028258
"23056",31346.76315113
"23057",149973.335433089
"23058",43917.8723630531
"23059",80133.1889463511
"23060",60024.7527668308
"23061",105670.537123585
"23062",36777.641420786
"23063",107727.803476209
"23064",44389.0871534607
"23065",51218.0597225928
"23066",83481.0436558612
"23067",179331.884418696
"23068",60676.6156149229
"23069",48876.5674911215
"23070",144521.802913554
"23071",86882.1971949932
"23072",59086.988005134
"23073",46924.2444096736
"23074",26831.3578727958
"23075",73363.571735649
"23076",40449.5277312106
"23077",69572.969274388
"23078",138186.861593459
"23079",82047.7802346052
"23080",142770.488990981
"23081",30608.9056125784
"23082",75733.2193341959
"23083",40456.1933188793
"23084",71944.0816845511
"23085",36007.4162091736
"23086",61487.253257457
"23087",57289.7550285813
"23088",94128.3661443411
"23089",144790.164233136
"23090",45773.6056531641
"23091",65151.4151014276
"23092",62350.9249401778
"23093",96766.7174849531
"23094",91068.6198944221
"23095",155267.289042544
"23096",104469.762188176
"23097",56568.5383631172
"23098",29538.7662663953
"23099",49994.9590361804
"23100",71556.3781059066
"23101",62265.9245697512
"23102",42516.1378807551
"23103",86477.1036540187
"23104",69066.2184476807
"23105",43809.9505552394
"23106",84632.5626339664
"23107",89574.204131411
"23108",66906.1261455713
"23109",138776.392614318
"23110",61897.2538818351
"23111",105857.060520076
"23112",46238.1098156352
"23113",172568.717656695
"23114",21020.4540026368
"23115",55131.8686824292
"23116",76444.4995077877
"23117",63332.4508274224
"23118",61415.083268502
"23119",25609.7369939105
"23120",39780.2872460305
"23121",51229.6851388411
"23122",71769.0926092507
"23123",48160.0729046228
"23124",59345.8944329799
"23125",36548.9133594446
"23126",144846.405990164
"23127",60720.815682346
"23128",75587.5854763191
"23129",86202.5743396969
"23130",120901.118063015
"23131",49209.5059467325
"23132",44330.9411085292
"23133",57685.5444604938
"23134",48435.3285344098
"23135",193391.240493395
"23136",92950.6877514881
"23137",55123.3077916841
"23138",32074.6519976262
"23139",16595.9115946105
"23140",84629.6252896253
"23141",187785.997334617
"23142",166577.923669888
"23143",20033.6955452711
"23144",93688.3838153171
"23145",58395.877759927
"23146",64196.0328003253
"23147",93540.9649139016
"23148",59215.0184177163
"23149",107947.863754402
"23150",77281.8419246789
"23151",94064.1805005712
"23152",167862.830155411
"23153",209191.016208106
"23154",79473.368579139
"23155",40481.6512465383
"23156",112214.911627723
"23157",43802.8360583684
"23158",39851.117577509
"23159",103239.349627606
"23160",164760.235661926
"23161",32864.8635160261
"23162",38699.5714714101
"23163",74005.7722886394
"23164",129914.0934412
"23165",86029.947888463
"23166",103606.723316692
"23167",131309.831837809
"23168",37170.1932371514
"23169",47673.6160621635
"23170",55116.7295323397
"23171",119145.798538273
"23172",55156.2991756107
"23173",46461.5421686798
"23174",156380.196775492
"23175",85047.3871364802
"23176",78497.6126930935
"23177",145098.466640367
"23178",33055.6704828491
"23179",24323.5484987496
"23180",40618.0995768812
"23181",37125.1445196037
"23182",33111.8894710819
"23183",54796.5545577533
"23184",157284.033775661
"23185",106387.220891093
"23186",100059.669102543
"23187",112163.015261106
"23188",51929.4079828749
"23189",30764.1480034639
"23190",32410.662740103
"23191",64913.4114672852
"23192",56741.6500004649
"23193",254261.817152985
"23194",81931.1726667668
"23195",141908.269268804
"23196",43812.2836539987
"23197",70992.1645352862
"23198",34101.1324337691
"23199",118299.323226325
"23200",29148.5463298249
"23201",171829.227249311
"23202",116300.073113849
"23203",30154.1193787804
"23204",46503.9032896798
"23205",40999.6559020192
"23206",190628.640907748
"23207",27586.1233149845
"23208",51247.6838519272
"23209",31198.3713029572
"23210",122265.115942636
"23211",109987.732168962
"23212",44598.6931011619
"23213",46497.136174012
"23214",93445.5489762307
"23215",57001.5647749253
"23216",300019.564294017
"23217",49785.2964411489
"23218",51609.2552137295
"23219",189775.545029205
"23220",88128.4347408817
"23221",62896.7454677041
"23222",55478.3524690445
"23223",77515.6025610454
"23224",214469.587447257
"23225",122650.456629796
"23226",132301.322662609
"23227",112152.922408093
"23228",87869.4337506077
"23229",51931.3199033284
"23230",109250.867321653
"23231",48144.5150606189
"23232",61614.9742853826
"23233",56280.5220545397
"23234",44384.7766548346
"23235",59299.0307939485
"23236",36815.0688983987
"23237",79260.0656061591
"23238",97232.2671908959
"23239",56607.6531758534
"23240",97892.7529792349
"23241",77950.0165711299
"23242",172812.4743886
"23243",74484.4865322922
"23244",59907.9850315963
"23245",52521.6356758217
"23246",51340.5998207666
"23247",24179.1851489288
"23248",46365.2640112395
"23249",108068.371125887
"23250",78584.6865829107
"23251",38864.3758304616
"23252",35821.2794492714
"23253",145577.614220909
"23254",33621.7886668712
"23255",52159.0119764444
"23256",77765.6479206106
"23257",187819.488476548
"23258",112332.214273647
"23259",59387.750338869
"23260",121941.950794639
"23261",120437.641274152
"23262",195342.465172052
"23263",109882.829829772
"23264",57464.7283304731
"23265",118866.571917313
"23266",23920.066437447
"23267",63809.6250555561
"23268",80165.6980113047
"23269",65804.8452818471
"23270",40930.2616989313
"23271",48368.2456440477
"23272",58196.171462664
"23273",67817.6971062555
"23274",101909.429319404
"23275",73999.5917848028
"23276",33762.7577736121
"23277",119556.662155955
"23278",52038.2711665242
"23279",110179.836595112
"23280",61855.7852129482
"23281",60708.5331757493
"23282",129421.379863763
"23283",119304.847079671
"23284",27514.6797414551
"23285",88131.5324049785
"23286",96997.6080820909
"23287",76415.7883706593
"23288",31029.3556473386
"23289",62458.2675666237
"23290",100745.219075213
"23291",120660.797722923
"23292",99057.6491127302
"23293",63086.4005752962
"23294",32543.6738410601
"23295",44847.9917373095
"23296",88513.0318630177
"23297",136318.501169045
"23298",97965.8697655662
"23299",103074.706927596
"23300",71707.9893535241
"23301",67512.8754212789
"23302",66745.4117649046
"23303",42187.7965042983
"23304",63102.8674119993
"23305",133349.083702267
"23306",52713.6812956128
"23307",136586.719452988
"23308",112090.403925775
"23309",103550.905457833
"23310",128609.511359632
"23311",87894.44659706
"23312",97748.4941437092
"23313",33304.3539970009
"23314",171636.195823787
"23315",41119.1877801843
"23316",119874.96360753
"23317",108727.366223667
"23318",82147.2344792706
"23319",69817.5213843251
"23320",52026.191747371
"23321",42604.6735871644
"23322",60278.0453261037
"23323",44404.5848832462
"23324",96166.0208451022
"23325",50812.0912898917
"23326",44418.1021630641
"23327",72570.5295787425
"23328",36851.9472343337
"23329",39951.4978098889
"23330",100267.240259268
"23331",32068.0144431566
"23332",106022.094150315
"23333",23217.0302936564
"23334",127725.231460026
"23335",48399.8997775564
"23336",43910.5187634558
"23337",198682.617835029
"23338",103759.995847533
"23339",86316.1037622842
"23340",22145.7774498669
"23341",63064.3464674673
"23342",65880.2115016055
"23343",44386.4765303157
"23344",51842.8138164149
"23345",105043.348181328
"23346",153312.496033049
"23347",102419.398381026
"23348",70514.8812651851
"23349",189289.27593894
"23350",21792.7387374183
"23351",19005.6459433043
"23352",153436.382468476
"23353",62946.77955552
"23354",113158.299312093
"23355",21035.0786145228
"23356",119518.346275167
"23357",92239.104861212
"23358",76098.8266873467
"23359",93226.6612262903
"23360",62702.9649609972
"23361",63655.6118209844
"23362",96873.4227749197
"23363",164456.595132886
"23364",141607.800939541
"23365",73616.6787695839
"23366",70616.7109097867
"23367",44234.7191350797
"23368",49732.2577999156
"23369",92251.7080646202
"23370",114761.458683961
"23371",175941.636568562
"23372",46659.3657142342
"23373",63993.4455814283
"23374",140132.343192994
"23375",65833.4053821115
"23376",24747.6944705627
"23377",42555.1814199178
"23378",41962.4934859762
"23379",16307.3962495029
"23380",51424.7480651582
"23381",59949.7646085216
"23382",183461.552826972
"23383",157837.646596234
"23384",108490.681621869
"23385",29813.6535312658
"23386",274410.715880739
"23387",49266.1640131153
"23388",47247.4262261364
"23389",45929.7409905886
"23390",28186.8566062217
"23391",50517.3317234554
"23392",108216.066860026
"23393",132587.129048645
"23394",54501.9383301282
"23395",94093.9542499771
"23396",58626.6953304288
"23397",50358.4734688587
"23398",24325.5245259972
"23399",179228.515305919
"23400",125513.206761497
"23401",46994.7779256589
"23402",191788.805942347
"23403",47895.041453541
"23404",65218.2493968325
"23405",179688.193922475
"23406",50960.4308630633
"23407",54726.7218320322
"23408",53048.9906503893
"23409",102594.796993893
"23410",35932.3837521628
"23411",110788.037585613
"23412",103003.351959818
"23413",58699.6799034093
"23414",59461.7513922731
"23415",147210.766232423
"23416",68993.402245384
"23417",25687.0756752738
"23418",86861.2813986337
"23419",116748.236090242
"23420",52621.2887673676
"23421",24183.9337495307
"23422",88038.9835000059
"23423",34550.2951578648
"23424",47225.1862628978
"23425",28234.0476989509
"23426",123605.165873534
"23427",43270.7281280605
"23428",27241.2765551192
"23429",140825.317732168
"23430",39839.3387088079
"23431",122213.64703573
"23432",165684.757036302
"23433",70299.720287791
"23434",100094.683602175
"23435",125902.023839205
"23436",205853.034980274
"23437",72194.3226398065
"23438",49758.0262999895
"23439",71572.5785972431
"23440",41055.1377639127
"23441",85917.7669203747
"23442",31874.307676964
"23443",24811.2890577167
"23444",86075.5257645961
"23445",100677.298404768
"23446",44008.2557141354
"23447",35746.9179002192
"23448",119250.400906021
"23449",79499.5957836571
"23450",74772.0328208939
"23451",59427.3769503899
"23452",58269.2425686018
"23453",67805.5433731689
"23454",39804.998115499
"23455",128709.566208791
"23456",49641.8134319569
"23457",46525.0287127153
"23458",49208.8769632075
"23459",139044.357258072
"23460",52835.9140014239
"23461",71519.7300901243
"23462",175413.240795151
"23463",83621.1420360751
"23464",52311.8597889339
"23465",158728.323493805
"23466",17375.0338205846
"23467",57316.8393256476
"23468",141813.182481659
"23469",41071.2308775246
"23470",154554.459245047
"23471",141028.060266054
"23472",119286.595444964
"23473",50058.8741458534
"23474",303054.314591443
"23475",159778.75116789
"23476",61598.1888779361
"23477",66316.2261492179
"23478",75268.8859872905
"23479",26554.9391644835
"23480",138234.514814233
"23481",64151.5056599162
"23482",74332.6694810895
"23483",124845.735056338
"23484",56811.9512769521
"23485",46919.2403125743
"23486",35284.0408582632
"23487",48278.7325194161
"23488",67002.6964210546
"23489",61364.5055298565
"23490",42223.6486659654
"23491",47039.7025131842
"23492",104589.744421597
"23493",319784.742620029
"23494",48929.9156188297
"23495",54650.3703176122
"23496",67658.7424376719
"23497",70893.0887693901
"23498",102698.697942147
"23499",82527.3864823659
"23500",23803.959996099
"23501",42043.8780538608
"23502",67972.0122510308
"23503",105077.965205112
"23504",16679.1175894433
"23505",52137.3384652937
"23506",94801.8138900507
"23507",73262.207963533
"23508",54192.9992896409
"23509",98860.6372456287
"23510",39980.7891451062
"23511",100450.394945493
"23512",74375.3307702744
"23513",58042.8817992688
"23514",56723.912251401
"23515",64998.7123204004
"23516",62032.9943121391
"23517",32822.5597128224
"23518",42370.060434416
"23519",15490.022804033
"23520",47306.2104314022
"23521",187646.028144666
"23522",74544.3089946473
"23523",51359.4689432408
"23524",45934.4053333519
"23525",54465.6333649473
"23526",48383.8842664756
"23527",240648.289653434
"23528",23733.6687336239
"23529",40661.5939716349
"23530",67855.0946276789
"23531",170791.064450908
"23532",96798.7606560759
"23533",124499.461098065
"23534",80177.137200822
"23535",69619.5132735609
"23536",40636.1875034355
"23537",68746.9226765587
"23538",52020.0692091755
"23539",51592.0270592004
"23540",40785.4951540564
"23541",63368.8057997747
"23542",310885.586332462
"23543",97507.9691186674
"23544",79435.112204272
"23545",132934.866687704
"23546",34606.8373036657
"23547",42711.1264493635
"23548",31276.6714774067
"23549",68089.164480864
"23550",79076.9286779559
"23551",61320.2319502658
"23552",103279.661499134
"23553",34147.1830327522
"23554",71131.6181564956
"23555",34536.4404009633
"23556",98759.8618679251
"23557",101910.778658385
"23558",71516.732662859
"23559",73369.1591297204
"23560",111464.858817542
"23561",98277.3781640532
"23562",63918.2021049329
"23563",51214.8062868908
"23564",106437.482682852
"23565",119209.931264422
"23566",28642.9694621077
"23567",47054.4705385239
"23568",85613.044987742
"23569",39759.8918277702
"23570",49270.1675312009
"23571",46631.4509585658
"23572",60714.6897657631
"23573",66915.6639237958
"23574",85304.3031236413
"23575",43972.1045553936
"23576",45364.7596477261
"23577",64933.817920526
"23578",122016.555026494
"23579",36656.8541487089
"23580",88687.9978104768
"23581",53514.4008844962
"23582",14973.7003368006
"23583",48210.8700731962
"23584",54586.9489541442
"23585",65655.3693404177
"23586",133184.913410801
"23587",121644.484969777
"23588",39740.708647522
"23589",131668.654291921
"23590",81337.2289538795
"23591",50684.440741399
"23592",393232.37779191
"23593",132470.195737044
"23594",153175.012130806
"23595",78539.1664201047
"23596",102670.922374231
"23597",38936.6620167671
"23598",99545.799089067
"23599",111350.931342558
"23600",58778.7306347114
"23601",81197.5654465876
"23602",94453.382811127
"23603",71951.3970442773
"23604",65305.9615182885
"23605",108494.535586758
"23606",32350.2827616908
"23607",14558.5515049196
"23608",95578.497900131
"23609",93123.4610871896
"23610",112621.58388554
"23611",24894.0548658207
"23612",200276.868609614
"23613",137236.718458326
"23614",97538.3833513833
"23615",60526.748396114
"23616",69011.4948552796
"23617",83614.1227222462
"23618",35314.8590680842
"23619",57757.5626375644
"23620",104036.350458067
"23621",128702.233423122
"23622",62124.1237982339
"23623",38446.8394978381
"23624",96360.4490096139
"23625",71445.1863984603
"23626",24593.5580653145
"23627",270451.763988524
"23628",78851.7666314979
"23629",73677.0896661025
"23630",91779.7116254857
"23631",40727.8377791446
"23632",79567.1176621912
"23633",77240.2670693613
"23634",28651.4540941356
"23635",53722.7905378514
"23636",63652.5375653397
"23637",91524.0811285786
"23638",29636.8237744442
"23639",115850.717458847
"23640",144634.315435952
"23641",172798.587765612
"23642",45243.5232214543
"23643",50304.2579156614
"23644",150750.45100132
"23645",100379.899768906
"23646",38067.2585284296
"23647",127016.667734219
"23648",68188.3781457291
"23649",112640.280739125
"23650",176723.055110329
"23651",84761.4862592682
"23652",54831.6390731358
"23653",49791.9138172342
"23654",48539.694896215
"23655",79874.2787321284
"23656",66663.318216058
"23657",48059.833440282
"23658",38185.9752920479
"23659",195915.216346773
"23660",70680.8516880307
"23661",86644.4826170098
"23662",58871.6610604547
"23663",66261.3823891252
"23664",55946.0667568052
"23665",52914.5761609632
"23666",100627.239475278
"23667",91886.4744274036
"23668",128785.500301094
"23669",160614.285136726
"23670",108312.034999075
"23671",49458.9816683983
"23672",36006.2153337654
"23673",55472.9387475273
"23674",72993.2085045863
"23675",75557.0057851424
"23676",80859.9849124265
"23677",184032.138680906
"23678",133686.508535638
"23679",311091.785222624
"23680",58762.0453751399
"23681",142873.935266471
"23682",108636.750386119
"23683",60697.9176998133
"23684",29971.0041576967
"23685",101763.785624112
"23686",105142.556731299
"23687",75077.7250088424
"23688",68716.3049775569
"23689",70193.2229538876
"23690",45879.1101336172
"23691",49846.8586102045
"23692",26336.4857261156
"23693",198509.165101241
"23694",75328.9806523173
"23695",150183.732001558
"23696",25785.1558616409
"23697",93797.788580062
"23698",74868.6777159505
"23699",158982.179466044
"23700",43342.7834951328
"23701",141158.700840498
"23702",54551.3026192115
"23703",37983.585631674
"23704",52800.8586269289
"23705",117323.423154785
"23706",180803.412392839
"23707",47846.7954213782
"23708",56182.1429625106
"23709",136390.444595393
"23710",280505.350512205
"23711",66399.9834616115
"23712",168257.137484171
"23713",51614.8123607498
"23714",40289.2261415738
"23715",57263.9000044308
"23716",62736.6999546555
"23717",93980.8794052546
"23718",85869.0975453422
"23719",45153.1273629183
"23720",34890.3928670214
"23721",100264.212610562
"23722",30834.4463287371
"23723",44239.5174899796
"23724",71022.9981921146
"23725",24455.0381005857
"23726",54869.4246904903
"23727",71919.129963274
"23728",48957.9451260239
"23729",79172.4194250194
"23730",54661.6741968754
"23731",159698.535289388
"23732",81039.467876923
"23733",130520.113216947
"23734",66563.6690498235
"23735",64063.6082765314
"23736",34734.126668931
"23737",76476.2174558956
"23738",189208.41658543
"23739",152868.079348557
"23740",81865.458491486
"23741",64383.4089919312
"23742",266970.409231596
"23743",103173.056746437
"23744",148522.242928041
"23745",219085.89261204
"23746",107951.999867824
"23747",78619.2710773659
"23748",235712.457996013
"23749",165679.957992473
"23750",52026.8428846343
"23751",117685.540301694
"23752",113678.081790555
"23753",26271.3481736437
"23754",128618.826401243
"23755",65738.1672532066
"23756",136783.168831844
"23757",39262.3714688471
"23758",98399.7549713671
"23759",53336.2630994145
"23760",44634.998704307
"23761",91250.9777145039
"23762",80846.086420397
"23763",95946.1777037327
"23764",104571.092496043
"23765",65684.2211122566
"23766",117054.20289461
"23767",98197.7203200263
"23768",46163.823993324
"23769",117820.877328908
"23770",37841.8800765007
"23771",72621.1502855264
"23772",49661.9008508003
"23773",86452.0751519366
"23774",51180.7755246808
"23775",72883.5205238549
"23776",268557.211800312
"23777",26831.2102938368
"23778",105226.461095604
"23779",114015.836863395
"23780",57333.8113822873
"23781",67621.6609650891
"23782",76662.280580024
"23783",435767.491148173
"23784",190930.70921291
"23785",43094.410222918
"23786",67532.9833163595
"23787",51070.8606688772
"23788",67292.4954938089
"23789",38984.0541267896
"23790",55522.356310246
"23791",34435.7208679788
"23792",106250.126245951
"23793",120010.174430384
"23794",156889.92526644
"23795",23906.5772586893
"23796",98512.9118497586
"23797",123114.88460775
"23798",26924.3966997593
"23799",43797.9534948529
"23800",152431.442044923
"23801",25676.43902691
"23802",51224.3102755085
"23803",96898.4436405692
"23804",135456.836181846
"23805",31381.607072363
"23806",102166.352526043
"23807",73634.7094923894
"23808",72919.1827851813
"23809",182374.65336909
"23810",85557.9652928708
"23811",126047.017365991
"23812",49401.0634472913
"23813",65889.028205553
"23814",91631.954242116
"23815",69515.8341225804
"23816",62094.7204171452
"23817",42914.1118511171
"23818",122907.189228344
"23819",59071.9476839548
"23820",77444.2658818345
"23821",96129.5094354799
"23822",19874.9937644207
"23823",103936.895026425
"23824",76104.0961650528
"23825",90030.2095721108
"23826",40317.1831414078
"23827",37073.13757841
"23828",46078.0991497189
"23829",124842.12249182
"23830",117842.560001421
"23831",23276.6584726492
"23832",21559.9941214251
"23833",69510.9471876938
"23834",111567.506254206
"23835",188301.101094268
"23836",86401.0200709231
"23837",58793.2785708968
"23838",73485.6427119555
"23839",30273.6808211342
"23840",60069.9630244252
"23841",83901.5593887597
"23842",48240.7501419668
"23843",86487.0856937497
"23844",140388.876675118
"23845",58461.3508152868
"23846",110941.328523052
"23847",65619.613071622
"23848",30638.631848896
"23849",274357.286514317
"23850",106916.907771662
"23851",43620.2165390525
"23852",62625.6715089533
"23853",91383.2972446948
"23854",80156.3858858046
"23855",183665.343432263
"23856",64072.396826063
"23857",59686.8555473541
"23858",204604.543458613
"23859",43438.3735483118
"23860",79784.5464796911
"23861",95787.4229632172
"23862",80264.2692451058
"23863",122123.86420715
"23864",47428.065550641
"23865",120933.944158624
"23866",104187.686039767
"23867",125523.152845743
"23868",59715.1600544187
"23869",58204.5148761471
"23870",59982.1623527319
"23871",41017.6594632444
"23872",573025.20697309
"23873",65292.2222716246
"23874",30387.2709893056
"23875",148760.981572456
"23876",115095.706961741
"23877",88627.6547784268
"23878",20740.635752381
"23879",22280.4849448364
"23880",259475.165568946
"23881",85677.4314868795
"23882",64276.3895463733
"23883",147136.209696458
"23884",30176.1198698586
"23885",22580.2685298153
"23886",20744.4885583041
"23887",130261.130421967
"23888",92723.381123274
"23889",60477.8776075586
"23890",297037.094229979
"23891",47372.8228936771
"23892",119057.691605001
"23893",69740.345208727
"23894",49320.3586176981
"23895",35321.3034837025
"23896",93941.042414694
"23897",46950.982263032
"23898",136700.767884214
"23899",175086.453015394
"23900",85222.4611027747
"23901",54937.9310114664
"23902",69693.6231547792
"23903",37804.4729120993
"23904",169951.514748344
"23905",72088.3994905047
"23906",243413.005087168
"23907",68508.3306662696
"23908",164552.664479848
"23909",33709.3640613547
"23910",109446.028277857
"23911",91100.4466290867
"23912",55078.727993197
"23913",95342.0216502888
"23914",104042.614473412
"23915",16801.3365080978
"23916",85180.5999682947
"23917",59589.3445224518
"23918",36046.2667685679
"23919",42572.6253912971
"23920",92419.2972248977
"23921",85270.2749983639
"23922",28486.5860763351
"23923",48178.6705265501
"23924",53633.0706530643
"23925",35789.3957059547
"23926",80889.2130346514
"23927",63516.2419298167
"23928",90304.9119287408
"23929",50402.7715609044
"23930",65185.2463370166
"23931",154419.77856219
"23932",151125.064592534
"23933",36879.1719350033
"23934",18327.9552461347
"23935",66038.5775558154
"23936",50915.470869106
"23937",37759.2238520912
"23938",86978.2721058158
"23939",51522.5754008951
"23940",50681.0889798421
"23941",139187.120923307
"23942",71196.1047106694
"23943",83528.1288710039
"23944",102193.550206317
"23945",32912.1842802391
"23946",221889.515983913
"23947",92231.7979628385
"23948",139336.898776695
"23949",77258.1096363716
"23950",147679.28494496
"23951",164032.287520001
"23952",52427.3199586612
"23953",22878.9301086092
"23954",148035.78054011
"23955",83915.1436856761
"23956",72665.6872261466
"23957",39112.2619887952
"23958",184017.829156677
"23959",85178.0641157996
"23960",141751.166782611
"23961",115803.373309421
"23962",67796.7065222285
"23963",28132.0539642297
"23964",70200.0490856169
"23965",74027.1401882809
"23966",78682.4927026927
"23967",74751.886380425
"23968",83422.1510377506
"23969",25959.8661335911
"23970",36734.0550541368
"23971",99087.0222853623
"23972",141866.36279892
"23973",38014.4622759254
"23974",115685.322223801
"23975",128898.390086965
"23976",109887.092549255
"23977",63624.2273918626
"23978",73592.3960408681
"23979",60098.056692068
"23980",186959.873519415
"23981",61482.8496872185
"23982",75442.5274019082
"23983",268598.183157866
"23984",206606.678869351
"23985",307960.993816637
"23986",55214.3045309417
"23987",121987.639794497
"23988",65959.999152803
"23989",51877.3558747606
"23990",59616.5274691652
"23991",27894.2195604605
"23992",43947.1755890366
"23993",62744.028808957
"23994",76779.8009676754
"23995",114570.673107768
"23996",105560.4600266
"23997",48949.4724790633
"23998",41160.1068845026
"23999",74327.7007142998
"24000",122175.601567585
"24001",56065.6160416075
"24002",100491.312584414
"24003",82212.1606047208
"24004",126508.442779571
"24005",75494.9915567062
"24006",145670.430465847
"24007",128349.035538294
"24008",50818.0806024693
"24009",257573.318240728
"24010",101303.632425773
"24011",103501.864155665
"24012",88319.8528560932
"24013",144440.809422131
"24014",73076.2563732491
"24015",62890.6396386681
"24016",28383.5464483665
"24017",85729.969021782
"24018",72878.1019320851
"24019",150789.01305544
"24020",146708.796998562
"24021",106111.185375058
"24022",109543.651965254
"24023",22422.1398408649
"24024",87900.2493062831
"24025",92856.5481714615
"24026",170000.80171465
"24027",63286.771234634
"24028",54247.539126054
"24029",43720.9467385221
"24030",70925.6575766934
"24031",77953.0318849772
"24032",123328.839439608
"24033",116669.978061016
"24034",110361.45782479
"24035",113999.418692632
"24036",117924.956290021
"24037",143164.586025074
"24038",59550.3649181321
"24039",78781.51624544
"24040",154701.58014141
"24041",44801.3399203705
"24042",58706.8726081298
"24043",97836.1207320361
"24044",70505.1951414054
"24045",16270.5587370258
"24046",107093.74067211
"24047",182498.596465335
"24048",93242.2786431869
"24049",24953.0935782594
"24050",92733.2288907394
"24051",39437.7554329611
"24052",35067.5486521123
"24053",185344.339984757
"24054",114738.291244993
"24055",78475.5121232257
"24056",46648.3238368086
"24057",53218.2426868272
"24058",94399.2698338287
"24059",149921.845998563
"24060",60952.5255471944
"24061",51472.7347406797
"24062",52250.5161056741
"24063",169012.931493672
"24064",48734.0051616912
"24065",314976.498155661
"24066",61820.2278775668
"24067",101728.193961767
"24068",70008.6245115132
"24069",23689.8633954782
"24070",100564.052971666
"24071",36789.2820643291
"24072",82341.4480478649
"24073",64117.6337191942
"24074",88747.0293766883
"24075",168414.17155796
"24076",52841.0810780954
"24077",178005.541851677
"24078",149811.414041683
"24079",24768.191119522
"24080",66717.3253615441
"24081",91299.2384530861
"24082",36619.7128996542
"24083",33222.8836930621
"24084",20008.2620854183
"24085",119681.95031381
"24086",189834.607915353
"24087",67434.8400057657
"24088",101994.0696872
"24089",108986.136374649
"24090",37783.975422205
"24091",47657.5744195188
"24092",44594.8147499495
"24093",100999.244141482
"24094",46377.3105893259
"24095",199917.545363732
"24096",58792.0634121773
"24097",27160.1794852497
"24098",262107.459833291
"24099",212205.975762798
"24100",35362.6949132575
"24101",94329.6836091794
"24102",47009.3279260305
"24103",57087.3988023313
"24104",182906.304032637
"24105",138385.171511374
"24106",112691.435065305
"24107",121824.655297543
"24108",109781.586282462
"24109",137531.034589374
"24110",69773.6052429819
"24111",52210.9136842102
"24112",162566.219093152
"24113",99678.5875852224
"24114",30156.3419079319
"24115",62491.258054034
"24116",41970.8460785238
"24117",53836.30908222
"24118",56526.3407032083
"24119",198171.282480692
"24120",81864.2399258297
"24121",148050.380126382
"24122",33690.0359238322
"24123",39598.5351584582
"24124",146194.549168595
"24125",70226.2194487256
"24126",44963.9288345109
"24127",146139.523016889
"24128",56872.8258867233
"24129",45030.4382383729
"24130",87681.849545769
"24131",49573.5311803305
"24132",236839.021750127
"24133",96180.7945064623
"24134",61416.0059968046
"24135",53979.6586861094
"24136",148031.562761052
"24137",88909.0943230231
"24138",29037.7706257847
"24139",113025.422637962
"24140",79799.6212227997
"24141",57378.3592285043
"24142",53910.0883881107
"24143",49494.3748299462
"24144",61038.2706431513
"24145",47521.9735662089
"24146",40286.4115888024
"24147",70312.1985656506
"24148",54809.2072120589
"24149",74154.3428473358
"24150",83368.4913419188
"24151",90154.7099312948
"24152",80350.6220813384
"24153",74006.8952497524
"24154",20064.7853637524
"24155",79253.7822687845
"24156",81124.5108776786
"24157",107980.516807075
"24158",68025.5100629388
"24159",85852.5520998578
"24160",39698.6359379011
"24161",195393.31398749
"24162",48789.7540585545
"24163",58142.820254932
"24164",63727.5503588021
"24165",31744.2241255511
"24166",64593.7859808908
"24167",129840.170481587
"24168",123144.981939813
"24169",76371.5884084749
"24170",108779.331774634
"24171",82926.6562207882
"24172",501459.772365739
"24173",26277.7212682472
"24174",50683.4841580171
"24175",139773.671979617
"24176",121714.432334635
"24177",65358.008686911
"24178",82810.8233029176
"24179",90556.222756185
"24180",105939.176053969
"24181",75812.0322716197
"24182",114105.559984333
"24183",191590.127632936
"24184",54004.6620896052
"24185",84112.1652018773
"24186",48803.7529380953
"24187",142101.448075852
"24188",34739.770461653
"24189",88333.9443721863
"24190",55182.4545044452
"24191",153053.10872254
"24192",94653.5045408302
"24193",81880.3688710335
"24194",49555.8787224364
"24195",116407.907377868
"24196",98712.4530403572
"24197",115427.998749185
"24198",57461.1637633408
"24199",337818.227802986
"24200",110652.145422363
"24201",40740.7297984723
"24202",29232.9918519663
"24203",117081.752286314
"24204",92578.6319409427
"24205",47897.1158428554
"24206",52449.5084783629
"24207",47438.5432394008
"24208",57344.2972157355
"24209",23992.4686737158
"24210",65929.2692682788
"24211",62335.73501167
"24212",97754.1074587718
"24213",41294.3634938782
"24214",40205.3737321741
"24215",60270.5871145104
"24216",98002.1600062409
"24217",43659.4567382903
"24218",24698.9422697811
"24219",146362.40764437
"24220",121878.448026859
"24221",42764.4512193345
"24222",84097.4641842198
"24223",59929.2274126974
"24224",27262.9757613503
"24225",32139.5551747547
"24226",211126.526442007
"24227",41087.3811740606
"24228",248218.766913819
"24229",136480.297925328
"24230",70756.3959491072
"24231",22871.730324505
"24232",60797.9414874591
"24233",67165.491802607
"24234",66479.8598332412
"24235",93436.7715291164
"24236",49860.0084579955
"24237",46699.864092767
"24238",62711.760447715
"24239",42778.3233009409
"24240",66428.0721944677
"24241",66675.6469115571
"24242",20810.0356698042
"24243",55775.2381301109
"24244",71976.1900184842
"24245",36911.1028540094
"24246",118065.42455747
"24247",17116.8877590733
"24248",151455.234503773
"24249",60044.333391245
"24250",70368.7484437246
"24251",25176.8244767325
"24252",109439.252306795
"24253",37498.0071412169
"24254",48016.1291331363
"24255",34980.6658070443
"24256",69433.8210046902
"24257",121103.603330281
"24258",30990.7962905584
"24259",148161.297499967
"24260",47762.4378525491
"24261",206949.497494686
"24262",39943.4722184156
"24263",83626.1367277704
"24264",55069.5218593973
"24265",135311.431940908
"24266",18137.4441158704
"24267",72936.2207331741
"24268",85313.2047024492
"24269",85883.8928788428
"24270",99267.9006951179
"24271",83680.1287240658
"24272",92533.7660739266
"24273",72817.2477838656
"24274",121976.146853148
"24275",29872.7482666608
"24276",77059.7985274795
"24277",104824.637835098
"24278",45439.0464557364
"24279",43366.6065164138
"24280",41660.7203239177
"24281",53182.0242930333
"24282",80403.1263178719
"24283",67377.627550168
"24284",290405.059765487
"24285",81460.4225299285
"24286",91264.2570925111
"24287",98300.6695685276
"24288",14917.7297555508
"24289",70358.0355357169
"24290",66089.9592213582
"24291",110184.068875732
"24292",54810.5444299233
"24293",16835.5621082129
"24294",78189.8551656092
"24295",97173.9154891146
"24296",46469.0844534693
"24297",115229.12561022
"24298",30521.996993881
"24299",47300.7011528698
"24300",54142.0529756934
"24301",46907.5161202361
"24302",64024.0564338597
"24303",34445.533521405
"24304",41069.6593237481
"24305",44599.7414807008
"24306",60723.8200872429
"24307",103536.953930901
"24308",43732.0857025379
"24309",89409.9110274453
"24310",43811.5393823684
"24311",28174.8653165357
"24312",86059.5569904454
"24313",67339.9631381463
"24314",61499.6158666777
"24315",37729.2613598176
"24316",60806.689579389
"24317",86124.6616827075
"24318",26455.0648939554
"24319",37912.2602289426
"24320",162071.323681813
"24321",231498.069081529
"24322",71766.6179116639
"24323",59002.9081744025
"24324",170511.117227063
"24325",47367.5680286699
"24326",95783.4137917613
"24327",33627.909057705
"24328",40570.0893797617
"24329",74440.8192686364
"24330",57264.3611149126
"24331",67241.7325409647
"24332",94451.5844159573
"24333",117499.067608326
"24334",17993.0163409046
"24335",25258.4429603986
"24336",68930.0611640394
"24337",76167.4457444976
"24338",43930.4977099215
"24339",114015.693696718
"24340",40364.2223762485
"24341",64314.2907401726
"24342",55834.8994034178
"24343",190699.046540891
"24344",143274.694099491
"24345",87939.8958690823
"24346",91456.271226785
"24347",73603.2777733486
"24348",72905.1822259973
"24349",76144.0908700672
"24350",9669.54548109245
"24351",19321.7653415929
"24352",39791.4685679999
"24353",85199.6004203685
"24354",96661.2907573706
"24355",131496.607459032
"24356",85186.9025464961
"24357",201066.229236791
"24358",42916.5723618353
"24359",88916.9603382171
"24360",60384.9422449803
"24361",52735.311413119
"24362",199778.58890553
"24363",87039.1357611504
"24364",37797.1514397009
"24365",48822.2490755366
"24366",226183.592195977
"24367",78491.1435758742
"24368",55777.7380568077
"24369",146801.159618722
"24370",159189.333719617
"24371",92413.7204938727
"24372",67725.1349173411
"24373",29246.4854234985
"24374",236735.660684714
"24375",178009.935940509
"24376",53738.4385961424
"24377",60781.1108800927
"24378",40565.8509538762
"24379",54288.2520807715
"24380",108823.719362742
"24381",92704.4524625675
"24382",88044.6827157326
"24383",67758.600406592
"24384",92320.8625895069
"24385",145232.410356642
"24386",111056.562825535
"24387",104428.281955662
"24388",54660.2025546244
"24389",56760.4873984665
"24390",46111.3679294744
"24391",125067.669056062
"24392",50186.9878862381
"24393",160919.338157268
"24394",128707.341314557
"24395",99152.6878194663
"24396",61332.3909099439
"24397",71360.5963176562
"24398",134041.89095763
"24399",38483.591965932
"24400",115538.400707896
"24401",185661.865244219
"24402",39644.0174345894
"24403",190333.244825877
"24404",116087.396050959
"24405",81420.788806963
"24406",45136.0185731473
"24407",47045.4462285141
"24408",52813.7682852184
"24409",31368.6130184482
"24410",75575.2935690873
"24411",59176.2064070706
"24412",62132.5824940134
"24413",56191.9721738947
"24414",84726.1874226452
"24415",65487.1211208484
"24416",83109.0653514042
"24417",97611.6662936759
"24418",91422.1272981664
"24419",259117.462784151
"24420",71090.8811992419
"24421",44042.5124577705
"24422",23858.531459287
"24423",151049.638547083
"24424",64794.5459757409
"24425",85489.5123697372
"24426",102660.226937841
"24427",59529.294448556
"24428",92128.6584862924
"24429",58182.1639947808
"24430",81723.1587813546
"24431",76974.2498327726
"24432",118952.70982273
"24433",81564.2475876107
"24434",90568.6757035844
"24435",13457.2492979629
"24436",90671.083275931
"24437",144891.231149679
"24438",65303.8771144288
"24439",59028.8020063588
"24440",16969.6085252205
"24441",66458.6062761705
"24442",56563.3701220765
"24443",139255.229599407
"24444",77357.9972121327
"24445",46099.068453546
"24446",52924.2302335107
"24447",140192.948836466
"24448",35410.1023431182
"24449",116644.558943066
"24450",92052.2841050443
"24451",45493.2697931938
"24452",24117.7995049875
"24453",117510.890520694
"24454",59121.0258829123
"24455",101836.173325259
"24456",39291.8319068746
"24457",69631.7694768594
"24458",33539.2683515291
"24459",79279.0113993701
"24460",89088.0605723161
"24461",177843.15785217
"24462",38144.5314359702
"24463",123688.158201702
"24464",60160.3614505428
"24465",102631.303842145
"24466",63063.9440508657
"24467",124246.173981261
"24468",30705.0136603165
"24469",92744.2521731099
"24470",56976.6311221959
"24471",45846.8048085348
"24472",50149.8649842791
"24473",46194.3252554744
"24474",94337.4370756982
"24475",66355.6443527067
"24476",98456.7672183941
"24477",43686.5865813474
"24478",106634.263936032
"24479",92283.7653336208
"24480",76003.8003812719
"24481",141008.373926976
"24482",85182.7437454595
"24483",51408.2236508859
"24484",122898.467924149
"24485",89013.8325401499
"24486",57761.9654566273
"24487",79854.9020369809
"24488",91694.7072616635
"24489",73511.9611970497
"24490",124545.402180744
"24491",47858.8965881412
"24492",136732.748914588
"24493",92220.4317231584
"24494",295095.785109216
"24495",67419.2077548879
"24496",65476.5073334472
"24497",83008.444735793
"24498",134652.28655853
"24499",52337.0626214917
"24500",64088.1760534475
"24501",86461.9694094863
"24502",63475.9237864469
"24503",69719.0179622954
"24504",102518.583582224
"24505",272905.124427028
"24506",43032.9166959327
"24507",181885.401226095
"24508",39203.0880595664
"24509",135730.355224466
"24510",90296.784898635
"24511",83190.7924900326
"24512",67166.9899219337
"24513",201200.4746106
"24514",157379.732239543
"24515",118304.936026429
"24516",41964.6619352103
"24517",47102.9713042401
"24518",144173.471207683
"24519",187341.294126944
"24520",30300.6186506294
"24521",94355.9884325439
"24522",110618.334000736
"24523",144152.237127859
"24524",125244.329941848
"24525",80729.4677630956
"24526",65481.0438294803
"24527",45613.23604607
"24528",180650.95377935
"24529",116229.064278695
"24530",161299.527057066
"24531",76112.8855232567
"24532",72827.5684529541
"24533",77426.7706714828
"24534",19691.6453553997
"24535",66385.1027366725
"24536",59677.5525625216
"24537",20486.4901413756
"24538",57557.873141188
"24539",64711.1917803551
"24540",132423.828571626
"24541",47309.2487131791
"24542",27485.6990179863
"24543",64910.0278778001
"24544",54968.3032070492
"24545",119908.026236937
"24546",152065.489282088
"24547",40585.8508145394
"24548",81264.5143078496
"24549",31345.5867706514
"24550",62297.6062899689
"24551",66385.2426046351
"24552",147549.02603982
"24553",76582.1310210902
"24554",62575.9430095744
"24555",95212.2711079042
"24556",84058.8277413664
"24557",75290.5346447498
"24558",82536.1340870814
"24559",35550.5259855815
"24560",50745.8325231052
"24561",54022.9165011918
"24562",183442.969277165
"24563",54959.838507333
"24564",24812.9016951556
"24565",164457.11591355
"24566",81083.0991642183
"24567",61924.7432112847
"24568",91581.9066627413
"24569",105782.587490917
"24570",54680.9359098144
"24571",51344.7198619265
"24572",94039.8398635795
"24573",32330.3880936077
"24574",64544.5168128972
"24575",63946.6704240763
"24576",64592.5470203643
"24577",166233.499022555
"24578",57062.9208294484
"24579",62524.0078538124
"24580",79235.2298522631
"24581",105417.085490124
"24582",54480.2493375387
"24583",130166.37074009
"24584",133580.966694728
"24585",30682.9614401817
"24586",81252.9551074789
"24587",81130.1712305761
"24588",62277.3942914531
"24589",101092.215183708
"24590",62427.7336616129
"24591",91420.4936291213
"24592",84964.6742594596
"24593",27547.3344745119
"24594",18630.9885432847
"24595",45731.0209749397
"24596",227788.536289182
"24597",54127.3497498316
"24598",30397.7456404716
"24599",59138.5914802463
"24600",116332.430250909
"24601",128666.801946752
"24602",21675.0121420586
"24603",33908.4261381325
"24604",45221.9119951109
"24605",168545.96271175
"24606",38658.6464439274
"24607",65184.6958190253
"24608",76978.2342828554
"24609",82796.3311468796
"24610",181503.528904186
"24611",124990.989544532
"24612",27628.2099325139
"24613",75547.515369867
"24614",312919.721105671
"24615",105880.075413834
"24616",217361.716660226
"24617",67330.6488940962
"24618",131650.863128587
"24619",55769.5159027405
"24620",133978.77290806
"24621",102370.8384817
"24622",82234.1602013142
"24623",133284.035243076
"24624",83474.5963965645
"24625",18848.5300254256
"24626",60619.5828014652
"24627",36484.6848100449
"24628",27989.3283530153
"24629",55821.9471369287
"24630",29679.6079487806
"24631",22254.1172316554
"24632",125646.970219534
"24633",26488.0778862416
"24634",135527.166427225
"24635",29022.4315873762
"24636",85314.9767052362
"24637",146609.461760928
"24638",133110.447425263
"24639",47040.697330453
"24640",117735.331832173
"24641",55313.1729225421
"24642",48273.356233121
"24643",78886.7010609921
"24644",128147.853537011
"24645",73371.7143883037
"24646",20851.3157678203
"24647",81799.718474122
"24648",60256.4405624853
"24649",96736.7799967964
"24650",54665.5174652777
"24651",57451.8855391613
"24652",42331.9627857939
"24653",98938.6358739145
"24654",103250.444797093
"24655",62909.7343848956
"24656",70496.7552129076
"24657",43027.9039025221
"24658",193142.702717568
"24659",79292.851082139
"24660",31412.5643545716
"24661",38900.2510645903
"24662",34820.9991826533
"24663",44093.5524942892
"24664",80168.6573711112
"24665",29387.3469790976
"24666",58729.9040805272
"24667",47122.0324664665
"24668",71407.7392820075
"24669",46572.0939442517
"24670",123855.880395363
"24671",63415.2506765866
"24672",73535.3784796568
"24673",63313.2034805331
"24674",62849.5639244967
"24675",90024.8623228316
"24676",110124.251971005
"24677",87957.5948629662
"24678",163994.441149075
"24679",45235.399217947
"24680",52122.0075796221
"24681",21358.8478844597
"24682",81850.8731534095
"24683",78670.1540758521
"24684",52854.0390121913
"24685",72741.5596245562
"24686",205875.576587934
"24687",73235.9560506487
"24688",90394.2610407634
"24689",26231.2893235323
"24690",42369.2556363191
"24691",105169.605130138
"24692",49616.4099273916
"24693",35444.6513472478
"24694",65521.9472983943
"24695",97021.7049935964
"24696",36437.7176088311
"24697",116868.059676681
"24698",101810.850388448
"24699",75568.0662544388
"24700",73609.8423710514
"24701",45651.8041842889
"24702",25714.0089975295
"24703",24012.6053993886
"24704",46829.2488732449
"24705",179636.988533685
"24706",41211.4802670378
"24707",184593.554244196
"24708",159119.719806846
"24709",36287.1983099302
"24710",106990.288762999
"24711",96388.654705441
"24712",121699.106623249
"24713",126747.896916899
"24714",37626.7816295678
"24715",102855.112297354
"24716",50501.3503861753
"24717",62513.2856910761
"24718",91308.6510549177
"24719",31095.6195105764
"24720",34137.1958299156
"24721",66830.8589746391
"24722",156383.688145857
"24723",45321.6015003537
"24724",60815.3820177218
"24725",39786.3554017047
"24726",43712.1278070405
"24727",47629.2748262777
"24728",183280.704049884
"24729",70831.0332456571
"24730",87109.7986852324
"24731",81183.8244157658
"24732",133528.618058596
"24733",76495.1677144415
"24734",86845.166435346
"24735",56699.0085337961
"24736",73953.4676084856
"24737",148770.149492756
"24738",58929.2663201826
"24739",154238.410754408
"24740",110494.096942137
"24741",89245.3574832977
"24742",58327.6461408683
"24743",64109.7356030051
"24744",84524.9219537928
"24745",240628.318658537
"24746",37187.0288304843
"24747",49809.4288857457
"24748",68019.6103749481
"24749",107184.58698837
"24750",134083.917650159
"24751",60387.7808422881
"24752",43061.462995845
"24753",39153.3761646277
"24754",66116.4709473631
"24755",145611.506113149
"24756",30423.7350047836
"24757",405587.618081792
"24758",76164.0567494835
"24759",121562.772361304
"24760",138864.281992968
"24761",116631.208229603
"24762",120765.621366461
"24763",87815.2289454427
"24764",52312.979070568
"24765",89203.9192306444
"24766",120280.002251162
"24767",32985.6697520205
"24768",74318.3089249686
"24769",93244.5626009778
"24770",23606.7181092027
"24771",34024.6995004565
"24772",70977.4787964605
"24773",91668.2268158407
"24774",84975.0268178896
"24775",18966.7571413263
"24776",176043.901078386
"24777",32789.1949072093
"24778",61696.6272651652
"24779",85064.2531140071
"24780",191937.095624205
"24781",34366.9857248147
"24782",68228.7932422655
"24783",55631.3234443935
"24784",64510.2885574329
"24785",81298.1445687342
"24786",44730.0912828645
"24787",233402.881704388
"24788",40816.1960033384
"24789",30787.3387741586
"24790",92725.2692081084
"24791",112901.399934321
"24792",55548.6098302161
"24793",123910.411015391
"24794",42804.4719746057
"24795",114271.974843234
"24796",42174.7441097346
"24797",75737.2917571243
"24798",140023.117682921
"24799",63876.490340207
"24800",64524.6573476064
"24801",39082.6867492263
"24802",43231.8323536105
"24803",39366.2691548592
"24804",69186.0600014017
"24805",102172.485517086
"24806",83712.0662992865
"24807",45570.1189861764
"24808",101162.698036214
"24809",62772.2882597458
"24810",46284.3627648743
"24811",41794.309262126
"24812",60037.8573814775
"24813",65620.5128187521
"24814",185550.17863507
"24815",39896.6860957686
"24816",63405.6319678128
"24817",28716.9238032508
"24818",257935.018151034
"24819",15168.9574878984
"24820",38972.0239309824
"24821",53094.1066682559
"24822",72450.7114300702
"24823",56604.050450725
"24824",78013.1174826721
"24825",45131.1127823436
"24826",103759.147490139
"24827",57656.5389212489
"24828",74370.0179799988
"24829",83496.0517873012
"24830",117467.326136135
"24831",38813.967781634
"24832",36729.9281451252
"24833",89257.6998827797
"24834",83588.7061817336
"24835",101346.923062615
"24836",62405.4067563864
"24837",76513.4440303281
"24838",102514.954893223
"24839",32625.0634418571
"24840",63653.0959662376
"24841",92695.4905124023
"24842",99303.0516316881
"24843",99725.3396000496
"24844",59534.1016093082
"24845",40053.661268451
"24846",108112.993775125
"24847",81918.5401800987
"24848",87049.6533720977
"24849",48240.656199914
"24850",41940.6791966972
"24851",66923.4960690374
"24852",149897.063574206
"24853",126034.326320856
"24854",75901.5411779519
"24855",26387.4034288014
"24856",90528.8398052133
"24857",49879.4792633519
"24858",70443.6805396345
"24859",145937.282136077
"24860",101807.562575196
"24861",49159.6381744952
"24862",106730.139414723
"24863",64341.3910585516
"24864",138653.207166873
"24865",59097.4522793762
"24866",64383.8882234387
"24867",118457.650653332
"24868",62125.5132038553
"24869",66468.5765894462
"24870",87090.1385945846
"24871",48453.7515584088
"24872",67119.0576879842
"24873",62618.0017191941
"24874",68065.433467115
"24875",100668.078076846
"24876",60054.4445964414
"24877",88302.0771881812
"24878",159677.485765058
"24879",20370.4064707884
"24880",41969.9895187919
"24881",80093.4673496972
"24882",56104.4634912719
"24883",83792.5724270302
"24884",94208.0635175421
"24885",64073.0353451909
"24886",164484.966580421
"24887",37315.2701904808
"24888",91389.2410636096
"24889",25324.8058567899
"24890",14405.2147660582
"24891",52520.1201620002
"24892",33919.72271847
"24893",68922.365705162
"24894",89325.3814234389
"24895",31151.9260266504
"24896",198527.820559271
"24897",89724.4737654189
"24898",119424.676449053
"24899",160760.97217655
"24900",56121.4160837358
"24901",93126.5286982374
"24902",176498.36233516
"24903",124801.726979842
"24904",55073.6945245302
"24905",45945.6631768494
"24906",126287.048077535
"24907",48417.0312491607
"24908",49162.8592608729
"24909",46765.8514198494
"24910",46412.5904679864
"24911",21268.4380033001
"24912",19541.1620617092
"24913",278242.487474767
"24914",31912.0722378371
"24915",105901.318701028
"24916",53933.3109793443
"24917",31827.9830222387
"24918",223531.109786204
"24919",35750.1920835461
"24920",86562.6634726034
"24921",89264.8650155052
"24922",212548.756069414
"24923",103761.012888764
"24924",105437.157255735
"24925",37245.8564468325
"24926",58973.4246962421
"24927",121319.420202579
"24928",63707.16000392
"24929",89605.243051275
"24930",13556.2869109832
"24931",31224.3193875766
"24932",40469.6332505453
"24933",104254.450159816
"24934",35873.3205035534
"24935",81651.3683098791
"24936",25414.6398898151
"24937",88226.1034735111
"24938",65997.0563232409
"24939",50797.7957310877
"24940",35047.7662739102
"24941",85634.5823598406
"24942",84167.9026542209
"24943",97515.6095892011
"24944",126221.070093574
"24945",222881.65657667
"24946",77395.7979422954
"24947",42512.0630880248
"24948",66938.7547825573
"24949",133346.706994164
"24950",58793.6862241005
"24951",116531.355983919
"24952",88847.3443292246
"24953",78143.1451457659
"24954",46359.6607752738
"24955",59765.555858482
"24956",94236.6300675141
"24957",67337.9282679932
"24958",114774.283343135
"24959",39245.2594895138
"24960",31136.3982695155
"24961",54134.6759976567
"24962",62952.8491222298
"24963",85034.5241651078
"24964",45054.9350241231
"24965",81628.8498539496
"24966",67218.4574106936
"24967",148252.97050955
"24968",45903.9693836834
"24969",143179.765554441
"24970",33231.1497444029
"24971",61519.689904869
"24972",192148.267702693
"24973",61606.1100285543
"24974",28563.1293362973
"24975",70669.3172411215
"24976",43077.1939395894
"24977",152116.774755546
"24978",105126.08045195
"24979",34216.6563517849
"24980",96527.115673763
"24981",79265.2964631676
"24982",88149.0013384978
"24983",28588.5671474681
"24984",119606.221129023
"24985",148552.354045726
"24986",53155.7480385139
"24987",76975.5590652648
"24988",13258.7385750968
"24989",26424.7994042001
"24990",100478.028800002
"24991",45808.097317222
"24992",52219.8220089592
"24993",56090.6500157387
"24994",43760.0554928777
"24995",39213.4793697392
"24996",41128.0107176179
"24997",127510.409155718
"24998",44930.257363185
"24999",65824.9557890996
"25000",118138.085984515
